name,count
Mary,4130314
Elizabeth,1653689
Patricia,1572554
Jennifer,1468730
Linda,1453408
Barbara,1435049
Margaret,1253426
Susan,1122251
Dorothy,1108769
Sarah,1084272
Jessica,1047881
Helen,1020541
Nancy,1003004
Betty,1000106
Karen,986933
Lisa,965824
Anna,900284
Sandra,874321
Emily,865503
Ashley,849956
Kimberly,839976
Donna,831114
Ruth,827582
Carol,816518
Michelle,812630
Laura,797497
Amanda,787296
Melissa,756138
Rebecca,750934
Stephanie,741973
Deborah,741304
Sharon,722067
Kathleen,712471
Cynthia,709890
Emma,705898
Amy,694590
Shirley,685696
Angela,667454
Catherine,662873
Virginia,650075
Katherine,642169
Brenda,607531
Pamela,594583
Evelyn,593348
Frances,591543
Nicole,589778
Christine,585415
Samantha,580968
Alice,570613
Rachel,567500
Janet,556318
Carolyn,555725
Maria,551380
Debra,550498
Martha,549540
Marie,537635
Heather,525048
Diane,518241
Julie,509299
Grace,508780
Joyce,508060
Victoria,505449
Olivia,488724
Rose,488661
Joan,480325
Christina,477598
Kelly,472316
Lauren,471020
Ann,469118
Julia,464339
Doris,462151
Jean,458044
Lillian,454453
Kathryn,453192
Judith,453116
Mildred,450891
Hannah,444159
Cheryl,439324
Megan,438071
Andrea,437174
Sara,428113
Jacqueline,423139
Teresa,414412
Gloria,412912
Janice,406011
Theresa,403896
Madison,393367
Charlotte,388220
Abigail,383434
Judy,382365
Beverly,377441
Sophia,377012
Jane,373890
Denise,372670
Amber,371853
Marilyn,371746
Danielle,368589
Diana,361882
Natalie,361617
Isabella,361039
Brittany,359074
Ruby,358779
Irene,353164
Annie,352700
Kayla,341407
Lori,341190
Alexis,340737
Tiffany,337312
Florence,336106
Louise,333868
Kathy,333792
Lois,332324
Tammy,331848
Crystal,330969
Bonnie,325360
Taylor,324268
Anne,322631
Phyllis,322433
Ella,320502
Erin,314470
Josephine,313450
Alyssa,309686
Allison,305353
Eleanor,300987
Shannon,295278
Edna,294584
Ava,293538
Peggy,292672
Tina,291765
Robin,290221
Audrey,289786
Dawn,289174
Clara,285816
Rita,283604
Wanda,281085
Paula,279065
Ethel,278783
Norma,277618
Ellen,273985
Marjorie,272866
Eva,272364
Hazel,271321
Jamie,269038
Leslie,268143
Edith,267820
Connie,266525
Gladys,266429
Carrie,266019
Valerie,263196
Wendy,261366
Esther,260566
Elaine,258879
Courtney,257858
Cindy,256714
Vanessa,256539
Brianna,256445
Mia,252970
Melanie,251764
Tracy,251006
Jasmine,250458
Monica,249273
Sylvia,240998
April,239950
Katie,238371
Sheila,238253
Alexandra,237902
Caroline,235858
Leah,235789
Erica,230730
Sherry,229805
Alicia,227135
Lucille,226695
Pauline,226115
Thelma,225315
Michele,223154
Chloe,222700
Veronica,219953
Suzanne,218975
Kristen,218100
Amelia,217521
Morgan,217390
Anita,214357
Vivian,213475
Joanne,211579
Lucy,211471
Dolores,211115
Geraldine,210778
Lorraine,208991
Rhonda,207994
Jill,207971
Bertha,207705
Juanita,207336
Darlene,204400
Sally,204254
Holly,201753
Gail,201651
June,196494
Claire,194753
Madeline,193126
Brooke,193086
Dana,192328
Beatrice,192194
Marion,188636
Debbie,187719
Eileen,187294
Ida,186800
Renee,184735
Stella,184350
Lynn,182083
Bernice,181920
Elsie,181221
Regina,179952
Kim,179629
Kristin,179135
Jo,178866
Savannah,177393
Gertrude,176955
Loretta,175610
Rosa,175061
Tara,174565
Lydia,172977
Sydney,172872
Roberta,171240
Cathy,170206
Bessie,170070
Naomi,168796
Cassandra,168643
Molly,168511
Annette,168449
Jessie,168267
Hailey,167083
Laurie,166233
Kaitlyn,164394
Stacy,163267
Jeanette,163098
Jeanne,163067
Colleen,162418
Nora,162075
Chelsea,160894
Alma,160393
Beth,159210
Minnie,158988
Lily,158810
Agnes,158361
Rosemary,158117
Haley,157312
Pearl,157256
Lillie,156904
Lindsey,156647
Joann,156586
Yvonne,155684
Georgia,155458
Vicki,153239
Gina,152529
Violet,152512
Nellie,150211
Carla,149119
Sofia,148274
Destiny,148243
Kelsey,148236
Stacey,147461
Shelby,146385
Jenna,146265
Willie,146164
Terri,145979
Daisy,145498
Heidi,144982
Sue,144489
Maureen,144112
Vera,142606
Arlene,142415
Cora,142107
Paige,142038
Marian,140912
Lena,140630
Faith,140587
Avery,139983
Wilma,139887
Constance,139334
Carmen,139071
Sabrina,138392
Joy,137043
Zoe,136767
Myrtle,136462
Mabel,136376
Kristina,136039
Gabrielle,135865
Melinda,135356
Deanna,134003
Charlene,133176
Marcia,133126
Katelyn,132502
Jordan,132501
Mackenzie,132265
Kaylee,132240
Viola,131836
Mattie,131794
Sadie,131536
Tamara,130707
Addison,130444
Autumn,130232
Lindsay,129823
Marlene,129745
Alexa,129139
Nina,128864
Claudia,127118
Jennie,126777
Erika,124560
Gabriella,123615
Isabel,122978
Angelina,121236
Sophie,120470
Priscilla,120381
Tonya,120356
Gwendolyn,120292
Marissa,120054
Aubrey,120050
Patsy,119343
Riley,117958
Maggie,117770
Delores,117729
Tanya,116613
Genevieve,115890
Kylie,113959
Alison,113535
Maxine,112930
Yolanda,112622
Miranda,112438
Mae,111811
Caitlin,111705
Miriam,111570
Mariah,110859
Carole,110665
Brooklyn,110575
Leona,110188
Vickie,110011
Glenda,109103
Jocelyn,108415
Ariana,106889
Joanna,106736
Brandy,106306
Margie,105900
Dora,105543
Makayla,104482
Ana,104440
Marsha,104118
Maya,103092
Bailey,102521
Billie,101966
Brandi,101672
Melody,101330
Hattie,101186
Katrina,100896
Alexandria,100747
Cecilia,100543
Kara,100257
Harper,100214
Layla,100100
Toni,99693
Ada,98874
Bethany,98829
Penny,98615
Madelyn,98405
Kay,98402
Christy,98362
Sierra,97881
Isabelle,97774
Angel,97209
Terry,96917
Whitney,96430
Kendra,96412
Natasha,96244
Arianna,95927
Meghan,95555
Dianne,95188
Aaliyah,94707
Briana,94400
Zoey,94263
Marguerite,93639
Hope,91695
Adriana,91594
Jenny,91299
Lola,90962
Felicia,90924
Angelica,90884
Jackie,90850
Bridget,90449
Karla,89606
Harriet,89183
Jade,88946
Bobbie,88287
Geneva,88080
Blanche,87376
Becky,86722
Velma,86654
Tracey,86454
Iris,86152
Nevaeh,85942
Camila,85893
Elena,85658
Susie,85280
Fannie,85179
Jacquelyn,84721
Lula,84692
Candace,84656
Misty,84501
Shelly,84291
Kristine,84086
Sherri,83610
Kate,82741
Desiree,82527
Rachael,82244
Jillian,82099
Brittney,81995
Breanna,81779
Summer,81385
Rosie,81227
Gabriela,81173
Hilda,80747
Trinity,80651
Eunice,79869
Scarlett,79761
Jodi,79480
Sheryl,78739
Monique,78548
Penelope,78508
Antoinette,78423
Gianna,78372
Kennedy,78168
Lynda,77855
Mamie,77807
Peyton,77779
Gracie,77639
Casey,76841
Kristi,76430
Genesis,75646
Rosalie,75580
Ellie,75440
Janie,74873
Meredith,74810
Kelli,74785
Krystal,74629
Skylar,74504
Rebekah,74270
Bianca,74154
Krista,73497
Irma,73448
Beulah,73159
Ariel,72953
Shelley,72536
Belinda,72336
Natalia,71601
Valeria,70633
Kristy,70406
Alberta,70315
Opal,70300
Bella,70029
Camille,69486
Faye,69340
Lila,69207
Jeannette,69153
Ramona,69052
Elise,68925
Verna,68907
Cheyenne,68862
Sandy,68770
Flora,68731
Della,68443
Candice,67842
Inez,67672
Adrienne,67493
Aurora,67302
Jada,65960
Sonia,65802
Guadalupe,65741
Sonya,65253
Marianne,65047
Carly,64716
Aria,64608
Adeline,64455
Marcella,64401
Serenity,64238
Angie,63567
Nichole,63515
Yvette,63424
Daniela,62712
Annabelle,62624
Robyn,62447
Patty,62436
Maryann,62429
Josie,62336
Lee,62189
Lynne,61918
Callie,61782
Olga,61591
Kendall,61488
Myra,61470
Gayle,61330
Juliana,61191
Mckenzie,60987
Liliana,60559
Sheri,60426
Lilly,60280
Alana,59690
Karina,59489
Abby,59459
Celeste,59154
Kari,59109
Eliza,58641
Roxanne,58616
Tabitha,58405
Olive,58387
Ivy,57869
Cassidy,57678
Cecelia,57640
Mya,57547
Kaitlin,57198
Reagan,57190
Rylee,56937
Eloise,56586
Jordyn,56427
Alisha,55980
Dianna,55895
Jody,55752
Mallory,55579
Mila,55369
Payton,55201
Celia,54883
Janelle,54857
Erma,54836
Muriel,54735
Mikayla,54542
Jan,54521
Estelle,54235
Bernadette,53962
Aimee,53925
Gretchen,53550
Lana,53506
Vicky,53370
Selena,53321
Mable,52944
Kirsten,52903
Nadine,52693
Johanna,52459
Cara,52312
Allyson,52233
Traci,52133
Caitlyn,52080
Lora,51981
Lacey,51968
Cristina,51648
Piper,51505
Alejandra,51413
Michaela,51398
Henrietta,50949
Kiara,50873
Rosemarie,50831
Tessa,50803
Kellie,50652
Dominique,50419
Allie,50075
Hayley,49964
Jaime,49857
Sallie,49844
Raquel,49386
Nettie,49338
Luna,49257
Jaclyn,49231
Leila,49096
Johnnie,49000
Janis,48787
Corinne,48672
May,48610
Kerry,48595
Betsy,48569
Marisa,48504
Kylee,48420
Anastasia,48222
Shelia,47755
Julianna,47601
Esmeralda,47371
Mollie,47132
Eula,47104
Lucia,46907
Rochelle,46825
Eliana,46732
Elisabeth,46626
Delilah,46490
Lottie,46481
Paulette,46394
Ashlyn,46348
Doreen,46328
Adrianna,46245
Paisley,46071
Kelley,46010
Ginger,45986
Christie,45899
Giselle,45844
Cassie,45706
Maude,45580
Latoya,45524
Emilia,45446
Shawna,45444
Mona,45352
Mercedes,45339
Jana,45184
Laurel,45071
Patti,44704
Alexia,44625
Carolina,44439
Addie,44434
Jasmin,44226
Aubree,44210
Lorena,44065
Ernestine,44024
Elisa,44002
Teri,43918
Effie,43841
Winifred,43830
Valentina,43824
Dixie,43698
Alaina,43433
Nadia,43362
Ashlee,43338
Serena,43100
Lynette,43059
Laverne,42869
Khloe,42684
Darla,42548
Lela,42534
Freda,42447
Leticia,42373
Aliyah,42335
Mandy,42278
Jazmin,42273
Makenzie,42198
Mindy,42169
Jayla,42167
Madeleine,41995
Etta,41890
Meagan,41492
Ollie,41186
Katharine,41068
Shari,40895
Raven,40893
Kyla,40884
Adele,40612
Jewel,40558
Willow,40468
Estella,40141
Pat,40123
Tricia,40105
Trisha,40068
Leigh,40030
Nikki,39830
Margarita,39671
Mckenna,39641
Mariana,39607
Alondra,39569
Essie,39423
London,39365
Clarissa,39322
Lorene,39271
Sonja,39240
Hanna,39094
Ora,39065
Stacie,39046
Lizzie,39008
Athena,39002
Delaney,38990
Ebony,38866
Yesenia,38849
Brielle,38814
Rena,38730
Laila,38558
Marla,38361
Bettie,38339
Kristie,38326
Leilani,38314
Eden,38195
Justine,37987
Quinn,37958
Alissa,37945
Kimberley,37938
Tami,37889
Iva,37831
Lucinda,37812
Bonita,37769
Daphne,37358
Marina,37159
Noelle,37128
Stefanie,37030
Kira,36975
Kerri,36956
Jazmine,36852
Fern,36845
Helena,36833
Delia,36591
Goldie,36548
Reese,36243
Kyra,36231
Sasha,36116
Tori,36068
Cheri,36042
Francine,36032
Angeline,36013
Jeannie,36006
Phoebe,35867
Aileen,35709
Dakota,35650
Tasha,35449
Tammie,35368
Lyla,35362
Reba,35330
Therese,35226
Lenora,35206
Sherrie,35123
Charity,34934
Alina,34914
Bette,34846
Melba,34845
Britney,34800
Lucile,34729
Deloris,34674
Amaya,34652
Hadley,34585
Frankie,34445
Fatima,34393
Ronda,34308
Tatiana,34115
Lesley,34113
Brooklynn,34059
Patrice,34044
Dorothea,34012
Ciara,33957
Alisa,33898
Ina,33820
Lou,33789
Rachelle,33697
Kinsley,33523
Matilda,33498
Jolene,33402
Janine,33396
Tia,33215
Marisol,33199
Antonia,33169
Helene,33156
Millie,33151
Pam,33126
Diamond,33074
Shawn,32999
Christa,32723
Kasey,32656
Mayra,32601
Tracie,32563
Kassandra,32527
Trina,32498
Juliet,32467
Dena,32317
Hallie,32215
Lea,32098
Janette,32003
Keri,31995
Kayleigh,31974
Asia,31863
Fay,31857
Ashleigh,31730
Myrna,31657
Elva,31497
Chelsey,31331
Cleo,31255
Savanna,31249
Keira,31090
Dina,31083
Luella,31075
Juliette,31054
Francesca,30943
Gwen,30832
Macy,30604
Isla,30591
Paris,30500
Daniella,30454
Ximena,30361
Makenna,30350
Alivia,30342
Alayna,30308
Katelynn,30274
Shayla,30264
Latasha,30206
Julianne,30050
Clare,30043
Cherie,29907
Cathleen,29868
Fiona,29762
Debora,29682
Eugenia,29661
Harmony,29588
Ola,29582
Shana,29508
Elsa,29414
Randi,29390
Jewell,29362
Francis,29360
Adelaide,29340
Polly,29305
Leanne,29269
Charlie,29217
Haylee,29136
Nova,29128
Evangeline,29091
Sienna,29086
Cameron,29055
Hayden,29031
Willa,28935
Angelique,28830
Brenna,28804
Jayne,28793
Alta,28777
Alyson,28723
Hillary,28689
Ryleigh,28673
Talia,28487
Karin,28465
Emery,28355
Candy,28347
Joni,28347
Tania,28338
Lorna,28305
Shanna,28239
Carissa,28172
Lara,28131
Shauna,28013
Leola,28012
Rosetta,27941
Izabella,27657
Imogene,27566
Logan,27493
Camryn,27481
Tiana,27445
Cierra,27372
Marley,27308
Jodie,27238
Heaven,27234
Aniyah,27225
Arielle,27209
Sondra,27051
Kali,27048
Nell,26994
Elvira,26818
Eve,26687
Harley,26625
Ingrid,26605
Selma,26556
Norah,26452
Rosalind,26365
Luz,26301
Greta,26233
Malia,26209
Elaina,26191
Kailey,26147
Simone,26125
Everly,26100
Susanne,26037
Brynn,25823
Rhoda,25783
Emilie,25745
Glenna,25591
Nannie,25560
Trudy,25485
Jenifer,25466
Camilla,25459
Staci,25459
Taryn,25324
Frieda,25310
Clarice,25257
Ryan,25233
Skyler,25187
Audra,25041
Lexi,25015
Blanca,24993
Lizbeth,24890
Imani,24840
Kiana,24793
Presley,24770
Kenya,24746
Margo,24601
Julissa,24571
Emerson,24558
Winnie,24489
Leanna,24467
Ashlynn,24288
Teagan,24218
Maribel,24206
Nola,24196
Leann,24163
Chasity,24156
Colette,24143
Sidney,24105
Jeannine,24030
Adalynn,24000
Hilary,23984
Bobbi,23797
Jeanine,23739
Ayla,23690
Carmela,23686
James,23528
Bridgette,23499
Tiara,23407
Deana,23395
Paola,23301
Emilee,23287
Adalyn,23244
Ericka,23186
Nia,23092
Viviana,23067
Alanna,23038
Aisha,23002
Jimmie,22981
Ila,22959
India,22955
Bettye,22920
Chris,22919
Larissa,22813
Tamika,22743
Maritza,22711
Catalina,22658
Jeri,22593
Lenore,22550
Rae,22445
Robbie,22351
Angelia,22318
Sheena,22312
Tonia,22178
Darcy,22132
Raelynn,22023
Keisha,21996
Bernadine,21910
Lorie,21907
Kamryn,21874
Dale,21866
Rosalyn,21859
Tatum,21854
Cornelia,21850
Madalyn,21811
Flossie,21803
Virgie,21790
Michael,21786
Rene,21761
Latonya,21752
John,21715
Abbie,21693
Lia,21631
Marcy,21588
Harriett,21565
Elma,21556
Jayden,21500
Londyn,21451
Amie,21450
Mara,21444
Jami,21428
Elnora,21238
Ladonna,21222
Nyla,21181
Ruthie,21180
Raegan,21080
Kaylie,21080
Malinda,21068
Alessandra,20990
Lauryn,20947
Cadence,20939
Neva,20937
Sage,20915
Christi,20885
Elinor,20836
Skye,20829
Arabella,20811
Maddison,20803
Noemi,20767
Parker,20664
Corrine,20654
Mavis,20625
Kiera,20615
Susana,20570
Katy,20548
Emely,20526
Danna,20504
Silvia,20379
Cecile,20313
Yasmin,20312
Brianne,20310
Dorthy,20303
Macie,20262
Baylee,20232
Nelda,20111
Robert,20107
Devon,20063
Louisa,20027
Dolly,20021
Ophelia,19990
Noreen,19979
Rylie,19913
Gale,19901
Perla,19883
Lacy,19871
Carmella,19823
Nayeli,19814
Jayda,19799
Karissa,19740
Kassidy,19723
Terrie,19721
Christian,19676
Cali,19666
Esperanza,19650
Sybil,19645
Nathalie,19627
Elyse,19572
Maura,19419
Tabatha,19359
Madilyn,19354
Sarai,19301
Tanisha,19237
Dollie,19174
Letha,19137
Susanna,19107
Maci,19107
Bryanna,19097
Arya,19091
Kelsie,19081
Ashton,19075
Mikaela,19074
Kyleigh,19050
Precious,19021
Melisa,18842
Dona,18841
Kiley,18833
Lilliana,18792
Claudette,18740
Kenzie,18711
Annmarie,18660
Lupe,18593
Araceli,18564
Alexus,18537
Kaylin,18454
Valarie,18452
Dulce,18449
Adelyn,18436
Latisha,18381
Selina,18359
Katlyn,18354
Paulina,18346
Octavia,18286
Magdalena,18236
Roxie,18214
Annika,18124
Pearlie,18122
Hollie,18121
Eleanore,18092
Gay,17984
Gemma,17967
Belle,17950
Chanel,17896
Odessa,17886
Aspen,17885
Lyric,17861
Saundra,17850
Juana,17846
Lilian,17842
Miracle,17837
Beatriz,17834
Roslyn,17821
Amara,17756
Ilene,17741
Samara,17682
Martina,17646
Melina,17639
Itzel,17604
Arline,17570
Kimberlee,17564
Tommie,17495
Ainsley,17466
Justice,17400
Finley,17376
Abbey,17363
Alyce,17341
Kinley,17331
Jerry,17312
Elissa,17304
Lorrie,17303
Joselyn,17297
Chandra,17272
Janae,17246
Rhea,17224
Elliana,17210
Loraine,17175
Avis,17168
Althea,17161
Marta,17140
Devin,17106
Vivienne,17104
Fernanda,17096
Lilah,17090
Jeanie,17065
Liza,17019
Anya,17014
Liana,16989
Lina,16941
Gia,16924
Cortney,16912
Aniya,16890
Tyler,16877
Consuelo,16876
Nanette,16859
Libby,16856
Sharron,16856
Marianna,16836
Suzette,16790
Deirdre,16772
Mina,16756
Zelma,16751
Jacklyn,16641
Blair,16620
Nona,16615
Nicolette,16525
Earline,16523
Carley,16519
Anahi,16443
Lavonne,16440
Destinee,16412
Amari,16382
Amira,16372
Augusta,16368
Kaydence,16291
Cathryn,16246
Kaitlynn,16160
Evie,16139
Haven,16089
Earnestine,16072
Madisyn,16072
Rowan,16069
Reyna,16025
William,15982
Journey,15938
Deja,15917
Shayna,15905
Georgina,15866
Kaleigh,15851
Mari,15850
Dee,15831
Regan,15831
Addyson,15817
Madelynn,15813
Brandie,15813
Gillian,15806
Roseann,15800
Graciela,15790
Margery,15775
Mariam,15764
Margot,15759
Casandra,15717
Carina,15716
Eddie,15715
Chrystal,15714
Janna,15702
Reva,15698
Danica,15694
Kathrine,15688
Corina,15661
Cristal,15631
Rosella,15627
Lexie,15607
Janell,15607
Elle,15546
Ester,15535
Hailee,15519
Lelia,15509
Jerri,15462
Luann,15455
Marcie,15436
Edwina,15425
Kierra,15423
Adrian,15409
Minerva,15401
Queen,15389
Shania,15381
Brynlee,15360
Maeve,15344
Ayanna,15338
Charmaine,15326
Bria,15321
Amiyah,15269
Thea,15256
Anika,15254
Carlene,15176
Jaqueline,15162
Felicity,15162
Rosalinda,15154
Lynnette,15138
Cheyanne,15094
Kathie,15086
Terra,15021
Katheryn,15004
Celina,14998
Tillie,14905
Chantel,14888
Tiffani,14887
Stephany,14884
Marietta,14883
Deanne,14846
Kaelyn,14832
Tierra,14817
Jannie,14811
Bailee,14798
Isabell,14777
Charlee,14760
Sloane,14758
Lorelei,14740
Merle,14718
Zelda,14696
Rosanne,14694
Ursula,14658
Princess,14658
Aleah,14651
Deidre,14650
Maia,14638
Carlie,14625
Kiersten,14602
Estrella,14577
Melany,14540
Jazlyn,14540
Joelle,14529
Corine,14528
Wendi,14505
Myla,14494
Rhiannon,14484
Aline,14474
Marlee,14474
Lourdes,14452
Tyra,14443
Lesly,14426
Noel,14422
Scarlet,14393
Halle,14393
Amina,14372
Aurelia,14363
Dayna,14336
Annabel,14322
Lyndsey,14292
Rosanna,14257
Kamila,14243
Nita,14225
Hester,14216
Tamera,14180
Tess,14171
Earlene,14165
Melva,14149
Leeann,14146
Concetta,14132
Alena,14129
Karyn,14129
Ariella,14066
Lessie,14065
Haleigh,14054
Nataly,14039
Meaghan,14034
Jimena,14020
Kaila,14012
Dylan,14002
Zara,14001
Annabella,13987
Thalia,13969
Elisha,13969
Anaya,13967
Jayme,13949
Renae,13919
Aubrie,13897
Marci,13893
Tammi,13883
Micaela,13879
Janessa,13875
Edythe,13841
Petra,13801
Chelsie,13758
Amalia,13734
Tamra,13710
Maryanne,13678
Kourtney,13677
Bertie,13674
Liberty,13608
Dallas,13604
Benita,13602
Sheree,13548
Kris,13528
Deena,13525
Kailyn,13466
Josefina,13460
Jaden,13451
Madge,13430
Annalise,13403
Kaley,13352
Jaelyn,13345
Rebeca,13332
Kaia,13318
Louella,13312
Maryjane,13292
Georgette,13277
Blake,13254
Adrianne,13219
Dahlia,13217
Chaya,13183
Magnolia,13168
Roxanna,13164
Ember,13145
Maud,13141
Kaye,13137
Jena,13115
Mitzi,13114
Kennedi,13093
Gussie,13084
Kori,13080
Marilynn,13051
Bridgett,13050
Adela,13037
Roselyn,13032
Maryellen,13022
Beverley,13008
Rocio,13000
America,12990
Marylou,12985
Aylin,12970
Catharine,12966
Krystle,12938
David,12926
Madyson,12926
Lilia,12925
Celine,12924
Yasmine,12918
Leia,12902
Dayana,12900
Luisa,12895
Aida,12862
Tianna,12855
Dara,12850
Desirae,12845
Karlee,12835
Birdie,12829
Lakeisha,12821
Mckayla,12816
Gena,12810
Maricela,12799
Wilda,12752
Tameka,12729
Carey,12722
Dalia,12703
Hunter,12689
Zella,12670
Micah,12669
Giovanna,12622
Cari,12622
Maliyah,12610
Yadira,12581
Adelina,12557
Skyla,12537
Jolie,12508
Loren,12482
Miley,12479
Arleen,12443
Sawyer,12441
Trista,12440
Charles,12437
Wilhelmina,12435
Lulu,12422
Tamia,12390
Moriah,12363
Carlee,12313
Keely,12311
Lakisha,12307
Veda,12303
Francisca,12296
Kacie,12296
Kailee,12291
Gracelyn,12276
Diann,12252
Emersyn,12240
Caryn,12182
Georgie,12164
Anissa,12160
Jesse,12144
Sharlene,12128
Lawanda,12087
Annemarie,12059
Justina,12039
Ashanti,12038
Damaris,12017
Kristal,12001
Raelyn,12000
Coleen,11994
Chana,11965
Remi,11947
Alecia,11946
Janel,11943
Janiyah,11941
Lizette,11935
Iona,11924
Leta,11891
Abbigail,11872
Laney,11857
Blakely,11815
Maudie,11802
Adaline,11795
Phoenix,11783
Luciana,11777
Twila,11751
Brittani,11739
Cordelia,11694
Iliana,11691
Annamarie,11690
Kaylyn,11675
Jadyn,11655
Kitty,11645
Shaina,11633
Cori,11631
Angelita,11592
Reina,11582
Kenna,11558
Roxana,11539
Renata,11484
Rayna,11482
Rosalee,11480
Christen,11474
Kaylynn,11458
Leora,11444
Cherry,11437
Patience,11428
Shea,11428
Maranda,11413
Alia,11412
Lesa,11408
Letitia,11396
Alfreda,11381
Ashly,11377
River,11375
Dessie,11372
Vada,11359
Valencia,11347
Winona,11342
Joe,11318
Claudine,11307
Ciera,11307
Mira,11274
Katina,11273
Florine,11254
Millicent,11237
Vida,11226
Ivory,11213
Farrah,11204
Stevie,11178
Emelia,11169
Christin,11166
Jayleen,11166
Breana,11156
Winter,11142
Isis,11138
Amani,11115
Kallie,11098
Yaretzi,11095
Evelynn,11056
Tayler,11049
Lauri,11044
Marlena,11040
Hana,11028
Marquita,11010
Adelynn,11009
Raina,11008
Journee,11001
Demi,10956
Ayana,10954
Pansy,10953
Kacey,10916
Mayme,10906
Macey,10884
Karlie,10858
Demetria,10847
Gayla,10838
Lona,10833
Mckinley,10833
Ansley,10828
Kadence,10823
Mariela,10822
Averie,10796
Ivette,10751
Zariah,10742
Theodora,10738
Freida,10708
Joslyn,10683
Joseph,10679
Clementine,10672
Lidia,10672
Cayla,10660
Briella,10650
Lainey,10648
Manuela,10635
Denice,10627
Retha,10597
Rosario,10597
Karli,10585
Nikita,10583
Portia,10563
Cherish,10557
Christiana,10549
Isabela,10513
Giuliana,10508
Karly,10506
Racheal,10491
Janiya,10481
Lacie,10472
Brook,10469
Belen,10456
Lucretia,10422
Leota,10420
Alvina,10412
Coral,10406
Marva,10358
Danette,10355
Brinley,10341
Rowena,10336
Vonda,10312
Dinah,10306
Judi,10300
Merry,10299
Zuri,10288
Deidra,10286
Breanne,10285
Alani,10269
Freddie,10268
Felecia,10268
Nan,10267
Aleena,10257
Astrid,10229
Delphine,10228
Tatyana,10224
Danika,10224
Shantel,10210
Zoie,10184
Deann,10180
Marybeth,10168
Maryam,10134
Marisela,10130
Ryann,10126
Jaliyah,10121
Ali,10112
Kathi,10108
Nylah,10102
Beryl,10094
Catrina,10093
Sandi,10090
Melodie,10070
Elouise,10059
Gilda,10049
Everleigh,10043
Freya,10032
Ashlie,10014
Margret,10002
Mandi,9996
Alycia,9992
Haylie,9985
Maren,9971
Shellie,9967
Shiloh,9953
Ione,9946
George,9943
Johnna,9940
Tessie,9937
Gisselle,9931
Arely,9923
Kelsi,9919
Berniece,9909
Tera,9870
Selah,9864
Lettie,9857
Savanah,9847
Brylee,9847
Latanya,9840
Karrie,9838
Aliza,9838
Juniper,9835
Natalee,9808
Kaliyah,9786
Emmy,9773
Dionne,9766
Sunny,9764
Bennie,9761
Amya,9747
Jaycee,9709
Debby,9696
Chastity,9681
Monika,9677
Milagros,9674
Fallon,9672
Essence,9655
Lauretta,9651
Christal,9651
Treva,9645
Bobby,9638
Celestine,9636
Ally,9625
Jacquelin,9619
Zaria,9618
Iola,9615
Oma,9593
Unknown,9570
Anabel,9567
Caren,9557
Fanny,9540
Kimber,9535
Madonna,9532
Sade,9532
Richard,9530
Shanice,9530
Braelyn,9513
Lura,9512
Pattie,9503
Jaimie,9503
Evangelina,9501
Philomena,9497
Tisha,9497
Kaci,9486
Christopher,9482
Lisette,9442
Karol,9434
Starr,9433
Jaylah,9416
Laci,9415
Aliya,9415
Myah,9400
Alysha,9394
Liz,9367
Georgiana,9365
Kasandra,9363
Suzanna,9359
Alysia,9357
Magdalene,9315
Berenice,9309
Charley,9308
Dottie,9306
Jaida,9289
Paloma,9288
Venus,9273
Alex,9269
Linnea,9241
Lashonda,9235
Madilynn,9231
Tana,9230
Shyanne,9199
Aracely,9171
Maegan,9148
Georgianna,9146
Patrica,9144
Antionette,9124
Latrice,9121
Caylee,9100
Gracelynn,9098
Jaylene,9094
Fabiola,9089
Addisyn,9086
Malaysia,9085
Kaya,9076
Sarina,9070
Jazmyn,9067
Suzan,9056
Erna,9054
Enid,9046
Davina,9035
Tiffanie,9028
Stacia,8982
Kenia,8979
Mireya,8962
Dovie,8958
Corey,8952
Maurine,8948
Marlys,8943
Mercy,8927
Katelin,8901
Griselda,8900
Elda,8898
Chandler,8895
Xiomara,8893
Daleyza,8875
Andria,8865
Agatha,8861
Armani,8860
Aryanna,8858
Brigitte,8853
Bree,8850
Roxann,8847
Kendal,8840
Malissa,8834
Salma,8819
Yareli,8797
Jeanna,8793
Kyle,8791
Annetta,8784
Siena,8779
Kristyn,8772
Kirstin,8769
Giana,8758
Allene,8755
Jaylynn,8754
Aiyana,8754
Alva,8752
Lorine,8744
Katarina,8742
Yazmin,8726
Alene,8712
Harriette,8699
Kami,8673
Holli,8672
Carli,8670
Ariah,8668
Zora,8658
Nakia,8657
Saige,8647
Evalyn,8637
Lizeth,8623
Reta,8615
Lolita,8610
Luanne,8598
Kimora,8593
Robbin,8585
Kerrie,8584
Emmalee,8569
Livia,8564
Doretha,8562
Mazie,8556
Ofelia,8554
Anabelle,8550
Alexandrea,8543
Daria,8538
Estela,8520
Gertie,8518
Miah,8512
Delois,8500
Thomas,8478
Delma,8449
Jaelynn,8428
Lilyana,8420
Paislee,8419
Richelle,8397
Sherlyn,8386
Lindy,8385
Emmie,8379
Corrie,8374
Rory,8371
Devyn,8368
Elana,8362
Madalynn,8361
Chantal,8361
Dani,8353
Misti,8324
Keyla,8313
Bristol,8310
Kayley,8297
Jaylin,8292
Darleen,8282
Marcela,8277
Abril,8273
Asha,8243
Maleah,8237
Sariah,8223
Daniel,8214
Leighton,8196
Shakira,8195
Charli,8190
Rosalia,8185
Lakesha,8168
Harlow,8156
Zola,8152
Vesta,8151
Jaiden,8146
Tena,8140
Sydnee,8140
Leyla,8137
Marjory,8128
Cristy,8108
Audrina,8103
Kianna,8071
Brisa,8063
Verda,8062
Cecily,8029
Jacquline,8029
Rivka,8029
Alayah,8025
Starla,8024
Lorri,8022
Meadow,8021
Geri,8021
Aja,8019
Charla,8010
Shanda,7997
Darby,7980
Amelie,7971
Elianna,7963
Sky,7962
Rubi,7956
Belva,7955
Linnie,7923
Dorene,7922
Toby,7914
Germaine,7894
Amirah,7886
Amaris,7863
Una,7841
Montana,7822
Hellen,7806
Ona,7804
Kaycee,7804
Taliyah,7804
Antonette,7783
Amiya,7781
Barbra,7758
Ronnie,7756
Star,7746
Yaritza,7729
Kayden,7728
Roma,7725
Julieta,7722
Jayde,7711
Cathrine,7709
Saylor,7706
Cindi,7696
Emerald,7690
Sabina,7688
Destini,7685
Cecil,7682
Jamila,7678
Sammie,7669
Drew,7645
Jacey,7634
Jeana,7633
Ivanna,7628
Dania,7624
Destiney,7620
Kala,7611
Joana,7609
Elida,7608
Maisie,7606
Karley,7601
Anais,7597
Selene,7586
Elia,7582
Addilyn,7578
Velda,7559
Kia,7557
Braelynn,7504
Lilith,7503
Danita,7502
Elvia,7496
Susannah,7489
Emmalyn,7479
Alesha,7467
Frida,7456
Shyla,7444
Shonda,7444
Kayleen,7433
Iesha,7432
Milan,7424
Lissette,7423
Alesia,7408
Moira,7407
Juliann,7402
Valorie,7401
Ami,7397
Renita,7396
Jaylee,7391
Ginny,7383
Halie,7373
Marilee,7371
Charleen,7362
Alyse,7361
Dorris,7360
Kinsey,7360
Mathilda,7358
Azalea,7356
Pamala,7356
Peggie,7354
Candi,7351
Lashawn,7346
Kalyn,7318
Collette,7309
Yessenia,7300
Imelda,7296
Hettie,7293
Vernice,7290
Monserrat,7288
Lilianna,7267
Berta,7256
Sharyn,7238
Roseanne,7215
Carson,7212
Miya,7210
Katerina,7207
Lyn,7199
Tamela,7187
Karsyn,7186
Galilea,7186
Bess,7159
Stormy,7157
Alpha,7151
Mariann,7136
Dorcas,7135
Donnie,7126
Vernell,7124
Flor,7123
Carmel,7117
Samira,7114
Valery,7106
Nathaly,7105
Nedra,7104
Laureen,7103
Unique,7103
Eryn,7093
Anthony,7079
Danelle,7075
Kaiya,7069
Salina,7068
Jenelle,7064
Maryjo,7047
Leonora,7044
Charleigh,7039
Lucero,7038
Elyssa,7035
Nelly,7012
Kai,7009
Bryn,7006
Tressa,7000
Gene,6992
Tonja,6989
Shelli,6982
Alysa,6979
Carter,6974
Shay,6973
Niki,6968
Ruthann,6960
Evelin,6957
Michell,6956
Rubye,6954
Stefani,6945
Alaya,6945
Noelia,6937
Ivana,6933
Sherrill,6932
Corinna,6929
Aletha,6923
Siobhan,6921
Eleanora,6919
Twyla,6918
Carmelita,6916
Treasure,6913
Jazlynn,6899
Lonnie,6893
Jaunita,6892
Keila,6891
Nikole,6890
Annalee,6887
Kayli,6879
Lucie,6877
Socorro,6865
Garnet,6862
Danae,6849
Lani,6847
Khadijah,6847
Rikki,6846
Lavern,6845
Calista,6844
Mimi,6844
Leandra,6839
Sarahi,6837
Joey,6822
Zahra,6816
Dortha,6811
Kassie,6808
Ima,6799
Kandice,6795
Aviana,6790
Hadassah,6789
Kensley,6787
Kaylen,6781
Vivien,6780
Denisse,6766
Gabriel,6764
Emory,6763
Karma,6756
Shaylee,6753
Aryana,6749
Kristian,6745
Carleen,6739
Litzy,6721
Tosha,6719
Karmen,6715
Marlo,6711
Violeta,6709
Lyndsay,6706
Marlyn,6697
Natalya,6673
Gerry,6656
Ariyah,6654
Wynter,6652
Aliana,6648
Melvina,6636
Akira,6633
Averi,6630
Kisha,6627
Allyssa,6622
Lorelai,6620
Floy,6612
Annabell,6596
Alannah,6593
Kailani,6588
Chantelle,6587
Malaya,6584
Mariel,6582
Kenley,6580
Lavina,6572
Saniya,6570
Adina,6564
Estefania,6562
Krysta,6552
Theda,6551
Janeen,6543
Nila,6541
Joleen,6541
Tawana,6540
Rosita,6536
Harlee,6532
Joycelyn,6525
Jakayla,6523
Cory,6520
Idella,6518
Eboni,6509
Remington,6509
Terese,6502
Alba,6501
Vikki,6487
Johana,6484
Avianna,6482
Ashely,6481
Mickey,6477
Lexus,6476
Lue,6474
Teressa,6470
Nanci,6469
Eloisa,6465
Wren,6456
Latosha,6442
Bettina,6438
Saniyah,6438
Rayne,6437
Tristan,6428
Kora,6424
Blanch,6420
Britany,6417
Vanesa,6412
Sharla,6407
Darci,6403
Aleta,6402
Zion,6399
Artie,6398
Laquita,6398
Noor,6396
Shaniya,6381
Ardis,6380
Emmaline,6378
Leigha,6364
Caryl,6347
Jackeline,6347
Dayanara,6340
Hortense,6313
Arden,6303
Juli,6299
Mittie,6297
Jessi,6295
Kaylah,6295
Alaia,6294
Whitley,6290
Nannette,6276
Sloan,6270
Anabella,6265
Carlotta,6263
Pearline,6262
Kandace,6262
Jocelynn,6260
Carolynn,6249
Kaela,6244
Oakley,6243
Lavon,6240
Shyann,6230
Cataleya,6228
Yoselin,6223
Ira,6222
Karis,6222
Chiquita,6218
Charline,6213
Tenley,6209
Karon,6208
Tegan,6207
Brigid,6206
Meta,6201
Nathalia,6198
Adria,6196
Josette,6194
Darian,6191
Shameka,6191
Verla,6190
Amberly,6189
Adell,6187
Bonny,6186
Leone,6138
Esme,6124
Myrtis,6121
Adriane,6118
Maybelle,6117
Golda,6115
Margarette,6111
Chanda,6079
Nicki,6073
Noa,6071
Taya,6069
Keeley,6067
Makena,6062
Jalisa,6044
Briley,6043
Abigayle,6030
Cinthia,6025
Bryana,6025
Gwyneth,6024
Leatha,6023
Maribeth,6021
Maira,6017
Mika,6015
Dawna,6012
Hailie,6011
Arlette,5995
Laylah,5992
Jemma,5989
Milena,5988
Brittni,5986
Novella,5984
Priya,5984
Ivonne,5982
Mariyah,5981
Yuliana,5977
Rihanna,5970
Ines,5965
Lennon,5962
Orpha,5951
Lylah,5942
Baby,5939
Jessika,5939
Lailah,5939
Evette,5938
Kathryne,5932
Remy,5929
Kalani,5927
Campbell,5923
Ashtyn,5919
Milani,5914
Carroll,5910
Sommer,5908
Jasmyn,5905
Aya,5903
Felisha,5897
Ayesha,5896
Adilene,5878
Areli,5873
Jessa,5868
Lida,5864
Leatrice,5864
Karolyn,5861
Prudence,5843
Paul,5843
Sharonda,5839
Leonor,5833
Katia,5829
Avah,5822
Nicolle,5821
Jonnie,5811
Vickey,5807
Azaria,5807
Shante,5805
Kelsea,5805
Lovie,5798
Tamar,5790
Marnie,5789
Breann,5780
Zainab,5779
Corrina,5776
Abagail,5770
Joi,5768
Pennie,5764
Antonella,5761
Lisbeth,5760
Stephenie,5756
Gaye,5747
Teena,5746
Ireland,5745
Venessa,5742
Braylee,5742
Eleni,5741
Janay,5737
Abigale,5731
Danyelle,5723
Lesli,5720
Roseanna,5719
Elliott,5715
Kyndall,5713
Oralia,5709
Ayleen,5708
Shirlee,5704
Zaniyah,5702
Venita,5696
Era,5693
Rhianna,5689
Carleigh,5687
Lillianna,5687
Ashli,5686
Missy,5684
Sanaa,5682
Annelise,5679
Serina,5672
Brigette,5672
Yasmeen,5662
Adella,5658
Nelle,5645
Aretha,5638
Chyna,5636
Carolann,5630
Mellissa,5625
Latricia,5621
Jaidyn,5621
Annalisa,5600
Shanika,5590
Cathie,5586
Ardith,5581
Kattie,5577
Zena,5564
Donald,5562
Lizabeth,5558
Marin,5552
Shae,5548
Kandi,5547
Kristan,5546
Heidy,5544
Matthew,5541
Darcie,5540
Syble,5535
Nya,5531
Lupita,5530
Alora,5529
Fawn,5526
Jonna,5526
Reanna,5524
Andra,5519
Yajaira,5518
Shelbie,5516
Tatianna,5515
Easter,5513
Cambria,5506
Sheridan,5500
Nichelle,5495
Kamilah,5494
Brandee,5487
Soraya,5486
Kylah,5483
Judie,5480
Ray,5477
Cheryle,5475
Alessia,5471
Oleta,5465
Paityn,5459
Jenni,5455
Farah,5454
Shelbi,5454
Lianna,5452
Elliot,5451
Gerri,5446
Shira,5444
Caleigh,5441
Anjali,5439
Rosina,5434
Isela,5427
Cami,5425
Brea,5425
Rylan,5424
Rona,5412
Jaylyn,5410
Hulda,5407
Mai,5404
Grecia,5389
Filomena,5386
Melonie,5383
Katalina,5383
Sunshine,5382
Keshia,5380
Jamya,5377
Joellen,5373
Dian,5369
Billy,5364
Edward,5361
Marcelle,5356
Tressie,5344
Analia,5344
Dalila,5341
Kenneth,5338
Katlin,5335
Kevin,5331
Karie,5331
Andi,5330
Mozelle,5328
Santana,5325
Adelle,5321
Sutton,5320
Cary,5318
Joanie,5307
Tanesha,5307
Laken,5307
Sydni,5300
Kortney,5300
Meg,5299
Adelia,5298
Riya,5298
Jessenia,5295
Malka,5293
Charisse,5291
Emani,5291
Ernestina,5289
Holland,5288
Kya,5284
Cailyn,5284
Kaylani,5283
Marlen,5281
Kandy,5281
Hayleigh,5281
Stephani,5280
Savana,5279
Anneliese,5265
Pilar,5261
Ilana,5255
Lavinia,5251
Jerrie,5251
Yamileth,5248
Charlize,5242
Norine,5237
Amia,5234
Milana,5230
Jazmyne,5228
Dasia,5227
Jerilyn,5226
Kesha,5221
Ileana,5220
Reilly,5220
Vina,5215
Jannette,5214
Bambi,5201
Ellis,5199
Elora,5197
Nyasia,5196
Kalie,5194
Elvera,5188
Donita,5188
Zariyah,5187
Concepcion,5185
Jacalyn,5173
Candis,5166
Anisa,5165
Tayla,5164
Louann,5162
Roxane,5162
Shannan,5161
Domonique,5161
Trena,5160
Evelina,5156
Romona,5150
Albertha,5145
Jeanetta,5143
Johnie,5131
Kynlee,5129
Xochitl,5124
Lanie,5122
Devan,5117
Shaniqua,5117
Sydnie,5115
Shanta,5112
Jayna,5109
Latonia,5104
Alyvia,5102
Edie,5093
Salena,5090
Chanelle,5089
Vienna,5088
Charissa,5086
Breonna,5086
Violette,5084
Linsey,5082
Marvel,5080
Azariah,5080
Meryl,5077
Gisele,5077
Estefany,5072
Shantell,5070
Cydney,5066
Shamika,5060
Nalani,5059
Rubie,5057
Liv,5056
Kalli,5053
Magaly,5046
Jacquelynn,5041
Kathlyn,5040
Alize,5039
Darline,5038
Cody,5034
Marita,5027
Jason,5021
Shoshana,5018
Evonne,5014
Sherie,5010
Nicola,5009
Lanette,4998
Austin,4996
Yahaira,4994
Madisen,4989
Bethel,4987
Randy,4981
Taniya,4978
Giavanna,4975
Nada,4970
Albina,4969
Afton,4969
Fran,4968
Henley,4968
Kacy,4967
Alda,4960
Yara,4954
Nyah,4947
Sarita,4945
Leisa,4945
Tawnya,4943
Windy,4942
Joshua,4934
Zina,4932
Lyda,4926
Sabra,4926
Andrew,4923
Kamille,4919
Christene,4916
Shara,4916
Lynsey,4916
Alaysia,4908
Margarett,4904
Deandra,4897
Kairi,4894
Vilma,4890
Jacque,4889
Caitlynn,4889
Ouida,4886
Desire,4886
Dori,4883
Chiara,4883
Kehlani,4883
Audriana,4875
Kendyl,4874
Melia,4872
Brionna,4872
Leslee,4871
Emogene,4869
Geralyn,4869
Iyana,4866
Madaline,4862
Montserrat,4861
Blaire,4860
Janey,4857
Shirlene,4856
Nena,4852
Jaci,4851
Tresa,4849
Kaylene,4844
Kalia,4839
Alisson,4825
Iyanna,4825
Shanon,4818
Winnifred,4814
Lyra,4811
Aliah,4801
Dorinda,4800
Dorotha,4788
Norene,4788
Krystina,4781
Alyssia,4780
Anastacia,4771
Maddie,4768
Casie,4762
August,4761
Jalyn,4757
Coraline,4753
Kati,4749
Naya,4749
Collins,4742
Melani,4738
Brittanie,4736
Racquel,4729
Emmeline,4727
Aundrea,4723
Keara,4721
Lakeshia,4709
Jaylen,4709
Deasia,4705
Leena,4703
Poppy,4702
Tarah,4702
Jesica,4701
Gearldine,4685
Jesenia,4683
Ferne,4676
Lashanda,4674
Romina,4671
Blythe,4670
Lorinda,4669
Shreya,4664
Iman,4662
Makaila,4651
Celena,4648
Shanell,4644
Hollis,4642
Jordynn,4641
Myranda,4637
Karleigh,4637
Bayleigh,4635
Erlinda,4632
Shalonda,4632
Bernita,4629
Jalynn,4629
Roni,4628
Landry,4628
Elin,4626
Ariya,4625
Ronna,4623
Yamilet,4623
Florene,4616
Aislinn,4614
Frank,4611
Alethea,4610
Audrianna,4606
Elizebeth,4598
Leana,4598
Lennie,4595
Cinda,4590
Promise,4590
Malika,4588
Vergie,4582
Scarlette,4575
Delanie,4573
Elina,4570
Jailyn,4569
Eulalia,4568
Mellisa,4565
Brian,4564
Tyesha,4564
China,4563
Daisha,4563
Natali,4561
Amora,4552
Henry,4548
Ari,4548
Samiyah,4533
Spencer,4527
Keren,4526
Tanika,4522
Janeth,4519
Maliah,4519
Alida,4518
Carin,4515
Zona,4514
Shanelle,4514
Hali,4509
Kaelynn,4509
Allegra,4508
Jaimee,4505
Aleigha,4502
Neveah,4501
Jolynn,4499
Priscila,4497
Sylvie,4495
Aubri,4495
Mark,4491
Jeane,4488
Dorian,4486
Annaliese,4486
Cherise,4479
Alexander,4478
Lavada,4470
Jerrica,4466
Steven,4465
Heavenly,4458
Carolee,4453
Rina,4452
Ethelyn,4450
Shani,4449
Layne,4448
Karri,4447
Diya,4439
Zenobia,4434
Elna,4431
Ellison,4430
Marleigh,4426
Kyndal,4421
Daryl,4419
Pricilla,4418
Dedra,4418
Esta,4415
Aminah,4409
Shiela,4408
Glory,4408
Kamari,4406
Mindi,4405
Almeda,4402
Myrtie,4401
Carie,4399
Debrah,4399
Vita,4397
Dusty,4394
Zula,4390
Sibyl,4385
Mechelle,4380
Anitra,4379
Anisha,4375
Evan,4374
Nala,4372
Royalty,4369
Elayna,4368
Melony,4366
Chrissy,4357
Georgene,4353
Herlinda,4352
Niya,4352
Luana,4350
Lita,4348
Harleigh,4346
Aubrianna,4343
Myrtice,4342
Monroe,4342
Calli,4341
Aaron,4336
Jeraldine,4334
Monet,4332
Lilyanna,4332
Keli,4331
Timothy,4325
Grayce,4324
Marylin,4323
Kaylan,4321
Cherrie,4318
Britni,4315
Jordin,4315
Janiah,4315
Ricki,4313
Elmira,4312
Cassondra,4310
Lilla,4304
Santa,4304
Julisa,4302
Trinidad,4300
Renea,4296
Denisha,4294
Eric,4293
Rana,4293
Anjelica,4282
Holley,4281
Migdalia,4280
Isha,4280
Shasta,4279
Naima,4277
Velva,4274
Marti,4274
Franchesca,4273
Cristin,4269
Sofie,4258
Carlyn,4252
Carrol,4252
Gaynell,4251
Jamia,4250
Sariyah,4244
Kenyatta,4243
Crista,4240
Linette,4238
Delphia,4236
Neha,4236
Estell,4232
Estefani,4230
Kailynn,4223
Verona,4218
Kameron,4217
Mallorie,4213
Tawny,4212
Honesty,4211
Echo,4208
Izabelle,4204
Emerie,4204
Samatha,4203
Nailah,4195
Jose,4189
Felice,4181
Clair,4178
Catina,4178
Suzy,4176
Jacinda,4174
Viridiana,4169
Jocelyne,4167
Symone,4167
Stephaine,4165
Kasie,4164
Reece,4162
Demetra,4161
Tristen,4157
Aiyanna,4157
Odell,4151
Kirstie,4150
Khadija,4150
Ema,4148
Brandon,4145
Cherri,4144
Laurene,4141
Karlene,4139
Kathaleen,4136
Lilyan,4134
Elicia,4133
Analise,4131
Rosalina,4129
Alexys,4129
Quincy,4126
Abrianna,4125
Leesa,4124
Tasia,4123
Carma,4119
Cruz,4118
Fonda,4112
Sahara,4108
Sana,4105
Sherryl,4104
Gigi,4101
Risa,4099
Eda,4098
Abrielle,4098
Keily,4094
Marceline,4092
Cristine,4086
Lane,4084
Stefany,4075
Amiah,4073
Devorah,4071
Gisela,4070
Reign,4070
Charis,4066
Eldora,4065
Tiera,4065
Ocie,4064
Marleen,4060
Harmoni,4060
Mariella,4059
Tawanda,4058
Soledad,4049
Dannielle,4049
Dalilah,4048
Alexi,4047
Jammie,4045
Harlie,4045
Inga,4044
Marty,4040
Joselin,4040
Andie,4038
Suzann,4035
Nella,4034
Charlette,4034
Marielle,4029
Chelsi,4029
Vernita,4027
Jaslyn,4026
Mirna,4024
Sudie,4023
Sherita,4018
Krysten,4017
Barbie,4015
Porsha,4013
Cleta,4012
Lu,4012
Samaria,4010
Raya,4008
Maiya,4008
Alianna,4008
Delana,4007
Adyson,4004
Josefa,4003
Davida,4003
Bryleigh,4003
Jasmyne,4002
Raylee,4001
Mikala,3995
Audry,3991
Evelyne,3989
Malina,3988
Gretta,3982
Kenisha,3976
Acacia,3973
Taniyah,3971
Toya,3970
Zaira,3969
Katlynn,3969
Elly,3966
Quiana,3966
Jacie,3959
Vernie,3958
Jacqulyn,3958
Maxie,3953
Elayne,3951
Kayle,3950
Chante,3948
Hortencia,3946
Adley,3943
Raylene,3939
Delfina,3937
Ellianna,3937
Joella,3936
Elysia,3935
Larue,3934
Luvenia,3932
Clyde,3932
Delta,3930
Page,3921
Corene,3919
Emmalynn,3917
Lissa,3916
Citlali,3916
Letty,3914
Arianne,3914
Tabetha,3912
Colby,3908
Cammie,3906
Sherilyn,3905
Giada,3904
Capri,3898
Shavon,3898
Briar,3898
Audrie,3896
Dominga,3895
Karolina,3894
Alisia,3891
Shawnee,3887
Ariadne,3886
Kimberli,3883
Aubrielle,3882
Pinkie,3881
Berkley,3880
Jerica,3878
Tawanna,3874
Amayah,3874
Halley,3873
Yolonda,3872
Dominque,3872
Sharee,3871
Mylee,3871
Leeanna,3870
Salome,3858
Isadora,3858
Grayson,3856
Barb,3853
Kindra,3850
Misha,3850
Kamiyah,3849
Ronald,3845
Jael,3843
Kalea,3838
Michal,3837
Yessica,3837
Yulissa,3837
Raeann,3835
Jackelyn,3835
Rachell,3833
Tierney,3833
Queenie,3831
Kalee,3830
Suzie,3829
Tory,3828
Lenna,3825
Debi,3822
Liane,3821
Kyrie,3816
Shianne,3811
Austyn,3810
Kiya,3808
Marlie,3807
Justin,3798
Simona,3797
Infant,3795
Angelic,3791
Ellyn,3790
Yael,3790
Yetta,3788
Meghann,3788
Alea,3786
Marge,3785
Tangela,3784
Malorie,3783
Sharen,3782
Sheyla,3780
Vivianna,3772
Ellery,3767
Thomasina,3765
Jurnee,3764
Jaquelin,3761
Sapphire,3761
Jenesis,3756
Herminia,3751
Johnny,3748
Analisa,3745
Keyana,3743
Alanah,3742
Gracyn,3741
Claudie,3739
Laverna,3733
Kiarra,3730
Nikia,3727
Dionna,3724
Loriann,3724
Evon,3716
Kimberlyn,3715
Kinslee,3715
Ria,3711
Cailey,3711
Mahogany,3710
Kellee,3709
Calla,3706
Zulema,3706
Rianna,3703
Azul,3701
Emalee,3700
Ailyn,3699
Aitana,3697
Arleth,3695
Loni,3692
Tyanna,3692
Deonna,3685
Bethanie,3685
Lanita,3684
Dasha,3682
Augustine,3680
Malena,3679
Phillis,3677
Nydia,3674
Christel,3671
Alli,3671
Vonnie,3668
Ariane,3667
Randa,3657
Jaycie,3656
Hadlee,3655
Kimberlie,3654
Adah,3653
Jeniffer,3652
Nereida,3651
Debbra,3651
Janaya,3650
Kirby,3648
Rosaline,3646
Rileigh,3644
Leela,3643
Zaylee,3643
Samiya,3642
Annamaria,3641
Cloe,3637
Soleil,3637
Cailin,3634
Walter,3632
Everlee,3631
Jettie,3630
Ivey,3629
Charisma,3628
Joseline,3628
Corie,3627
Tomeka,3627
Louvenia,3625
Palmer,3623
Ananya,3604
Saanvi,3604
Deneen,3603
Aura,3601
Honey,3601
Channing,3599
Azucena,3596
Arie,3595
Chase,3592
Annamae,3591
Lavonda,3586
Kalina,3584
Brittny,3584
Jazzlyn,3582
Candida,3579
Kalynn,3577
Vincenza,3576
Loreen,3568
Roxy,3567
Palma,3563
Wynona,3563
Jaymie,3563
Drucilla,3562
Avalon,3562
Cyndi,3562
Kaleah,3562
Larry,3558
Britta,3557
Egypt,3556
Georgetta,3553
Daniele,3552
Jonathan,3551
Lili,3550
Zaida,3547
Joetta,3546
Zandra,3546
Keanna,3546
Janene,3544
Jessalyn,3541
Carolyne,3540
Angella,3539
Amethyst,3539
Tiarra,3537
Elodie,3535
Shane,3533
Maile,3532
Viva,3531
Sanai,3531
Keziah,3530
Florida,3527
Jennette,3522
Stormie,3522
Mickie,3518
Raymond,3517
Janett,3515
Jacki,3513
Keyonna,3511
Maite,3510
Bronwyn,3507
Sequoia,3507
Keegan,3507
Rosia,3506
Michel,3506
Abbygail,3504
Loyce,3503
Tenisha,3501
Kathlene,3499
Jeffrey,3499
Chantell,3491
Scout,3491
Jaya,3487
Leilah,3485
Ayah,3482
Jolee,3480
Deedee,3478
Yarely,3476
Sanjuanita,3475
Alise,3472
Carsyn,3467
Carri,3466
Vianey,3466
Elenora,3465
Addilynn,3465
Loree,3464
Danya,3464
Ardella,3461
Joye,3459
Makenzi,3457
Catarina,3456
Karena,3456
Laraine,3455
Karan,3450
Shanita,3449
Alix,3447
Shanae,3446
Katherin,3442
Audree,3439
Ronni,3434
Clover,3430
Zoya,3429
Magali,3427
Idell,3425
Chassidy,3425
Khaleesi,3425
Tinsley,3419
Dennise,3418
Rochel,3418
Erinn,3418
Tracee,3413
Merissa,3413
Dream,3413
Izabel,3412
Kera,3411
Spring,3410
Dariana,3396
Eugenie,3386
Domenica,3386
Rolanda,3386
Makala,3385
Destany,3385
Mylah,3385
Maylee,3384
Jacinta,3383
Karoline,3383
Myesha,3380
Sheron,3379
Jamiyah,3379
Laine,3378
Baylie,3377
Larisa,3375
Jalissa,3375
Leighann,3374
Retta,3372
Ena,3371
Isobel,3371
Nechama,3370
Leda,3367
Dior,3366
Altha,3365
Ailani,3365
Charolette,3362
Shaelyn,3362
Keyanna,3361
Billye,3360
Kamya,3358
Dayanna,3358
Larae,3351
Suellen,3346
Magen,3346
Caydence,3346
Marylee,3344
Phylis,3342
Elba,3341
Keturah,3339
Codi,3337
Ciarra,3335
Lonna,3334
Aditi,3331
Itzayana,3331
Caprice,3327
Brett,3325
Mackenna,3324
Kathern,3323
Jacy,3322
Delila,3321
Jersey,3321
Marni,3317
Willia,3316
Marylyn,3315
Rachele,3315
Teresita,3309
Cielo,3305
Janetta,3303
Lluvia,3302
Nancie,3296
Manda,3294
Theo,3293
Haydee,3293
Sari,3292
Jenae,3289
Gary,3285
Rebecka,3285
Mirian,3284
Brookelynn,3284
Rosamond,3283
Amparo,3282
Oriana,3280
Brittaney,3280
Kaytlin,3279
Buffy,3278
Talitha,3275
Brookelyn,3274
Emeline,3273
Jordana,3269
Lexis,3269
Rafaela,3268
Babette,3267
Olympia,3266
Malak,3266
Ara,3260
Odalys,3260
Jovita,3258
Camden,3256
Kierstin,3256
Madelaine,3254
Pia,3251
Arnetta,3248
Ayva,3247
Delisa,3246
Jaleah,3245
Stephania,3243
Nilda,3242
Janee,3242
Chelsy,3240
Bryce,3237
Tamie,3237
Laniyah,3237
Autum,3236
Kyara,3233
Karah,3228
Veronika,3226
Kelcie,3225
Samia,3224
Odette,3222
Jaleesa,3222
Hadleigh,3220
Vannessa,3219
Blessing,3216
Neta,3214
Tanna,3213
Angeles,3212
Trudi,3210
Magdalen,3208
Berneice,3208
Fatimah,3208
Ilona,3207
Marilou,3207
Rian,3207
Meera,3206
Jamiya,3205
Emi,3204
Johnetta,3201
Keilani,3201
Beatrix,3198
Cristi,3198
Guinevere,3196
Jonelle,3194
Chevelle,3194
Arthur,3193
Neoma,3192
Brieanna,3192
Carl,3191
Miyah,3191
Mallie,3190
Eveline,3188
Payten,3188
Lilli,3186
Vallie,3184
Julian,3183
Madelyne,3181
Lesia,3180
Caron,3179
Love,3178
Machelle,3178
Makiyah,3178
Jacquelyne,3173
Julieann,3173
Yanira,3173
Kathyrn,3172
Bobbye,3172
Merri,3170
Madie,3168
Perry,3167
Temperance,3167
Pamella,3166
Avalynn,3166
Keona,3164
Calliope,3163
Yaneli,3162
Mayte,3161
Angelena,3156
Nickie,3156
Emberly,3156
Zaniya,3155
Laina,3154
Adison,3154
Ashlea,3152
Marcelina,3148
Janiece,3148
Ariyana,3148
Kecia,3146
Saira,3145
Aubriana,3144
Trudie,3141
Tomasa,3141
Zakiya,3138
Romaine,3136
Lennox,3136
Kelsy,3135
Karter,3134
Breeanna,3133
Nicholas,3132
Krystin,3130
Bernardine,3128
Jenessa,3125
Shaila,3123
Becca,3121
Clarisa,3120
Amal,3120
Lillyana,3117
Emme,3116
Shaun,3114
Dejah,3110
Latesha,3109
Leeanne,3108
Margaux,3107
Laurette,3106
Joslynn,3105
Natosha,3105
Jodee,3103
Ryley,3103
Kaidence,3102
Tinley,3100
Josselyn,3098
Kamora,3098
Vinnie,3092
Susann,3091
Lorenza,3090
Shonna,3089
Jovanna,3087
Aviva,3085
Kiah,3083
Royal,3080
Dreama,3079
Hedwig,3077
Trish,3077
Mirella,3077
Rilee,3076
Kloe,3076
Apryl,3075
Ariadna,3074
Preslee,3072
Ryanne,3069
Freeda,3061
Jenell,3057
Carletta,3055
Christianna,3053
Makaylah,3050
Mozell,3048
Mason,3043
Amaia,3042
Elease,3041
Noelani,3039
Torri,3038
Kaylea,3037
Ezra,3035
Haily,3035
Vernetta,3031
Lawana,3029
Velvet,3029
Bulah,3027
Armida,3027
Persephone,3026
Adamaris,3026
Leilany,3025
Lillyanna,3023
Yuri,3022
Kymberly,3021
Matilde,3020
Anamaria,3020
Carisa,3020
Jamey,3019
Shandra,3018
Minna,3010
Gladis,3010
Candyce,3008
Daija,3006
Salem,3004
Genna,3003
Milissa,3003
Johannah,3002
Tamiko,3001
Hilma,2999
Arizona,2995
Santina,2995
Adalee,2994
Mercedez,2993
Malayah,2991
Myriam,2990
Laniya,2988
Jailene,2987
Aniah,2986
Jaslene,2986
Nevada,2985
Candie,2985
Sirena,2984
Zadie,2983
Zada,2981
Rashida,2980
Ania,2977
Taliah,2973
Debbi,2972
Alona,2968
Kodi,2968
Avalyn,2967
Nakita,2963
Brynna,2963
Aanya,2963
Amariah,2961
Gwenyth,2954
Sean,2954
Khalia,2952
Shavonne,2951
Pyper,2950
Waverly,2948
Aubriella,2948
Sherron,2947
Tyla,2947
Isa,2946
Amyah,2945
Ariela,2944
Josephina,2940
Deeann,2940
Pandora,2938
Gitty,2938
Lianne,2936
Shaunna,2935
Avril,2932
Arvilla,2931
Stephen,2931
Aleisha,2929
Willene,2928
Lilyann,2928
Signe,2927
Meggan,2927
Sabine,2926
Brie,2926
Halee,2925
Malani,2925
Reem,2921
Eartha,2920
Aubry,2918
Akilah,2918
Ossie,2917
Gizelle,2916
Nisha,2916
Annis,2914
Claribel,2914
Alliyah,2913
Zita,2911
Shaniyah,2911
Katya,2910
Madelin,2909
Allana,2909
Sigrid,2907
Britt,2906
Drusilla,2905
Jennah,2904
Rosann,2903
Araya,2902
Nariah,2902
Meranda,2901
Talisha,2901
Blossom,2900
Nichol,2900
Tonie,2899
Tahlia,2898
Legacy,2898
Shayne,2893
Deisy,2893
Dean,2890
Tony,2889
Nallely,2889
Alanis,2888
Milania,2887
Chava,2883
Kayce,2882
Jenniffer,2878
Keyona,2877
Chyanne,2877
Faigy,2875
Tamala,2873
Latia,2870
Makiya,2869
Idalia,2868
Suri,2868
Dorine,2867
Rosalynn,2866
Sena,2865
Tobi,2864
Rilynn,2863
Janai,2862
Gregory,2861
Shawnna,2861
Bentley,2858
Anniston,2855
Raylynn,2854
Shawanda,2853
Beckie,2851
Chanell,2851
Samuel,2849
Torrie,2849
Tiesha,2849
Corliss,2848
Aleksandra,2847
Jeni,2846
Avani,2846
Janina,2840
Maricruz,2839
Josey,2838
Christena,2835
Novalee,2835
Patrick,2834
Jianna,2834
Adelaida,2833
Tommy,2833
Louis,2830
Phebe,2826
Randee,2825
Aleshia,2825
Melania,2824
Adia,2823
Ani,2823
Brittnee,2822
Pearle,2821
Tristin,2819
Lexy,2816
Kenzi,2816
Marlana,2815
Destinie,2815
Evalynn,2812
Tamatha,2811
Bethann,2810
Georgine,2807
Delora,2806
Jacelyn,2806
Magda,2803
Lashay,2800
Rutha,2799
Kamiya,2799
Bernetta,2797
Caterina,2797
Elexis,2796
Jania,2790
Rosalba,2788
Vena,2787
Torie,2787
Garnett,2784
Velia,2783
Arlena,2782
Sherrell,2782
Tomika,2781
Kady,2781
Serafina,2780
Lise,2780
Lanae,2780
Venice,2779
Enedina,2778
Tennie,2777
Angelika,2777
Triniti,2776
Milly,2775
Oaklynn,2771
Aysha,2769
Giulia,2767
Maida,2766
Kristel,2766
Mahala,2765
Taisha,2765
Enola,2764
Julee,2764
Santos,2758
Karleen,2756
Jazelle,2756
Marlowe,2755
Karisa,2753
Sterling,2752
Jenise,2752
Denita,2750
Rain,2750
Juan,2749
Shivani,2749
Camellia,2747
Kaili,2745
Klarissa,2741
Aryn,2741
Magan,2739
Rayven,2738
Rania,2737
Kenyetta,2735
Tamya,2733
Abygail,2733
Kyah,2731
Regena,2730
Kandis,2728
Jamee,2728
Laquisha,2728
Camelia,2727
Kristiana,2727
Jaclynn,2726
Rozella,2724
Mandie,2720
Jorja,2720
Layna,2720
Jubilee,2720
Nahla,2720
Alishia,2718
Sindy,2717
Sandie,2714
Melynda,2713
Talya,2713
Simran,2713
Vania,2712
Genie,2710
Lorretta,2708
Anessa,2708
Journi,2708
Devona,2705
Keesha,2700
Tala,2697
Latoria,2697
Antonina,2695
Nidia,2694
Samya,2694
Dacia,2692
Kaelin,2692
Wesley,2690
Citlaly,2690
Ludie,2687
Roy,2687
Shaneka,2686
Jack,2684
Tomi,2682
Samaya,2682
Jaquelyn,2680
Baila,2680
Shantelle,2680
Makaela,2680
Martine,2678
Zenaida,2678
Marna,2678
Aidan,2678
Marely,2676
Dennis,2673
Madelene,2671
Arla,2670
Noella,2670
Madysen,2670
Tyana,2669
Christeen,2667
Nayla,2667
Kaytlyn,2667
Rhyan,2666
Jesus,2664
Kamaria,2663
Saoirse,2663
Anayah,2656
Serene,2654
Zahara,2652
Cristen,2650
Troy,2649
Harold,2648
Nyomi,2648
Noah,2647
Meridith,2647
Cameryn,2642
Coralie,2641
Elois,2641
Taina,2641
Micki,2640
Joie,2639
Lakia,2639
Ebonie,2638
Sharita,2637
Keana,2637
Ardell,2635
Angelyn,2633
Merrie,2632
Pepper,2632
Niyah,2632
Skylynn,2632
Clemmie,2631
Eugene,2631
Sharyl,2631
Lorin,2631
Natashia,2631
Kaileigh,2631
Cheryll,2628
Cianna,2628
Odelia,2627
Xenia,2627
Regenia,2626
Julienne,2626
Anette,2625
Adilynn,2625
Reatha,2624
Honor,2623
Italia,2623
Sharleen,2623
Mica,2621
Kiesha,2621
Mykayla,2619
Tallulah,2618
Kelis,2617
Maisy,2616
Verdie,2614
Greer,2614
Lavera,2611
Maurice,2611
Scott,2608
Rilla,2606
Ameera,2605
Dawne,2603
Ruthanne,2602
Brissa,2602
Launa,2601
Aranza,2601
Mayah,2599
Sailor,2599
Rebeka,2598
Melodee,2597
Nayely,2597
Ariyanna,2595
Versie,2592
Jaeda,2592
Penni,2591
Kanisha,2590
Taraji,2590
Qiana,2588
Shanaya,2586
Earlean,2585
Stormi,2584
Crissy,2582
Doretta,2581
Kensington,2579
Micayla,2578
Kadie,2576
Tanja,2574
Jocelin,2573
Ammie,2569
Gaylene,2569
Jensen,2569
Indigo,2567
Joel,2566
Ambar,2566
Odalis,2565
Colbie,2565
Anja,2564
Elvina,2563
Anjanette,2562
Albert,2559
Violetta,2559
Jaela,2557
Mabelle,2556
Lera,2554
Allysa,2554
Cosette,2551
Delicia,2548
Tionna,2548
Elvie,2547
Glinda,2547
Brynne,2547
Jaedyn,2547
Dell,2544
Gennie,2541
Jovie,2541
Denae,2540
Allisson,2539
Steffanie,2538
Shawnda,2538
Carrington,2537
Peighton,2537
Cathi,2536
Margaretta,2535
Luci,2533
Nickole,2532
Yuridia,2532
Genoveva,2531
Naoma,2530
Kerstin,2530
Maycee,2528
Laurine,2526
Miesha,2526
Brynley,2525
Mammie,2523
Maryn,2523
Tesla,2523
Pauletta,2522
Cienna,2522
Jay,2521
Lacee,2521
Danyell,2519
Siera,2519
Maryanna,2518
Naila,2518
Divya,2517
Alvera,2516
Danyel,2511
Wanita,2510
Becki,2510
Korina,2510
Rosaura,2509
Larhonda,2509
Daysha,2509
Klara,2508
Tammara,2507
Kaira,2505
Rosana,2504
Rori,2503
Lizet,2503
Cherokee,2496
Denver,2495
Markita,2495
Tuesday,2494
Nadya,2493
Sol,2491
Yazmine,2491
Seraphina,2489
Raine,2485
Abriana,2485
Jaila,2485
Myka,2483
Taylar,2481
Ashlin,2478
Betsey,2476
Aila,2476
Lakyn,2476
Coreen,2475
Symphony,2475
Yaretzy,2475
Emoni,2474
Addalyn,2474
Devora,2473
Libbie,2470
Gissel,2469
Xena,2469
Camdyn,2469
Daina,2468
Shanel,2468
Kittie,2467
Fae,2467
Rosio,2466
Gracey,2465
Taleah,2465
Drema,2464
Raleigh,2464
Briseida,2464
Jude,2462
Arwen,2462
Emelie,2461
Bell,2460
Dafne,2460
Arin,2459
Nakisha,2459
Elli,2456
Waneta,2455
Coralee,2454
Ninfa,2452
Jonell,2452
Caley,2452
Alethia,2451
Johna,2451
Nana,2450
Zayla,2450
Maylin,2447
Maris,2443
Meri,2443
Dimple,2442
Alverta,2441
Vivianne,2437
Mariya,2437
Benjamin,2436
Alonna,2434
Kirra,2434
Stefania,2433
Kalena,2433
Candelaria,2432
Hazle,2430
Lyanna,2430
Aleen,2429
Maryalice,2429
Rosaria,2429
Tavia,2428
Jazzmine,2428
Ranae,2426
Tonda,2426
Dorthea,2425
Glynda,2425
Jeanene,2425
Daisey,2424
Sarena,2424
Merna,2423
Olyvia,2422
Kenda,2420
Oaklyn,2419
Celestina,2418
Alyna,2418
Skylah,2418
Lachelle,2415
Leslye,2410
Coretta,2409
Jamilah,2408
Phyliss,2406
Raelene,2406
Myrle,2405
Hildred,2404
Jaye,2404
Shona,2404
Kyndra,2402
Carman,2401
Gianni,2401
Tea,2400
Zaina,2400
Aspyn,2399
Ethyl,2395
Caylin,2394
Cassaundra,2392
Emmaleigh,2392
Ashia,2391
Shaquita,2391
Oaklee,2391
Melaine,2390
Synthia,2389
Kelci,2389
Tiffiny,2388
Darnell,2387
Tova,2387
Lezlie,2387
Gerald,2385
Danisha,2385
Emelyn,2383
Alexsandra,2383
Fairy,2382
Jacqualine,2382
Lawanna,2381
Kamilla,2381
Phylicia,2380
Merlene,2379
Lisha,2375
Tarsha,2375
Daja,2373
Angely,2373
Lucila,2371
Adriene,2371
Viktoria,2371
Gema,2368
Bianka,2366
Arletta,2364
Karime,2364
Lillia,2363
Laisha,2363
Delaine,2360
Harmonie,2360
Tashia,2359
Cherilyn,2358
Shakia,2358
Kaniya,2358
Zia,2357
Margarete,2356
Shena,2356
Jesslyn,2354
Malea,2354
Arionna,2354
Mikaila,2353
Brynleigh,2353
Dione,2352
Glendora,2351
Arica,2351
Arissa,2348
Kaily,2348
Maple,2347
Denna,2347
Danni,2347
Kellye,2347
Kierstyn,2347
Annaleigh,2346
Alessa,2345
Coletta,2344
Rylynn,2344
Laticia,2343
Cady,2343
Yesica,2342
Katey,2341
Kizzy,2340
Frederica,2338
Marli,2337
Cicely,2336
Royce,2335
Amaria,2335
Thresa,2334
Malisa,2334
Kateri,2334
Erlene,2332
Karlyn,2330
Madlyn,2329
Cassi,2329
Anaiah,2328
Sahana,2328
Teanna,2327
Hildegarde,2326
Lillyan,2325
Vianney,2325
Amada,2324
Audie,2322
Curtis,2322
Latavia,2322
Ciana,2322
Latrina,2319
Chesney,2319
Georgeann,2318
Paisleigh,2318
Nour,2317
Aislynn,2316
Rebbecca,2315
Jorden,2314
Jannet,2313
Neriah,2313
Londynn,2313
Jeanmarie,2312
Jeremy,2312
Peri,2312
Ravyn,2309
Makyla,2309
Ozella,2307
Fredia,2307
Merilyn,2305
Zendaya,2305
Kelle,2302
Brittnie,2301
Siri,2300
Kimberely,2300
Arika,2300
Taylin,2300
Tanner,2299
Jiselle,2299
Kirstyn,2298
Meilani,2298
Passion,2296
Kaydee,2296
Annabeth,2295
Tarra,2295
Arlie,2294
Candance,2294
Jourdan,2293
Vashti,2292
Elinore,2292
Dominica,2292
Baileigh,2291
Ever,2290
Kinlee,2290
Laronda,2289
Lakendra,2289
Janya,2288
Shaquana,2286
Leonore,2285
Sheilah,2285
Loma,2284
Ayden,2284
Callista,2283
Beverlee,2283
Korie,2283
Malaika,2283
Sanjuana,2282
Citlalli,2282
Verlie,2281
Kaycie,2281
Tiffaney,2281
Sunday,2277
Xitlali,2277
Donya,2276
Hedy,2275
Raechel,2274
Jamesha,2274
Beaulah,2273
Kerrigan,2273
Jamiah,2273
Caelyn,2273
Daijah,2273
Jacob,2271
Zipporah,2270
Lashunda,2270
Merritt,2268
Indira,2267
Catelyn,2267
Kataleya,2267
Cleopatra,2265
Marika,2265
Ela,2264
Gwenda,2264
Jazzmin,2262
Edyth,2261
Perri,2261
Imari,2261
Kasi,2260
Chasidy,2259
Gentry,2256
Izzabella,2256
Emiliana,2255
Thora,2254
Christiane,2252
Skylee,2252
Oneida,2251
Ellena,2251
Jenine,2251
Tamyra,2251
Chynna,2251
Earl,2248
Lynelle,2246
Tari,2245
Justyce,2243
Almeta,2241
Lory,2241
Mistie,2240
Mignon,2239
Isamar,2237
Gregoria,2236
Felipa,2234
Amilia,2234
Thomasine,2234
Maryrose,2234
Roselynn,2231
Mattison,2231
Louie,2230
Pamelia,2229
Kalista,2229
Marah,2228
Jeanelle,2227
Lashawnda,2227
Lauralee,2225
Reena,2225
Twana,2224
Tonisha,2224
Lovina,2223
Amerie,2223
Deandrea,2221
Raye,2220
Jimmy,2218
Seanna,2218
Somer,2218
Dannie,2217
Chassity,2217
Dynasty,2217
Keith,2216
Cathey,2216
Myia,2215
Rayleigh,2215
Stasia,2214
Yana,2214
Asma,2214
Lillyann,2214
Anayeli,2213
Jacklynn,2211
Delinda,2210
Ilse,2209
Claira,2209
Helga,2208
Aniston,2208
Nika,2206
Andre,2205
Sahar,2205
Imogen,2204
Aleyah,2204
Brinlee,2204
Marilu,2202
Wendie,2200
Taelor,2199
Aadhya,2199
Katrice,2198
Shaylynn,2197
Albertine,2196
Nubia,2192
Maliya,2192
Maybell,2189
Nautica,2189
Tamisha,2188
Kaeli,2188
Karey,2187
Gisel,2186
Jamaya,2184
Niesha,2183
Carlota,2182
Augustina,2179
Kacee,2179
Zana,2178
Karren,2177
Michaella,2177
Aarya,2176
Silvana,2175
Tennille,2172
Carys,2172
Anai,2171
Vella,2170
Mardell,2170
Jetta,2168
Yanet,2168
Keena,2167
Eris,2165
Deedra,2165
Ensley,2165
Ceola,2164
Janelly,2164
Abbigale,2163
Dayle,2162
Macayla,2162
Mendy,2160
Prisha,2158
Addelyn,2158
Samone,2157
Emmer,2155
Dannette,2155
Juliane,2155
Charise,2154
Markayla,2152
Sueann,2151
Charly,2149
Inell,2147
Ailene,2146
Arlyn,2146
Krissy,2146
Theressa,2145
Michela,2145
Taytum,2145
Kyrah,2144
Lawrence,2142
Marya,2140
Towanda,2140
Melvin,2139
Tamica,2139
Lindsy,2139
Halo,2139
Jann,2138
Kezia,2138
Mariajose,2138
Tatiyana,2138
Haisley,2138
Lanora,2137
Saray,2137
Glenn,2136
Omega,2136
Shelba,2136
Mellie,2135
Tequila,2134
Brinda,2133
Ameerah,2133
Shamya,2133
Brennan,2132
Ileen,2131
Jaymee,2131
Delena,2130
Marquetta,2130
Shaye,2130
Riana,2130
Sanjana,2129
Lelah,2128
Lotus,2128
Tyasia,2128
Calleigh,2127
Krisha,2126
Willette,2123
Monae,2123
Euna,2120
Shanya,2119
Adilyn,2118
Lanell,2117
Travis,2116
Joline,2116
Rosalva,2116
Cayleigh,2115
Courtnie,2114
Celesta,2113
Marylynn,2112
Nicol,2112
Elenor,2111
Sebrina,2110
Ocean,2110
Marivel,2109
Porsche,2109
Kyli,2109
Zarah,2108
Corrinne,2107
Petrina,2107
Amarie,2107
Emmerson,2107
Michelina,2106
Karyl,2106
Tristyn,2106
Tamira,2105
Raizy,2105
Neda,2102
Kelcey,2101
Romy,2101
Mahalia,2100
Theola,2099
Audrea,2099
Alita,2099
Cristie,2098
Heide,2098
January,2097
Makiah,2097
Jailynn,2097
Eudora,2094
Kaliah,2094
Storm,2091
Sunni,2090
Flo,2089
September,2088
Kailah,2088
Tiny,2087
Felica,2087
Kiyah,2086
Verdell,2085
Maryah,2084
Dalary,2084
Neely,2082
Aysia,2082
Rayanna,2081
Tanvi,2081
Milah,2081
Katheryne,2079
Mikki,2076
Bracha,2076
Kyana,2076
Douglas,2075
Irie,2074
Joscelyn,2074
Yocheved,2074
Scottie,2073
Thais,2072
Floretta,2071
Mecca,2071
Safa,2071
Bayley,2071
Talisa,2070
Elisheva,2069
Kassi,2069
Golden,2067
Tanaya,2066
Gwyn,2065
Cordie,2064
Patrina,2064
Shala,2061
Dakotah,2061
Exie,2060
Luetta,2058
Janise,2057
Takisha,2057
Shaylyn,2057
Gracen,2057
Eilene,2056
Vanita,2056
Irena,2055
Glennis,2055
Gabriele,2055
Josalyn,2054
Allissa,2054
Charlsie,2053
Adam,2052
Karely,2052
Anyla,2051
Malky,2050
Kaniyah,2050
Latina,2049
Jori,2049
Cheree,2048
Detra,2048
Arnita,2047
Zoraida,2047
Corissa,2047
Daniell,2047
Rebekka,2047
Kyler,2047
Trula,2045
Merrill,2045
Safiya,2045
Karyme,2045
Abbi,2044
Ashlei,2044
Marykate,2043
Ambria,2041
Zetta,2040
Anyssa,2039
Fatoumata,2039
Angelie,2038
Taneisha,2038
Cambree,2037
Jaslynn,2034
Lael,2033
Belia,2033
Dia,2032
Katharina,2031
Carlos,2030
Fred,2029
Shekinah,2028
Asya,2027
Delpha,2025
Roselle,2022
Cinnamon,2022
Jenica,2022
Josslyn,2021
Clifford,2019
Cooper,2019
Harry,2017
Kinzley,2017
Theresia,2016
Veta,2016
Contessa,2016
Maryelizabeth,2014
Glynis,2014
Jala,2014
Kaleena,2013
Darcey,2010
Lanna,2009
Dajah,2008
Hermelinda,2006
Kaylei,2006
Allena,2005
Felisa,2005
Consuela,2004
Johnette,2004
Melyssa,2004
Leo,2002
Jenee,2002
Leisha,2002
Rosy,2000
Joette,2000
Cassy,2000
Hanah,1998
Shaniece,1997
Shiann,1997
Tehya,1997
Ellamae,1996
Aleia,1996
Mackenzi,1996
Breona,1995
Donetta,1994
Jossie,1992
Indie,1992
Jule,1991
Shalyn,1991
Aiden,1989
Jasleen,1988
Ziva,1986
Siya,1986
Janea,1985
Sammantha,1985
Analicia,1985
Layan,1985
Bea,1981
Pooja,1981
Kyrsten,1980
Jannah,1980
Dezirae,1980
Mckenzi,1979
Jina,1977
Sabrena,1977
Vernon,1976
Sulema,1976
Faviola,1976
Antonio,1975
Sharie,1975
Latarsha,1975
Rhylee,1975
Birtha,1973
Nohemi,1972
Tatyanna,1972
Jaina,1971
Bellamy,1971
Felicitas,1970
Corrin,1969
Brooklin,1969
Jovana,1968
Lady,1967
Fayth,1967
Sherika,1967
Jolyn,1964
Karisma,1964
Adara,1964
Anaiya,1964
Georgiann,1963
Valentine,1962
Takia,1962
Kameryn,1962
Lynell,1961
Lavonna,1961
Amberlee,1961
Kennadi,1961
Syreeta,1960
Cambrie,1960
Beyonce,1958
Fredericka,1957
Pearlene,1957
Zoee,1955
Penney,1951
Tilda,1950
Donielle,1950
Ruthe,1949
Myriah,1949
Brylie,1949
Deeanna,1948
Nerissa,1947
Analee,1946
Mariaelena,1946
Rosamaria,1946
Aminata,1946
Haidyn,1946
Diandra,1944
Eman,1944
Baylor,1944
Ivie,1943
Adora,1942
Aide,1942
Jessy,1942
Divine,1942
Aleyna,1941
Liyah,1941
Aerial,1940
Olevia,1939
Kary,1939
Peter,1938
Andree,1938
Yulisa,1937
Renay,1936
Lamya,1936
Yuna,1935
Jenette,1934
Milla,1933
Glennie,1931
Nicky,1931
Molli,1931
Falon,1931
Vayda,1931
Aliyana,1931
Lovely,1929
Marbella,1929
Takiyah,1929
Dorathy,1928
Maizie,1927
Kenleigh,1927
Melissia,1926
Analy,1926
Margarite,1920
Natividad,1919
Kellyn,1919
Jadelyn,1919
Alline,1918
Diedra,1918
Jenice,1917
Azalia,1916
Shannen,1916
Deyanira,1915
Zayda,1914
Leonie,1913
Nicoletta,1912
Guillermina,1912
Leyna,1909
Amity,1907
Maye,1906
Adalia,1906
Aleesha,1906
Jennica,1905
Raniyah,1905
Hafsa,1904
Angelene,1903
Marwa,1903
Marylouise,1902
Journie,1902
Lavonia,1901
Francheska,1901
Kendell,1901
Janella,1900
Ricky,1900
Sacha,1897
Lakiesha,1897
Britny,1897
Adamari,1897
Noma,1895
Zhane,1895
Gracia,1894
Angelle,1894
Brady,1894
Brooklynne,1893
Jesusa,1892
Semaj,1892
Shaindy,1891
Nadene,1890
Letisha,1889
Brianda,1889
Brayleigh,1888
Deloise,1887
Sinai,1886
Lurline,1885
Aries,1885
Kenlee,1885
Doloris,1884
Keosha,1884
Tamekia,1883
Tamesha,1883
Meda,1882
Inaya,1882
Shawana,1881
Willetta,1880
Shaniah,1880
Oliva,1879
Felicita,1878
Janely,1878
Tawni,1876
Aarna,1876
Cloey,1875
Lajuana,1874
Shanequa,1874
Verlene,1873
Seana,1873
Desirea,1873
Kyanna,1873
Allyn,1872
Eulah,1871
Taelyn,1871
Cherlyn,1870
Sunnie,1869
Dyana,1869
Valeri,1868
Kinleigh,1868
Allen,1866
Valda,1866
Naomie,1866
Anali,1866
Liah,1866
Tirzah,1864
Taja,1864
Annastasia,1862
Artemis,1861
Janyce,1861
Merrilee,1861
Natisha,1860
Clarence,1859
Goldia,1859
Hildegard,1859
Karson,1858
Mariama,1857
Jadah,1857
Monnie,1856
San,1856
Julietta,1856
Ernest,1855
Francie,1855
Gala,1855
Raeleigh,1854
Marry,1852
Marygrace,1850
Jamison,1850
Babygirl,1848
Florinda,1847
Enriqueta,1847
Dymond,1847
Keysha,1846
Zaynab,1846
Genevie,1845
Vianca,1845
Jordon,1845
Annah,1844
Veola,1843
Melita,1843
Reda,1843
Carlin,1843
Darlyn,1842
Navy,1842
Sia,1841
Ralph,1840
Shenika,1839
Maja,1838
Ethelene,1837
Darien,1837
Nicholle,1837
Micheal,1836
Morgen,1834
Keaira,1834
Alease,1833
Asiya,1833
Yehudis,1832
Ramsey,1832
Myrl,1831
Zinnia,1831
Avigail,1831
Mertie,1830
Kellyann,1830
Verena,1829
Neida,1829
Anel,1829
Tyisha,1829
Luanna,1828
Keya,1828
Sanya,1827
Lisamarie,1827
Keonna,1827
Kamdyn,1826
Murphy,1825
Hanan,1825
Shaylin,1824
Mickayla,1824
Ettie,1823
Mozella,1823
Ressie,1823
Taylee,1823
Miriah,1822
Amarah,1821
Bexley,1821
Emili,1819
Donella,1818
Krishna,1818
Ragan,1818
Elisia,1817
Viki,1817
Tambra,1817
Charlyn,1816
Michaele,1816
Kiran,1816
Maisha,1816
Hayli,1816
Baleigh,1816
Georgeanna,1815
Sima,1815
Irina,1815
Candra,1815
Zoila,1814
Bunny,1814
Shanti,1814
Kalei,1814
Britton,1813
Shawnta,1812
Eternity,1811
Kamara,1810
Estephanie,1810
Addalynn,1810
Annice,1809
Charlena,1809
Eisley,1808
Victor,1807
Janita,1807
Chole,1807
Lakin,1806
Dyan,1804
Steffany,1804
Cassia,1804
Latrisha,1804
Tesha,1804
Hawa,1804
Fantasia,1804
Elodia,1803
Andreana,1803
Etha,1802
Liesl,1802
Lashawna,1802
Sumaya,1802
Shaelynn,1802
Jiya,1802
Arabelle,1801
Karmyn,1801
Clora,1800
Rickie,1800
Sania,1800
Latashia,1798
Paxton,1798
Rowyn,1798
Zakiyah,1797
Hortensia,1794
Diedre,1794
Gisell,1794
Emmarie,1794
Rowen,1794
Bari,1793
Halima,1793
Gertha,1792
Loretha,1792
Phaedra,1792
Lavona,1791
Shirleen,1791
Esha,1791
Lorina,1789
Helaine,1789
Kavya,1789
Madelon,1787
Macee,1787
Sedona,1787
Onie,1786
Maha,1786
Clarabelle,1785
Sharilyn,1785
Abigael,1785
Rossie,1784
Melodi,1784
Freyja,1784
Marybelle,1783
Dusti,1783
Najah,1783
Amyra,1782
Desarae,1781
Kena,1779
Nilsa,1777
Kilee,1777
Nakayla,1777
Haileigh,1777
Wonda,1776
Aleida,1776
Crysta,1776
Flavia,1775
Vanna,1775
Rainey,1775
Adalie,1773
Arcelia,1772
Loralee,1772
Rani,1771
Samanta,1769
Louanne,1768
Miki,1768
Cinthya,1768
Tamiya,1768
Desiray,1767
Lainie,1767
Cayden,1767
Emmi,1766
Rheanna,1766
Ysabella,1766
Emiley,1764
Jennyfer,1764
Dessa,1763
Neomi,1761
Aime,1761
Kenadee,1761
Vanity,1760
Almira,1759
Arrie,1759
Lyndi,1759
Maelynn,1759
Tashina,1758
Cherryl,1757
Finnley,1757
Larkin,1756
Saphira,1756
Rea,1755
Raeanne,1755
Yusra,1755
Janyla,1755
Demetrice,1754
Elmer,1753
Armoni,1753
Kanesha,1752
Elberta,1750
Evalina,1750
Chloee,1750
Nathan,1749
Caridad,1749
Tai,1749
Batsheva,1749
Lorita,1748
Merideth,1747
Calandra,1747
Kimi,1746
Margurite,1745
Codie,1745
Shalanda,1744
Shandi,1744
Kennady,1744
Adelita,1743
Medina,1743
Nyssa,1743
Creola,1742
Alizabeth,1742
Kizzie,1741
Billi,1740
Laurice,1739
Nori,1739
Suzannah,1738
Erynn,1738
Madolyn,1737
Dea,1737
Shilo,1737
Katilyn,1737
Chelsee,1736
Siara,1736
Illa,1735
Mylie,1735
Solana,1735
Kelsee,1734
Catheryn,1733
Genelle,1733
Hiba,1733
Shakayla,1733
Rivky,1732
Emry,1732
Val,1731
Emeri,1731
Devonna,1730
Elizabet,1730
Demetrius,1728
Priyanka,1728
Wava,1727
Sandee,1727
Cally,1727
Delina,1726
Andriana,1726
Awilda,1725
Francene,1724
Xitlaly,1724
Laylani,1724
Dorie,1723
Georgann,1723
Nicolina,1721
Dayla,1721
Lala,1718
Julieanne,1718
Lizzette,1717
Laure,1716
Rio,1716
Cher,1715
Keyara,1715
Marinda,1714
Van,1714
Kimiko,1714
Romana,1713
Cleora,1712
Bryan,1712
Mattea,1712
Alyana,1712
Neena,1711
Nakiya,1711
Illiana,1710
Breeana,1710
Teegan,1710
Amaiya,1710
Joely,1709
Barrie,1708
Rasheeda,1708
Naida,1707
Shriya,1707
Elenore,1705
Jacquetta,1705
Alexzandria,1704
Julene,1703
Adena,1702
Novah,1702
Lasonya,1700
Shyanna,1700
Loris,1699
Shaunte,1699
Lailani,1699
Kenadie,1699
Teddi,1698
Samarah,1698
Kynleigh,1697
Russell,1696
Amiee,1696
Emaline,1695
Brighton,1695
Joya,1694
Aleya,1694
Aoife,1693
Bradley,1692
Jona,1692
Chenoa,1692
Lavenia,1691
Concha,1691
Britnee,1690
Roger,1689
Corin,1689
Shanique,1689
Margene,1687
Rhona,1687
Yoselyn,1687
Cate,1686
Stephine,1685
Vanda,1684
Cassey,1684
Kylene,1683
Lakenya,1683
Briona,1683
Destanie,1682
Keiry,1682
Tempie,1681
Madelynne,1681
Naomy,1681
Inara,1681
Malvina,1680
Celene,1680
Mathilde,1679
Jayci,1679
Liya,1679
Amee,1678
Lonie,1677
Pearly,1677
Howard,1677
Faustina,1677
Aziza,1676
Skyy,1676
Lynna,1674
Berkeley,1674
Cherelle,1674
Genia,1673
Arlean,1673
Florance,1672
Lynnea,1672
Mitzie,1671
Treasa,1671
Zenia,1670
Iyonna,1670
Londa,1669
Raeanna,1669
Tommi,1669
Zakia,1669
Presleigh,1669
Sharmaine,1668
Tynisha,1668
Cheyann,1668
Miabella,1668
Jalen,1666
Brienna,1665
Deon,1664
Ivelisse,1664
Maryssa,1664
Dotty,1663
Iyla,1663
Aislyn,1663
Kynslee,1663
Lamonica,1662
Ebonee,1662
Sina,1660
Clarine,1659
Dyanna,1659
Alane,1659
Noemy,1659
Marijane,1658
Izetta,1657
Makeda,1657
Majesty,1657
Nyree,1656
Carline,1654
Jules,1654
Krystyna,1653
Lorianne,1652
Albertina,1651
Criselda,1651
Ieshia,1650
Larita,1649
Loreal,1649
Mekayla,1649
Keasia,1649
Shamara,1648
Ambrosia,1647
Dru,1647
Maricella,1647
Alyanna,1647
Makinley,1647
Lisandra,1644
Marchelle,1643
Zulma,1642
Sammy,1641
Cailee,1641
Erline,1640
Arletha,1640
Emalyn,1640
Grisel,1640
Samirah,1640
Clementina,1638
Asiah,1638
Alaysha,1638
Jalyssa,1637
Zaya,1636
Tula,1635
Stacee,1634
Navya,1634
Nisa,1633
Whittney,1633
Melannie,1632
Shylah,1632
Reya,1632
Jameka,1631
Honora,1628
Lakita,1628
Courtnee,1627
Francina,1626
Otilia,1626
Colene,1624
Shaunda,1623
Sherril,1622
Lark,1621
Kasia,1621
Connor,1621
Maelyn,1621
Dulcie,1620
Yolande,1620
Danny,1619
Italy,1619
Rochell,1619
Brittnay,1619
Huda,1618
Anushka,1617
Lashae,1616
Markia,1616
Marvin,1615
Seneca,1615
Katharyn,1614
Sparkle,1613
Sarrah,1612
Zofia,1612
Preslie,1612
Evaline,1611
Naia,1611
Linden,1609
Annalyse,1609
Dede,1608
Bailie,1608
Classie,1607
Kiona,1606
Sianna,1606
Myasia,1606
Izabela,1606
Loryn,1605
Clarisse,1604
Wayne,1604
Parris,1604
Shonta,1604
Norman,1603
Fabiana,1603
Modesta,1602
Abriella,1602
Indiana,1601
Alvena,1601
Virgina,1601
Kathey,1600
Camie,1600
Veva,1598
Jani,1598
Mea,1597
Laya,1597
Marlin,1596
Shantal,1596
Amberlyn,1596
Minda,1595
Alaiya,1595
Lovella,1594
Memphis,1594
Burnice,1593
Caliyah,1593
Katherina,1592
Laurin,1592
Verenice,1592
Keagan,1592
Dagmar,1591
Ula,1590
Solange,1590
Ananda,1590
Khalilah,1590
Nariyah,1590
Odie,1589
Merlyn,1589
Milagro,1589
Hermina,1588
Hala,1588
Denese,1588
Jalaya,1588
Shereen,1587
Carmon,1586
Gidget,1586
Sammi,1586
Briann,1586
Kloey,1586
Terrell,1585
Ashlynne,1585
Shantae,1584
Laynie,1584
Floria,1583
Issabella,1582
Lavelle,1581
Kaisley,1581
Jayce,1579
Rayann,1579
Chloie,1578
Rebekkah,1578
Latoyia,1578
Raelee,1577
Agustina,1576
Lucienne,1575
Dalene,1575
Caylie,1574
Renetta,1573
Desteny,1573
Laiken,1573
Jene,1572
Sanaya,1572
Terresa,1571
Briseyda,1570
Akshara,1570
Lillith,1569
Mischa,1569
Alexie,1569
Ladawn,1568
Janean,1567
Uma,1567
Jemima,1566
Missouri,1564
Kyley,1564
Hartley,1564
Joannie,1563
Rebeccah,1563
Shemeka,1563
Jalayah,1563
Leonia,1562
Azure,1562
Naimah,1562
Alaura,1562
Alasia,1562
Karsen,1561
Bebe,1560
Gricelda,1560
Haiden,1560
Dagny,1559
Dorthey,1559
Analiese,1559
Marjean,1558
Sheryll,1558
Syeda,1558
Marye,1557
Amor,1557
Arianny,1557
Robbi,1556
Indya,1556
Sherree,1555
Joceline,1555
Gaynelle,1554
Geena,1554
Tyeisha,1554
Adalina,1553
Kamaya,1553
Laveta,1552
Jama,1552
Arriana,1552
Myisha,1551
Jahzara,1551
Wynne,1550
Shenita,1550
Adreanna,1550
Anyah,1549
Zariya,1549
Kaydance,1549
Emiko,1548
Jacee,1548
Ameena,1546
Theodosia,1545
Karalyn,1545
Michala,1545
Lannie,1544
Romelia,1544
Kamia,1544
Hassie,1543
Vertie,1543
Delaina,1543
Akia,1543
Meah,1543
Florrie,1541
Zaniah,1541
Laquanda,1539
Berlin,1538
Hindy,1538
Angele,1536
Darlena,1536
Ripley,1536
Bernie,1535
Randie,1535
Tameika,1535
Quanisha,1535
Hermine,1534
Sera,1534
Lashon,1534
Mikah,1533
Kylea,1533
Marisha,1532
Cammy,1531
Oakleigh,1531
Teddy,1530
Nyesha,1530
Anela,1529
Mallori,1529
Avary,1529
Vianna,1528
Kambria,1528
Lincoln,1528
Louetta,1527
Sable,1527
Alexcia,1527
Mileena,1527
Aeris,1527
Sadye,1526
Jacquie,1526
Lanelle,1525
Margy,1525
Avia,1525
Kamiah,1525
Marline,1524
Zachary,1524
Keiara,1524
Saniah,1523
Irine,1522
Rima,1522
Markie,1522
Kieran,1522
Donnetta,1521
Avelina,1520
Lasandra,1520
Temple,1519
Luis,1519
Koren,1519
Taneka,1519
Haddie,1518
Yanely,1518
Lakota,1517
Analeigh,1517
Corena,1516
Victory,1516
Adrina,1516
Kayci,1516
Sumer,1515
Kalin,1514
Alexius,1514
Delainey,1514
Silver,1513
Zayna,1513
Kit,1512
Niah,1512
Sakura,1511
Kinsleigh,1511
Jeannetta,1510
Klaire,1510
Lynlee,1509
Nelia,1508
Ceara,1508
Shera,1507
Damita,1507
Sophronia,1506
Sherice,1506
Mckinzie,1506
Ilda,1505
Tonette,1505
Teal,1505
Hayle,1505
Alyza,1505
Kambree,1504
Amaryllis,1503
Kemberly,1503
Shanee,1503
Diona,1502
Marly,1502
Kasha,1502
Kinzie,1501
Ardelle,1500
Aryah,1500
Ilah,1499
Cameo,1499
Channel,1499
Rashonda,1499
Jamaica,1499
Gracy,1498
Jennefer,1498
Jesseca,1498
Laela,1497
Deysi,1497
Erminia,1496
Daphine,1496
Ryder,1496
Raychel,1495
Shamira,1495
Kaiden,1495
Maryan,1494
Arian,1494
Arlinda,1493
Toi,1493
Kelby,1493
Gwenn,1492
Nissa,1492
Laikyn,1492
Allean,1491
Aris,1491
Nelida,1491
Loralei,1491
Jia,1491
Kenadi,1491
Anglea,1489
Jazzlynn,1489
Elfrieda,1487
Melda,1487
Lucianna,1487
Stevi,1486
Taunya,1484
Ahuva,1483
Aneesa,1482
Amiracle,1482
Sam,1481
Earleen,1481
Elyana,1481
Anh,1480
Shatara,1479
Erykah,1479
Philippa,1478
Lyssa,1478
Julieanna,1478
Zayra,1478
Fredda,1477
Martin,1476
Ayvah,1476
Blondell,1475
Sherell,1475
Daniyah,1475
Sharlyn,1474
Lyndsie,1473
Avie,1471
Marysol,1471
Jahaira,1471
Jaide,1471
Graci,1471
Rylin,1471
Amna,1470
Conchita,1470
Jelena,1470
Georganna,1469
Arlyne,1469
Lauran,1469
Shalynn,1469
Naiya,1469
Jalia,1469
Keilah,1468
Aggie,1467
Jesusita,1467
Asa,1467
Jaylani,1467
Berna,1466
Lynetta,1466
Micheala,1466
Shanise,1466
Cheyanna,1466
Daniya,1466
Oneta,1465
Evelia,1465
Bobette,1464
Avarie,1464
Dava,1463
Alysse,1463
Despina,1462
Breauna,1462
Loria,1461
Stephannie,1461
Elysa,1460
Keylee,1460
December,1459
Sharice,1459
Zettie,1458
Marvella,1458
Isaura,1458
Ashante,1458
Florencia,1457
Aiko,1457
Raena,1457
Porscha,1457
Linh,1457
Kimani,1457
Trinitee,1457
Journei,1457
Cordia,1456
Tommye,1456
Billiejo,1456
Calie,1455
Coco,1455
Shifra,1454
Lisset,1454
Shemika,1454
Kiyana,1454
Gaia,1454
Saydee,1454
Eura,1453
Hertha,1453
Daphney,1453
Latifah,1453
Mikaylah,1453
Jenevieve,1452
Saba,1452
Hensley,1452
Nahomi,1451
Deb,1450
Meleah,1450
Britteny,1450
Keirra,1450
Aadya,1450
Keitha,1449
Azalee,1448
Samiah,1448
Elisabet,1447
Zuleyka,1447
Yoana,1447
Lilyanne,1447
Keelie,1446
Shamia,1446
Voncile,1445
Kalen,1445
Naisha,1445
Virgil,1444
Kendyll,1444
Johanne,1443
Eleana,1443
La,1442
Tisa,1442
Atha,1441
Mei,1441
Katana,1441
Nikkia,1441
Marrissa,1438
Tenesha,1438
Takara,1438
Brienne,1438
Emberlynn,1438
Stanley,1437
Genell,1437
Jerika,1437
Arrianna,1436
Leylani,1436
Antonetta,1435
Parthenia,1434
Cozette,1434
Laree,1434
Reema,1434
Tama,1433
Debroah,1433
Christianne,1433
Irish,1432
Lilibeth,1432
Edra,1431
Sheyenne,1431
Michaelene,1430
Erie,1429
Leon,1429
Aine,1429
Kadijah,1429
Briannah,1429
Makenzy,1429
Delsie,1428
Arlet,1428
Bryna,1428
Veronique,1428
Everley,1427
Kareena,1426
Ysabel,1425
Kandyce,1425
Alayla,1425
Laynee,1424
Bennett,1423
Jeslyn,1423
Akeelah,1423
Nadeen,1422
Katrena,1422
Jaydah,1422
Torey,1421
Lashaunda,1421
Braylin,1421
Sneha,1420
Makaylee,1420
Nidhi,1419
Niamh,1417
Lilie,1416
Paulene,1416
Charmayne,1416
Irelynn,1416
Tona,1415
Tereasa,1415
Betzaida,1415
Shanay,1415
Ajah,1415
Tilly,1414
Temeka,1414
Hudson,1414
Camillia,1413
Raizel,1413
Junie,1412
Madalene,1412
Leonard,1412
Aven,1412
Daylin,1412
Mena,1411
Karima,1411
Sayra,1411
Elta,1410
Darlyne,1409
Daysi,1409
Raniya,1409
Arvella,1408
Dezarae,1408
Xochilt,1407
Kahlan,1407
Bliss,1406
Charita,1406
Terrica,1406
Carmelina,1404
Riva,1404
Shawanna,1404
Deziree,1404
Shardae,1404
Otha,1403
Bettyann,1403
Yitty,1403
Nakeisha,1403
Ronisha,1403
Lucina,1402
Suanne,1401
Bonni,1401
Aleyda,1400
Dailyn,1400
Aylah,1400
Gypsy,1399
Carlena,1399
Sahasra,1399
Shela,1398
Vincent,1397
Anabell,1397
Bruce,1396
Emelda,1396
Keiana,1396
Cyndy,1395
Nida,1394
Latara,1394
Alya,1394
Gracee,1394
Remona,1393
Ranee,1393
Teah,1393
Micaiah,1393
Cleda,1392
Sevyn,1392
Lexa,1391
Bettylou,1390
Tandra,1389
Alaine,1388
Talaya,1388
Sariya,1388
Gisella,1387
Tytiana,1387
Jazlene,1387
Leanora,1386
Suzi,1386
Oona,1386
Monna,1385
Rozanne,1385
Israel,1385
Michayla,1385
Shawnte,1384
Naudia,1384
Khloee,1384
Genevia,1383
Thania,1383
Regine,1382
Michaelle,1382
Kathia,1382
Kaeleigh,1382
Marolyn,1381
Adrien,1381
Dustin,1381
Kitana,1380
Gwynne,1379
Jamika,1379
Jackelin,1379
Shannah,1378
Britani,1378
Delani,1378
Anaiyah,1378
Floyd,1377
Wende,1377
Kadyn,1377
Adel,1376
Navaeh,1376
Annita,1375
Bibiana,1375
Jackqueline,1375
Natacha,1375
Korey,1375
Lakelyn,1375
Ermelinda,1374
Shakera,1374
Cera,1374
Terah,1373
Shai,1373
Aiza,1373
Margrett,1371
Angeli,1371
Keandra,1371
Ardelia,1370
Carlita,1370
Lakeesha,1370
Yaquelin,1370
Aleeah,1370
Elanor,1369
Tausha,1369
Nataleigh,1369
Lorean,1368
Rashelle,1368
Keirsten,1368
Gerrie,1367
Sharolyn,1367
Emilyn,1367
Chyenne,1367
Rosena,1366
Marvis,1366
Sharell,1366
Christan,1366
Nadean,1365
Tesa,1365
Irelyn,1365
Inger,1364
Reita,1364
Tobie,1364
Atiya,1364
Zaire,1364
Denali,1364
Khaliyah,1364
Buelah,1363
Valinda,1363
Breeann,1363
Amairani,1363
Twanda,1362
Damya,1362
Meena,1361
Story,1360
Sula,1359
Lester,1359
Assunta,1359
Breyanna,1359
Maddox,1359
Carry,1358
Nancee,1358
Khari,1357
Ansleigh,1356
Osie,1354
Icie,1354
Henriette,1354
Joslin,1354
Deondra,1354
Sakina,1354
Kina,1353
Magdaline,1352
Niccole,1352
Evelena,1351
Nonie,1350
Marlaina,1350
Meriam,1349
Maycie,1349
Jakiyah,1349
Glen,1348
Nadiya,1348
Baily,1348
Olene,1347
Majorie,1347
Chere,1347
Necole,1346
Deserae,1346
Saraya,1346
Aleeyah,1346
Jakiya,1344
Karrington,1344
Kenzley,1344
Laurinda,1343
Gissell,1343
Katelynne,1343
Azia,1342
Kally,1341
Allisa,1341
Zabrina,1341
Kandra,1340
Briauna,1340
Vennie,1339
Georgianne,1339
Daneen,1339
Vittoria,1338
Tammera,1338
Makia,1338
Alysson,1338
Pa,1338
Neve,1338
Louanna,1337
Ova,1337
Eleonora,1337
Marcus,1337
Tijuana,1337
Danasia,1337
Hosanna,1336
Fallyn,1336
Carra,1335
Brooks,1335
Elsy,1335
Jaymi,1334
Elliette,1334
Fleta,1333
Sharhonda,1333
Aisling,1333
Phillip,1332
Twanna,1332
Ainslee,1332
Hermione,1331
Yoshiko,1330
Monette,1330
Tiona,1330
Alexzandra,1330
Dot,1329
Earlie,1329
Denyse,1329
Teryn,1329
Adaleigh,1329
Jeralyn,1328
Shenna,1328
Alijah,1327
Ardath,1326
Kingsley,1326
Aaliya,1326
Clarinda,1325
Abbe,1325
Oda,1324
Lanaya,1324
Tylee,1324
Akayla,1324
Blanchie,1323
Rachal,1323
Shirl,1323
Brina,1323
Aubreigh,1323
Fredricka,1322
Hinda,1322
Ellia,1322
Roya,1322
Kristeen,1321
Tamarah,1321
Yadhira,1321
Tasneem,1321
Breasia,1321
Loyalty,1321
Cleone,1320
Shireen,1320
Leya,1320
Joselynn,1320
Daelyn,1319
Kerin,1318
Malory,1318
Jayleigh,1318
Renna,1317
Trixie,1317
Tynesha,1317
Adair,1316
Anijah,1316
Roselee,1315
Reginia,1315
Lakayla,1315
Junita,1314
Maralyn,1314
Marquisha,1314
Amberlynn,1314
Hennessy,1314
Sora,1313
Lahoma,1312
Abbigayle,1312
Delorise,1311
Yamile,1311
Maleigha,1311
Krislyn,1310
Tyonna,1310
Clorinda,1309
Anamarie,1309
Deven,1309
Taneshia,1309
Asiyah,1309
Khushi,1309
Marguerita,1308
Gardenia,1308
Evalena,1307
Kareen,1306
Halli,1306
Addy,1306
Safia,1306
Emileigh,1306
Camry,1306
Elani,1305
Evolet,1305
Chaney,1304
Deane,1304
Meira,1304
Charlesetta,1303
Fiorella,1303
Emilly,1303
Hollyn,1303
Kailie,1303
Caroll,1302
Jacquelene,1302
Aaleyah,1302
Kennedie,1302
Mckinlee,1302
Jennell,1301
Linley,1301
Eowyn,1301
Gwendolynn,1300
Sheronda,1300
Sharika,1300
Angelee,1299
Sharri,1299
Sami,1299
Lamia,1299
Genny,1298
Devina,1298
Alejandrina,1297
Marielena,1297
Kym,1297
Alyshia,1297
Taelynn,1297
Brynnlee,1297
Markeisha,1296
Giulianna,1295
Arminda,1294
Darice,1294
Alfred,1292
Female,1292
Shamiya,1291
Morghan,1291
Mykala,1291
Rella,1290
Tiffini,1290
Danesha,1290
Refugia,1289
Charlean,1289
Harleen,1289
Sharae,1289
Nayelli,1289
Shirlie,1288
Emrie,1288
Vernia,1287
Toniann,1287
Sidra,1287
Sinead,1287
Anylah,1287
Henretta,1286
Kory,1286
Lavender,1286
Akasha,1286
Blima,1285
Zeta,1284
Delcie,1284
Christinia,1284
Mariko,1284
Zyla,1284
Inaaya,1284
Minta,1283
Joeann,1283
Starlene,1283
Gabriell,1283
Kaytlynn,1283
Renesmee,1283
Marcene,1282
Annalynn,1282
Alaiyah,1282
Liddie,1281
Armanda,1281
Audria,1281
Leighanne,1281
Naveah,1281
Marijo,1280
Jerilynn,1280
Ronica,1280
Jessyca,1280
Mafalda,1279
Doria,1279
Jakira,1279
Eila,1277
Jerrilyn,1277
Tylar,1277
Rozlyn,1276
Donisha,1276
Alaa,1276
Braylynn,1276
Amalie,1275
Venetia,1275
Lashaun,1275
Jesika,1275
Kalisha,1275
Bridgit,1274
Luca,1274
Tayah,1274
Kyrstin,1273
Archie,1272
Elwanda,1272
Heba,1272
Alica,1271
Nicholette,1271
Neysa,1270
Saralyn,1270
Shantay,1270
Aaryn,1270
Aaralyn,1270
Elizbeth,1269
Sona,1269
Jeffery,1269
Merari,1269
Sada,1268
Aiesha,1268
Schuyler,1267
Emeli,1267
Aaniyah,1267
Thyra,1266
Danell,1266
Zarina,1266
Elexus,1266
Pollie,1265
Sincere,1265
Ottie,1264
Lisabeth,1264
Robynn,1264
Alexsis,1264
Anahy,1264
Neila,1263
Ardyce,1263
Renate,1263
Memory,1263
Bethanne,1263
Abilene,1263
Ryanna,1263
Mairead,1262
Micheline,1261
Kiarah,1261
Carmina,1260
Teara,1260
Briza,1260
Emmanuelle,1259
Delylah,1259
Roseline,1258
Larraine,1258
Dodie,1258
Georganne,1257
Joshlyn,1257
Verity,1257
Marleny,1257
Gweneth,1256
Khristina,1256
Jeanice,1255
Korinne,1255
Shealyn,1255
Johnsie,1254
Vernette,1254
Carolin,1254
Jonni,1254
Monisha,1254
Evelynne,1253
Sarabeth,1253
Sicily,1253
Meara,1253
Landyn,1253
Avalee,1252
Maribelle,1252
Debera,1252
Aly,1252
Delories,1251
Deseree,1251
Shannel,1251
Gretel,1250
Jon,1250
Naja,1250
Chance,1250
Jameelah,1250
Maliha,1249
Malayna,1249
Mackayla,1249
Aziyah,1249
Kaysha,1248
Leeah,1248
Goldy,1247
Tempest,1247
Leen,1247
Havana,1245
Vernelle,1245
Celestia,1244
Antonietta,1244
Alys,1243
Anny,1242
Kimmie,1242
Gaby,1241
Lynae,1241
Rashell,1241
Amairany,1241
Rosabelle,1240
Jennine,1240
Darcel,1240
Tiare,1240
Teisha,1240
Lorissa,1240
Lanisha,1240
Nivea,1239
Doreatha,1238
Kaidyn,1238
Willodean,1237
Bobbijo,1237
Avni,1237
Yulianna,1236
Blayke,1236
Ozie,1235
Sonali,1235
Bertina,1234
Jorie,1234
Deangela,1234
Endia,1233
Jonie,1233
Brigit,1233
Lux,1233
Marena,1231
Manal,1231
Laryssa,1231
Kanika,1231
Sadia,1231
Katheleen,1230
Andreina,1230
Torrey,1230
Yecenia,1230
Nelma,1229
Sherley,1229
Nicollette,1229
Shondra,1228
Leiah,1228
Vinita,1227
Rayanne,1227
Wednesday,1227
Hallee,1227
Leonna,1226
Kimbra,1226
Kamala,1226
Jamaria,1226
Melaney,1225
Keva,1225
Lakeysha,1225
Brilee,1225
Teodora,1224
Vanetta,1224
Kellen,1224
An,1223
Pippa,1223
Keaton,1223
Izabell,1223
Emy,1222
Destine,1222
Margueritte,1221
Jonette,1221
Loreta,1220
Vannesa,1220
Alyx,1220
Sanvi,1220
Nilah,1219
Tamarra,1219
Kimberle,1219
Caressa,1218
Iqra,1218
Emberlyn,1218
Elene,1217
Paralee,1215
Timber,1215
Briseis,1215
Ether,1214
Oletha,1214
Sheryle,1214
Anise,1213
Aili,1213
Nyra,1213
Alyah,1213
Cesia,1212
Clarita,1211
Odilia,1211
Jai,1211
Lakeya,1211
Tanasia,1211
Mayola,1210
Donnette,1210
Yamilex,1210
Kenzlee,1210
Laquinta,1209
Virgia,1208
Karel,1208
Karalee,1208
Mitzy,1208
Empress,1208
Rheba,1207
Savina,1207
Don,1207
Kathrin,1207
Kaysie,1207
Ashtin,1207
Teigan,1207
Karizma,1207
Arieanna,1207
Anslee,1206
Twilla,1205
Dion,1205
Dominic,1204
Samari,1204
Gittel,1203
Donia,1202
Chari,1202
Shakita,1202
Analeah,1201
Lavena,1200
Rheta,1200
Senaida,1200
Calvin,1200
Karry,1200
Evita,1200
Tali,1200
Rawan,1200
Denia,1199
Melena,1199
Audri,1198
Araseli,1198
Mirabelle,1198
Malerie,1197
Caila,1197
Samaira,1197
Leoma,1196
Cleola,1196
Serita,1196
Jovi,1196
Bina,1195
Joane,1195
Lizbet,1195
Dyamond,1195
Ellee,1195
Callan,1194
Amoni,1194
Izel,1194
Ziya,1194
Sela,1193
Mayla,1193
Shaunta,1193
Edwin,1191
Renda,1191
Aishah,1191
Lamar,1190
Merida,1190
Sharan,1190
Kamie,1190
Vira,1189
Lossie,1189
Lynnae,1189
Melanee,1189
Ahsley,1189
Alexxis,1189
Tru,1189
Beatris,1188
Auburn,1188
Courtenay,1188
Teya,1188
Mesha,1188
Dyani,1188
True,1187
Crystle,1187
Kortni,1187
Jakia,1187
Paizley,1187
Lavetta,1186
Darrell,1186
Susy,1186
Madisson,1186
Tamiyah,1186
Lavette,1185
Raisa,1185
Tahira,1185
Nikayla,1185
Otelia,1184
Katara,1184
Paiton,1184
Beula,1183
Marquitta,1183
Deshawn,1183
Leroy,1182
Karine,1182
Roslynn,1182
Telisha,1182
Yasmina,1182
Meagen,1182
Nijah,1182
Electa,1181
Miller,1181
Shalon,1181
Ebone,1181
Elijah,1180
Emmanuella,1180
Lenita,1179
Henna,1179
Nneka,1178
Cayley,1178
Brinkley,1178
Mykah,1178
Adline,1177
Deetta,1177
Divina,1177
Lacresha,1177
Harlyn,1177
Rosey,1175
Rodney,1175
Sayuri,1175
Cerenity,1175
Rema,1174
Orianna,1174
Keeli,1174
Haya,1174
Kodie,1174
Vy,1174
Arial,1174
Lavone,1173
Midori,1173
Maelee,1173
Nirvana,1173
Lizett,1173
Martie,1172
Deirdra,1172
Taren,1172
Kolby,1172
Aleeya,1172
Aislin,1172
Vasiliki,1171
Carolanne,1171
Mali,1171
Eryka,1171
Daira,1171
Ellyana,1171
Suzana,1170
Nawal,1170
Lecia,1169
Season,1169
Zeinab,1169
Isra,1169
Nahomy,1169
Addisen,1169
Dicie,1167
Alla,1167
Yvonna,1167
Mariellen,1166
Jae,1166
Gennifer,1166
Nikisha,1166
Eriana,1166
Adelene,1165
Tandy,1165
Aleeza,1165
Kionna,1164
Alicea,1163
Roshanda,1163
Onita,1162
Deniece,1162
Micha,1162
Ammy,1162
Annissa,1162
Briahna,1162
Clarise,1161
Sonora,1161
Deona,1161
Yelena,1161
Khaliah,1161
Keyli,1161
Allee,1160
Jacky,1160
Carlina,1160
Yohana,1160
Jere,1159
Tinamarie,1159
France,1158
Wenona,1158
Oretha,1158
Annalyn,1158
Teaira,1158
Morganne,1158
Destani,1158
Kylin,1158
Chloey,1158
Dayra,1157
Jerusha,1156
Freedom,1156
Nereyda,1156
Izora,1155
Camella,1155
Sheba,1155
Randall,1155
Jalene,1155
Mishelle,1155
Cameran,1155
Nathaniel,1154
Toshia,1154
Nakiyah,1154
Maudine,1153
Manuel,1153
Riki,1153
Candise,1153
Rashel,1153
Zuleika,1153
Jariah,1153
Lorayne,1152
Nava,1152
Zakiyyah,1152
Janasia,1152
Ivon,1151
Eugena,1151
Jannelle,1151
Ayonna,1151
Harli,1151
Leontine,1150
Merilee,1150
Marlina,1150
Seema,1150
Angle,1149
Tangie,1149
Kerra,1149
Melaina,1149
Kristianna,1149
Emarie,1149
Deliah,1148
Aurea,1148
Terina,1148
Madina,1148
Rya,1148
Erianna,1148
Reegan,1148
Dorothey,1147
Joelene,1147
Jaimi,1147
Tashara,1147
Leighanna,1147
Myracle,1147
Avaya,1146
Omie,1145
Wendolyn,1145
Dann,1145
Tinisha,1145
Neela,1145
Kalaya,1145
Lillianne,1144
Davia,1143
Kailin,1143
Maryetta,1142
Aretta,1142
Delorse,1142
Carrigan,1142
Annistyn,1142
Kansas,1141
Andy,1141
Joli,1141
Darya,1141
Brande,1141
Kassidi,1141
Jazzmyn,1141
Avonlea,1141
Everlena,1140
Azeneth,1140
Jozlyn,1140
Korra,1140
Nelva,1139
Joselyne,1139
Jerline,1138
Linnette,1138
Tiffney,1138
Philip,1137
Marshall,1137
Cherice,1137
Ashten,1137
Maebelle,1136
Emalie,1136
Markisha,1136
Lexington,1136
Rahma,1136
Margherita,1135
Saida,1135
Shawntel,1135
Shakyra,1135
Kaelee,1135
Harmonee,1135
Darryl,1134
Lyndee,1134
Sierrah,1134
Mykenzie,1134
Maizy,1134
Teresia,1133
Caralyn,1133
Korin,1133
Charlyne,1132
Maija,1132
Khalani,1132
Ainhoa,1132
Alfredia,1131
Toria,1131
Shanea,1131
Ramya,1131
Jailah,1131
Jamilla,1130
Kylynn,1130
Hayven,1130
Carola,1129
Cloie,1129
Mariza,1129
Faiga,1129
Giavonna,1129
Jaydin,1129
Evy,1128
Mitchell,1128
Stephane,1128
Kamisha,1128
Nicolasa,1127
Donelle,1127
Kamri,1127
Ahtziri,1127
Marcell,1126
Cristian,1126
Jamira,1126
Genessis,1126
Jazleen,1126
Wilhelmenia,1125
Anusha,1125
Nadja,1124
Donnamarie,1124
Courteney,1124
Kynnedi,1124
Cattleya,1124
Shella,1123
Kylei,1123
Kinzlee,1122
Catherin,1121
Teonna,1121
Vicenta,1120
Merita,1120
Timia,1120
Harlene,1119
Georgeanne,1119
Kaitlan,1119
Hessie,1118
Romayne,1118
Muna,1118
Tiyana,1118
Herbert,1117
Shelva,1117
Shavonda,1117
Kiani,1117
Ozell,1116
Rosaleen,1116
Tate,1116
Metta,1115
Dierdre,1115
Cayce,1115
Monserrath,1115
Berdie,1114
Izola,1114
Wanetta,1114
Hadassa,1114
Velta,1113
Sonjia,1113
Maddilyn,1113
Annett,1112
Payge,1112
Janese,1111
Pricila,1111
Kimberlin,1110
Sama,1110
Corinthia,1109
Rebel,1109
Claretha,1109
Chantay,1108
Haneen,1108
Chelsa,1107
Keondra,1107
Mataya,1107
Taylynn,1107
Maylene,1106
Charletta,1106
Adleigh,1106
Docia,1105
Frederick,1105
Rayleen,1105
Deadra,1105
Andreya,1105
Kamesha,1105
Maricarmen,1104
Megha,1104
Arlys,1103
Lyndia,1103
Kolbie,1103
Tonita,1102
Marcey,1102
Yenifer,1102
Jeneen,1101
Lindi,1101
Jolena,1101
Alicen,1101
Jonae,1101
Breelyn,1101
Chrissie,1100
Maryjean,1100
Caris,1100
Gerda,1099
Shaela,1099
Breyana,1099
Jayana,1099
Alean,1098
Alvin,1098
Gwendalyn,1098
Lorette,1097
Blaine,1097
Jaynie,1097
Branda,1097
Michella,1097
Telisa,1097
Ayda,1097
Lashondra,1097
Sascha,1097
Saya,1097
Vallerie,1096
Jennelle,1096
Liesel,1096
Monalisa,1095
Caileigh,1095
Leyah,1095
Janyah,1094
Adisyn,1094
Mario,1093
Mellanie,1093
Malana,1093
Ilyana,1093
Mekenzie,1093
Eliyah,1093
Verta,1092
Josilyn,1092
Tyeshia,1092
Enya,1092
Laveda,1091
Brita,1091
Donette,1091
Leni,1091
Vonna,1090
Tajuana,1090
Maddisyn,1090
Dorla,1089
Marlow,1089
Raylin,1089
Verline,1088
Kiyomi,1088
Cris,1088
Yulanda,1088
Krystel,1088
Shantia,1088
Myeisha,1088
Cedar,1088
Addysen,1088
Netta,1087
Icy,1087
Carita,1087
Lore,1087
Leasia,1087
Kymber,1087
Mykaela,1087
Tamaya,1086
Paradise,1085
Lariah,1085
Jayanna,1085
Helyn,1084
Evalee,1083
Maxcine,1083
Patrisha,1083
Andee,1083
Jelisa,1083
Serinity,1083
Lyrik,1083
Estrellita,1082
Rise,1082
Damia,1082
Jadelynn,1082
Cathern,1080
Bonna,1080
Celinda,1080
Kandie,1080
Elke,1080
Tracye,1080
Tesia,1080
Jennafer,1080
Sabella,1080
Jeanett,1079
Merline,1079
Nessa,1079
Jovan,1079
Crimson,1079
Azlynn,1079
Glena,1078
Konnie,1078
Deborha,1078
Darianna,1078
Nuvia,1077
Martika,1077
Rama,1076
Marigold,1076
Alan,1076
Kathe,1076
Yalonda,1076
Thuy,1076
Shruti,1076
Polina,1076
Kaden,1076
Arbutus,1075
Shila,1075
Ginamarie,1075
Casi,1075
Christyn,1075
Daisie,1074
Onnie,1074
Electra,1074
Rudy,1074
Neisha,1074
Shalee,1074
Tarrah,1074
Cassady,1074
Khali,1074
Jazmen,1074
Destyni,1074
Arlee,1073
Nayomi,1073
Yatziri,1073
Willena,1072
Kahlia,1072
Zamira,1072
Ayat,1072
Jazlin,1072
Emaleigh,1072
Zamya,1072
Thersa,1071
Sherlene,1071
Levi,1071
My,1071
Oscar,1070
Delany,1070
Adira,1070
Arayah,1070
Mahi,1070
Roshonda,1069
Tzipora,1069
Alayne,1068
Saskia,1068
Brailey,1068
Layah,1068
Sallye,1067
Pollyanna,1067
Jewels,1067
Dejanae,1067
Alara,1067
Moesha,1067
Dasani,1067
Olinda,1066
Pearlean,1066
Elona,1066
Carlye,1066
Robbyn,1066
Lawren,1066
Katrin,1066
Mikyla,1066
Flonnie,1065
Aracelis,1065
Kimmy,1065
Ahna,1065
Makya,1065
Rilyn,1065
Pheobe,1064
Lanetta,1064
Evangelia,1064
Cherisse,1064
Maeghan,1064
Cailynn,1064
Brystol,1064
Theadora,1063
Jozie,1062
Aeryn,1062
Mayrin,1062
Josiephine,1061
Fayetta,1061
Jerome,1061
Casondra,1061
Lashana,1061
Jasmina,1061
Zelia,1060
Marcelline,1060
Fara,1060
Todd,1060
Aixa,1060
Andromeda,1060
Marrisa,1060
Lainee,1060
Sury,1060
Annelle,1059
Dalena,1059
Terria,1059
Jamyah,1059
Laural,1058
Mareli,1058
Latoshia,1057
Brunilda,1056
Arnette,1055
Catlin,1055
Taylen,1055
Maymie,1054
Rhiana,1054
Jabria,1054
Emberlee,1054
Keiko,1053
Jacqualyn,1053
Lesha,1053
Sharina,1053
Desaray,1053
Jannat,1053
Anica,1052
Mackenzy,1052
Rylei,1052
Mossie,1051
Ignacia,1051
Valera,1051
Cherita,1051
Kyna,1051
Keela,1051
Mckinsey,1051
Maree,1050
Nakesha,1050
Avamarie,1049
Kendria,1048
Takeisha,1048
Reaghan,1048
Rivkah,1047
Caitlan,1047
Rylea,1047
Mayson,1047
Aleda,1046
Donnis,1046
Resa,1046
Anderson,1046
Mariely,1046
Genevive,1045
Lashelle,1045
Mccall,1045
Mariafernanda,1045
Ashlen,1044
Lyndsi,1043
Analiyah,1043
Shirly,1042
Susette,1042
Lilliann,1042
Daiana,1042
Taegan,1042
Yashica,1041
Elyza,1041
Rayma,1040
Tiffiney,1040
Thao,1040
Bayli,1040
Caidence,1040
Chad,1039
Annalia,1039
Terica,1038
Meliza,1038
Jamillah,1038
Kalissa,1038
Zari,1038
Daliyah,1038
Anner,1037
Prescilla,1037
Kadee,1037
Mariette,1036
Celest,1036
Kiki,1036
Karra,1036
Elif,1036
Jordann,1036
Kloie,1036
Dorethea,1035
Bula,1034
Franki,1034
Kenslee,1034
Ardeth,1033
Joretta,1033
Hiedi,1033
Lasha,1033
Phuong,1033
Falyn,1033
Takayla,1033
Cyan,1033
Jakyra,1033
Siani,1033
Deitra,1032
Melea,1032
Brandice,1032
Kayanna,1032
Shamari,1032
Alizae,1032
Mettie,1031
Delight,1031
Nancye,1031
Laquetta,1031
Meisha,1031
Charleston,1031
Lucrecia,1030
Terisa,1030
Bryanne,1030
Tytianna,1030
Jeryl,1029
Joell,1029
Tenika,1029
Keianna,1029
Alley,1028
Jaliah,1028
Senora,1027
Wynell,1027
Andraya,1027
Asher,1027
Ailin,1027
Margorie,1026
Priscella,1026
Donnell,1026
Merrily,1026
Siana,1026
Zooey,1026
Jannett,1025
Arleta,1025
Kyleen,1025
Keelin,1025
Fanta,1025
Lorain,1024
Lorry,1024
Bevin,1024
Alizah,1024
Sallyann,1023
Jalena,1023
Nhi,1023
Blenda,1022
Cindie,1022
Radhika,1022
Takiya,1022
Mabry,1021
Loleta,1021
Yocelin,1021
Sherelle,1020
Milinda,1020
Liset,1020
Bethani,1020
Devynn,1020
Tkeyah,1020
Myleigh,1020
Vaughn,1019
Jeneva,1019
Sherill,1019
Wynn,1019
Carlette,1019
Lateisha,1019
Zahira,1019
Demaris,1018
Christelle,1018
Janalee,1018
Teia,1018
Nacole,1018
Ashlan,1018
Anvi,1018
Apolonia,1017
Starlet,1017
Quintina,1017
Jameson,1017
Zamiyah,1017
Luberta,1016
Rufina,1016
Jolanda,1016
Kolleen,1016
Orene,1015
Jestine,1015
Duane,1015
Clarke,1015
Brayden,1015
Nevaeha,1015
Lollie,1014
Sharman,1014
Auria,1014
Kaneisha,1014
Rayana,1014
Maisyn,1014
Clotilde,1013
Leonarda,1013
Lenette,1013
Taira,1013
Nadiyah,1013
Jeffie,1012
Craig,1012
Shalom,1012
Ryah,1012
Sullivan,1012
Florentina,1011
Cherylann,1011
Austen,1011
Maryhelen,1010
Kirsti,1010
Talina,1010
Beronica,1010
Neola,1009
Collene,1009
Bobbiejo,1009
Karishma,1009
Kristene,1008
Shonte,1008
Ilianna,1008
Allisyn,1007
Yelitza,1007
Jizelle,1007
Estefana,1006
Gladyce,1006
Angelea,1006
Timika,1006
Blakeley,1006
Tenzin,1006
Sharol,1005
Catrice,1005
Adrielle,1005
Laurena,1004
Thressa,1004
Kerrin,1004
Caraline,1004
Yamila,1004
Lovetta,1003
Jolinda,1003
Jiana,1003
Eiza,1003
Gwenevere,1002
Anice,1001
Charon,1001
Carlisa,1001
Niomi,1001
Mckenzy,1001
Wenda,1000
Timeka,1000
Kaisha,1000
Markesha,1000
Amrita,1000
Roshni,1000
Lloyd,999
Lin,999
Karianne,999
Shakeria,999
Liora,999
Anakaren,999
Everlyn,998
Bev,998
Landon,998
Sherida,998
Lashell,998
Danah,998
Kylia,998
Atara,998
Fatou,998
Damiyah,998
Steffani,997
Klaudia,997
Derrick,997
Kayana,997
Eleonore,996
Gwynn,996
Africa,996
Catie,996
Venetta,995
Marcine,995
Charmain,995
Mikel,995
Adriel,995
Alyiah,995
Dola,994
Coralyn,994
Juno,994
Dyann,994
Rasheda,994
Kyia,994
Mikenzie,994
Emaan,994
Harlem,994
Camisha,993
Nykia,993
Marcel,992
Betina,992
Ianna,992
Paulita,991
Alverna,991
Dyanne,991
Michiko,990
Miguel,990
October,990
Mikenna,990
Kambrie,990
Averee,990
Manuelita,989
Cherly,989
Brieana,989
Alahna,989
Dwana,988
Keilyn,988
Skylyn,988
Buena,987
Aletta,987
Carolynne,987
Tani,987
Lethia,986
Aquilla,986
Graceann,986
Chara,986
Kenesha,986
Mirabella,986
Nieves,985
Roena,984
Faythe,984
Aveline,984
Denisa,984
Timberly,984
Damara,984
Leonela,984
Diamonique,984
Nailea,984
Forrest,983
Bernard,983
Maryland,983
Tanis,983
Lashundra,983
Sakinah,983
Ivanka,983
Lyle,982
Niara,982
Tenia,981
Rayla,981
Erikka,981
Parisa,981
Raygan,981
Rayah,981
Naliyah,981
Wylene,980
Shareen,980
Teana,980
Denielle,980
Delisha,980
Lynzie,980
Argie,979
Lassie,979
Melrose,979
Darah,979
Meegan,979
Kendalyn,979
Avrie,979
Cecille,978
Claris,978
Shaundra,978
Alixandra,978
Sharde,978
Aalayah,978
Marine,977
Takesha,977
Katiana,977
Ishani,977
Ravin,976
Sherise,975
Tenaya,975
Madden,975
Vela,974
Tira,974
Shaylene,974
Triana,973
Makaya,973
Margeret,972
Melvia,972
Marjie,972
Paetyn,972
Anneke,971
Chany,971
Darrian,971
Lillee,971
Sherly,970
Takira,970
Ziyah,970
Oceana,969
Lindsie,969
Arwa,969
Orelia,968
Bruna,968
Marilynne,968
Lisbet,968
Aleasha,968
Toy,967
Jermaine,967
Mischelle,967
Keriann,967
Samar,967
Tenille,967
Charlotta,966
Evia,966
Donnalee,966
Shelita,966
Shalena,966
Aicha,966
Ayra,966
Lynsie,966
Toccara,966
Carsen,966
Ilean,965
Kelia,965
Carrissa,965
Amera,965
Emonie,964
Sharlotte,963
Denine,963
Hilaria,962
Lavaughn,962
Elidia,962
Yulonda,962
Cyrstal,962
Emari,962
Davonna,961
Kiandra,961
Khyla,961
Manya,960
Teddie,960
Berlinda,960
Kawana,960
Josi,960
Tifany,960
Lashandra,960
Azra,960
Aaliah,960
Jenay,959
Sabria,959
Mariska,959
Nadira,959
Britnie,959
Ryen,959
Ama,958
Devonne,958
Graciella,958
Tailor,958
Edyn,958
Alleen,957
Jodene,957
Yaneth,957
Myrta,956
Donie,956
Zelpha,956
Wynette,956
Trinette,956
Makenzee,956
Daryn,955
Trang,955
Jayline,955
Tinnie,954
Ardys,954
Francisco,954
Jenaya,954
Meghana,954
Mardelle,953
Sharry,953
Oksana,953
Adalynne,953
Claude,952
Francies,952
Andrianna,952
Kirah,952
Brailyn,952
Idamae,951
Ronette,951
Dorina,950
Zaneta,950
Abra,950
Devany,950
Rayonna,950
Lyna,949
Irasema,949
Janaye,949
Gabby,948
Jullian,948
Azzie,947
Kathren,947
Karole,947
Adriann,947
Arelis,947
Shamekia,947
Kelani,947
Adda,946
Birtie,946
Onalee,946
Artis,946
Nyoka,946
Adreana,946
Laquesha,946
Teyana,946
Nitya,946
Aliviah,946
Garnette,945
Kirsty,945
Kaija,945
Betzy,945
Dayami,945
Maiah,945
Cydnee,944
Kimberlynn,944
Kelcy,944
Nycole,944
Samyra,944
Acadia,944
Arantza,944
Glenice,943
Chayla,943
Lillyanne,943
Manha,943
Yuki,942
Delane,942
Dory,942
Deborrah,942
Janisha,941
Cree,941
Jaileen,941
Kaiyah,941
Amyiah,941
Beata,940
Sherese,940
Leiana,940
Jamyra,940
Teaghan,940
Wilhemina,939
Alaynah,939
Messiah,939
Kadynce,939
Ellouise,938
Lorrine,938
Laramie,938
Lian,938
Tameeka,938
Pessy,938
Taliya,938
Jayonna,938
Aribella,938
Adelyne,937
Lorelle,937
Camile,937
Katty,937
Shameeka,937
Courtni,937
Yalitza,937
Michaeline,936
Tomasita,935
Alandra,935
Abella,935
Lissie,934
Elfreda,934
Halina,934
Letisia,934
Helaina,934
Betsabe,934
Zharia,934
Linzy,933
Kaely,933
Zahraa,933
Evlyn,932
Lacretia,932
Annalie,932
Kamea,932
Dawson,932
Anistyn,932
Burma,931
Marlynn,931
Evyn,931
Terrilyn,930
Maritsa,930
Rainy,930
Rasheedah,930
Ayisha,930
Kaori,930
Tora,929
Verma,929
Kaitlynne,929
Montie,928
Solveig,928
Deva,928
Rebbeca,928
Calley,928
Kensie,928
Shianna,928
Natasia,928
Danitza,928
Chyann,928
Shaylah,928
Annaleah,928
Julyssa,928
Rosabella,928
Alvira,927
Jerelyn,927
Krystine,927
Danyale,927
Kassondra,927
Kalila,927
Jariyah,927
Corean,926
Alesa,926
Maurita,925
Aldona,925
Karmin,925
Ariona,925
Kambri,925
Junia,924
Claretta,924
Jerlene,924
Marica,924
Coryn,924
Jessalynn,924
Kadi,924
Razan,924
Idaly,924
Berklee,924
Loretto,923
Shariah,923
Avayah,923
Erla,922
Marylu,922
Jasper,922
Lacinda,922
Genise,922
Leasa,922
Deserie,922
Mykia,922
Kimaya,922
Talena,921
Jentry,921
Kylan,921
Aniela,920
Davis,920
Teona,920
Karyssa,920
Cadance,920
Warren,919
Marymargaret,919
Moana,919
Tahnee,919
Ranya,919
Tomiko,918
Kersten,918
Darielle,918
Aseel,918
Conni,917
Lakeitha,917
Giovanni,917
Nastassia,917
Katerin,917
Geraldean,916
Evamarie,916
Dustie,916
Karl,915
Marykay,915
Vanya,915
Liyana,915
Beautiful,915
Kiri,914
Raylyn,914
Lekisha,914
Dove,913
Theodore,913
Shauntel,913
Shanetta,913
Saria,913
Dezaray,913
Sachi,912
Vivica,912
Melisha,912
Kapri,912
Reather,911
Marycatherine,911
Marcelene,911
Vi,911
Denee,911
Temika,911
Selin,911
Chanie,910
Dwan,910
Dandrea,910
Derek,910
Amena,910
Myeshia,910
Dashia,910
Paizlee,910
Amoura,910
Valrie,909
Natascha,909
Breah,909
Ekaterina,909
Layken,909
Madigan,909
Emmah,909
Catherina,908
Deloras,908
Consuella,908
Tahirah,908
Monta,907
Krissa,907
Denesha,907
Steve,906
Lindley,906
Ambra,906
Jamela,906
Kynzlee,906
Falisha,905
Keyaira,905
Jaidah,905
Neomia,904
Sonji,904
Malikah,904
Derricka,904
Emmily,904
Rayan,904
Imo,903
Malynda,903
Jelissa,903
Valene,902
Katrine,902
Judyth,902
Jamara,902
Chioma,902
Zeynep,902
Landri,902
Zahria,902
Jonetta,901
Katja,901
Ruhi,901
Aisley,901
Payson,901
Kymani,901
Emmersyn,901
Lucilla,900
Maryfrances,900
Kela,900
Lashea,900
Lanesha,900
Kensey,900
Zamora,900
Ramiyah,900
Edmonia,899
Rennie,899
Erina,899
Lania,899
Tashawna,899
Eliora,899
Gaile,898
Onyx,898
Emmylou,898
Mackensie,898
Fraidy,898
Adrionna,898
Sherra,897
Rianne,897
Kenedi,897
Ariannah,897
Naydelin,897
Avelyn,897
Silva,896
Maretta,896
Tyann,896
Shree,896
Varsha,896
Shakara,896
Shelbey,896
Kamry,896
Amore,896
Zykeria,896
Jaylie,896
Garnetta,895
Jannell,895
Meloney,895
Mikalah,895
Jaelin,895
Kila,894
Jameria,894
Acelynn,894
Maire,893
Keyra,893
Somaya,893
Karilyn,892
Katerine,892
Demetris,892
Kristle,892
Shadae,892
Alverda,891
Danetta,891
Bayla,891
Velinda,891
Kassy,891
Maddyson,891
Miangel,891
Lurene,890
Fredrica,890
Jacklin,890
Dorrie,889
Rida,889
Tawna,889
Ameenah,889
Taniah,889
Arianah,889
Ahana,889
Jaziyah,889
Elowyn,889
Clella,887
Otis,887
Viviane,887
Tarin,887
Sharese,887
Mandee,887
Faiza,887
Bryonna,887
Alizay,887
Jeaneen,886
Candee,886
Seirra,886
Breena,885
Arina,885
Keyera,885
Talyn,885
Lorien,884
Darlean,884
Kaaren,884
Rossana,884
Cristiana,884
Yocelyn,884
Sylva,883
Willard,883
Meriah,883
Jarely,883
Haniya,883
Cinderella,882
Maralee,882
Kaliya,882
Thera,881
Lurlene,881
Vernessa,881
Ginette,881
Zeina,881
Quianna,881
Montanna,881
Jenavieve,881
Caden,881
Camari,881
Jaeden,881
Suhani,881
Kayliana,881
Kamyah,881
Willadean,880
Cindee,880
Keylin,880
Hyacinth,879
Ahlam,879
Emersen,879
Amariana,879
Verne,878
Milda,878
Le,878
Keiona,878
Anasia,878
Sarahy,878
Raigan,878
Lundyn,878
Kiyoko,877
Tam,877
Alonda,877
Kammie,877
Darnisha,877
Zailey,877
Naomia,876
Drue,876
Ruthy,876
Jacqui,876
Penina,876
Carah,876
Matilyn,876
Ellene,875
Sydne,875
Taffy,875
Cidney,875
Pebbles,875
Ixchel,875
Maegen,875
Blakelee,875
Brilynn,875
Jeanell,874
Tayna,874
Kasondra,874
Mikelle,874
Aylen,874
Frona,873
Vlasta,873
Orla,873
Carmyn,873
Ayala,873
Shaquanna,873
Reghan,873
Morrigan,873
Loy,872
Mela,872
Lenda,872
Tifani,872
Yakira,872
Morgyn,872
Amyia,872
Simonne,871
Tawnie,871
Subrina,871
Bronte,871
Niasia,871
Missie,870
Lewis,870
Eneida,870
Tziporah,870
Oneita,869
Cintia,869
Ave,868
Darling,868
Jacquelynne,868
Mardi,868
Buffie,868
Rabecca,868
Maleia,868
Shaya,868
Allanah,868
Andreanna,867
Manisha,867
Jamelia,867
Brelynn,867
Coy,866
Larene,866
Adlee,866
Vonetta,866
Danise,866
Desi,866
Joleigh,866
Sofiya,866
Ivah,865
Waunita,865
Marketta,865
Risha,865
Allisha,865
Porcha,865
Abria,865
Kylar,865
Anyia,865
Landrie,865
Ellah,865
Lella,864
Nichola,864
Shan,864
Kymberlee,864
Cortnie,864
Refugio,863
Shalisa,863
Naiomi,863
Cassidi,863
Aloha,862
Leeza,862
Channa,862
Makinzie,862
Brileigh,862
Lilee,862
Xyla,862
Herma,861
Delphina,861
Joellyn,861
Chanta,861
Aurielle,861
Daenerys,861
Caralee,860
Lynley,860
Nico,860
Abbagail,860
Adaya,860
Mora,859
Alaska,859
Mirta,859
Laury,859
Shellee,859
Enjoli,859
Melanny,859
Lorilee,858
Basya,858
Aleana,858
Olean,857
Youlanda,857
Marlayna,857
Shade,857
Rinda,856
Evanna,856
Sherre,856
Brittan,856
Breyonna,856
Isley,856
Ridley,856
Donnita,855
Jannifer,855
Romi,855
Zoei,855
Merlin,854
Lanee,854
Mele,854
Mayela,854
Shawntae,854
Nandini,854
Rhema,854
Alynna,854
Aralyn,854
Havyn,854
Clydie,853
Alesandra,853
Tysha,853
Tonika,853
Ailey,853
Shia,853
Tennessee,852
Vona,852
Davie,852
Bronwen,852
Treena,852
Ellisa,852
Calissa,852
Aliesha,852
Blakelyn,852
Eesha,852
Khylee,852
Amey,851
Alyne,851
Palmira,851
Noami,851
Loralie,851
Aerin,851
Tajah,851
Khloie,851
Huldah,850
Garland,850
Margrette,850
Max,850
Angelo,850
Roshelle,850
Shalene,850
Nohely,850
Georgena,849
Betti,849
Marne,849
Dimitra,849
Sherian,849
Javonna,849
Calia,849
Linna,848
Eureka,848
Errin,848
Shilah,848
Cherrelle,848
Noura,848
Luverne,847
Audre,847
Aloma,847
Luiza,847
Avaleigh,847
Marlis,846
Alejandro,846
Nikol,846
Avital,846
Tashana,846
Airam,846
Jakyla,846
Theora,845
Aneta,845
Sejal,845
Adi,845
Kailea,845
Saphire,845
Jinnie,844
Ilsa,844
Ricci,844
Zaynah,844
Macyn,844
Ebba,843
Elnor,843
Johnnye,843
Xavier,843
Asmaa,843
Seren,843
Ariell,843
Idalis,843
Ishika,843
Shontae,842
Emmery,842
Infinity,842
Denis,841
Lari,841
Indy,841
Katryna,841
Lanya,841
Chaka,841
Kamani,841
Everett,840
Peg,840
Tequilla,840
Nikkole,840
Ryane,840
Shatoya,840
Zuleyma,840
Saja,840
Danella,839
Elspeth,839
Yevette,839
Tiffiany,839
Kierston,839
Jenika,839
Mahayla,839
Jacelynn,839
Delene,838
Terre,838
Tamaria,838
Tiffeny,838
Tasheena,838
Chelse,838
Nadirah,838
Zoha,838
Margretta,837
Rosalin,837
Berlyn,837
Linn,837
Shameika,837
Emree,837
Rhian,836
Divinity,836
Hazelle,835
Roberto,835
Jamye,835
Lenise,835
Kyleah,835
Destanee,835
Florie,834
Maraya,834
Dezire,834
Jaelah,834
Teela,833
Koral,833
Anneka,833
Trinidy,833
Santanna,833
Medha,833
Seven,833
Saddie,832
Snow,832
Alden,832
Francia,832
Charlise,832
Thu,832
Raegen,832
Myiah,832
Chayse,832
Kaleigha,832
Malaina,831
Karyna,831
Brenley,831
Vaishnavi,831
Vannie,830
Leala,830
Eli,830
Marily,830
Argelia,830
Klynn,830
Barrett,830
Bushra,830
Laysha,830
Jaziah,830
Lorenda,829
Cathlene,829
Haili,829
Kallista,829
Bellarose,829
Ottilie,828
Chester,828
Lyndell,828
Kalliope,828
Miryam,828
Karrah,828
Dema,827
Marquerite,827
Gwendolen,827
Lorrayne,827
Nefertiti,827
Atalie,827
Soila,826
Shanette,826
Kiely,826
Keelyn,826
Kyree,826
Saleen,826
Talea,825
Lynzee,825
Shyan,825
Bayan,825
Haile,825
Carmin,824
Betsaida,824
Chimere,824
Aarika,824
Gionna,824
Anasofia,824
Kadance,824
Maebell,823
Shyra,823
Jameela,823
Sephora,823
Yisel,823
Easton,823
Jaleigh,823
Damiya,823
Makynzie,823
Willis,822
Tedra,822
Sheneka,822
Jamecia,822
Taija,822
Brogan,822
Conner,822
Macel,821
Masako,821
Kenzy,821
Darrah,820
Kenyata,820
Aishwarya,820
Zyana,820
Cleona,819
Daphnie,819
Delayna,819
Stori,819
Finleigh,819
Loise,818
Sian,818
Svetlana,818
Radha,818
Giovana,818
Cortni,818
Puja,818
Hadiya,818
Jasmaine,818
Kiaya,818
Dorsey,817
Cristel,817
Melana,817
Loran,817
Jordanna,817
Khia,817
Mackinzie,817
Haylea,817
Jim,816
Rosette,816
Melodye,816
Caira,816
Sereniti,816
Truly,815
Juna,815
Reed,815
Jinny,815
Reid,815
Ayelet,815
Nija,815
Osiris,815
Jamilet,815
Rhiley,815
Elara,815
Esmae,815
Elowen,815
Monte,814
Cyrena,814
Omayra,814
Jodell,813
Desha,813
Kanani,813
Kc,813
Aleaha,813
Skylin,813
Jara,812
Arisbeth,812
Jaylan,812
Kalayah,812
Athina,811
Taleen,811
Nekia,811
Amisha,811
Caia,811
Maleena,811
Reola,810
Larena,810
Ninette,810
Latrese,810
Jenea,810
Jamileth,810
Shawne,809
Shamaya,809
Kaeley,809
Estephany,809
Dylann,809
Loa,808
Odella,808
Mylinda,808
Shakirah,808
Khayla,808
Emmarose,808
Janylah,808
Dennie,807
Elyce,807
Abbygale,807
Trenity,807
Brynlie,807
Rogene,806
Genice,806
Lashanna,806
Erendira,806
Annsley,806
Jenilee,806
Daelynn,806
Midge,805
Alissia,805
Nakeya,805
Nasya,805
Amaiyah,805
Lilliam,804
Aldine,804
Beckett,804
Kourtni,804
Shakiya,804
Auriel,804
Catelynn,804
Boston,804
Tarina,803
Jilian,803
Margeaux,803
Kalyssa,803
Ardyth,802
Jaynee,802
Donica,802
Maysa,802
Arliss,801
Towana,801
Marnita,801
Sabryna,801
Jamica,801
Shaindel,801
Sadee,801
Raquelle,800
Anastazia,800
Ajanae,800
Doshie,799
Cecila,799
Toshiko,799
Norita,799
Jonita,799
Mauri,799
Kobi,799
Shavonna,799
Ieisha,799
Nazareth,799
Lovey,798
Jenean,798
Tish,798
Chenelle,798
Nikkita,798
Rabia,798
Maram,798
Jireh,798
Tacy,797
Arnell,797
Arlis,797
Kana,797
Sherina,797
Megann,797
Britanny,797
Mckenzee,797
Courtlyn,797
Skarlett,797
Margert,796
Antoniette,796
Sharion,796
Mariaguadalupe,796
Shailyn,796
Sharday,796
Harlynn,796
Herman,795
Aleene,795
Elane,795
Pamla,795
Akemi,795
Ondrea,795
Adrienna,795
Kendel,795
Anesha,795
Shareka,795
Tiyanna,795
Josselin,795
Heavyn,795
Bunnie,794
Tonna,794
Ginna,794
Lelani,794
Sahra,794
Jamari,794
Leva,793
Ingeborg,793
Krysti,793
Deniz,793
Saisha,793
Alauna,793
Mackenzee,793
Carylon,792
Xandria,792
Fatema,792
Zania,792
Arlett,792
Yoseline,792
Manon,791
Devi,791
Breeze,791
Shealynn,791
Meya,791
Briyana,791
Mahnoor,791
Aleatha,790
Camela,790
Wendee,790
Kerianne,790
Aolani,790
Uriah,790
Scotlyn,790
Fronie,789
Hildreth,789
Marlisa,789
Kariann,789
Keala,789
November,789
Mayleen,789
Dillon,789
Pecola,788
Bettyjane,788
Rorie,788
Zowie,788
Adysen,788
Odile,787
Kathrina,787
Bernette,787
Yumi,787
Nandi,787
Kareema,787
Prisila,787
Lamiyah,787
Jadore,787
Jolina,786
Asheley,786
Alexas,786
Nigeria,786
Cadie,786
Kerrington,786
Halia,786
Rosellen,785
Jaquita,785
Lekeisha,785
Alyssandra,785
Jolisa,784
Keleigh,784
Shalini,784
Bentlee,784
Ceil,783
Aundria,783
Felita,783
Yohanna,783
Mikela,783
Kahlani,783
Wyona,782
Anthea,782
Charyl,782
Brena,782
Maddyn,782
Lugenia,781
Vassie,781
Glee,781
Devra,781
Venecia,781
Lysette,781
Ka,781
Abigal,781
Tayana,781
Genavieve,781
Olena,780
Ginnie,780
Kavita,780
Leilanie,780
Azlyn,780
Wisdom,780
Haylen,780
Altagracia,779
Teryl,779
Kody,779
Tarryn,779
Laniah,779
Zaryah,779
Brailynn,779
Nanie,778
Daun,778
Janney,778
Tammey,778
Angelisa,778
Tawnee,778
Ilyssa,778
Tya,778
Kathya,778
Keera,778
Kalah,778
Destynee,778
Brihanna,778
Grey,778
Gianella,778
Shoshanna,777
Kamira,777
Emelin,777
Azariyah,777
Arminta,776
Nealie,776
Robinette,776
Jaquetta,776
Lindsi,776
Angelise,776
Lejla,776
Dawsyn,776
Jhene,776
Elmina,775
Sharelle,775
Rozalyn,775
Dinora,775
Kassia,775
Jamese,775
Taniesha,775
Shamyra,775
Arieana,775
Nalah,775
Nara,774
Evana,774
Maggi,774
Liba,774
Henny,774
Katisha,774
Ian,773
Coty,773
Ronesha,773
Malarie,773
Sumayyah,773
Fatma,773
Breckyn,773
Eniyah,773
Kamrynn,773
Leanore,772
Casaundra,772
Latifa,772
Seleste,772
Brocha,772
Lakshmi,772
Janika,772
Koryn,772
Grettel,772
Anari,772
Mazzy,772
Eyvonne,771
Marilin,771
Hilarie,771
Mylene,771
Lenae,771
Shontel,771
Serra,771
Aubre,771
Yanelly,771
Haylei,771
Aidyn,771
Sylvana,770
Lynnsey,770
Jace,770
Wyatt,770
Alexxa,770
Aalyiah,770
Finlee,770
Edrie,769
Wilhelmena,769
Clarie,769
Carlynn,769
Armandina,769
Narissa,769
Lan,769
Leighla,769
Avari,769
Greenlee,769
Doshia,768
Buna,768
Elza,768
Thomasena,768
Sherrel,768
Jared,768
Mycah,768
Anay,768
Kaitlen,768
Zylah,768
Lilianne,767
Revonda,767
Anisah,767
Kortnie,767
Jaritza,767
Talayah,767
Taylyn,767
Barry,766
Belynda,766
Zoi,766
Brecken,766
Kieara,766
Dakoda,766
Xaria,766
Esma,765
Geraldene,765
Bettyjo,765
Malanie,765
Troi,765
Braxton,765
Svea,764
Burnette,764
Charlynn,764
Mireille,764
Arisha,764
Justus,764
Zya,764
Eathel,763
Giuseppina,763
Dallis,763
Stasha,763
Lataya,763
Laquana,763
Marykatherine,763
Chelcie,763
Mckensie,763
Arly,763
Annalicia,763
Reginae,763
Tamiah,763
Aarushi,763
Korrie,762
Tinesha,762
Kamyla,762
Alfrieda,761
Nance,761
Jenai,761
Aeriel,761
Genisis,761
Juliett,760
Jacqlyn,760
Lalita,760
Javon,760
July,760
Cesilia,760
Kyesha,760
Rut,759
Kearra,759
Najma,759
Kaelani,759
Evey,759
Clyda,758
Harvey,758
Tobey,758
Estee,758
Leondra,758
Cherese,758
Tearra,758
Kennia,758
Mallary,758
Honesti,758
Navi,758
Letta,757
Reginald,757
Elan,757
Marshay,757
Jlynn,757
Lauraine,756
Lauree,756
Isaac,756
Matea,756
Lysa,756
Karee,756
Constanza,756
Aleina,756
Shylee,756
Janyia,756
Pamila,755
Jera,755
Ameya,755
Vicie,754
Burnetta,754
Marlea,754
Maddalena,754
Charmane,754
Kiva,754
Saron,754
Raeven,754
Luzmaria,753
Shanese,753
Corynn,753
Persia,753
Cassidee,753
Kyasia,753
Armella,752
Kristena,752
Kyria,752
Leidy,752
Landree,752
Ezri,752
Raffaela,751
Merrilyn,751
Anora,751
Suann,751
Sharrie,751
Terrance,751
Richele,751
Aulani,751
Idelle,750
Bernell,750
Michelene,750
Jamy,750
Shawnette,750
Yides,750
Sameera,750
Shayleigh,750
Saralee,749
Tereza,749
Ronnette,749
Merci,749
Tailynn,749
Brynnley,749
Veneta,748
Annamay,748
Indra,748
Tabbatha,748
Caeli,748
Lexia,748
Porche,748
Morgann,748
Anniyah,748
Kymora,748
Agness,747
Roselie,747
Kamela,747
Massiel,747
Eboney,747
Geovanna,747
Brittini,747
Eshal,747
Swara,747
Yuriko,746
Ruthanna,746
Akiko,746
Arlin,746
Sherene,746
Allura,746
Daviana,746
Marit,745
Shanan,745
Camara,745
Tanea,745
Whisper,745
Saleena,745
Arisa,745
Teairra,745
Novaleigh,745
Avyanna,745
Zhuri,745
Sonny,744
Laurissa,744
Ellyse,744
Teagen,744
Daeja,744
Nonnie,743
Wilmer,743
Mariea,743
Shirin,743
Kaleen,743
Shadia,743
Danaya,743
Kaylia,743
Aissatou,743
Lakelynn,743
Aahana,743
Medora,742
Evelene,742
Earla,742
Franklin,742
Mailyn,742
Malori,742
Briyanna,742
Avionna,742
Julieth,742
Peaches,741
Leeana,741
Kelcee,741
Eola,740
Sherlin,740
Allyse,740
Alexanderia,740
Shatavia,740
Dayonna,740
Carolene,739
Lajuan,739
Sarahann,739
Jadie,739
Sharay,739
Calee,739
Cambri,739
Zamaria,739
Adelynne,739
Rosebud,738
Ricarda,738
Charice,738
Mollee,738
Sheyanne,738
Epiphany,738
Legend,738
Amilya,738
Montez,737
Serah,737
Brittiany,737
Alyxandra,737
Wynema,736
Roselia,736
Trenna,736
Kae,736
Chevy,736
Maisey,736
Aziah,736
Lutie,735
Sydelle,735
Tyree,735
Adrea,735
Andera,735
Cyndee,735
Roisin,735
Amberley,735
Renisha,735
Janira,735
Josalynn,735
Leylah,735
Eulalie,734
Soha,734
Emmalie,734
Kamyra,734
Lizzy,733
Lutricia,733
Disha,733
Sparrow,733
Kalise,733
Makhia,733
Crystel,732
Shunta,732
Lashauna,732
Brantley,732
Callee,732
Drea,732
Makyah,732
Khloey,732
Leitha,731
Marilla,731
Minette,731
Christabel,731
Madalena,731
Darnella,731
Alanda,731
Ty,731
Aidee,731
Malin,731
Laporsha,731
Mima,730
Nikkie,730
Brandis,730
Kiyanna,730
Draya,730
Deanie,729
Elysse,729
Channon,729
Daliah,729
Natia,729
Tionne,729
Jezebel,729
Jourdyn,729
Kynzie,729
Elyanna,729
Kynsley,729
Eliyanah,729
Arley,728
Fleeta,728
Audelia,728
Marelyn,728
Reesa,728
Miroslava,728
Shandy,728
Ayan,728
Samyah,728
Brownie,727
Aliene,727
Dewanna,727
Pari,727
Jessamyn,727
Liseth,727
Elektra,727
Lynnlee,727
Earnest,726
Vermell,726
Joelyn,726
Kearstin,726
Jaicee,726
Awa,726
Railyn,726
Ilia,725
Bo,725
Christia,725
Hollee,725
Jameshia,725
Kolbi,725
Licia,724
Suzzanne,724
Kalene,724
Salwa,724
Riann,724
Demya,724
Addelynn,724
Mariane,723
Sammye,723
Peggi,723
Dawnmarie,723
Kellianne,723
Briah,723
Layton,723
Miliana,723
Villa,722
Antoinetta,722
Rue,722
Williemae,722
Vaida,722
Mechele,722
Kristyna,722
Fumiko,721
Ellise,721
Ladona,721
Darlin,721
Aquila,721
Kimberleigh,721
Daya,721
Siarra,721
Gabryella,721
Morelia,721
Zaliyah,721
Hetty,720
Leita,720
Kriston,720
Kimya,720
Cheyene,720
Nithya,720
Daysia,720
Analiah,720
Ala,719
Clio,719
Christella,719
Delynn,719
Aleesa,719
Tehila,719
Hildur,718
Ily,718
Cerise,718
Zissy,718
Shakeya,718
Karaline,718
Brieann,718
Mayzie,718
Olivette,717
Terryl,717
Sonda,717
Beau,717
Yuritzi,717
Alanie,717
Emori,717
Ailany,717
Aniylah,717
Hila,716
Vara,716
Samella,716
Bill,716
Preston,716
Theia,716
Damari,716
Bionca,716
Hadeel,716
Carmelia,715
Diantha,715
Vallery,715
Cheyenna,715
Ernie,714
Clarene,714
Lavita,714
Terrill,714
Kerriann,714
Heavenlee,714
Amila,714
Azari,714
Emalynn,714
Deette,713
Liliane,713
Sarajane,713
Ronita,713
Ricardo,713
Jolette,713
Jaia,713
Aaradhya,713
Ozzie,712
Inge,712
Karalynn,712
Calyn,712
Johnae,712
Brooklyne,712
Annagrace,712
Kennadie,712
Aarohi,712
Fidelia,711
Reyes,711
Elsbeth,711
Krystyn,711
Kallee,711
Nizhoni,711
Alayjah,711
Emorie,711
Edris,710
Raynell,710
Jacquiline,710
Sissy,710
Kama,710
Renada,710
Joyanna,710
Ethan,710
Jessamine,709
Tyrone,709
Davita,709
Rashawn,709
Tomekia,709
Devine,709
Railynn,709
Victorine,708
Othella,708
Trini,708
Rosslyn,708
Towanna,708
Aneesah,708
Dorice,707
Laquitta,707
Kailen,707
Caldonia,706
Selia,706
Mi,706
Mysti,706
Deseray,706
Brystal,706
Raelin,706
Edgar,705
Ilo,705
Starlyn,705
Shirelle,705
Deandria,705
Keasha,705
Destin,705
Denim,705
Clea,704
Marcelyn,704
Sheril,704
Ellington,704
Kenzleigh,704
Dorena,703
Arlen,703
Ronetta,703
Marcee,703
Sheniqua,703
Mesa,703
Shanteria,703
Leianna,703
Danille,702
Makeba,702
Corryn,702
Cambry,702
Jalicia,702
Kaliana,702
Ellora,701
Jennalee,701
Zully,701
Trishia,701
Lya,701
Laycee,701
Katarzyna,701
Nuri,701
Raevyn,701
Avon,700
Michaelyn,700
Andrena,700
Mykel,700
Alexes,700
Kaleia,700
Teasia,700
Denasia,700
Jaydyn,700
Orma,699
Tabbitha,699
Tiani,699
Tyiesha,699
Atarah,699
Kaile,699
Chardae,699
Adaly,699
Camiyah,699
Evah,698
Starlett,698
Amellia,698
Jaylinn,698
Zyra,698
Aralynn,698
Lake,697
Nira,697
Julaine,697
Marlane,697
Amarilis,697
Tameca,697
Marriah,697
Amaree,697
Euphemia,696
Lubertha,696
Pamula,696
Sharona,696
Mikia,696
Alainna,696
Ceanna,696
Eimy,696
Lamiya,696
Rosaleigh,696
Jamyia,696
Keniyah,696
Ligia,695
Danice,695
Tiya,695
Shawntay,695
Rashanda,695
Lyrica,695
Graysen,695
Bowie,695
Dewanda,694
Danessa,694
Cyra,694
Jamisha,694
Natassia,694
Praise,694
Jalani,694
Graycen,694
Valeska,693
Tela,693
Faithe,693
Valli,693
Lafonda,693
Orly,693
Siomara,693
Spirit,693
Liani,693
Mayeli,693
Malasia,693
Valkyrie,693
Inayah,693
Kloee,693
Grady,692
Denette,692
Leandrea,692
Corri,692
Misa,692
Ashby,692
Cypress,692
Kaelie,692
Atalia,692
Inis,691
Telia,691
Trecia,691
Sherrilyn,691
Lyana,691
Shaquanda,691
Irlanda,691
Luellen,690
Dorma,690
Latrece,690
Makensie,690
Maddilynn,690
Floye,689
Dorita,689
Gerilyn,689
Jorge,689
Allicia,689
Shauntae,689
Dua,689
Kaiah,689
Aurore,688
Versa,688
Enedelia,688
Chrissa,688
Diondra,688
Jone,687
Taysha,687
Fionna,687
Quanesha,687
Kalley,687
Dariela,687
Aiva,687
Providence,686
Raynette,686
Lyza,686
Jadeyn,686
Tameria,685
Alicyn,685
Alisyn,685
Asusena,685
Elysha,685
Shaley,685
Jalessa,685
Railey,685
Tonnie,684
Latonja,684
Secret,684
Kensi,684
Dajanae,684
Zhavia,684
Jerlean,683
Marybel,683
Jackson,683
Bonnita,683
Jeannene,683
Aryan,683
Adryanna,683
Makennah,683
Rubbie,682
Rifka,682
Andrina,682
Neyda,682
Megen,682
Lateshia,682
Mairin,682
Kourtnee,682
Jakeria,682
Mayci,682
Maison,682
Elliotte,682
Wrenley,682
Eufemia,681
Farida,681
Maeva,681
Rosiland,681
Kesia,681
Taralyn,681
Greyson,681
Aurianna,681
Anyiah,681
Haruko,680
Adalyne,680
Zahava,680
Daizy,680
Tasnim,680
Lariyah,680
Modena,679
Lesta,679
Gloriana,679
Salli,679
Sheela,679
Doni,679
Taria,679
Kahla,679
Shantavia,679
Royale,679
Kassey,679
Zuleima,679
Briasia,679
Leocadia,678
Sayde,678
Desaree,678
Loida,678
Su,678
Daneisha,678
Taylore,678
Noora,678
Vola,677
Jeannett,677
Ramie,677
Madalyne,677
Jannine,677
Lashun,677
Shawndra,677
Akila,677
Albany,677
Etna,676
Conception,676
Lynnda,676
Reana,676
Stepanie,676
Taiya,676
Blimy,676
Whitlee,676
Kensleigh,676
Sanna,675
Gaetana,675
Necia,675
Geraline,675
Rosenda,675
Damiana,675
Dietra,675
Kourtnie,675
Kaylor,675
Yailin,675
Zaylie,675
Edda,674
Queena,674
Rickey,674
Sandrea,674
Sherrye,674
Starlette,674
Annisa,674
Payal,674
Daesha,674
Shaliyah,674
Pearley,673
Willma,673
Mennie,673
Gilbert,673
Maryella,673
Trenda,673
Marketa,673
Linsay,673
Daytona,673
Maylen,673
Texie,672
Del,672
Madalynne,672
Lyndie,672
Tariah,672
Aalyah,672
Besse,671
Margit,671
Precilla,671
Claudene,671
Chavon,671
Lekesha,671
Kamber,671
Lakiya,671
Akari,671
Ajla,671
Gordon,670
Atlanta,670
Gean,670
Sarafina,670
Barbaraann,670
Tanae,670
Alaynna,670
Jadalyn,670
Lovenia,669
Floris,669
Matty,669
Lysandra,669
Djuana,669
Carrieann,669
Britain,669
Laiba,669
Annarose,668
Ivett,668
Terrah,668
Shakina,668
Jeremiah,668
Ailee,668
Iveth,668
Ziah,668
Ethlyn,667
Bobbette,667
Hally,667
Nichele,667
Tanzania,667
Nataya,667
Sapphira,667
Khara,667
Brieanne,667
Alyssah,667
Shamiyah,667
Caliana,667
Lyriq,667
Ellisyn,667
Florentine,666
Helon,666
Rayetta,666
Robyne,666
Tammye,666
Kelliann,666
Leea,666
Erik,666
Teasha,666
Xaviera,666
Jamesia,666
Nairobi,666
Briel,666
Analyse,666
Auriana,666
Davianna,666
Zelie,666
Lugene,665
Teretha,665
Sujey,665
Carlisha,665
Brithany,665
Aashna,665
Chaniya,665
Janayah,665
Verdia,664
Cammi,664
Diara,664
Brittanee,664
Mirabel,664
Monya,663
Tamora,663
Darbi,663
Nuria,663
Brandilyn,663
Tyrah,663
Nyia,663
Blaise,663
Farren,663
Emylee,663
Dulcemaria,663
Amyrah,663
Vester,662
Renia,662
Oralee,662
Mike,662
Kaylon,662
Rasha,662
Danay,662
Manar,662
Jalea,662
Ryland,662
Zionna,662
Ameliah,662
Valeta,661
Ambre,661
Lisseth,661
Syriah,661
Zyon,661
Bela,660
Jamilyn,660
Kortnee,660
Kileigh,660
Trystan,660
Ambrielle,660
Maddelyn,660
Threasa,659
Lean,659
Nura,659
Perel,659
Kateland,659
Osa,658
Will,658
Beauty,658
Carlissa,658
Natania,658
Kayra,658
Keionna,658
Payden,658
Eviana,658
Bert,657
Librada,657
Brigida,657
Nelwyn,657
Charlet,657
Sachiko,657
Jimi,657
Jessilyn,657
Myiesha,657
Meliah,657
Xia,657
Ashland,657
Maribella,657
Ayannah,657
Alaijah,657
Skylie,657
Jannice,656
Narda,656
Dawnette,656
Lareina,656
Quincey,656
Habiba,656
Korah,656
Lamaya,656
Quinlan,656
Tailyn,656
Alliana,656
Ruben,655
Charnell,655
Mala,655
Kammy,655
Ameria,655
Oliviah,655
Makalah,655
Avanell,654
Diamantina,654
Edelmira,654
Reiko,654
Sandria,654
Koreen,654
Sheria,654
Coralynn,654
Natalyn,654
Jeimy,654
Ayiana,654
Juel,653
Vangie,653
Annell,653
Kelleen,653
Kendahl,653
Derica,653
Meghna,653
Skyelar,653
Skai,653
Jenetta,652
Gae,652
Marquette,652
Sonnie,652
Elka,652
Yalanda,652
Rebeckah,652
Miri,652
Shontell,652
Donesha,652
Nabila,652
Griffin,652
Emina,652
Amye,651
Johann,651
Jacqulin,651
Falicia,651
Mychelle,651
Sarra,651
Altie,650
Laretta,650
Aleecia,650
Ngoc,650
Thanh,650
Analiz,650
Kaedyn,650
Jadalynn,650
Belvia,649
Viana,649
Sundra,649
Tresha,649
Timi,649
Catriona,649
Chi,649
Clarity,649
Jozlynn,649
Zaara,649
Orlena,648
Jocie,648
Ivan,648
Darina,648
Balinda,648
Sharia,648
Jonah,648
Sherica,648
Marleni,648
Abriel,648
Amariyah,648
Emile,647
Tauna,647
Angelynn,647
Sheli,647
Annessa,647
Crystalyn,647
Onika,647
Leina,647
Jalesa,647
Melida,646
Deshawna,646
Reanne,646
Emmanuela,646
Caelan,646
Hania,646
Laiyah,646
Zayleigh,646
Dorathea,645
Oliver,645
Sharise,645
Kea,645
Latishia,645
Berenise,645
Aubrei,645
Alajah,645
Quetzalli,645
Adamary,645
Zamiya,645
Ayelen,645
Robina,644
Dorothe,644
Emmajean,644
Jeanann,644
Chani,644
Amillia,644
Anaisha,644
Keniya,644
Auden,644
Roselin,643
Janece,643
Melenie,643
Jory,643
Corinn,643
Hera,643
Tamieka,643
Tempestt,643
Chardonnay,643
Jazel,643
Aryssa,643
Terriana,643
Jadin,643
Eliya,643
Notnamed,643
Izzy,643
Cornelius,642
Robie,642
Aleece,642
Cynda,642
Kendrea,642
Diem,642
Rihana,642
Miraya,642
Alayshia,642
Heloise,641
Henri,641
Marcille,641
De,641
Sativa,641
Isaiah,641
Ciani,641
Auri,641
Zuzanna,641
Emmagrace,641
Mayar,641
Emmalin,641
Columbia,640
Pasqualina,640
Daphna,640
Janan,640
Richa,640
Nyasha,640
Shelsea,640
Takeya,640
Avi,640
Tristian,640
Siham,640
Areanna,640
Kassidee,640
Imaan,640
Kenzington,640
Aashi,640
Seena,639
Landa,639
Anglia,639
Shalimar,639
Anecia,639
Jennipher,639
Maurissa,639
Hina,639
Safiyyah,639
Joshlynn,639
Yarelis,639
Jakelin,639
Pola,638
Andreia,638
Cicily,638
Prisilla,638
Shadonna,638
Terika,638
Tykeria,638
Ryli,638
Nataliya,638
Lillis,637
Annalea,637
Assata,637
Katee,637
Sadi,637
Judah,637
Amauri,637
Maniyah,637
Aliyanna,637
Erva,636
Lorrain,636
Lei,636
Sidnee,636
Maddy,636
Marshell,636
Shatia,636
Talynn,636
Raylen,636
Neita,635
Belma,635
Maurene,635
Ilena,635
Sharlee,635
Cheron,635
Rozlynn,635
Camri,635
Breaunna,635
Eriel,635
Kenza,635
Sydnei,635
Braylyn,635
Kyliee,635
Rylen,635
Dellie,634
Saadia,634
Sha,634
Joclyn,634
Korbyn,634
Aariyah,634
Valena,633
Gioia,633
Charm,633
Deni,633
Denelle,633
Timara,633
Yoanna,633
Amen,633
Maven,633
Khole,633
Aphrodite,632
Porter,632
Darilyn,632
Jillene,632
Tondra,632
Tawnia,632
Any,632
Mickenzie,632
Ellarose,632
Verneda,631
Janith,631
Suzzette,631
Shiree,631
Bethaney,631
Komal,631
Cashmere,631
Yeimi,631
Hadlie,631
Bee,630
Alexsa,630
Dacey,630
Aesha,630
Lessly,630
Analucia,630
Lelar,629
Adalene,629
Laurita,629
Ma,629
Dalana,629
Laketa,629
Kaja,629
Anndrea,629
Lakecia,629
Sabreena,629
Iana,629
Bradi,629
Naeemah,629
Kiernan,629
Shakeema,629
Bianey,629
Laia,629
Nalia,629
Jaslin,629
Lucca,629
Zera,628
Nadyne,628
Joesphine,628
Constantina,628
Tyna,628
Rechelle,628
Jonica,628
Tatia,628
Alania,628
Calina,628
Rhys,628
Amelya,628
Sylvester,627
Clovis,627
Nancey,627
Gael,627
Bridgitte,627
Aissa,627
Shakima,627
Halen,627
Gennesis,627
Zyanna,627
Murl,626
Saima,626
Clydia,626
Conchetta,626
Berit,626
Kammi,626
Malisha,626
Aleigh,626
Arihanna,626
Rosalea,625
Tywanna,625
Syrena,625
Kaileen,625
Amayrani,625
Raneem,625
Rahaf,625
Princella,624
Magdeline,624
Diania,624
Lynden,624
Noell,624
Noni,624
Shenell,624
Lizzet,624
Tykia,624
Shaylie,624
Jaiya,624
Jailyne,624
Esabella,624
Loula,623
Littie,623
Donalda,623
Francena,623
Adonna,623
Jamesetta,623
Tamy,623
Natanya,623
Crystina,623
Tiphanie,623
Sheana,623
Aletheia,623
Zury,623
Jensyn,623
Moya,622
Senna,622
Terilyn,622
Pascale,622
Talesha,622
Lyndsy,622
Caylen,622
Kalleigh,622
Aryonna,622
Shahd,622
Braylen,622
Topanga,622
Jailee,622
Marrie,621
Felix,621
Deatrice,621
Kriste,621
Charmin,621
Sharisse,621
Esmerelda,621
Zehra,621
Lovell,620
Shizuko,620
Mariadejesus,620
Shantrell,620
Kaylynne,620
Reagen,620
Ashna,620
Heily,620
Kamden,620
Atley,620
Rainee,619
Kaisa,619
Annica,619
Jordanne,619
Toriana,619
Ferol,618
Odetta,618
Sumiko,618
Sharlet,618
Delayne,618
Drena,618
Khristine,618
Sindi,618
Hollyann,618
Jennessa,618
Yanitza,618
Kesley,618
Akyra,618
Brinleigh,618
Emsley,618
Loyola,617
Alinda,617
Jerre,617
Cristela,617
Debborah,617
Nikola,617
Kashia,617
Lateefah,617
Cortnee,617
Hajar,617
Abree,617
Jamirah,617
Naidelyn,617
Maeleigh,617
Aniyla,617
Margaree,616
Murlene,616
Rosilyn,616
Laneisha,616
Nyema,616
Ajia,616
Jamyla,616
Krislynn,616
Taylah,616
Elzie,615
Milton,615
Athalia,615
Demia,615
Allysia,615
Pang,615
Caleb,615
Jerrika,615
Arizbeth,615
Bena,614
Tom,614
Renie,614
Patrecia,614
Nakya,614
Laurynn,614
Brecklyn,614
Brooksie,613
Olivea,613
Marianela,613
Angila,613
Demitra,613
Gianina,613
Batya,613
Tyneisha,613
Sharda,613
Noely,613
Arushi,613
Elesha,612
Saffron,612
Najla,612
Maygan,612
Anam,612
Trevor,611
Rainie,611
Kennya,611
Jasmeen,611
Armonie,611
Chessie,610
Verlinda,610
Janielle,610
Chrislyn,610
Dominika,610
Caleah,610
Sharayah,610
Adalind,610
Lyndall,609
Carine,609
Cricket,609
Shaunice,609
Aleiah,609
Shizue,608
Carlean,608
Daris,608
Francoise,608
Daena,608
Anicia,608
Neema,608
Porshia,608
Oumou,608
Anoushka,608
Isidra,607
Mar,607
Gayl,607
Lorriane,607
Myrah,607
Tanita,607
Lissett,607
Xochil,607
Natoya,607
Breezy,607
Tyresha,607
Whitnee,607
Corbin,607
Jasmen,607
Catlyn,607
Brailee,607
Mayleigh,607
Mabell,606
Valetta,606
Arma,606
Genette,606
Shylo,606
Tanasha,606
Shamica,606
Maheen,606
Tariyah,606
Aylani,606
Mana,605
Josefine,605
Dandra,605
Samina,605
Abena,605
Latasia,605
Taniqua,605
Eunique,605
Asley,605
Layal,605
Safiyah,605
Callahan,605
Kelise,605
Esmee,605
Alaiah,605
Advika,605
Sanda,604
Cindra,604
Anjelina,604
Alleigh,604
Evianna,604
Camya,604
Verba,603
Willo,603
Marvina,603
Kimerly,603
Raychelle,603
Kisa,603
Yashika,603
Reiley,603
Brianny,603
Amaira,603
Mame,602
Idabelle,602
Chevonne,602
Tandi,602
Symantha,602
Kellyanne,602
Sunita,602
Meka,602
Shequita,602
Matti,602
Kania,602
Schyler,602
Maleni,602
Ashari,602
Alvie,601
Odessia,601
Ruther,601
Earma,601
Billee,601
Emelina,601
Chesley,601
Morgana,601
Samanatha,601
Antwanette,601
Mirel,601
Arion,601
Aden,601
Mikaella,601
Khylie,601
Braylie,601
Meredyth,600
Genea,600
Dharma,600
Kennisha,600
Nuha,600
Jocelynne,600
Kaytie,600
Apollonia,599
Magdalyn,599
Primrose,599
Sharnell,599
Aneisha,599
Jasey,599
Hayat,599
Nataley,599
Abigaile,599
Meher,599
Zyaire,599
Margart,598
Sydell,598
Violett,598
Vesper,598
Marilena,598
Demitria,598
Delmy,598
Han,598
Yamilette,598
Elexa,598
Yanelis,598
Heydi,598
Sayler,598
Esty,598
Percy,597
Girtha,597
Odessie,597
Phylliss,597
Racine,597
Onna,597
Saran,597
Lanise,597
Keia,597
Tiffanee,597
Ashanta,597
Brittiny,597
Shelbee,597
Josseline,597
Amaiah,597
Ellenor,596
Madeliene,596
Rubina,596
Tunisia,596
Charlisa,596
Shada,596
Kasidy,596
Rafaella,596
Jermani,596
Makynlee,596
Helma,595
Jennett,595
Rivers,595
Marcheta,595
Lyllian,595
Rondi,595
Chrystina,595
Unity,595
Nakiah,595
Elizah,595
Zarria,595
Korri,594
Kendi,594
Tamari,594
Jalina,594
Kyera,594
Breya,594
Coraima,594
Eshaal,594
Artelia,593
Minnette,593
Eulene,593
Reeva,593
Burnell,593
Bobi,593
Roshell,593
Janica,593
Akela,593
Jamielynn,593
Naira,593
Amarachi,593
Zamaya,593
Marea,592
Haidee,592
Clayton,592
Sonal,592
Marisabel,592
Issa,592
Teyanna,592
Shyenne,592
Arta,591
Adra,591
Miyoko,591
Donell,591
Kimara,591
Belicia,591
Irais,591
Raelynne,591
Naina,591
Kayleah,591
Kenedy,591
Jasiah,591
Robena,590
Fernando,590
Dari,590
Etty,590
Karinna,590
Shamiah,590
Odyssey,590
Ailish,590
Jalah,590
Hannia,590
Sarenity,590
Dayani,590
Rhetta,589
Fontella,589
Mikal,589
Raechelle,589
Roshunda,589
Kristalyn,589
Camren,589
Aleea,589
Nathali,589
Isyss,589
Waynette,588
Ronelle,588
Cana,588
Tovah,588
Jaliya,588
Maysen,588
Riyan,588
Yola,587
Elishia,587
Langley,587
Zamara,587
Camrynn,587
Yarel,587
Lota,586
Gila,586
Jackalyn,586
Joani,586
Maresa,586
Tatanisha,586
Falynn,586
Skyleigh,586
Rylyn,586
Janeice,585
Barbi,585
Aneesha,585
Jakeline,585
Nabiha,585
Aalia,585
Grethel,584
Etheleen,584
Fayrene,584
Annora,584
Lynnell,584
Bibi,584
Ranisha,584
Natavia,584
Rheagan,584
Anum,584
Chiamaka,584
Jesslynn,584
Angelyna,584
Mckynzie,584
Jaydan,584
Gatha,583
Angelin,583
Sharone,583
Deatra,583
Tywana,583
Tammra,583
Xavia,583
Mercades,583
Izamar,583
Nyjah,583
Saloma,582
Letticia,582
Teria,582
Lisaann,582
Cydni,582
Kymberli,582
Madylin,582
Zyasia,582
Kemora,582
Mackie,581
Annia,581
Luciel,581
Marialuisa,581
Kindall,581
Nikiya,581
Elexia,581
Emilyann,581
Emmaly,581
Myanna,581
Zori,581
Iridian,581
Kemya,581
Equilla,580
Zanna,580
Sheralyn,580
Ericca,580
Brandalyn,580
Mariaisabel,580
Suraya,580
Delyla,580
Ikea,580
Jaidan,580
Matie,579
Pinkey,579
Levina,579
Capitola,579
Madgie,579
Fayette,579
Arietta,579
Chinyere,579
Lamesha,579
Ciji,579
Bao,579
Kaylinn,579
Mishka,579
Gusta,578
Daphene,578
Marchell,578
Karman,578
Brette,578
Marshae,578
Kanya,578
Huong,578
Evany,578
Hira,578
Ahmya,578
Harolyn,577
Shelle,577
Micole,577
Karimah,577
Ragen,577
Jihan,577
Alaisha,577
Jhoana,577
Maddalyn,577
Jerzie,577
Arrow,577
Dellar,576
Luise,576
Shirleyann,576
Johnita,576
Dannah,576
Alyxandria,576
Ashanty,576
Zanaya,576
Envy,576
Benny,575
Diva,575
Lourie,575
Tawney,575
Elonda,575
Camilia,575
Allysen,575
Nely,575
Ivania,575
Kaylana,575
Mattilyn,575
Atziri,575
Anagha,575
Kenzlie,575
Oneda,574
Rozetta,574
Ellin,574
Alura,574
Loreli,574
Chaundra,574
Shalana,574
Tomica,574
Tyneshia,574
Adanna,574
Deisi,574
Miana,574
Miyana,574
Aryia,574
Genora,573
Aina,573
Verlee,573
Cookie,573
Renne,573
Chrysta,573
Lanay,573
Kimbley,573
Shilpa,573
Dunia,573
Devika,573
Roneisha,573
Ceirra,573
Dalaney,573
Lular,572
Viona,572
Lua,572
Dene,572
Tonyia,572
Yer,572
Shalaya,572
Illyana,572
Sedonia,571
Jackquline,571
Tynia,571
Tiah,571
Teja,571
Dannika,571
Alixandria,571
Kailei,571
Zanya,571
Zilpha,570
Eleonor,570
Glenys,570
Latrelle,570
Vivi,570
Terrika,570
Annaka,570
Jazz,570
Keisy,570
Maylani,570
Sophya,570
Brissia,570
Gizella,569
Anetta,569
Berneda,569
Jenne,569
Rafael,569
Shelda,569
Darren,569
Meika,569
Tzivia,569
Tashika,569
Sadaf,569
Chanice,569
Jazmynn,569
Harini,569
Masyn,569
Dossie,568
Ardie,568
Genetta,568
Ladean,568
Justyne,568
Adrain,568
Jeneane,568
Idania,568
Jezabel,568
Charde,568
Iriana,568
Kiari,568
Corda,567
Persis,567
Elzora,567
Luevenia,567
Trilby,567
Bobbe,567
Wendell,567
Paz,567
Donice,567
Renette,567
Sheran,567
Chery,567
Brent,567
Veena,567
Tamila,567
Anjela,567
Zandria,567
Shontay,567
Yuliza,567
Zemira,567
Sherrita,566
Anina,566
Terran,566
Ariele,566
Luisana,566
Gissele,566
Sriya,566
Perlie,565
Cuba,565
Relda,565
Madalin,565
Mitsuko,565
Donis,565
Gayleen,565
Drenda,565
Toyia,565
Terena,565
Danee,565
Tinika,565
Kenyada,565
Munira,565
Kadija,565
Airiana,565
Dariyah,565
Zayah,565
Gaila,564
Arleigh,564
Duana,564
Pixie,564
Dinorah,564
Meighan,564
Megumi,564
Nayana,564
Zophia,564
Sister,563
Darlynn,563
Tanishia,563
Tashauna,563
Logann,563
Dayton,563
Citlally,563
Vaeda,563
Wallace,562
Ita,562
Cira,562
Maribell,562
Merinda,562
Micky,562
Cherrish,562
Jelani,562
Sabreen,562
Titiana,562
Ceaira,562
Victorya,562
Sofi,562
Cleva,561
Zeola,561
Percilla,561
Glennda,561
Tramaine,561
Brinn,561
Kalysta,561
Darion,561
Arsema,561
Enna,560
Zela,560
Patsie,560
Galen,560
Lannette,560
Taran,560
Mahealani,560
Adama,560
Takyra,560
Kaylena,560
Ritika,560
Miasia,560
Najae,560
Sarayu,560
Wilna,559
Gilberta,559
Tenna,559
Jil,559
Leaha,559
Shawnie,559
Nivia,559
Glynnis,559
Keeva,559
Lakesia,559
Abeer,559
Tarynn,559
Yen,559
Tran,559
Ashleen,559
Alliah,559
Mckynlee,559
Velna,558
Manuella,558
Derrica,558
Cybil,558
Jessicca,558
Teneshia,558
Sivan,558
Aira,558
Nalleli,558
Sundus,558
Jayah,558
Damani,558
Cozetta,557
Rosary,557
Rusty,557
Davette,557
Tiauna,557
Jessia,557
Linzi,557
Gabryelle,557
Azriel,557
Alinah,557
Arah,556
Eleen,556
Lorrene,556
Arcadia,556
Joice,556
Cyndie,556
Cyd,556
Kennetha,556
Milca,556
Josee,556
Jaydee,556
Linzie,556
Kamrie,556
Virdie,555
Jennetta,555
Luba,555
Michon,555
Geanna,555
Chevon,555
Merisa,555
Abi,555
Azura,555
Mailee,555
Breannah,555
Riddhi,555
Mckaylee,555
Saydie,555
Jaretzy,555
Marlei,555
Voncille,554
Mayda,554
Marshelle,554
Terryn,554
Amorette,554
Taia,554
Ainslie,554
Lizzeth,554
Shaylen,554
Jadzia,554
Emanuela,553
Renell,553
Lynzi,553
Swayze,553
Hayes,553
Kemani,553
Mihika,553
Eastyn,553
Elianah,553
Olla,552
Arva,552
Wauneta,552
Feliciana,552
Dan,552
Loura,552
Lequita,552
Beckey,552
Lanea,552
Shalia,552
Tylia,552
Tylah,552
Zitlaly,552
Zoriah,552
Winry,552
Permelia,551
Donata,551
Vega,551
Maryclaire,551
Dewana,551
Neala,551
Genine,551
Sharene,551
Korrine,551
Kawanna,551
Kaysi,551
Mikka,551
Katera,551
Talor,551
Ellaina,551
Gurleen,551
Maniya,551
Ainara,551
Ardena,550
Beryle,550
Prince,550
Wanna,550
Arnold,550
Anni,550
Rika,550
Arista,550
Mitra,550
Evony,550
Sayla,550
Brianca,550
Marybell,549
Donelda,549
Ellanor,549
Ladora,549
Alydia,549
Beverlyn,549
Latresa,549
Shaneika,549
Kaelah,549
Katelyne,549
Getsemani,549
Lucetta,548
Robertha,548
Eileene,548
Wynelle,548
Sakeena,548
Kedra,548
Aimie,548
Cassandre,548
Ishita,548
Kenli,548
Nashla,548
Maleyah,548
Suhana,548
Blakeleigh,548
Mada,547
Dewey,547
Imagene,547
Maxwell,547
Panagiota,547
Shaleen,547
Syria,547
Quanita,547
Tywanda,547
Keirstin,547
Carrisa,547
Shalina,547
Jesi,547
Audreanna,547
Israa,547
Atiana,547
Keilly,547
Alany,547
Adelin,547
Jadynn,547
Sylvania,546
Carnell,546
Dorlene,546
Viviann,546
Sapna,546
Najwa,546
Havilah,546
Ashle,546
Tacara,546
Duaa,546
Havanna,546
Embry,546
Laren,545
Moria,545
Ariza,545
Lyvia,545
Solara,545
Philomene,544
Chiyoko,544
Jerolyn,544
Helana,544
Davi,544
Juliza,544
Marysa,544
Anjuli,544
Flannery,544
Brenae,544
Deaira,544
Aryel,544
Inessa,544
Zianna,544
Aliannah,544
Ottilia,543
Fronia,543
Mattye,543
Senia,543
Eather,543
Orlean,543
Cerena,543
Davetta,543
Jenene,543
Darcia,543
Nathania,543
Mehgan,543
Natallie,543
Monzerrat,543
Tapanga,543
Tyleah,543
Artha,542
Wylma,542
Ayako,542
Marvine,542
Soraida,542
Mayumi,542
Talicia,542
Chastidy,542
Feather,542
Raygen,542
Madai,542
Adryana,542
Shreeya,542
Kenlie,542
Kaedence,542
Marget,541
Kathyleen,541
Alese,541
Nani,541
Latrell,541
Dashawn,541
Tameshia,541
Shaena,541
Kyndell,541
Jalisha,541
Airianna,541
Paytin,541
Alayiah,541
Florice,540
Celestial,540
Joycelynn,540
Nitza,540
Tyronda,540
Domenique,540
Aleksa,540
Maddisen,540
Alexah,540
Marlinda,539
Lasondra,539
Korrin,539
Laniece,539
Turquoise,539
Jaelle,539
Jahniya,539
Kaydin,539
Nolia,538
Amma,538
Leoda,538
Glady,538
Marcile,538
Brigitta,538
Mirtha,538
Angi,538
Shunda,538
Titania,538
Ilaria,538
Shamaria,538
Brelyn,538
Lezly,538
Adali,538
Kenady,538
Emmalina,538
Jaiyana,538
Dillie,537
Elmyra,537
Lennis,537
Jerene,537
Kathlynn,537
Arlana,537
Elanie,537
Shaquan,537
Kylen,537
Yareni,537
Abelina,536
Genieve,536
Cherith,536
Renatta,536
Annel,536
Tashay,536
Shakila,536
Analis,536
Kaetlyn,536
Dayja,536
Janaiya,536
Jayliana,536
Zaylah,536
Adelie,536
Channie,535
Seraphine,535
Brookie,535
Cathryne,535
Tal,535
Latisa,535
Alika,535
Hadiyah,535
Brucha,535
Mercede,535
Nami,535
Saori,535
Avigayil,535
Alexyss,535
Yaslin,535
Aayla,535
Curley,534
Ramon,534
Charna,534
Mikell,534
Joylynn,534
Luke,534
Ieasha,534
Killian,534
Akshaya,534
Camiya,534
Syncere,534
Blessyn,534
Avanelle,533
Joyann,533
Miko,533
Sharifa,533
Samera,533
Biridiana,533
Zyonna,533
Bostyn,533
Dallie,532
Levada,532
Peace,532
Young,532
Marc,532
Dawana,532
Kimbery,532
Nyisha,532
Latorya,532
Liliann,532
Charlcie,531
Maybelline,531
Kimberlea,531
Brittainy,531
Tylynn,531
Jupiter,531
Almedia,530
Leeta,530
Mauricia,530
Merlinda,530
Ellana,530
Janalyn,530
Stephnie,530
Khristian,530
Anjana,530
Yanna,530
Kearsten,530
Khori,530
Manie,529
Rosabel,529
Elgie,529
Farris,529
Claudina,529
Zane,529
Lynnetta,529
Janique,529
Riane,529
Mirka,529
Brayla,529
Scarleth,529
Aasiyah,529
Brenlee,529
Marzella,528
Ellinor,528
Doree,528
Jesselyn,528
Steffi,528
Porchia,528
Cerina,528
Denika,528
Keneisha,528
Alexiss,528
Cieara,528
Ellory,528
Keyri,528
Debanhi,528
Syniah,528
Owen,527
Myria,527
Terrence,527
Shannyn,527
Darnesha,527
Sareena,527
Elyzabeth,527
Deema,527
Yakelin,527
Makailah,527
Aloni,527
Anvika,527
Vila,526
Lavergne,526
Quintella,526
Dawnelle,526
Elecia,526
Christle,526
Modesty,526
Shandell,526
Ronika,526
Maayan,526
Loghan,526
Elita,525
Amory,525
Iraida,525
Larinda,525
Tanyia,525
Letecia,525
Chaquita,525
Taneesha,525
Katiria,525
Monay,525
Kayln,525
Rishika,525
Ziona,525
Miamor,525
Maryln,524
Ioanna,524
Frimet,524
Natilee,524
Jasia,524
Myrka,524
Hendrix,524
Pearla,523
Norris,523
Kathleene,523
Maryana,523
Clancy,523
Karna,523
Teala,523
Sharena,523
Torrance,523
Carisma,523
Harmoney,523
Iyanah,523
Zaila,523
Heiress,523
Ermine,522
Ramonita,522
Raeleen,522
Scherry,522
Jerra,522
Sarika,522
Rossy,522
Jazzmyne,522
Brennah,522
Dalyla,522
Vanellope,522
Verle,521
Thelda,521
Fernande,521
Bernadean,521
Stacye,521
Goddess,521
Judit,521
Krystie,521
Latora,521
Breahna,521
Kellsie,521
Vidhi,521
Ainsleigh,521
Dorothie,520
Rica,520
Leane,520
Machell,520
Montoya,520
Damarys,520
Ayumi,520
Lanessa,520
Akua,520
Shaquilla,520
Kennadee,520
Blakelynn,520
Wilhelmine,519
Fanchon,519
Leetta,519
Bradie,519
Fancy,519
Kindle,519
Liat,519
Tyara,519
Lakeia,519
Janesha,519
Dhara,519
Defne,519
Alanni,519
Jesiah,519
Cecillia,518
Seretha,518
Ailsa,518
Aprille,518
Darcee,518
Raissa,518
Kerrianne,518
Yaira,518
Kynlie,518
Zoa,517
Floyce,517
Lenice,517
Venna,517
Natalina,517
Patra,517
Janny,517
Leshia,517
Camia,517
Aisa,517
Champagne,517
Jaysa,517
Ankita,517
Makylah,517
Harlowe,517
Clemence,516
Hyla,516
Daylene,516
Salima,516
Amery,516
Imoni,516
Elianny,516
Daleysa,516
Jorene,515
Luan,515
Elyn,515
Ltanya,515
Stephanee,515
Chantae,515
Rainbow,515
Lien,515
Nafisa,515
Abegail,515
Allysha,515
Eliot,515
Mckennah,515
Rhylie,515
Clelia,514
Alie,514
Isidora,514
Arlynn,514
Wallis,514
Jodine,514
Mendi,514
Mone,514
Quin,514
Meggie,514
Banesa,514
Erielle,514
Athziri,514
Amarissa,514
Jaleyah,514
Vessie,513
Murriel,513
Everlean,513
Athanasia,513
Vana,513
Josetta,513
Carlyon,513
Brighid,513
Meleny,513
Annasophia,513
Zurisadai,513
Semira,513
Tahiry,513
Callia,513
Amariya,513
Collen,512
Genene,512
Rochele,512
Chavonne,512
Lashan,512
Aparna,512
Taysia,512
Estefanie,512
Alayia,512
Hafsah,512
Acelyn,512
Harbor,512
Ellar,511
Iantha,511
Elese,511
Atlas,511
Gray,511
Magalene,511
Gerianne,511
Scotti,511
Angla,511
Afia,511
Yashira,511
Yuriana,511
Ashira,511
Kayloni,511
Bryar,511
Jeniyah,511
Forest,510
Otila,510
Nela,510
Doralee,510
Kenny,510
Shelah,510
Shelagh,510
Darra,510
Jenel,510
Denay,510
Kalilah,510
Akiya,510
Gauri,510
Shatoria,510
Camber,510
Analyssa,510
Nehemiah,510
Phoenyx,510
Livi,510
Niylah,510
Adna,509
Jenney,509
Tally,509
Monic,509
Lashanta,509
Auna,509
Amberleigh,509
Emiyah,509
Zemirah,509
Emilynn,509
Ellyanna,509
Else,508
Ura,508
Orva,508
Arna,508
Zephyr,508
Chauncey,508
Marlyce,508
Elizabethann,508
Jonda,508
Shermaine,508
Jeniece,508
Marija,508
Teneka,508
Shakeena,508
Nikeya,508
Kayte,508
Areej,508
Kiaira,508
Aeva,508
Byrdie,507
Elon,507
Patsey,507
Truth,507
Judee,507
Shareese,507
Lizandra,507
Tehani,507
Dalya,507
Diamon,507
Anastasiya,507
Nayah,507
Yatziry,507
Aashvi,507
Pluma,506
Oral,506
Inda,506
Cyrilla,506
Wenonah,506
Karene,506
Adrena,506
Marguita,506
Darcell,506
Jennifier,506
Graziella,506
Shenequa,506
Kimia,506
Colbi,506
Indica,506
Yaire,506
Danyla,506
Mazikeen,506
Mannie,505
Allyne,505
Coretha,505
Monita,505
Janne,505
Letricia,505
Gini,505
Kandee,505
Terriann,505
Jannel,505
Latecia,505
Clairissa,505
Emillie,505
Cole,505
Tayanna,505
Sumaiya,505
Husna,505
Savilla,504
Aldora,504
Barri,504
Sandhya,504
Shayleen,504
Rakia,504
Kayonna,504
Aryiah,504
Zanyah,504
Jaylanie,504
Aizah,504
Eilleen,503
Wylie,503
Katrinka,503
Liann,503
Latrica,503
Elanna,503
Binta,503
Kariana,503
Aryelle,503
Mianna,503
Myana,503
Kamren,503
Solei,503
Saryah,503
Anona,502
Luretha,502
Toinette,502
Quanda,502
Mitchelle,502
Philicia,502
Sabre,502
Danea,502
Sharissa,502
Kerissa,502
Yulia,502
Nayelie,502
Rayn,502
Yzabella,502
Soliana,502
Edina,501
Melessa,501
Natarsha,501
Shereka,501
Chelby,501
Kamil,501
Tien,501
Netanya,501
Nikolette,501
Alyia,501
Avry,501
Mahlia,501
Melayna,501
Pressley,501
Meyah,501
Litzi,501
Aveah,501
Kristee,500
Briget,500
Niema,500
Meosha,500
Liara,500
Tatiyanna,500
Legaci,500
Lotta,499
Zonia,499
Mardella,499
Esperansa,499
Zeena,499
Pedro,499
Lesslie,499
Maylynn,499
Maila,499
Courtny,499
Evin,499
Layana,499
Shaleah,499
Shyloh,499
Jaira,499
Malaysha,499
Graycee,499
Bama,498
Lodema,498
Tallie,498
Ledora,498
Marvene,498
Maxene,498
Gwendlyn,498
Ayse,498
Latania,498
Pasha,498
Anabela,498
Timesha,498
Janissa,498
Menucha,498
Navia,498
Shanyia,498
Naylah,498
Ariyonna,498
Miliani,498
Clotilda,497
Harrietta,497
Leida,497
Meshell,497
Jozette,497
Shronda,497
Chauntel,497
Tylisha,497
Yezenia,497
Keiley,497
Sitara,497
Kambry,497
Caelynn,497
Riyah,497
Celie,496
Birda,496
Nobie,496
Virgene,496
Jimmye,496
Orion,496
Nastasia,496
Lucky,496
Sheldon,496
Carianne,496
Lachandra,496
Maghan,496
Soren,496
Shellby,496
Elyssia,496
Annaly,496
Arantxa,496
Bryelle,496
Avree,496
Zarya,496
Damaya,496
Ivyanna,496
Steffie,495
Audery,495
Hillery,495
Seth,495
Shawntell,495
Sabah,495
Ambur,495
Sahira,495
Breyona,495
Maiyah,495
Caiden,495
Dela,494
Ginelle,494
Kyndle,494
Liliya,494
Peyten,494
Riona,494
Avri,494
Zoelle,494
Bralynn,494
Rhyleigh,494
Xandra,493
Waleska,493
Shanie,493
Shannell,493
Angelis,493
Jazaria,493
Emberleigh,493
Everlie,493
Katherene,492
Montine,492
Florita,492
Alfreida,492
Tresia,492
Samanthia,492
Brazil,492
Sheily,492
Azaleah,492
Lear,491
Levonia,491
Rosemond,491
Rozelle,491
Kathrynn,491
Dorianne,491
Maggy,491
Ijeoma,491
Gwenivere,491
Jamilia,491
Tabytha,491
Yosselin,491
Kynley,491
Geneve,490
Romie,490
Pecolia,490
Syliva,490
Ely,490
Inna,490
Latitia,490
Mishell,490
Shazia,490
Mickaela,490
Emaly,490
Sakari,490
Lazaria,490
Jazlyne,490
Angelly,490
Ryla,490
Birdia,489
Charlott,489
Colletta,489
Annella,489
Dondra,489
Jinger,489
Katrinia,489
Telicia,489
Shantee,489
Girl,489
Niyla,489
Elizabella,489
Louellen,488
Joycie,488
Fredna,488
Verlyn,488
Rozena,488
Juanice,488
Dariel,488
Daphane,488
Carletha,488
Yvonnie,488
Char,488
Fabienne,488
Javier,488
Lisett,488
Jumana,488
Sequoya,488
Nadiah,488
Uniqua,488
Jazzmen,488
Aleysha,488
Merary,488
Nayelly,488
Leeya,488
Elleigh,488
Casimira,487
Leverne,487
Lesleigh,487
Mindie,487
Amyjo,487
Yancy,487
Lucas,487
Lizmarie,487
Anelise,487
Allayna,487
Shailee,487
Karrigan,487
Aaria,487
Kaida,487
Quinley,487
Fannye,486
Glada,486
Margareta,486
Geraldyne,486
Elleanor,486
Chancey,486
Jobeth,486
Mindee,486
Ellissa,486
Mariadelcarmen,486
Anila,486
Kimari,486
Calah,486
Jassmine,486
Maddi,486
Emmelyn,486
Adore,486
Moxie,486
Malissia,485
Irean,485
Joeanna,485
Vern,485
Epifania,485
Gari,485
Penne,485
Digna,485
Marykathryn,485
Latrenda,485
Brandye,485
Kellan,485
Shaneice,485
Ambrea,485
Neah,485
Nastassja,485
Taylour,485
Maleny,485
Shruthi,485
Ailynn,485
Reggie,484
Morris,484
Terrye,484
Lenny,484
Denean,484
Lanai,484
Rolonda,484
Contina,484
Tiandra,484
Yliana,484
Kiele,484
Samiha,484
Sumayah,484
Tymber,484
Krystian,484
Guiliana,484
Lynleigh,484
Gerldine,483
Patria,483
Michalene,483
Raul,483
Sun,483
Dorenda,483
Corlis,483
Lezlee,483
Jennilee,483
Cyntia,483
Selenia,483
Konstantina,483
Giulietta,483
Dashawna,483
Kealani,483
Calysta,483
Sophi,483
Maimouna,483
Nezzie,482
Maudell,482
Bernadene,482
Juanda,482
Gwyndolyn,482
Annastacia,482
Kaneesha,482
Kierstan,482
Adaeze,482
Jameisha,482
Talon,482
Alyissa,482
Yeimy,482
Alexya,482
Jeniah,482
Naylani,482
Jream,482
Eller,481
Adelaine,481
Glorianna,481
Hector,481
Aprile,481
Mechell,481
Kamarie,481
Mallery,481
Alinna,481
Leilana,481
Brittyn,481
Kenly,481
Emya,481
Amour,481
Azuri,481
Yvetta,480
Eliane,480
Lenee,480
Kendy,480
Deepa,480
Lashaundra,480
Lameka,480
Suha,480
Lashayla,480
Tashiana,480
Arwyn,480
Keilee,480
Bintou,480
Aiya,480
Demiyah,480
Danne,479
Charlese,479
Eydie,479
Collin,479
Sonni,479
Kirstan,479
Callen,479
Kailan,479
Maryama,479
Sarayah,479
Janyiah,479
Bentleigh,479
Katye,478
Alee,478
Rosalene,478
Nesha,478
Teesha,478
Aricka,478
Artisha,478
Lasheena,478
Mikhaila,478
Nissi,478
Tiahna,478
Imara,478
Laykin,478
Karys,478
Dakayla,478
Jayli,478
Margaretha,477
Crissie,477
Trella,477
Severa,477
Yukiko,477
Nelta,477
Tyanne,477
Araina,477
Jamea,477
Ngozi,477
Dallana,477
Chavy,477
Cymone,477
Yazmeen,477
Etter,476
Vivia,476
Meribeth,476
Denitra,476
Daneille,476
Bahar,476
Jenah,476
Deziray,476
Hadyn,476
Madilynne,476
Chrisette,476
Carmine,475
Aurelie,475
Lus,475
Astra,475
Trisa,475
Trenise,475
Angeleah,475
Atlantis,475
Eira,475
Kashmir,475
Afnan,475
Deija,475
Estephania,475
Alexiah,475
Khamari,475
Nishka,475
Cing,475
Gita,474
Jolynne,474
Chela,474
Alacia,474
Brigett,474
Monigue,474
Milka,474
Marquis,474
Latika,474
Tajanae,474
Media,473
Zillah,473
Laurence,473
Clarabell,473
Etheline,473
Berneta,473
Charmian,473
Marlyne,473
Jenita,473
Angell,473
Jett,473
Shavone,473
Makesha,473
Shantrice,473
Halimah,473
Yovana,473
Bergen,473
Shaira,473
Kyliegh,473
Fatuma,473
Ramiah,473
Aleiyah,473
Samaiya,473
Paytyn,473
Maylie,473
Kenslie,473
Ariany,473
Glenora,472
Ofilia,472
Farrell,472
Zondra,472
Ronny,472
Lynett,472
Leslieann,472
Anesia,472
Jillianne,472
Arynn,472
Torianna,472
Kadiatou,472
Jersie,472
Rogue,472
Cloteal,471
Mellany,471
Reann,471
Charnelle,471
Akina,471
Jamielee,471
Marquesha,471
Jennalyn,471
Zyanya,471
Jalin,471
Daejah,471
Meryem,471
Davionna,471
Alaila,471
Kaleyah,471
Catalaya,471
Ruie,470
Guy,470
Elynor,470
Tomie,470
Yoko,470
Denetra,470
Alandria,470
Yahira,470
Cache,470
Mikaya,470
Oaklie,470
Leland,469
Irmgard,469
Gearldean,469
Perl,469
Glori,469
Chiffon,469
Rahel,469
Helina,469
Aviance,469
Anaid,469
Evee,469
Eliany,469
Sophy,468
Yolando,468
Atlee,468
Noralee,468
Chera,468
Amita,468
Maressa,468
Kyri,468
Nefertari,468
Raini,468
Bay,468
Yui,468
Janeli,468
Naysa,468
Tyliyah,468
Ben,467
Rolande,467
Marice,467
Sueanne,467
Ksenia,467
Shenise,467
Courtnay,467
Hoda,467
Lanika,467
Keria,467
Mysha,467
Tiarah,467
Blaze,467
Vianka,467
Blakley,467
Hadia,467
Gabrianna,467
Dariah,467
Kaylanie,467
Meila,467
Faithlynn,467
Braleigh,467
Eldana,467
Exa,466
Mertis,466
Edlyn,466
Daphanie,466
Lotoya,466
Mahina,466
Reyanna,466
Blayne,466
Yennifer,466
Akirah,466
Rielle,466
Naylea,466
Sole,466
Graceyn,466
Dalylah,466
Christell,465
Carlen,465
Venise,465
Dante,465
Sharai,465
Jissel,465
Mahira,465
Eniya,465
Kaniah,465
Daila,465
Makaiya,465
Anabia,465
Lockie,464
Ellanora,464
Lonita,464
Mirah,464
Jomarie,464
Parrish,464
Indi,464
Chaunte,464
Latresha,464
Nikesha,464
Marquia,464
Johnisha,464
Ranesha,464
Cassidie,464
Cylie,464
Maleya,464
Anaia,464
Alishba,464
Myron,463
Arnetha,463
Tiwana,463
Kurstin,463
Keelee,463
Jadira,463
Rickia,463
Daniah,463
Alainah,463
Girlie,462
Gerline,462
Normajean,462
Dwayne,462
Rolinda,462
Sueellen,462
Tanda,462
Anesa,462
Shanley,462
Shaquetta,462
Kaly,462
Iyona,462
Glendy,462
Caela,462
Dyllan,462
Keyasia,462
Akiyah,462
Nykeria,462
Hailyn,462
Adalena,462
Camora,462
Climmie,461
Ruba,461
Taj,461
Zoraya,461
Jenalee,461
Cerissa,461
Tiaira,461
Nur,461
Chisom,461
Ysabelle,461
Ariani,461
Bernyce,460
Dorise,460
Teresea,460
Maricel,460
Martinique,460
Jakara,460
Keshawna,460
Ambree,460
Avneet,460
Haruka,460
Kharma,460
Wyoma,459
Claudean,459
Von,459
Carron,459
Marisella,459
Shandrea,459
Fradel,459
Keani,459
Mansi,459
Megyn,459
Jakhia,459
Magaret,458
Sharmon,458
Leaann,458
Dodi,458
Windi,458
Jamella,458
Surina,458
Lama,458
Kaity,458
Tahani,458
Emmalea,458
Berkleigh,458
Avagrace,458
Lowanda,457
Sharra,457
Kalisa,457
Camesha,457
Baylea,457
Camrie,457
Marionna,457
Amarianna,457
Americus,457
Rylinn,457
Ileene,456
Jullie,456
Omar,456
Cala,456
Korena,456
Jamille,456
Korynn,456
Shiquita,456
Shadow,456
Shakela,456
Zulay,456
Tylor,456
Atziry,456
Estel,455
Aylene,455
Guyla,455
Juliene,455
Karlin,455
Geralynn,455
Kasaundra,455
Tashi,455
Ashiya,455
Tram,455
Bre,455
Sanam,455
Karianna,455
Tiasia,455
Briceida,455
Heavenleigh,455
Berlynn,455
Ayanah,455
Aamiyah,455
Dhriti,455
Livie,454
Marney,454
Tamitha,454
Natoshia,454
Hanh,454
Riah,454
Emilea,454
Yanelli,454
Saachi,454
Maizey,454
Nayelis,454
Elloise,453
Verlean,453
Leesha,453
Yaminah,453
Yuvia,453
Breindy,453
Kyndel,453
Braya,453
Shariyah,453
Ahmani,453
Aishani,453
Eliyana,453
Zyriah,453
Bellah,453
Zenna,452
Selinda,452
Lasonja,452
Teshia,452
Garrett,452
Deandre,452
Karessa,452
Kaneshia,452
Jaelene,452
Zykia,452
Jennavieve,452
Ziara,452
Presli,452
Jahnae,452
Kerigan,452
Alexiana,452
Kynnedy,452
Raeya,452
Marieta,451
Wilberta,451
Janeane,451
Mellody,451
Kerensa,451
Monee,451
Mystique,451
Alysen,451
Yomaira,451
Marlenne,451
Maily,451
Abrar,451
Khiara,451
Abbygayle,451
Saliyah,451
Noemie,450
Veatrice,450
Mery,450
Carolena,450
Latrecia,450
Aracelia,450
Ranita,450
Lasonia,450
Nakeshia,450
Hong,450
Nyeisha,450
Sintia,450
Teyonna,450
Kamrin,450
Hailley,450
Kemari,450
Avory,450
Malissie,449
Jessye,449
Joaquina,449
Willine,449
Devera,449
Dianah,449
Tava,449
Graceanne,449
Sebrena,449
Rosaisela,449
Nachelle,449
Ericia,449
Brionne,449
Jalee,449
Jakya,449
Alizee,449
Jalaysia,449
Ireta,448
Jodean,448
Nadina,448
Elisse,448
Angelicia,448
Ariann,448
Artavia,448
Charlea,448
Lakira,448
Trianna,448
Amir,448
Kiahna,448
Tanijah,448
Raeghan,448
Aissata,448
Samayah,448
Kaidance,448
Henryetta,447
Lulla,447
Alberto,447
Bonney,447
Avila,447
Perrin,447
Genessa,447
Dezerae,447
Tzirel,447
Yudith,447
Fariha,447
Shaelee,447
Annali,447
Gimena,447
Aaminah,447
Aariana,447
Mintie,446
Jess,446
Correne,446
Chrisann,446
Bridgid,446
Sherena,446
Jeena,446
Reshma,446
Lateesha,446
Makisha,446
Briaunna,446
Kamree,446
Tekla,445
Mercie,445
Maeola,445
Robbye,445
Desma,445
Sheilla,445
Ludivina,445
Hollye,445
Joia,445
Donnisha,445
Analaura,445
Krystalyn,445
Callyn,445
Caylyn,445
Zuly,445
Emmelia,445
Ziana,445
Anapaula,445
Cianni,445
Katalyna,445
Pranavi,445
Andres,444
Dwanna,444
Cece,444
Viveca,444
Yeni,444
Hannan,444
Kariah,444
Shaianne,444
Chidera,444
Mckinnley,444
Mailey,444
Letizia,443
Debie,443
Masha,443
Alenna,443
Nasha,443
Trinh,443
Andreah,443
Dannica,443
Kiyara,443
Danely,443
Aydan,443
Marvelle,442
Argentina,442
Raphaela,442
Arlo,442
Linde,442
Asucena,442
Sharaya,442
Tulsi,442
Kenzee,442
Tehilla,442
Mkayla,442
Hadasa,442
Luvina,441
Vadie,441
Aster,441
Lavanda,441
Dedria,441
Lovette,441
Shalane,441
Sameerah,441
Sequoyah,441
Jericka,441
Dynasti,441
Paeton,441
Shanyah,441
Vibha,441
Keilana,441
Graycie,441
Jasiyah,441
Beuna,440
Lalah,440
Dera,440
Marysue,440
Roanna,440
Raynee,440
Colin,440
Aymee,440
Derika,440
Vanisha,440
Kayse,440
Rheannon,440
Seaira,440
Luka,440
Lilya,440
Giavana,440
Mahika,440
Liviana,440
Yaeko,439
Magaline,439
Kelleigh,439
Lateasha,439
Shauntay,439
Ivori,439
Nasia,439
Kellsey,439
Aleesia,439
Dajia,439
Anuhea,439
Mannat,439
Hudsyn,439
Arena,438
Reine,438
Marceil,438
Benetta,438
Mera,438
Raymona,438
Sarha,438
Lindia,438
Enza,438
Sheina,438
Tashanna,438
Kamika,438
Jennika,438
Jemimah,438
Alin,438
Lamees,438
Aaliyha,438
Rakiyah,438
Ethyle,437
Donnabelle,437
Julina,437
Marillyn,437
Marja,437
Deonne,437
Alyn,437
Tristina,437
Aarti,437
Jonisha,437
Fraida,437
Cayli,437
Myleah,437
Mashayla,437
Ndeye,437
Rada,436
Clifton,436
Tila,436
Coni,436
Lorra,436
Larina,436
Krisann,436
Brandyn,436
Brodie,436
Kyonna,436
Arien,436
Ayaka,436
Jewelia,436
Marycruz,436
Kaloni,436
Mayce,436
Saydi,436
Daisia,436
Makynna,436
Eleyna,436
Annslee,436
Amorah,436
Velora,435
Tyne,435
Luther,435
Imojean,435
Derinda,435
Dawanna,435
Charese,435
Shawnice,435
Shakema,435
Kabrina,435
Samora,435
Kiauna,435
Breianna,435
Shiane,435
Aubreanna,435
Mulan,435
Remedy,435
Tomasina,434
Sharma,434
Sheliah,434
Roxi,434
Valecia,434
Dalina,434
Vidya,434
Charish,434
Crosby,434
Leydi,434
Mikiah,434
Kayah,434
Emmely,434
Miyanna,434
Keidy,434
Giannah,434
Meela,434
Kherington,434
Ivery,433
Berdine,433
Ladell,433
Clinton,433
Grabiela,433
Priscillia,433
Charlita,433
Darnetta,433
Kimbely,433
Cherrell,433
Eduardo,433
Stavroula,433
Taura,433
Shaneeka,433
Kameelah,433
Laquasha,433
Destyne,433
Tylie,433
Mikiyah,433
Blessin,433
Dilynn,433
Maelie,433
Milliana,433
Fleda,432
Mel,432
Clydene,432
Genita,432
Nazaria,432
Lynde,432
Taresa,432
Charee,432
Lissete,432
Meeka,432
Taralynn,432
Laquandra,432
Jessyka,432
Tashayla,432
Mahima,432
Baylei,432
Breelynn,432
Kailany,432
Beadie,431
Valeda,431
Babara,431
Aundra,431
Sherine,431
Arlisa,431
Sita,431
Sendy,431
Merrick,431
Sharanda,431
Shenelle,431
Elycia,431
Claritza,431
Maika,431
Kendrah,431
Chessa,431
Calise,431
Mily,431
Quinlyn,431
Rifky,431
Isabeau,431
Justis,431
Amori,431
Zamiah,431
Lanyah,431
Aiyla,431
Asenath,430
Ladena,430
Cissy,430
Dineen,430
Starlynn,430
Joei,430
Teneisha,430
Baleria,430
Janneth,430
Sonam,430
Kayly,430
Calynn,430
Labria,430
Avaree,430
Rinoa,430
Averly,430
Lurena,429
Loetta,429
Levon,429
Addeline,429
Letrice,429
Roxan,429
Keyna,429
Lashonna,429
Charelle,429
Aubrea,429
Mersadies,429
Khaila,429
Kriti,429
Averey,429
Iyannah,429
Anvita,429
Cattaleya,429
Cena,428
Orie,428
Mearl,428
Costella,428
Lajune,428
Karia,428
Arienne,428
Yamilett,428
Analilia,428
Kelyn,428
Areana,428
Angeliz,428
Makyia,428
Zamari,428
Jayani,428
Josslynn,428
Hayzel,428
Opha,427
Mazzie,427
Druscilla,427
Sarahjane,427
Samra,427
Liisa,427
Kella,427
Jonique,427
Byanca,427
Daley,427
Deaja,427
Aqsa,427
Jakiah,427
Makinlee,427
Deniyah,427
Avarose,427
Nalaya,427
Remonia,426
Laqueta,426
Diannia,426
Tedi,426
Denys,426
Azusena,426
Shina,426
Quintessa,426
Loan,426
Kerstyn,426
Bethlehem,426
Dierra,426
Kaelan,426
Hayla,426
Tayonna,426
Avielle,426
Sussie,425
Maryon,425
Ardythe,425
Valjean,425
Deloria,425
Carilyn,425
Johnelle,425
Brendalee,425
Kellene,425
Lagina,425
Angy,425
Shelina,425
Kessa,425
Apple,425
Kevina,425
Renesha,425
Sharnice,425
Ruqayyah,425
Brinna,425
Damaria,425
Zitlali,425
Londen,425
Seriah,425
Ellyson,425
Jahnavi,425
Keilany,425
Georgian,424
Odelle,424
Merla,424
Terrilynn,424
Karmella,424
Moncia,424
Ashlyne,424
Zakira,424
Milee,424
Nalayah,424
Lorane,423
Juleen,423
Sheral,423
Lurdes,423
Anetra,423
Jahna,423
Tatjana,423
Kawanda,423
Shama,423
Kearston,423
Britanie,423
Prachi,423
Loriana,423
Kahli,423
Jackelyne,423
Caeley,423
Naziyah,423
Ellasyn,423
Congetta,422
Noble,422
Laverta,422
Julio,422
Jeani,422
Sharrell,422
Lahna,422
Stephaney,422
Jovonna,422
Krissie,422
Roshawn,422
Shabnam,422
Dereka,422
Kealy,422
Koree,422
Ha,422
Itzia,422
Shailynn,422
Clemencia,421
Foy,421
Walker,421
Bettyjean,421
Ivone,421
Lorre,421
Saudia,421
Nyana,421
Wafa,421
Lawson,421
Zakaria,421
Kaavya,421
Jaselle,421
Myangel,421
Anvitha,421
Meliyah,421
Laelah,421
Everest,421
Brynnleigh,421
Rooney,421
Olie,420
Dasie,420
Lovena,420
Alvenia,420
Bobie,420
Landra,420
Terrina,420
Shevon,420
Marlissa,420
Crissa,420
Tamicka,420
Monesha,420
Bradleigh,420
Mirielle,420
Alitza,420
Caelin,420
Forever,420
Jaelee,420
Brylynn,420
Rosaly,419
Sherria,419
Bretta,419
Denell,419
Chantele,419
Yasemin,419
Lashona,419
Gaelle,419
Shian,419
Machaela,419
Cadee,419
Mykaila,419
Allure,419
Lilyrose,419
Aziya,419
Thaily,419
Ovella,418
Armelia,418
Wanza,418
Marella,418
Claressa,418
Gemini,418
Takeshia,418
Rei,418
Sugey,418
Toree,418
Corynne,418
Ashliegh,418
Nakira,418
Rudi,418
Charnae,418
Krystiana,418
Rhyann,418
Danelly,418
Asani,418
Emri,418
Eliette,418
Hellon,417
Glynn,417
Anah,417
Kristia,417
Galia,417
Erick,417
Katasha,417
Kadesha,417
Jarah,417
Mckell,417
Jacara,417
Najee,417
Ashya,417
Shelsy,417
Zarriah,417
Weltha,416
Lova,416
Florina,416
Salley,416
Nelson,416
Carmilla,416
Nancyann,416
Cindia,416
Iran,416
Niko,416
Monifa,416
Alisandra,416
Dericka,416
Whitnie,416
Esra,416
Jatavia,416
Natally,416
Alexxus,416
Talyah,416
Kinzey,416
Zuria,416
Caidyn,416
Adhya,416
Amyla,416
Ersie,415
Sharline,415
Carmalita,415
Gaylynn,415
Shaney,415
Analyn,415
Leiloni,415
Lynsi,415
Kashmere,415
Jaleigha,415
Aubryn,415
Ivyonna,415
Kashvi,415
Aela,415
Parlee,414
Zelphia,414
Elsia,414
Mertice,414
Dalton,414
Carmencita,414
Jacquita,414
Ravenna,414
Lauralyn,414
Ranelle,414
Renelle,414
Marisel,414
Tracia,414
Adeena,414
Nastasha,414
Aunna,414
Kaliegh,414
Yvanna,414
Lamaria,414
Annaleise,414
Ezmeralda,414
Nakyla,414
Raylan,414
Monie,413
Conny,413
Sharna,413
Sulma,413
Simi,413
Lace,413
Samah,413
Meia,413
Anahita,413
Keairra,413
Alissandra,413
Brianah,413
Analie,413
Haizley,413
Nathalee,412
Aza,412
Prisca,412
Sherrice,412
Patrizia,412
Danyella,412
Breck,412
Amel,412
Adessa,412
Arieal,412
Raiven,412
Khaliya,412
Trynity,412
Signa,411
Masie,411
Ezell,411
Lavella,411
Nolan,411
Demetric,411
Marche,411
Patrisia,411
Shalise,411
Kysha,411
Nekisha,411
Lilybeth,411
Aynsley,411
Caycee,411
Deneisha,411
Josiah,411
Mckena,411
Sereen,411
Ishanvi,411
Mailen,411
Julius,410
Ross,410
Fidela,410
Reeda,410
Evone,410
Jannis,410
Ronee,410
Adrean,410
Saralynn,410
Laurieann,410
Marinna,410
Nikka,410
Iasia,410
Caitrin,410
Krizia,410
Allora,410
Meylin,410
Oceanna,410
Rakiya,410
Julieana,410
Syerra,410
Erionna,410
Mckinleigh,410
Deeanne,409
Tamsen,409
Korinna,409
Belkis,409
Moniqua,409
Shanica,409
Quinesha,409
Baillie,409
Yuritzy,409
Zakiah,409
Tais,409
Asiana,409
Malayia,409
Ahlani,409
Paislie,409
Azilee,408
Gladies,408
Georgi,408
Paulett,408
Lisanne,408
Laresa,408
Lacrisha,408
Tasheka,408
Archana,408
Matia,408
Toshiba,408
Markeshia,408
Mehreen,408
Paiten,408
Taitum,408
Favour,408
Aavya,408
Josepha,407
Fredonia,407
Elnore,407
Corabelle,407
Carlisle,407
Kayda,407
Crystall,407
Tifanie,407
Thi,407
Addi,407
Raveen,407
Saloni,407
Skylor,407
Kadejah,407
Kaziah,407
Natalynn,407
Remie,407
Amarii,407
Braeleigh,407
Kollins,407
Canary,406
Fransisca,406
Donalee,406
Aprill,406
Martisha,406
Ramey,406
Talissa,406
Chanae,406
Keili,406
Faryn,406
Kaytee,406
Audreyanna,406
Safaa,406
Anjolie,406
Anilah,406
Kynsleigh,406
Tynlee,406
Bernece,405
Suella,405
Teruko,405
Glenis,405
Emmalene,405
Laurelle,405
Memorie,405
Joannah,405
Davena,405
Alynn,405
Dalynn,405
Shalita,405
Kelisha,405
Shaquila,405
Sanika,405
Brin,405
Kilah,405
Alleah,405
Caylah,405
Noeli,405
Synia,405
Montgomery,405
Annaclaire,405
Xoe,405
Adithi,405
Anyeli,405
Sherin,404
Marnee,404
Lyanne,404
Tanga,404
Lizanne,404
Lorren,404
Shelena,404
Jolin,404
Chanita,404
Kalinda,404
Anneli,404
Sarae,404
Lekeshia,404
Cayenne,404
Jaselyn,404
Solimar,404
Dezeray,404
Elleana,404
Galilee,404
Kamori,404
Eulala,403
Averil,403
Evalene,403
Lilley,403
Pati,403
Jame,403
Torre,403
Swati,403
Aishia,403
Laryn,403
Krupa,403
Michaiah,403
Prisma,403
Aeriana,403
Yatzil,403
Avika,403
Morna,402
Vergia,402
Richie,402
Theta,402
Orlene,402
Denny,402
Lorisa,402
Clorissa,402
Lorianna,402
Donika,402
Kahealani,402
Samarra,402
Brittania,402
Ibeth,402
Allexis,402
Corbyn,402
Raiya,402
Allianna,402
Kimie,401
Ellice,401
Terressa,401
Cythia,401
Delissa,401
Neeley,401
Dawnielle,401
Shatina,401
Alima,401
Dunya,401
Kinza,401
Amirra,401
Daylee,401
Ridhi,401
Bruchy,401
Alahni,401
Hasel,400
Aldean,400
Lajean,400
Patt,400
Shelvia,400
Markeeta,400
Stepheny,400
Dareen,400
Tomara,400
Kassaundra,400
Chyla,400
Damariz,400
Chandni,400
Kaylina,400
Haliegh,400
Jisselle,400
Ayomide,400
Infiniti,400
Keirah,400
Kennidy,400
Ivee,400
Gudrun,399
Doreene,399
Johnnetta,399
Mylissa,399
Jenia,399
Camron,399
Breia,399
Kaiulani,399
Vaneza,399
Jaquana,399
Malyssa,399
Chrislynn,399
Kree,399
Khyra,399
Monserat,399
Jailine,399
Sidonia,398
Izella,398
Kazuko,398
Jewelene,398
Sonna,398
Sharin,398
Lonni,398
Donyell,398
Anjel,398
Maygen,398
Yanessa,398
Shakiyla,398
Mekenna,398
Kamyia,398
Yari,398
Minha,398
Elizaveta,398
Mariangel,398
Lexani,398
Izzabelle,398
Zamirah,398
Meklit,398
Albena,397
Meryle,397
Roselind,397
Shellia,397
Wendelyn,397
Virgen,397
Darbie,397
Yaffa,397
Stepahnie,397
Tarnisha,397
Lakishia,397
Uyen,397
Mili,397
Krystan,397
Haeley,397
Lexee,397
Liam,397
Kennedee,397
Catera,397
Ahmari,397
Janvi,397
Allyana,397
Zyah,397
Lanah,397
Ethelda,396
Earnesteen,396
Roanne,396
Tresea,396
Kristyne,396
Emlyn,396
Lavren,396
Lashone,396
Angellica,396
Czarina,396
Malayshia,396
Itati,396
Skylan,396
Madasyn,396
Samhita,396
Jatziry,396
Veera,396
Virda,395
Margreat,395
Yoshie,395
Coree,395
Marleah,395
Charlaine,395
Valen,395
Heidie,395
Charisa,395
See,395
Eleena,395
Shabria,395
Shailey,395
Esli,395
Fiza,395
Jeniya,395
Kemiyah,395
Elvena,394
Lenetta,394
Katha,394
Vonita,394
Donnia,394
Deberah,394
Angelette,394
Katalin,394
Terrin,394
Cherell,394
Shy,394
Orli,394
Laiya,394
Amrit,394
Meron,394
Abcde,394
Keeleigh,394
Alitzel,394
Laasya,394
Nariya,394
Aerith,394
Chimamanda,394
Huntleigh,394
Lattie,393
Elner,393
Enes,393
Niva,393
Larayne,393
Agata,393
Maurica,393
Aleisa,393
Kimberlyann,393
Nakeia,393
Sai,393
Ren,393
Mushka,393
Nikolina,393
Cadyn,393
Sheccid,393
Island,393
Aileene,392
Deola,392
Lacrecia,392
Susi,392
Kimm,392
Rosi,392
Liesa,392
Korrina,392
Tannia,392
Devanie,392
Marquise,392
Syretta,392
Shanai,392
Shylynn,392
Kierah,392
Lanasia,392
Kenyah,392
Zaiya,392
Anaise,391
Ary,391
Laurina,391
Dorsie,391
Raffaella,391
Mazel,391
Marda,391
Shery,391
Cynitha,391
Shelisa,391
Keisa,391
Channell,391
Tameisha,391
Ashlye,391
Arelys,391
Ameila,391
Jolissa,391
Genesys,391
Astoria,391
Kitzia,391
Cai,391
Novalie,391
Avalina,391
Ellowyn,391
Berdena,390
Walterine,390
Lindee,390
Maleka,390
Banessa,390
Kirin,390
Dalal,390
Nashay,390
Choua,390
Folasade,390
Katilynn,390
Kiasia,390
Cyanna,390
Aliciana,390
Tyliah,390
Ezabella,390
Anevay,390
Kaidynce,390
Hasini,390
Aurie,389
Shirlyn,389
Jyl,389
Dalyn,389
Anjeanette,389
Mariluz,389
Shalea,389
Adeola,389
Storie,389
Brittanny,389
Teirra,389
Deajah,389
Zephaniah,389
Eliah,389
Jaley,389
Srinidhi,389
Mollye,388
Alvia,388
Valma,388
Benedetta,388
Toye,388
Arleene,388
Joylyn,388
Angenette,388
Dalinda,388
Christyna,388
Chianti,388
Elika,388
Amela,388
Searra,388
Jalysa,388
Dilara,388
Ariauna,388
Ayline,388
Nyelle,388
Mehar,388
Jamyiah,388
Ryker,388
Cipriana,387
Valora,387
Leonette,387
Nancylee,387
Deronda,387
Dyane,387
Vicktoria,387
Tinia,387
Conley,387
Shakena,387
Dannia,387
Sanah,387
Kallyn,387
Hibah,387
Jalecia,387
Samyia,387
Shaquille,387
Sruthi,387
Adalin,387
Yashvi,387
Ardene,386
Dempsey,386
Ramonia,386
Sharalyn,386
Dane,386
Dabney,386
Jayma,386
Chelsia,386
Tashonda,386
Nohemy,386
Atia,386
Deyonna,386
Chelsae,386
Sayge,386
Tamyah,386
Rheya,386
Brynli,386
Kamorah,386
Girtie,385
Gustava,385
Neil,385
Arella,385
Kam,385
Lamona,385
Anmarie,385
Carren,385
Tere,385
Karlynn,385
Griselle,385
Keller,385
Fotini,385
Larisha,385
Yuka,385
Jaspreet,385
Kharisma,385
Taijah,385
Amri,385
Terriona,385
Xylia,385
Jamiracle,385
Layni,385
Kyliah,385
Neyla,385
Ilani,385
Rithika,385
Dosha,384
Blonnie,384
Clarrissa,384
Olimpia,384
Sheilia,384
Belita,384
Gwendelyn,384
Cydnie,384
Jamiee,384
Flynn,384
Alorah,384
Mayli,384
Madisynn,384
Vista,383
Babe,383
Lavaun,383
Lenor,383
Melvena,383
Lylia,383
Cherl,383
Lynea,383
Lindie,383
Zanetta,383
Martia,383
Kajsa,383
Katieann,383
Karlye,383
Markeya,383
Jesscia,383
Jocilyn,383
Jasimine,383
Caitlen,383
Weslyn,383
Satori,383
Cylee,383
Yaiza,383
Katriel,383
Kyiah,383
Areatha,382
Dartha,382
Eudelia,382
Levern,382
Jearldine,382
Zenovia,382
Jamelle,382
Tonnette,382
Tanessa,382
Hang,382
Kayleena,382
Jazell,382
Antasia,382
Timya,382
Scotland,382
Vinie,381
Vietta,381
Bluma,381
Noretta,381
Laurell,381
Genese,381
Jacolyn,381
Adonica,381
Machele,381
Lorali,381
Jaimy,381
Tarika,381
Damika,381
Jacilyn,381
Gavin,381
Judea,381
Meenakshi,381
Kyaira,381
Anaisa,381
Asianna,381
Jazalyn,381
Lyliana,381
Ivyana,381
Jerzey,381
Airabella,381
Tassie,380
Feliz,380
Lorelie,380
Chasiti,380
Ai,380
Aija,380
Kaysee,380
Lucerito,380
Neftali,380
Jasline,380
Emelly,380
Illianna,380
Zyria,380
Zakayla,380
Jerzee,380
Harmonii,380
Ilma,379
Desta,379
Allyce,379
Pammy,379
Letia,379
Damary,379
Tichina,379
Minka,379
Daphnee,379
Corianne,379
Melika,379
Shakiera,379
Mahek,379
Kobe,379
Deniya,379
Jerzi,379
Pernie,378
Ellan,378
Rudell,378
Marrion,378
Lynita,378
Rozanna,378
Cherylyn,378
Dannelle,378
Jawana,378
Kaprice,378
Donyelle,378
Ysenia,378
Joyelle,378
Keyondra,378
Devani,378
Terrianna,378
Talaysia,378
Arilyn,378
Zoria,378
Jaelynne,378
Ellagrace,378
Viney,377
Cordella,377
Oline,377
Odean,377
Azelia,377
Seline,377
Cam,377
Kriss,377
Kristeena,377
Aneshia,377
Kenosha,377
Tekia,377
Chau,377
Aerianna,377
Natori,377
Promyse,377
Jaydn,377
Maeli,377
Huntley,377
Arzella,376
Alton,376
Brunetta,376
Bernetha,376
Meriel,376
Jeananne,376
Karron,376
Anntoinette,376
Franca,376
Chenita,376
Denea,376
Rashawnda,376
Tamryn,376
Katelan,376
Caitlynne,376
Mileah,376
Wessie,375
Willamae,375
Donzella,375
Coby,375
Dondi,375
Shundra,375
Shaketa,375
Analuisa,375
Domanique,375
Gao,375
Sagan,375
Halei,375
Alexy,375
Kealey,375
Kilynn,375
Eiley,375
Veryl,374
Murline,374
Laetitia,374
Jeania,374
Tiajuana,374
Tiffanny,374
Yu,374
Mandisa,374
Khiana,374
Ashaunti,374
Abagale,374
Myonna,374
Mackynzie,374
Zuriel,374
Quetzaly,374
Attie,373
Leaner,373
Iza,373
Sweetie,373
Early,373
Toba,373
Marijean,373
Jeanenne,373
Jerrilynn,373
Quinetta,373
Tahisha,373
Akisha,373
Brice,373
Taneya,373
Satin,373
Ruchi,373
Jisela,373
Sharnae,373
Alisabeth,373
Idy,373
Micala,373
Jamera,373
Klee,373
Alexandrya,373
Aslyn,373
Shadiamond,373
Jezelle,373
Treazure,373
Damoni,373
Aylee,373
Maelle,373
Floree,372
Tosca,372
Almetta,372
Kathreen,372
Ilyse,372
Suki,372
Yanina,372
Keidra,372
Lamika,372
Luzelena,372
Mikella,372
Nhu,372
Justyna,372
Kareli,372
Makalia,372
Hareem,372
Reygan,372
Kaysen,372
Favor,372
Avangeline,372
Ivalee,371
Nobuko,371
Vianne,371
Raejean,371
Natale,371
Tessia,371
Allisen,371
Omaira,371
Niketa,371
Jin,371
Tiasha,371
Basma,371
Delanee,371
Alyss,371
Mylan,371
Juhi,371
Ruchy,371
Mikhayla,371
Makalyn,371
Naleah,371
Naiara,371
Pinky,370
Vernal,370
Zell,370
Hanako,370
Inetta,370
Velina,370
Illeana,370
Ragina,370
Tamsin,370
Milica,370
Djuna,370
Alis,370
Sheng,370
Shiana,370
Stevee,370
Catelin,370
Kayliegh,370
Germany,370
Aamira,370
Haydn,370
Mahaley,369
Delberta,369
Joylene,369
Patriciaann,369
Wendelin,369
Sundae,369
Dawnell,369
Vanassa,369
Talana,369
Lorraina,369
Ifeoma,369
Amanada,369
Kajal,369
Bryann,369
Dymon,369
Keirstyn,369
Skilar,369
Kennah,369
Dariya,369
Azara,369
Manasvi,369
Tinlee,369
Cressie,368
Carmie,368
Hisako,368
Binnie,368
Illene,368
Jacquelina,368
Boni,368
Loralyn,368
Meloni,368
Errica,368
Nekita,368
Breea,368
Darrielle,368
Corah,368
Valley,367
Lempi,367
Homer,367
Leotha,367
Maydell,367
Morene,367
Bonne,367
Bernestine,367
Armando,367
Joanette,367
Karrin,367
Terasa,367
Vinessa,367
Lydiann,367
Jamel,367
Ame,367
Davon,367
Tamikia,367
Amerah,367
Shaleigh,367
Jisel,367
Haillie,367
Jaylynne,367
Willye,366
Monia,366
Laray,366
Jeanny,366
Felina,366
Dangela,366
Shantina,366
Jasma,366
Tashira,366
Keyonia,366
Mystic,366
Kennesha,366
Thy,366
Vitoria,366
Sinclair,366
Moncerrat,366
Jodeci,366
Faithlyn,366
Breleigh,366
Dereon,366
Laveah,366
Ovie,365
Helmi,365
Rosine,365
Rubby,365
Eveleen,365
Norva,365
Blondie,365
Marium,365
Mee,365
Roylene,365
Miquela,365
Tylene,365
Alegra,365
Catrena,365
Saprina,365
Shandel,365
Kasee,365
Sabriya,365
Abeni,365
Doneisha,365
Marycarmen,365
Allia,365
Pria,365
Cortlyn,365
Ailen,365
Jakelyn,365
Jatziri,365
Zalayah,365
Henlee,365
Avy,364
Bonnye,364
Cecilie,364
Trenia,364
Marlise,364
Antoine,364
Ulanda,364
Pier,364
Darin,364
Tarita,364
Hether,364
Lamanda,364
Che,364
Marki,364
Kamelia,364
Ronnisha,364
Ebelin,364
Sigourney,364
Spenser,364
Annalese,364
Kayelee,364
Gavriella,364
Jorgia,364
Nashaly,364
Paighton,364
Mailani,364
Lujain,364
Caiya,364
Damiah,364
Ramiya,364
Vedika,364
Journii,364
Renley,364
Doll,363
Reah,363
Laverda,363
Macaria,363
Sharmin,363
Jacquel,363
Talise,363
Natesha,363
Supriya,363
Nazia,363
Haleema,363
Adrieanna,363
Ashayla,363
Jozelyn,363
Avrey,363
Amirrah,363
Rosezella,362
Faustine,362
Edwinna,362
Roland,362
Natlie,362
Nea,362
Shary,362
Deboraha,362
Taressa,362
Jaala,362
Lorielle,362
Kaithlyn,362
Mychaela,362
Raziya,362
Kaaliyah,362
Taeya,362
Freja,362
Maahi,362
Zaidee,361
Borghild,361
Algie,361
Jestina,361
Marlaine,361
Charron,361
Darcelle,361
Javonne,361
Yanique,361
Jennae,361
Emmanuel,361
Janiqua,361
Annelyse,361
Darrien,361
Mehak,361
Leeyah,361
Ilyanna,361
Kaleya,361
Ilhan,361
Landrey,361
Kynli,361
Iniya,361
Rylann,361
Aanvi,361
Curlie,360
Bernarda,360
Eugina,360
Veronda,360
Karisha,360
Preeti,360
Jema,360
Vani,360
Amana,360
Ivorie,360
Chania,360
Ariahna,360
Emmarae,360
Olivya,360
Raniah,360
Alizon,360
Bethzy,360
Lema,359
Adabelle,359
Iretha,359
Arlyce,359
Charnita,359
Shenia,359
Veroncia,359
Lamara,359
Tonesha,359
Renika,359
Raja,359
Nisreen,359
Antonique,359
Jahira,359
Kayelynn,359
Ariam,359
Kendalynn,359
Niharika,359
Scottlyn,359
Darcus,358
Eular,358
Everline,358
Romilda,358
Ailie,358
Florette,358
Mitsue,358
Veria,358
Rayona,358
Lanice,358
Robynne,358
Danitra,358
Tangee,358
Shon,358
Tamla,358
Antigone,358
Kendrick,358
Lashara,358
Rasheena,358
Cassity,358
Pallavi,358
Darienne,358
Myrissa,358
Caylynn,358
Alexzandrea,358
Shakyla,358
Aubreyanna,358
Jaiana,358
Leelah,358
Sanaii,358
Rumi,358
Madora,357
Magdelena,357
Norrine,357
Corra,357
Francella,357
Lindell,357
Esthela,357
Joley,357
Kenyana,357
Korissa,357
Shanece,357
Janani,357
Nataliah,357
Kamoni,357
Baya,357
Kensli,357
Collyns,357
Chrystine,356
Wannetta,356
Lennette,356
Sherline,356
Robi,356
Tiki,356
Noe,356
Karrissa,356
Maili,356
Ashleymarie,356
Anaiz,356
Demaria,356
Reily,356
Pheonix,356
Sophee,356
Zanyla,356
Elen,355
Johnell,355
Matina,355
Terie,355
Sheretta,355
Letti,355
Kerilyn,355
Aron,355
Sergio,355
Kareemah,355
Rhianon,355
Chianne,355
Shaquala,355
Keiarra,355
Amra,355
Basia,355
Trany,355
Erandy,355
Xitlalli,355
Larkyn,355
Abygale,355
Finn,355
Khamani,355
Prudie,354
Evva,354
Ivadell,354
Hugh,354
Rolene,354
Dorraine,354
Eddy,354
Derenda,354
Diahann,354
Bathsheba,354
Kenita,354
Giannina,354
Donyale,354
Nature,354
Britten,354
Shanisha,354
Noha,354
Omari,354
Trysta,354
Quaneisha,354
Ceira,354
Khaleah,354
Mikhaela,354
Paxtyn,354
Adeleine,354
Ezrah,354
Arianni,354
Janiyla,354
Zaelynn,354
Srinika,354
Pina,353
Para,353
Flordia,353
Berry,353
Deniese,353
Maricia,353
Kem,353
Shalisha,353
Kyann,353
Laiza,353
Yissel,353
Chaise,353
Ayushi,353
Suleyma,353
Aleiya,353
Rhythm,353
Khelani,353
Zenith,352
Emiline,352
Vivan,352
Therisa,352
Posey,352
Michaeleen,352
Tye,352
Shawnae,352
Nou,352
Rainah,352
Janeisha,352
Jossalyn,352
Edelyn,352
Batoul,352
Jaaliyah,352
Jaxon,352
Sanyah,352
Skarlet,352
Aviah,352
Maysel,351
Tressia,351
Winfred,351
Victoriana,351
Larie,351
Donnamae,351
Denene,351
Trenice,351
Meliss,351
Celicia,351
Jeny,351
Satya,351
Alexandera,351
Khrystal,351
Shantoria,351
Alicja,351
Anjelika,351
Yeraldin,351
Giorgia,351
Matison,351
Inari,351
Embree,351
Timmie,350
Domitila,350
Creta,350
Lillion,350
Rozell,350
Elize,350
Nixie,350
Wynetta,350
Charlye,350
Rusti,350
Kinberly,350
Raiza,350
Tashae,350
Kayela,350
Shaday,350
Shamyia,350
Toryn,350
Courtlynn,350
Yumna,350
Elleanna,350
Hamdi,350
Haedyn,350
Koi,350
Yazlin,350
Jazariah,350
Collie,349
Majel,349
Verlena,349
Sadako,349
Evangelyn,349
Melonee,349
Jerelene,349
Cathlyn,349
Evonna,349
Sherl,349
Leslea,349
Johnathan,349
Rashunda,349
Roman,349
Rashawna,349
Nga,349
Lashanti,349
Analissa,349
Annais,349
Corianna,349
Jadea,349
Analynn,349
Makaylin,349
Niyana,349
Alcie,348
Birdell,348
Cornell,348
Anella,348
Gaylen,348
Dawnita,348
Lezli,348
Tika,348
Jessicia,348
Prairie,348
Allycia,348
Aunika,348
Ambika,348
Franceska,348
Miaya,348
Aamina,348
Antania,348
Tucker,348
Ariyan,348
Matalyn,348
Allayah,348
Areeba,348
Havannah,348
Kemoni,348
Adya,348
Aleenah,348
Malaiya,348
Maysie,347
Melvie,347
Lowell,347
Aldene,347
Lorella,347
Setsuko,347
Tansy,347
Jearline,347
Lyndy,347
Larenda,347
Meiling,347
Mariesa,347
Tashima,347
Lubna,347
Deneshia,347
Jehan,347
Mikeala,347
Houston,347
Raley,347
Kylyn,347
Leira,347
Alanys,347
Eily,347
Anshika,347
Reniyah,347
Lilas,346
Merriam,346
Ange,346
Daralyn,346
Chrystie,346
Leyda,346
Casidy,346
Danai,346
Dayleen,346
Alexsia,346
Kyerra,346
Teylor,346
Abagayle,346
Kalianna,346
Taleigha,346
Athziry,346
Venie,345
Adelfa,345
Thereasa,345
Gloriann,345
Meggin,345
Lance,345
Latona,345
Coreena,345
Anouk,345
Raneisha,345
Meili,345
Zohra,345
Janecia,345
Rayvin,345
Abigayl,345
Meridian,345
Aijah,345
Makinna,345
Teyah,345
Aviona,345
Azaliah,345
Novalynn,345
Bridie,344
Trellis,344
Lorice,344
Donnella,344
Rosaland,344
Michale,344
Jaleen,344
Ronnetta,344
Davin,344
Sabrine,344
Arshia,344
Breeanne,344
Special,344
Sebastian,344
Hennessey,344
Lielle,344
Ayari,344
Marifer,344
Ishana,344
Sani,344
Cliffie,343
Ozelle,343
Regis,343
Lylian,343
Marga,343
Lenell,343
Junell,343
Yvonda,343
Jodeen,343
Chelle,343
Trace,343
Marixa,343
Larrissa,343
Lamisha,343
Rashidah,343
Terin,343
Tacarra,343
Lidya,343
Madiha,343
Asja,343
Lunden,343
Jamilex,343
Amulya,343
Jadan,343
Lenox,343
Ryver,343
Greidys,343
Ermal,342
Levonne,342
Jacquilyn,342
Sharlie,342
Davine,342
Jackline,342
Rosangela,342
Shenandoah,342
Kinya,342
Evi,342
Natalye,342
Vanesha,342
Saara,342
Keshawn,342
Chika,342
Anarosa,342
Talin,342
Mikiya,342
Keauna,342
Sila,342
Sadey,342
Teghan,342
Gabriana,342
Anely,342
Alayja,342
Jenasis,342
Belladonna,342
Siyona,342
Brenleigh,342
Luretta,341
Morine,341
Slyvia,341
Sheryn,341
Melora,341
Krissi,341
Brendy,341
Ritu,341
Nasreen,341
Janisa,341
Dima,341
Jesalyn,341
Taeler,341
Keyarra,341
Princesa,341
Dailynn,341
Jeilyn,341
Jaziya,341
Nihira,341
Amilah,341
Murray,340
Berdina,340
Janeva,340
Lindalee,340
Geni,340
Sylena,340
Ronit,340
Tekisha,340
Kaelen,340
Hanaa,340
Mylia,340
Amarra,340
Arieonna,340
Ulani,340
Aiyanah,340
Simra,340
Aaniya,340
Nashly,340
Tennyson,340
Remmi,340
Nevayah,340
Maverick,340
Dellia,339
Henritta,339
Australia,339
Gara,339
Larrie,339
Marco,339
Jari,339
Doriann,339
Holiday,339
Kendle,339
Demonica,339
Deshanna,339
Aruna,339
Leeandra,339
Catia,339
Mariha,339
Brittiney,339
Jhoanna,339
Shayli,339
Korryn,339
Mackinley,339
Zosia,339
Amare,339
Serenitee,339
Anaira,339
Saiya,339
Woodie,338
Hideko,338
Romelle,338
Reynalda,338
Loann,338
Lyndon,338
Kathye,338
Dody,338
Donise,338
Caresse,338
Tangi,338
Lyzette,338
Becka,338
Tyona,338
Maranatha,338
Itza,338
Katielynn,338
Keyosha,338
Malie,338
Julliana,338
Manpreet,338
Esly,338
Dillan,338
Ayriana,338
Elivia,338
Keerthana,338
Delaynie,338
Ayani,338
Shanyla,338
Shariya,338
Neviah,338
Kimorah,338
Kaydince,338
Rowynn,338
Alexina,337
Rilda,337
Alzada,337
Misao,337
Oletta,337
Lucrezia,337
Madelina,337
Gwenith,337
Sharel,337
Sanora,337
Aren,337
Delbra,337
Deeana,337
Demesha,337
Jilliann,337
Kobie,337
Sully,337
Alec,337
Cearra,337
Indiya,337
Karenna,337
Batool,337
Cairo,337
Khya,337
Reniya,337
Ayrianna,337
Kynslie,337
Ebbie,336
Pearlena,336
Ednamae,336
Marlon,336
Shirlean,336
Sharlette,336
Valisa,336
Delecia,336
Laini,336
Talley,336
Shelbe,336
Nari,336
Sophea,336
Ladaisha,336
Grier,336
Jayd,336
Daylynn,336
Emiya,336
Petronella,335
Beverely,335
Denyce,335
Judyann,335
Barbette,335
Scheryl,335
Sharmane,335
Radonna,335
Shaune,335
Katryn,335
Dalisa,335
Damian,335
Jaryn,335
Angellina,335
Nayra,335
Erandi,335
Harlei,335
Tayleigh,335
Yaritzi,335
Isabellah,335
Avyana,335
Bodhi,335
Cleotilde,334
Lucette,334
Evetta,334
Charmagne,334
Debara,334
Fatina,334
Keenan,334
Adonia,334
Deshonda,334
Keelan,334
Ayshia,334
Akeyla,334
Kaylamarie,334
Nashley,334
Angelli,334
Manahil,334
Aryam,334
Talulah,334
Caydance,334
Gracelynne,334
Ellieana,334
Liller,333
Eusebia,333
Vertis,333
Almarie,333
Yvett,333
Tirza,333
Raney,333
Kerryann,333
Tyria,333
Jennilyn,333
Halona,333
Chanise,333
Damali,333
Johari,333
Shenae,333
Vernisha,333
Shemekia,333
Laquanta,333
Corley,333
Whitni,333
Johanny,333
Sadiya,333
Halsey,333
Shacara,333
Jensine,333
Baley,333
Baili,333
Ahniya,333
Zen,333
Allyanna,333
Teigen,333
Naryah,333
Arda,332
Paulyne,332
Myrlene,332
Ellamarie,332
Nickey,332
Shelvy,332
Cendy,332
Khristy,332
Kemi,332
Marizol,332
Philana,332
Venezia,332
Tashena,332
Sura,332
Mykal,332
Mallika,332
Betania,332
Micaella,332
Aasha,332
Elsi,332
Kimiya,332
Marayah,332
Alivea,332
Taleyah,332
Loralai,332
Koraline,332
Rey,332
Ermalinda,331
Maryclare,331
Charie,331
Pennelope,331
Elynn,331
Christe,331
Suni,331
Felishia,331
Keneshia,331
Tanay,331
Kodee,331
Rosmery,331
Shayanne,331
Avantika,331
Dazia,331
Shaiann,331
Caliah,331
Izabellah,331
Walda,330
Cherylene,330
Rox,330
Konstance,330
Kimyatta,330
Larrisa,330
Branden,330
Nathasha,330
Saidah,330
Shontia,330
Sayda,330
Amylia,330
Kallan,330
Abaigeal,330
Ryana,330
Bradlee,330
Lamiah,330
Dmya,330
Payslee,330
Elcie,329
Vinetta,329
Francelia,329
Georgean,329
Marilyne,329
Jacqulynn,329
Hillarie,329
Millissa,329
Ronique,329
Dalisha,329
Tiyonna,329
Jazman,329
Adaliz,329
Kayde,329
Macenzie,329
Keyani,329
Taylie,329
Adaiah,329
Kamirah,329
Raylie,329
Lumen,329
Dicy,328
Beda,328
Hiroko,328
Darlys,328
Leonila,328
Carena,328
Jonel,328
Hollace,328
Geana,328
Lachanda,328
Aracelli,328
Blue,328
Keishla,328
Akosua,328
Nikea,328
Shakeia,328
Quyen,328
Adiana,328
Evann,328
Shakeira,328
Reham,328
Marielys,328
Hailea,328
Mikeyla,328
Sharanya,328
Eleora,328
Tanyla,328
Ellieanna,328
Westlyn,328
Tiney,327
Antha,327
Lavell,327
Lauria,327
Correna,327
Fabian,327
Marra,327
Danyele,327
Amarilys,327
Lakrisha,327
Hien,327
Nirali,327
Brizeida,327
Betzabeth,327
Rhyanna,327
Mackenize,327
Niyati,327
Raigen,327
Makeyla,327
Siona,327
Naiyah,327
Sanaiya,327
Auriella,327
Othelia,326
Earnie,326
Alvis,326
Verlon,326
Ronell,326
Scherrie,326
Janifer,326
Marvette,326
Kimala,326
Frady,326
Galina,326
Samika,326
Shi,326
Naveen,326
Jannely,326
Elie,326
Kourtlyn,326
Helayna,326
Siddhi,326
Jeylin,326
Zalaya,326
Austynn,326
Leilanni,326
Raiden,326
Loxley,326
Shigeko,325
Dwight,325
Patrece,325
Chequita,325
Jamine,325
Shirell,325
Brendan,325
Smantha,325
Islah,325
Kalle,325
Linzey,325
Macaela,325
Anahit,325
Kassidie,325
Adylene,325
Khalea,325
Jeriah,325
Eleina,325
Sameeha,325
Lalla,324
Arcola,324
Zenda,324
Jannetta,324
Jodelle,324
Ramonda,324
Cabrina,324
Celisa,324
Kolette,324
Meesha,324
Tene,324
Shericka,324
Arriel,324
Kazia,324
Cheyla,324
Windsor,324
Roizy,324
Jaysha,324
Naija,324
Kennidi,324
Anija,324
Ardyn,324
Aniaya,324
Jasani,324
Kinnley,324
Gwendolyne,323
Marvell,323
Roza,323
Cathaleen,323
Ladon,323
Elesia,323
Janah,323
Kehaulani,323
Kristianne,323
Nitasha,323
Secilia,323
Summar,323
Amesha,323
Rosibel,323
Shaylan,323
Kallen,323
Aubriel,323
Iya,323
Haille,323
Tatumn,323
Noriah,323
Aanika,323
Elliemae,323
Katalaya,323
Gillie,322
Almer,322
Bob,322
Fleurette,322
Amenda,322
Jackee,322
Merina,322
Kimesha,322
Kyanne,322
Laycie,322
Keandrea,322
Arrielle,322
Lakyra,322
Soriah,322
Amonie,322
Khai,322
Editha,321
Sallee,321
Orlinda,321
Lajoyce,321
Danene,321
Nuala,321
Shelene,321
Vail,321
Tonetta,321
Bethzaida,321
Tyese,321
Shaneen,321
Deisha,321
Aqueelah,321
Teyona,321
Shacora,321
Mckay,321
Mirra,321
Ashlinn,321
Ileanna,321
Tamyia,321
Dalis,321
Bhavya,321
Srishti,321
Alonah,321
Azayla,321
Balbina,320
Ennis,320
Lourine,320
Dionicia,320
Beverlie,320
Luwana,320
Kimela,320
Kerie,320
Mirinda,320
Ladana,320
Keryn,320
Jenefer,320
Maral,320
Khalila,320
Avanti,320
Ellyssa,320
Jasmynn,320
Koda,320
Syra,320
Yuritza,320
Brilyn,320
Runa,320
Laylanie,320
Zaylynn,320
Fynlee,320
Matha,319
Lolly,319
Murielle,319
Sherma,319
Sherilynn,319
Katricia,319
Lis,319
Chantale,319
Anysia,319
Kenitra,319
Yovanna,319
Tzipporah,319
Alyssamarie,319
Allysson,319
Lamyah,319
Leylanie,319
Aella,319
Narcissus,318
Orena,318
Roosevelt,318
Raphael,318
Annamary,318
Maryl,318
Nima,318
Jen,318
Donnelle,318
Raguel,318
Jancy,318
Delise,318
Jalana,318
Deaundra,318
Dalayna,318
Syndey,318
Chyanna,318
Kaitlyne,318
Sadiyah,318
Lilit,318
Xiana,318
Taylan,318
Tatem,318
Layanna,318
Lasya,318
Miarose,318
Zurie,318
Novie,317
Dorothye,317
Maurie,317
Wilder,317
Tannis,317
Tinna,317
Kelee,317
Cherron,317
Shanin,317
Ayme,317
Diarra,317
Eri,317
Ashling,317
Chidinma,317
Janesa,317
Quiara,317
Destaney,317
Anavictoria,317
Calypso,317
Jermya,317
Leyton,317
Zailee,317
Samanvi,317
Iylah,317
Winslow,317
Elfie,316
Nollie,316
Zorah,316
Eustolia,316
Hilde,316
Miyuki,316
Ortencia,316
Barbar,316
Damon,316
Bethsaida,316
Trinia,316
Kelin,316
Nadege,316
Avonna,316
Aneka,316
Rehana,316
Rozalynn,316
Eilish,316
Ladasha,316
Karlina,316
Deasha,316
Amerika,316
Shaylea,316
Kelsei,316
Dreanna,316
Shyane,316
Brisia,316
Aviya,316
Tanyah,316
Samariah,316
Locklyn,316
Odeal,315
Nema,315
Janeal,315
Saraann,315
Cyndia,315
Ruta,315
Senta,315
Cesar,315
Nzinga,315
Satara,315
Cassiopeia,315
Ashleyann,315
Breiana,315
Tanija,315
Anajah,315
Trinitie,315
Jurni,315
Aryanah,315
Wrigley,315
Seerat,315
Zunairah,315
Piccola,314
Ethelmae,314
Stuart,314
Gloris,314
Glora,314
Glorianne,314
Lorenzo,314
Carmelle,314
Suzane,314
Corry,314
Roben,314
Malee,314
Soniya,314
Aireanna,314
Halyn,314
Bralyn,314
Demiya,314
Yarielis,314
Madi,314
Nasiyah,314
Orrie,313
Gwendoline,313
Everlene,313
Berline,313
Lyndal,313
Imogean,313
Glorious,313
Wandra,313
Jackilyn,313
Clarrisa,313
Angeliki,313
Chirstina,313
Chasta,313
Tyson,313
Shekia,313
Rohini,313
Anastashia,313
Analysa,313
Asli,313
Brya,313
Mckinna,313
Amalya,313
Karigan,313
Nysa,313
Maesyn,313
Makenlee,313
Liel,313
Livvy,313
Effa,312
Tishie,312
Alwilda,312
Aune,312
Cleota,312
Lucine,312
Willamina,312
Zalia,312
Darlis,312
Ceceilia,312
Chyrl,312
Weslie,312
Mariangela,312
Sheresa,312
Milisa,312
Treana,312
Leshawn,312
Tynika,312
Tomisha,312
Blimie,312
Leighana,312
Takeria,312
Sidnie,312
Janelis,312
Aaleah,312
Jaylean,312
Jaionna,312
Rayden,312
Shya,312
Suhayla,312
Sirenity,312
Livy,312
Syriana,312
Louisiana,311
Modean,311
Theone,311
Reida,311
Nomi,311
Miyoshi,311
Samona,311
Arabia,311
Lyndsee,311
Swetha,311
Annahi,311
Jordyne,311
Alleyah,311
Ashtynn,311
Leyana,311
Veyda,311
Aariah,311
Anishka,311
Maleeya,311
Tanishka,311
Forestine,310
Sherrin,310
Soni,310
Meshelle,310
Teila,310
Evangela,310
Laurisa,310
Taquana,310
Deyanna,310
Marimar,310
Zahrah,310
Makinsey,310
Amely,310
Alazae,310
Alayzia,310
Jaeleigh,310
Navaya,310
Gurnoor,310
Lakynn,310
Reka,309
Leanor,309
Dulcinea,309
Trinda,309
Mashell,309
Venesa,309
Evett,309
Charmine,309
Ranada,309
Leasha,309
Caralynn,309
Sholanda,309
Maryum,309
Makita,309
Kindal,309
Brittain,309
Ruchel,309
Teandra,309
Ellerie,309
Muskan,309
Ryliegh,309
Aleyza,309
Sinda,308
Sebastiana,308
Lurlean,308
Dorrine,308
Lafaye,308
Jessee,308
Christiann,308
Andrienne,308
Genae,308
Lakasha,308
Sonnet,308
Malini,308
Latiesha,308
Juliah,308
Andreea,308
Saki,308
Starasia,308
Ciena,308
Eliani,308
Makyra,308
Amorie,308
Bryley,308
Sieanna,308
Zyan,308
Haylin,308
Jailey,308
Zeniyah,308
Serayah,308
Mishika,308
Genevra,307
Chestine,307
Bessy,307
Trine,307
Rudine,307
Donnajean,307
Lawonda,307
Shevonne,307
Tynetta,307
Halena,307
Nalini,307
Perlita,307
Taquisha,307
Lynsay,307
Shamera,307
Jentri,307
Shayda,307
Akane,307
Jamilette,307
Zamantha,307
Allyah,307
Braxtyn,307
Raegyn,307
Langston,307
Gola,306
Pebble,306
Ivis,306
Elleen,306
Loyal,306
Marcedes,306
Idolina,306
Lexine,306
Dekota,306
Jawanna,306
Jadee,306
Shawntia,306
Rossi,306
Erikah,306
Sabrin,306
Mykenna,306
Callaway,306
Iliyah,306
Kinzleigh,306
Hermie,305
Lorell,305
Mieko,305
Valory,305
Jennice,305
Tonjia,305
Jenniefer,305
Kye,305
Elisabetta,305
Monquie,305
Christain,305
Kjersten,305
Sanae,305
Akeria,305
Rayelle,305
Mickala,305
Yuli,305
Lakiyah,305
Elley,305
Autymn,305
Ameris,305
Ahava,305
Ifeoluwa,305
Kailana,305
Quinnlyn,305
Scotlynn,305
Maddix,305
Mella,304
Lalia,304
Hazell,304
Agapita,304
Manette,304
Anthonette,304
Masa,304
Thomasa,304
Lonetta,304
Margaretann,304
Perrie,304
Nadra,304
Carliss,304
Leza,304
Kelvin,304
Chriselda,304
Detrice,304
Telena,304
Tiffinie,304
Neelam,304
Ayona,304
Lasheka,304
Arnesha,304
Myca,304
Makila,304
Yajayra,304
Anique,304
Anastassia,304
Carlea,304
Avion,304
Dashay,304
Urvi,304
Madilyne,304
Raghad,304
Jailin,304
Annaya,304
Isys,304
Zyaira,304
Anaelle,304
Jessiah,304
Clarabel,303
Byron,303
Liela,303
Milo,303
Yevonne,303
Gaylyn,303
Corby,303
Zsazsa,303
Tonimarie,303
Rashmi,303
Shandria,303
Ellisha,303
Laketha,303
Arnisha,303
Hilliary,303
Shandrika,303
Curtisha,303
Kameisha,303
Taline,303
Rakel,303
Tazia,303
Sidrah,303
Aubryana,303
Gabbriella,303
Elaysia,303
Talula,303
Giabella,303
Xoey,303
Adaley,303
Weslynn,303
Llewellyn,302
Hiawatha,302
Darthy,302
Claudell,302
Gwenna,302
Linder,302
Dawnetta,302
Mareena,302
Sheva,302
Parish,302
Nate,302
Amika,302
Avian,302
Aarin,302
Osmara,302
Mizuki,302
Seidy,302
Naraly,302
Nyanna,302
Gelila,302
Braelee,302
Kaileah,302
Lyah,302
Akshita,302
Melah,302
Clytie,301
Edwena,301
Siria,301
Marylene,301
Lynee,301
Tenise,301
Chanin,301
Tenecia,301
Tunisha,301
Rickelle,301
Hena,301
Chantia,301
Keonia,301
Ashunti,301
Shakari,301
Skie,301
Cyla,301
Alexandr,301
Lissandra,301
Anmol,301
Ajee,301
Makalya,301
Zakyra,301
Muskaan,301
Aryannah,301
Javeah,301
Edla,300
Novia,300
Laurabelle,300
Jewelle,300
Unice,300
Arloa,300
Earlyne,300
Loreda,300
Glorie,300
Peggyann,300
Jerie,300
Rissa,300
Tacey,300
Lehua,300
Lasaundra,300
Takita,300
Shekita,300
Mandalyn,300
Coley,300
Mikeya,300
Shatera,300
Jalie,300
Jacobi,300
Abrie,300
Tanajah,300
Emmalyne,300
Reyana,300
Mikaylee,300
Analea,300
Alyric,300
Analisse,300
Chayce,300
Kemiya,300
Kamyiah,300
Lydie,299
Lillien,299
Everette,299
Dennice,299
Maylyn,299
Reshonda,299
Tahara,299
Tejal,299
Harvest,299
Ebonique,299
Denaya,299
Areil,299
Jassmin,299
Soriya,299
Masey,299
Tykira,299
Mckaela,299
Jailen,299
Yaneliz,299
Leeba,299
Sumaiyah,299
Tigerlily,299
Jazlynne,299
Milli,299
Kadience,299
Kimbella,299
Marthe,298
Peggye,298
Marvetta,298
Daine,298
Eraina,298
Grasiela,298
Xanthe,298
Kameshia,298
Nile,298
Tuyet,298
Kayona,298
Deyana,298
Jabrea,298
Anara,298
Logyn,298
Daylen,298
Chaniyah,298
Sofija,298
Namya,298
Tyleigh,298
Anayla,298
Kaislee,298
Tishia,297
Kikue,297
Pattye,297
Faylene,297
Corinda,297
Tamea,297
Debria,297
Valori,297
Vanessia,297
Krisanne,297
Dawnn,297
Lacole,297
Kristopher,297
Shamonica,297
Destynie,297
Ikram,297
Moriyah,297
Harnoor,297
Rosselyn,297
Kamauri,297
Jahniyah,297
Nealy,296
Clariece,296
Florabelle,296
Adalaide,296
Donalyn,296
Lorilyn,296
Lynnann,296
Belem,296
Delonda,296
Tauni,296
Shefali,296
Christalyn,296
Kachina,296
Shameca,296
Amatullah,296
Briane,296
Janitza,296
Canaan,296
Faizah,296
Cyerra,296
Quinci,296
Takyla,296
Laritza,296
Raphaella,296
Graciana,296
Brinnley,296
Haelyn,296
Aolanis,296
Valborg,295
Anniemae,295
Ree,295
Loveta,295
Turner,295
Marshia,295
Linnae,295
Shirel,295
Jonee,295
Nechelle,295
Shanah,295
Timisha,295
Mikael,295
Janeya,295
Rukiya,295
Jessicah,295
Samaiyah,295
Khira,295
Maloree,295
Avana,295
Fadumo,295
Halleigh,295
Khiya,295
Jamariah,295
Nethra,295
Kaybree,295
Oliviana,295
Alivya,295
Shloka,295
Syrai,295
Maanya,295
Kennie,294
Eldred,294
Verniece,294
Yasuko,294
Eddye,294
Barbarann,294
Shelvie,294
Vicci,294
Michalle,294
Karinne,294
Carrianne,294
Megin,294
Meganne,294
Shevy,294
Kaydi,294
Quynh,294
Kevonna,294
Shayanna,294
Calyssa,294
Maham,294
Isatou,294
Kassady,294
Minahil,294
Ceana,294
Annakate,294
Khamya,294
Alaylah,294
Lennyn,294
Betha,293
Enis,293
Chieko,293
Adelena,293
Caretha,293
Jilda,293
Linell,293
Marletta,293
Marrianne,293
Vaness,293
Martiza,293
Natika,293
Jamesa,293
Topaz,293
Deshauna,293
Khanh,293
Marwah,293
Shardai,293
Halla,293
Brier,293
Kianah,293
Alazay,293
Jeweliana,293
Chizaram,293
Jewelz,293
Brexley,293
Eline,292
Geneieve,292
Ethelyne,292
Frenchie,292
Arthurine,292
Cleotha,292
Twylla,292
Vanette,292
Maurisa,292
Katonya,292
Makela,292
Lakeita,292
Teira,292
Atira,292
Verenise,292
Jalayna,292
Jalise,292
Keyerra,292
Raveena,292
Michaila,292
Weronika,292
Ahniyah,292
Jeidy,292
Emaya,292
Oriah,292
Deziyah,292
Karsynn,292
Kinslie,292
Saina,292
Renesmae,292
Eevee,292
Ermina,291
Jacoba,291
Elfriede,291
Verlin,291
Margree,291
Lujean,291
Margi,291
Suellyn,291
Jadine,291
Lynnelle,291
Danine,291
Artina,291
Mariateresa,291
Chantee,291
Lalena,291
Kamron,291
Shirah,291
Lashannon,291
Ayde,291
Jillyan,291
Shaterra,291
Jenan,291
Kinzi,291
Melis,291
Raelle,291
Keoni,291
Seraiah,291
Arria,291
Kenidee,291
Charvi,291
Henleigh,291
Araminta,290
Thekla,290
Cyntha,290
Lunette,290
Wilbur,290
Areta,290
Erleen,290
Fredrika,290
Merelyn,290
Ranell,290
Deneice,290
Shellene,290
Davona,290
Latressa,290
Natausha,290
Deshay,290
Breon,290
Jericho,290
Linzee,290
Amberle,290
Adriona,290
Kleigh,290
Kazandra,290
Zlata,290
Ashelyn,290
Dekayla,290
Aubreyana,290
Nikitha,290
Makenah,290
Makaia,290
Zamia,290
Ninel,290
Aaralynn,290
Oluwadarasimi,290
Ahri,290
Lively,290
Alfretta,289
Dorothee,289
Lanore,289
Ane,289
Andretta,289
Chenise,289
Jovon,289
Katreena,289
Latrease,289
Ayasha,289
Alasha,289
Palak,289
Monea,289
Ogechi,289
Edlin,289
Ambriel,289
Kayelyn,289
Marielis,289
Annalyssa,289
Aslynn,289
Dalanie,289
Haniyah,289
Cyniah,289
Jaxyn,289
Kaylianna,289
Aysel,289
Tinleigh,289
Zilla,288
Elverna,288
Elah,288
Aldena,288
Mava,288
Carrolyn,288
Catharina,288
Tremaine,288
Donatella,288
Tanecia,288
Kameka,288
Latoia,288
Quinisha,288
Ceili,288
Ashani,288
Xitlalic,288
Hailei,288
Quetzali,288
Alyzah,288
Railee,288
Jakaylah,288
Sanayah,288
Kylani,288
Avelynn,288
Nolie,287
Isola,287
Clela,287
Ionia,287
Rosabell,287
Elinora,287
Floreine,287
Altamese,287
Harlan,287
Lynann,287
Chrisanne,287
Terrisa,287
Kima,287
Mylea,287
Detria,287
Moraima,287
Njeri,287
Elham,287
Nnenna,287
Shakerra,287
Dung,287
Jessey,287
Samanthajo,287
Rion,287
Aylissa,287
Teighlor,287
Shaelin,287
Ahtziry,287
Amarri,287
Peytan,287
Wiktoria,287
Camaya,287
Evanie,287
Hazley,287
Salvatrice,286
Claudetta,286
Candiss,286
Cynthea,286
Dejuana,286
Kinda,286
Cristyn,286
Chantalle,286
Cherika,286
Rashana,286
Takenya,286
Minh,286
Kadedra,286
Takera,286
Kearia,286
Jakera,286
Martyna,286
Suleima,286
Caoimhe,286
Mccartney,286
Kynadee,286
Braedyn,286
Astraea,286
Tsion,286
Nakyah,286
Jaretzi,286
Vaani,286
Fia,286
Maebry,286
Earle,285
Lallie,285
Fritzi,285
Veronia,285
Mazell,285
Marise,285
Alfredo,285
Babs,285
Rozann,285
Marca,285
Rosalita,285
Eun,285
Thia,285
Tamu,285
Latausha,285
Letasha,285
Cachet,285
Tanesia,285
Mao,285
Khadejah,285
Yunuen,285
Trysten,285
Libni,285
Braley,285
Alabama,285
Mattingly,285
Metzli,285
Maelani,285
Xareni,285
Dalani,285
Maely,285
Aivah,285
Meelah,285
Avonelle,284
Ladawna,284
Tangelia,284
Laranda,284
Ewa,284
Livier,284
Desirey,284
Tynasia,284
Cyann,284
Makana,284
Nasira,284
Eleny,284
Kalyani,284
Daleah,284
Jakyah,284
Aubryanna,284
Deeksha,284
Riyana,284
Mahari,284
Teyla,284
Alliene,283
Lucielle,283
Lavora,283
Burnett,283
Julane,283
Darolyn,283
Lorel,283
Chrisandra,283
Melanye,283
Elissia,283
Mikesha,283
Shanekia,283
Natilie,283
Ambyr,283
Shadai,283
Mishayla,283
Surya,283
Brianni,283
Kelbi,283
Trystin,283
Adriannah,283
Coriana,283
Deijah,283
Makaylie,283
Yailyn,283
Mirai,283
Malania,283
Joplin,283
Haydin,283
Vonceil,282
Dorcus,282
Rosely,282
Sherran,282
Sundee,282
Koni,282
Morena,282
Patina,282
Felissa,282
Chistina,282
Letoya,282
Latessa,282
Aaren,282
Britne,282
Shoua,282
Kalla,282
Caytlin,282
Angeleena,282
Cierrah,282
Nysha,282
Malaak,282
Rhylan,282
Savvy,282
Thecla,281
Myna,281
Jeanita,281
Marcina,281
Genee,281
Jimmi,281
Stephene,281
Lyann,281
Telina,281
Cariann,281
Anissia,281
Purvi,281
Kursten,281
Damesha,281
Naeema,281
Khala,281
Olamide,281
Nayara,281
Arelly,281
Zeniah,281
Enaya,281
Niveah,281
Dreya,281
Loney,280
Louvina,280
Eletha,280
Evelyna,280
Junetta,280
Selby,280
Tarri,280
Ladeana,280
Rosland,280
Lezley,280
Disa,280
Keenya,280
Kristelle,280
Alnisa,280
Nekesha,280
Turkessa,280
Ileah,280
Jerusalem,280
Kabria,280
Aysa,280
Alyxis,280
Zahirah,280
Safari,280
Maleeha,280
Amreen,280
Jaeleen,280
Makai,280
Mckenley,280
Ayianna,280
Muntaha,280
Jazara,280
Avyn,280
Deetya,280
Tinslee,280
Estie,279
Gladine,279
Ople,279
Iretta,279
Vondell,279
Aminta,279
Brendalyn,279
Shelonda,279
Ly,279
Sabree,279
Sheala,279
Johnesha,279
Jonnae,279
Yitta,279
Byanka,279
Aidel,279
Mio,279
Xiara,279
Deashia,279
Ladeja,279
Lydiah,279
Itzell,279
Cyanne,279
Jamani,279
Evynn,279
Jaianna,279
Myrical,279
Iysis,279
Naziah,279
Laikynn,279
Gertude,278
Armina,278
Merl,278
Armeda,278
Josephene,278
Avaline,278
Birgit,278
Elinda,278
Cedric,278
Rejeana,278
Deneise,278
Nicci,278
Mairi,278
Tamaira,278
Javonda,278
Tikisha,278
Gayatri,278
Latroya,278
Koa,278
Shikha,278
Shantasia,278
Manasa,278
Arielis,278
Eniola,278
Alizea,278
Jayley,278
Haydyn,278
Kariyah,278
Mahathi,278
Jenicka,278
Kashlyn,278
Adler,278
Naevia,278
Opel,277
Ronalda,277
Loeta,277
Ayame,277
Carlton,277
Harrison,277
Joyceann,277
Judieth,277
Lene,277
Burgundy,277
Yanette,277
Braden,277
Takeia,277
Tymia,277
Nelli,277
Treanna,277
Asra,277
Jenisha,277
Airel,277
Jadia,277
Reonna,277
Gizel,277
Mahogani,277
Shakiyah,277
Lilyth,277
Harshini,277
Jazzelle,277
Alyviah,277
Paitynn,277
Luda,276
Oleda,276
Marcellina,276
Jearlean,276
Elanda,276
Joyanne,276
Kenni,276
Toyna,276
Arlisha,276
Neesha,276
Kiela,276
Naria,276
Huyen,276
Britini,276
Aylssa,276
Tanaja,276
Breunna,276
Zain,276
Suhaylah,276
Zarai,276
Kiyla,276
Jaylea,276
Ciel,276
Skyelynn,276
Anasophia,276
Maddalynn,276
Adine,275
Pernell,275
Rosene,275
Miami,275
Alvita,275
Brenetta,275
Demita,275
Gricel,275
Channelle,275
Stormee,275
Kamillah,275
Anaka,275
Daly,275
Fatmata,275
Jhane,275
Shraddha,275
Jayona,275
Shayden,275
Areya,275
Maylea,275
Airyanna,275
Layloni,275
Nasra,275
Chyler,275
Ayane,275
Yetzali,275
Shanvi,275
Verdella,274
Lafern,274
Monty,274
Dala,274
Osha,274
Charma,274
Christeena,274
Sherlynn,274
Gwenette,274
Ylonda,274
Chasitie,274
Kacia,274
Jalynne,274
Triston,274
Katelynd,274
Endya,274
Meilin,274
Dejanique,274
Parys,274
Jamaiya,274
Jaleya,274
Alexianna,274
Reigna,274
Shravya,274
Zaryiah,274
Aerilyn,274
Palmina,273
Georgana,273
Norina,273
Dorette,273
Theresea,273
Melisse,273
Kelie,273
Sherae,273
Tashawn,273
Kishia,273
Faren,273
Eisha,273
Demeka,273
Lataisha,273
Afiya,273
Laquanna,273
Shatika,273
Shanitra,273
Donnesha,273
Shauntia,273
Lashaya,273
Danasha,273
Nyala,273
Daviona,273
Ailed,273
Kiannah,273
Deliyah,273
Jariya,273
Malaiyah,273
Nixon,273
Huxley,273
Cletus,272
Gustavia,272
Basilia,272
Ferris,272
Valaria,272
Elmarie,272
Jordis,272
Caroleen,272
Charlett,272
Loredana,272
Darius,272
Quincie,272
Almadelia,272
Roshawnda,272
Lakeasha,272
Lashante,272
Rachana,272
Quincee,272
Siarah,272
Taiylor,272
Tyriana,272
Caniyah,272
Alera,272
Avanna,272
Caniya,272
Cadynce,272
Naviah,272
Obie,271
Clois,271
Sueko,271
Petrona,271
Fina,271
Jerrine,271
Jeannemarie,271
Lynnett,271
Jennel,271
Hiromi,271
Mishel,271
Shavona,271
Markella,271
Kalesha,271
Natassja,271
Siedah,271
Daysy,271
Kalynne,271
Nohelia,271
Zelena,271
Taylorann,271
Tajae,271
Mirakle,271
Armanii,271
Niyanna,271
Amran,271
Declan,271
Elienai,271
Zarianna,271
Kanyla,271
Azariya,271
Kooper,271
Arvie,270
Edithe,270
Myrtha,270
Melvine,270
Floriene,270
Tawn,270
Rocky,270
Tameko,270
Delaila,270
Shalinda,270
Canisha,270
Taquita,270
Hava,270
Moranda,270
Hoa,270
Porshe,270
Amily,270
Sydny,270
Taleya,270
Javia,270
Esbeidy,270
Abryanna,270
Reigan,270
Malaia,270
Madysin,270
Naliah,270
Anala,270
Varnika,270
Aubrii,270
Caro,269
Marvie,269
Ellanore,269
Bevelyn,269
Jeweline,269
Yolander,269
Aliscia,269
Camielle,269
Nekeisha,269
Takela,269
Iyesha,269
Odaliz,269
Korea,269
Katlyne,269
Ifrah,269
Camree,269
Dayjah,269
Kynedi,269
Damyah,269
Lilou,269
Aerabella,269
Yurani,269
Kollyns,269
Aarvi,269
Clay,268
Saidee,268
Lilliemae,268
Evora,268
Consepcion,268
Rovena,268
Marilouise,268
Robertine,268
Gerlene,268
Junette,268
Eldonna,268
Betheny,268
Sylvanna,268
Lakresha,268
Antonisha,268
Najia,268
Taila,268
Imunique,268
Kadeja,268
Kamalani,268
Jakyia,268
Anaria,268
Tenlee,268
Everlynn,268
Clista,267
Wilsie,267
Danie,267
Delona,267
Calleen,267
Dominick,267
Sandralee,267
Trude,267
Krisandra,267
Miguelina,267
Tamme,267
Nery,267
Capricia,267
Jenalyn,267
Sereena,267
Shanyce,267
Audreana,267
Sianni,267
Fatimata,267
Tyrianna,267
Yeilin,267
Yazlyn,267
Kahlen,267
Nevaya,267
Arbor,267
Harlo,267
Loucille,266
Berma,266
Lorenia,266
Genola,266
Venora,266
Frankye,266
Clary,266
Yona,266
Marlette,266
Karolynn,266
Karlena,266
Jamal,266
Denetria,266
British,266
Shauntell,266
Keyshia,266
Moneka,266
Venisha,266
Tiphani,266
Shenique,266
Tashea,266
Lanique,266
Neli,266
Genesee,266
Leiya,266
Geselle,266
Bryson,266
Alyona,266
Purity,266
Jazmarie,266
Soumya,266
Zea,266
Malone,266
Zanae,266
Meztli,266
Pierce,266
Haiven,266
Aastha,266
Maaliyah,266
Alonnah,266
Jaidynn,266
Jalayla,266
Laiah,266
Zuriah,266
Zanyiah,266
Avacyn,266
Delva,265
Fortune,265
Marinell,265
Corazon,265
Lorey,265
Chyrel,265
Magalie,265
English,265
Jennife,265
Alicha,265
Katurah,265
Aeisha,265
Jameika,265
Shauni,265
Mychal,265
Jasamine,265
Cyara,265
Dejanee,265
Alexiz,265
Sumayya,265
Nikhita,265
Airi,265
Keyarah,265
Brookelynne,265
Shifa,265
Demaya,265
Manaal,265
Maloni,265
Emmalia,265
Zyrah,265
Archer,265
Ted,264
Louvinia,264
Charlsey,264
Mardel,264
Wilhemenia,264
Larose,264
Cynde,264
Chinita,264
Taunia,264
Korine,264
Kitrina,264
Kirsta,264
Kristien,264
Tamecia,264
Kalliopi,264
Samanda,264
Ausha,264
Naama,264
Ravon,264
Mylinh,264
Tannah,264
Lindzey,264
Radiance,264
Gabrial,264
Shyana,264
Laraya,264
Ymani,264
Nakyra,264
Ahliyah,264
Arielys,264
Emillia,264
Pacey,264
Zykira,264
Miral,264
Brylei,264
Maleiah,264
Jersi,264
Maizee,264
Navayah,264
Zaleah,264
Ameliana,264
Aymar,264
Margurette,263
Harumi,263
Telma,263
Eyleen,263
Jeff,263
Moreen,263
Miles,263
Carollee,263
Drina,263
Deby,263
Lalani,263
Roderick,263
Tangy,263
Faithann,263
Sharetta,263
Shenee,263
Lakisa,263
Naquita,263
Sakia,263
Mariposa,263
Brittne,263
Alaena,263
Jaquelynn,263
Tabria,263
Kieley,263
Justise,263
Raynah,263
Bristal,263
Rielly,263
Brody,263
Kanijah,263
Zeriah,263
Seriyah,263
Amylah,263
Hinata,263
Aveyah,263
Evaluna,263
Lemma,262
Biddie,262
Maybel,262
Leannah,262
Lealer,262
Vee,262
Pierina,262
Ruthella,262
Aspasia,262
Paulla,262
Shanyn,262
Samanth,262
Chandrea,262
Shiva,262
Tyrisha,262
Lateria,262
Sarahanne,262
Christabelle,262
Nai,262
Chaeli,262
Evian,262
Avina,262
Yemaya,262
Elenna,262
Akeira,262
Yani,262
Rhegan,262
Lanyia,262
Nayleen,262
Samyiah,262
Avleen,262
Litha,261
Venia,261
Merlie,261
Aldina,261
Margia,261
Ileta,261
Wiley,261
Scotty,261
Landis,261
Chryl,261
Tonni,261
Latrena,261
Ronya,261
Shenice,261
Damien,261
Yakima,261
Shimeka,261
Kalika,261
Britaney,261
Shontavia,261
Marili,261
Tylyn,261
Jaisa,261
Wynonna,261
Tessah,261
Alyzza,261
Abreanna,261
Mariame,261
Tiegan,261
Shamyah,261
Aunesty,261
Makailyn,261
Sanyia,261
Mylani,261
Hartlee,261
Aradhya,261
Lucillie,260
Maedell,260
Dickie,260
Juanell,260
Gearline,260
Yoland,260
Enrique,260
Debarah,260
Chalice,260
Quana,260
Sherece,260
Niurka,260
Kiwana,260
Tomorrow,260
Niambi,260
Poonam,260
Nakiesha,260
Nickia,260
Reannon,260
Nashira,260
Temitope,260
Starsha,260
Linsy,260
Lenaya,260
Naysha,260
Ying,260
Sarahelizabeth,260
Cosima,260
Hodan,260
Daryan,260
Nakaya,260
Danajah,260
Mckaylah,260
Kinzee,260
Zaydee,260
Jniyah,260
Cassadee,260
Ohana,260
Cola,259
Aldea,259
Moselle,259
Concettina,259
Willean,259
Febe,259
Lajoy,259
Jolaine,259
Jackquelyn,259
Doreena,259
Darnita,259
Tiwanna,259
Cortina,259
Sophina,259
Malik,259
Temekia,259
Onica,259
Priti,259
Naketa,259
Kaniesha,259
Allina,259
Lakendria,259
Shterna,259
Ronnesha,259
Jasman,259
Lakeria,259
Ciarah,259
Ndia,259
Karlei,259
Malachi,259
Yousra,259
Lexxi,259
Nylia,259
Keylie,259
Zykerria,259
Ziyana,259
Amilyah,259
Amariona,259
Delayla,259
Mamye,258
Lynnie,258
Orchid,258
Doylene,258
Maury,258
Sande,258
Lucianne,258
Trevia,258
Lorilei,258
Tunya,258
Lareen,258
Felisia,258
Keishia,258
Salimah,258
Shawnita,258
Ericha,258
Isolde,258
Jamekia,258
Meleana,258
Daneshia,258
Shemaiah,258
Emilyanne,258
Eleah,258
Mykell,258
Ruchama,258
Aliena,258
Kilie,258
Shayley,258
Jakala,258
Isel,258
Janelys,258
Nadezhda,258
Lailoni,258
Gracelin,258
Lillyonna,258
Lumi,258
Aaira,258
Aayat,258
Ercell,257
Wavie,257
Dollye,257
Oddie,257
Neal,257
Clark,257
Normalee,257
Jaine,257
Cruzita,257
Justeen,257
Jolean,257
Raenell,257
Jawanda,257
Laressa,257
Resha,257
Shontelle,257
Denicia,257
Laterra,257
Akeisha,257
Dametria,257
Shakeela,257
Lakevia,257
Lindsee,257
Roneshia,257
Dynesha,257
Juleah,257
Emilyrose,257
Kahlea,257
Kalya,257
Uriel,257
Shayana,257
Amar,257
Idali,257
Raia,257
Mykiah,257
Stuti,257
Bijou,257
Leiani,257
Anani,257
Zamyah,257
Alesana,257
Rushie,256
Louretta,256
Mayo,256
Sedalia,256
Catherene,256
Arelia,256
Norberta,256
Dalphine,256
Loletta,256
Marciana,256
Janele,256
Chenell,256
Kandise,256
Litisha,256
Kewanna,256
Lashawndra,256
Bri,256
Natalea,256
Lacrystal,256
Nyeshia,256
Sabiha,256
Allanna,256
Thanya,256
Nyashia,256
Briya,256
Dahlila,256
Skarlette,256
Hailynn,256
Kaleesi,256
Orah,255
Al,255
Juline,255
Fredrick,255
Mardee,255
Cathe,255
Cherlynn,255
Syndi,255
Millisa,255
Ketra,255
Tineka,255
Kristol,255
Shawnetta,255
Mieke,255
Tiye,255
Tashema,255
Anikka,255
Aimy,255
Jahayra,255
Shakendra,255
Arleny,255
Malloree,255
Wesleigh,255
Annalena,255
Unnamed,255
Miyonna,255
Haliey,255
Mariona,255
Zamzam,255
Peytyn,255
Reet,255
Allizon,255
Riverlyn,255
Olar,254
Ortha,254
Clorine,254
Foye,254
Jeraline,254
Marny,254
Jerlyn,254
Acquanetta,254
Janda,254
Santia,254
Jamil,254
Paraskevi,254
Marelin,254
Iisha,254
Tikia,254
Sadira,254
Harpreet,254
Deepika,254
Kalicia,254
Khadeeja,254
Omni,254
Navneet,254
Janki,254
Karolyne,254
Oluwadamilola,254
Dhalia,254
Galaxy,254
Rameen,254
Yaileen,254
Aiyonna,254
Hermela,254
Raeley,254
Mattilynn,254
Navie,254
Jaylei,254
Nyima,254
Parnika,254
Lennix,254
Lynnox,254
Byrd,253
Eutha,253
Levia,253
Fortunata,253
Monteen,253
Orlanda,253
Hazeline,253
Kathlean,253
Allan,253
Rochella,253
Marqueta,253
Shere,253
Jaren,253
Tannya,253
Teffany,253
Anu,253
Rashaunda,253
Tanica,253
Kamera,253
Ashika,253
Heena,253
Kayti,253
Farhana,253
Akera,253
Dulse,253
Julyana,253
Mariyam,253
Kearstyn,253
Brooklen,253
Sreya,253
Dhanya,253
Milaya,253
Zamariah,253
Lanayah,253
Elaya,253
Lunna,253
Adhira,253
Keylani,253
Kynzleigh,253
Lurine,252
Doyle,252
Alexandrina,252
Marynell,252
Piedad,252
Stephenia,252
Angeleen,252
Monda,252
Ralene,252
Latonda,252
Athea,252
Ashaki,252
Tomeika,252
Jamielyn,252
Dennisha,252
Ikia,252
Aireal,252
Keerthi,252
Suad,252
Kelbie,252
Diamante,252
Jaylon,252
Majestic,252
Kasidee,252
Ionna,252
Malyah,252
Aneliz,252
Briany,252
Safina,252
Graclyn,252
Catori,252
Naveyah,252
Malayla,252
Baker,252
Emryn,252
Epsie,251
Agusta,251
Massie,251
Jenie,251
Leathia,251
Seferina,251
Vernona,251
Vale,251
Ardean,251
Dorean,251
Illona,251
Sherrian,251
Li,251
Lavonya,251
Valicia,251
Ji,251
Sheetal,251
Shanterria,251
Arti,251
Taiesha,251
Tymesha,251
Ivet,251
Keshauna,251
Yaa,251
Bricia,251
Oneisha,251
Siearra,251
Geovana,251
Janelli,251
Biviana,251
Mikalyn,251
Danaja,251
Yesly,251
Nabeeha,251
Ryelee,251
Yariana,251
Yaritzel,251
Nakhia,251
Syrenity,251
Emoree,251
Zerenity,251
Aubriee,251
Hazely,251
Lonia,250
Fedora,250
Madline,250
Lourene,250
Geneveive,250
Maryruth,250
Natha,250
Marilea,250
Merryl,250
Nayda,250
Hillari,250
Mistee,250
Anisia,250
Lacosta,250
Laresha,250
Riannon,250
Kayna,250
Bindi,250
Rainna,250
Kiyonna,250
Cayman,250
Avrianna,250
Jahnia,250
Makeila,250
Maelin,250
Emylia,250
Keyly,250
Aayushi,250
Sophiya,250
Zailyn,250
Texanna,249
Zeda,249
Edell,249
Stephie,249
Ernesteen,249
Gwynneth,249
Jeriann,249
Marka,249
Dwanda,249
Darnelle,249
Chrystle,249
Dawanda,249
Ilissa,249
Kjersti,249
Shamar,249
Jasha,249
Malkia,249
Sharica,249
Tomesha,249
Janeka,249
Marsela,249
Chantilly,249
Dashae,249
Cheynne,249
Anslie,249
Ellary,249
Abbiegail,249
Kayleeann,249
Oliwia,249
Sicilia,249
Taaliyah,249
Verania,249
Camiah,249
Leiyah,249
Dhruvi,249
Tvisha,249
Zunaira,249
Anwita,249
Erdine,248
Oria,248
Harue,248
Veleta,248
Laberta,248
Jetty,248
Amil,248
Paddy,248
Hannelore,248
Glendia,248
Carloyn,248
Ilka,248
Sanita,248
Chauna,248
Valisha,248
Marquel,248
Shawnell,248
Tonica,248
Devlyn,248
Kjerstin,248
Leandria,248
Cadi,248
Lira,248
Rheana,248
Kelechi,248
Jaklyn,248
Zissel,248
Karlea,248
Bless,248
Mersades,248
Adriauna,248
Yeira,248
Aariona,248
Terrionna,248
Bryannah,248
Eyana,248
Alayza,248
Anniah,248
Krithi,248
Emmalynne,248
Xara,248
Kenzli,248
Niang,248
Delcia,247
Elmo,247
Ludell,247
Madine,247
Juanetta,247
Eliabeth,247
Semone,247
Rockelle,247
Jennier,247
Tarissa,247
Amamda,247
Shadi,247
Nikya,247
Nishi,247
Klarisa,247
Yazmyn,247
Ciearra,247
Jocabed,247
Reality,247
Tianah,247
Rilie,247
Daijha,247
Brealynn,247
Emira,247
Josilynn,247
Miette,247
Neya,247
Kynadi,247
Phenix,247
Vanshika,247
Makenley,247
Kaizley,247
Quinnley,247
Sevilla,246
Ludmila,246
Pegge,246
Sharmayne,246
Oni,246
Tykeisha,246
Sharonica,246
Shallon,246
Sinthia,246
Jamonica,246
Laporcha,246
Abbegail,246
Caylan,246
Shaquira,246
Dayona,246
Jatoria,246
Mckensey,246
Alashia,246
Giavanni,246
Christyana,246
Adianna,246
Lianny,246
Synai,246
Zaia,246
Amilliana,246
Ameliya,246
Aviella,246
Jennavecia,246
Eppie,245
Dura,245
Glendola,245
Elain,245
Marnell,245
Adrie,245
Tabita,245
Casee,245
Shamecca,245
Naseem,245
Karrisa,245
Ziomara,245
Mirranda,245
Kla,245
Mersadie,245
Misaki,245
Miciah,245
Mckaila,245
Teriana,245
Jakari,245
Kortlyn,245
Torah,245
Adrianah,245
Gwendalynn,245
Keysi,245
Kalis,245
Noya,245
Zamyra,245
Germani,245
Camilah,245
Sahily,245
Ezmae,245
Josefita,244
Josphine,244
Ernesta,244
Durinda,244
Shonnie,244
Johni,244
Neenah,244
Landy,244
Kristinia,244
Arasely,244
Lorrin,244
Kao,244
Jyllian,244
Krystalynn,244
Kestrel,244
Kiearra,244
Brentley,244
Hiliana,244
Jaleena,244
Saryn,244
Nairi,244
Zaineb,244
Darionna,244
Alyra,244
Ameriah,244
Demiah,244
Saumya,244
Iyanla,244
Tatym,244
Jahmya,244
Audrielle,244
Lileigh,244
Bexlee,244
Vinia,243
Perle,243
Leara,243
Deolinda,243
Geneive,243
Yukie,243
Arlethia,243
Eliz,243
Daleen,243
Debbe,243
Lilo,243
Christol,243
Mystie,243
Zelina,243
Erinne,243
Cotina,243
Dinesha,243
Kamilia,243
Jordi,243
Shateria,243
Janellie,243
Imane,243
Andersen,243
Joscelin,243
Yareth,243
Lochlyn,243
Annaliyah,243
Prestyn,243
Jaelani,243
Adilee,243
Lakely,243
Dezzie,242
Alphia,242
Ludmilla,242
Emmalou,242
Glennys,242
Verdelle,242
Basil,242
Valaree,242
Jacci,242
Milia,242
Orlando,242
Jacques,242
Kevia,242
Chandi,242
Taletha,242
Kely,242
Chandelle,242
Taneika,242
Xuan,242
Kateria,242
Ketsia,242
Ilea,242
Porschia,242
Mychael,242
Aigner,242
Asante,242
Frankee,242
Anjelique,242
Salam,242
Alycea,242
Bisma,242
Afrah,242
Aliyha,242
Ahnika,242
Nyiah,242
Mekhia,242
Akyla,242
Sumeya,242
Ximenna,242
Roniyah,242
Elayah,242
Mariaclara,242
Simrah,242
Laiyla,242
Zaylin,242
Zaelyn,242
Zailynn,242
Mithra,242
Tensley,242
Nanna,241
Clothilde,241
Lether,241
Eudell,241
Marrietta,241
Ertha,241
Willodene,241
Luane,241
Neeka,241
Cay,241
Candus,241
Levette,241
Leiann,241
Ralynn,241
Shajuana,241
Shalandra,241
Dylana,241
Shanara,241
Kadisha,241
Amberlie,241
Lakya,241
Rin,241
Jazzman,241
Dayshia,241
Saliha,241
Chasey,241
Eleanna,241
Ashlynd,241
Gage,241
Shaima,241
Jilliana,241
Deztiny,241
Dally,241
Talasia,241
Faduma,241
Lyniah,241
Blen,241
Anberlin,241
Lucyle,240
Genever,240
Arretta,240
Bonnell,240
Cledith,240
Rheda,240
Yuvonne,240
Pierrette,240
Christyne,240
Loletha,240
Kevyn,240
Annet,240
Yolunda,240
Velicia,240
Shannin,240
Niani,240
Janaia,240
Dameka,240
Lakedra,240
Meagon,240
Calisha,240
Ingris,240
Nandita,240
Saidy,240
Katerra,240
Anastasha,240
Aleese,240
Lundon,240
Emilija,240
Sorcha,240
Anayely,240
Akili,240
Niana,240
Ismerai,240
Amiri,240
Maimuna,240
Malya,240
Rakayla,240
Lamyia,240
Aneth,240
Nusaybah,240
Madyn,240
Jiyah,240
Malayiah,240
Klaira,240
Danilynn,240
Leliana,240
Auda,239
Armilda,239
Stephana,239
Bennetta,239
Dorthie,239
Terissa,239
Desa,239
Tria,239
Vanissa,239
Dimitria,239
Gerardo,239
Afrika,239
Demika,239
Sakeenah,239
Maigan,239
Saniyyah,239
Loriel,239
Sameria,239
Raeana,239
Ashleynicole,239
Jonesha,239
Natsumi,239
Jazline,239
Lior,239
Ladasia,239
Briell,239
Bailei,239
Syann,239
Vrinda,239
Yena,239
Saraiah,239
Nevah,239
Rumaysa,239
Zeva,239
Rhilynn,239
Stassi,239
Okla,238
Enda,238
Orvilla,238
Mayetta,238
Agueda,238
Inas,238
Roxine,238
Roann,238
Raynetta,238
Min,238
Devita,238
Shereese,238
Charo,238
Shantele,238
Dalaina,238
Yumiko,238
Trenae,238
Lashonta,238
Shaquitta,238
Bethanny,238
Kathelyn,238
Chelcee,238
Elainna,238
Nadalie,238
Deysy,238
Jazzalyn,238
Yarelly,238
Aivy,238
Bailyn,238
Yarah,238
Anniya,238
Anjolaoluwa,238
Zariana,238
Kamylah,238
Haizlee,238
Luvinia,237
Ramah,237
Lusia,237
Elice,237
Doraine,237
Vidalia,237
Charlane,237
Shaaron,237
Bryant,237
Sherrelle,237
Sala,237
Shondell,237
Tarisha,237
Aki,237
Kristain,237
Demisha,237
Bryony,237
Oanh,237
Mystery,237
Kalan,237
Kegan,237
Nasiya,237
Nehemie,237
Caitriona,237
Mayan,237
Jalexis,237
Shaden,237
Mkenzie,237
Kamariah,237
Ameilia,237
Oreoluwa,237
Nyliah,237
Zhara,237
Metztli,237
Jamisyn,237
Nalanie,237
Calianna,237
Mirtie,236
Loucinda,236
Tita,236
California,236
Joanmarie,236
Laurey,236
Sidni,236
Tambria,236
Torry,236
Marialena,236
Teka,236
Shawan,236
Nickol,236
Cresta,236
Rome,236
Zalika,236
Jassica,236
Reneisha,236
Camerin,236
Chelci,236
Delmi,236
Jameia,236
Tyshae,236
Audreyana,236
Halston,236
Laasia,236
Halea,236
Analysia,236
Kasiah,236
Yanni,236
Sokhna,236
Draven,236
Sagal,236
Aamna,236
Madisun,236
Aneya,236
Demari,236
Leniyah,236
Alianah,236
Rylah,236
Aveya,236
Arnie,235
Inza,235
Lucill,235
Haroldine,235
Porfiria,235
Charolett,235
Evely,235
Kenlyn,235
Deborra,235
Lauraann,235
Jyoti,235
Tiphany,235
Meeghan,235
Aquarius,235
Talita,235
Crystalynn,235
Deshana,235
Nikeisha,235
Tanaisha,235
Laterrica,235
Angelmarie,235
Isella,235
Bryttany,235
Gabrelle,235
Jaisha,235
Melyna,235
Jenavie,235
Marieli,235
Maecy,235
Yarelli,235
Nanami,235
Braelin,235
Maniah,235
Adaora,235
Amiaya,235
Mikyah,235
Azrael,235
Darely,235
Aryianna,235
Amiliana,235
Emersynn,235
Mihira,235
Eh,235
Hazelynn,235
Alfa,234
Elvin,234
Vermelle,234
Cuca,234
Ruthell,234
Larna,234
Davene,234
Sultana,234
Dannell,234
Shalamar,234
Jennfier,234
Shakisha,234
Thamara,234
Shaynna,234
Daylyn,234
Farryn,234
Nakyia,234
Aliyyah,234
Diego,234
Fathima,234
Saarah,234
Danyka,234
Tiannah,234
Jocee,234
Hanley,234
Jahlia,234
Jahnya,234
Jniya,234
Kayson,234
Braniya,234
Mariaeduarda,234
Ader,233
Margarie,233
Margareth,233
Veneda,233
Dionisia,233
Marcha,233
Dyna,233
Lynnmarie,233
Koleen,233
Brad,233
Lorian,233
Delania,233
Joelynn,233
Serrina,233
Tamina,233
Markeita,233
Tishana,233
Shandreka,233
Karem,233
Nykole,233
Chanika,233
Desmond,233
Agnieszka,233
Deshayla,233
Shavonte,233
Melek,233
Airelle,233
Tahja,233
Brihana,233
Symphany,233
Jaylenne,233
Nyela,233
Azrielle,233
Serenidy,233
Leyanna,233
Sanii,233
Breslyn,233
Almena,232
Oris,232
Verlia,232
Hermila,232
Bernardette,232
Carollynn,232
Darinda,232
Kimble,232
Tyia,232
Bret,232
Marae,232
Aby,232
Swathi,232
Yenny,232
Daniesha,232
Jannessa,232
Keari,232
Shealee,232
Shyasia,232
Donyae,232
Schylar,232
Jayln,232
Alysandra,232
Renad,232
Himani,232
Shahad,232
Evani,232
Emmary,232
Joniyah,232
Brayley,232
Zanyia,232
Teagyn,232
Thresia,231
Genella,231
Emanuella,231
Ginevra,231
Vernadine,231
Molley,231
Wandalee,231
Shirely,231
Barbarajean,231
Cheril,231
Rogena,231
Debbora,231
Devonda,231
Lai,231
Sherea,231
Varonica,231
Sibel,231
Deshaun,231
Grissel,231
Sharah,231
Christon,231
Elis,231
Javona,231
Ravan,231
Jamilee,231
Kyeisha,231
Rashae,231
Courtland,231
Elea,231
Chaela,231
Allaina,231
Haeli,231
Shiori,231
Eilis,231
Koraima,231
Emmerie,231
Arora,231
Minah,231
Kailynne,231
Airyana,231
Mumtaz,231
Alaiza,231
Cloee,231
Joud,231
Eymi,231
Aryella,231
Lucindy,230
Pearlee,230
Chloris,230
Ceclia,230
Verneta,230
Kathalene,230
Dilia,230
Modestine,230
Annise,230
Ileane,230
Caryle,230
Franci,230
Tamberly,230
Chrisie,230
Shenetta,230
Shawni,230
Kennethia,230
Cherity,230
Mieka,230
Tyeesha,230
Keaundra,230
Tarren,230
Akiera,230
Zeenat,230
Allessandra,230
Braeden,230
Annelie,230
Dimond,230
Hajra,230
Amala,230
Ashonti,230
Afreen,230
Aubreana,230
Timaya,230
Mckala,230
Lavanya,230
Jesly,230
Sakshi,230
Jood,230
Atleigh,230
Sofiah,230
Anyelin,230
Zivah,230
Irva,229
Jency,229
Junice,229
Merica,229
Jillaine,229
Laurianne,229
Stephan,229
Tessica,229
Matasha,229
Jasa,229
Chariti,229
Makeisha,229
Collyn,229
Kasara,229
Chakira,229
Jaycelyn,229
Zareen,229
Courtnei,229
Tieara,229
Oluwakemi,229
Raynie,229
Nelsy,229
Ahnna,229
Rhya,229
Dailey,229
Adasia,229
Jeslynn,229
Annalisse,229
Aliz,229
Malajah,229
Syanna,229
Brooklinn,229
Annalina,229
Minnah,229
Zaraya,229
Samyrah,229
Gilma,228
Monetta,228
Uldine,228
Chong,228
Eyvette,228
Zo,228
Corrinna,228
Vesna,228
Khrista,228
Kirston,228
Tanysha,228
Nakea,228
Maleeka,228
Kristell,228
Nashae,228
Aftyn,228
Jesselle,228
Dejia,228
Noam,228
Lexxus,228
Maleea,228
Sravya,228
Jamayah,228
Ajayla,228
Gwynevere,228
Zuzu,228
Adayah,228
Jaeli,228
Kaydyn,228
Aniyha,228
Aamirah,228
Jeyla,228
Ryelle,228
Makynzi,228
Araiya,228
Emmilyn,228
Ellenore,227
Marcena,227
Geralene,227
Laretha,227
Jowanna,227
Terrianne,227
Joletta,227
Geneen,227
Bambie,227
Via,227
Demetrica,227
Johnni,227
Brittin,227
Kwanza,227
Aliceson,227
Huma,227
Shamieka,227
Shahidah,227
Maurisha,227
Olina,227
Cornisha,227
Storey,227
Akhila,227
Bailea,227
Dearra,227
Paije,227
Patrycja,227
Sakiya,227
Alazia,227
Summerlyn,227
Briyah,227
Asanti,227
Brylea,227
Amrutha,227
Jazalynn,227
Fianna,227
Aynslee,227
Maleeah,227
Emberley,227
Bryndle,227
Anie,226
Nicie,226
Olia,226
Luceal,226
Catheryne,226
Elizibeth,226
Samuella,226
Angelyne,226
Johnice,226
Raynelle,226
Desira,226
Cheryln,226
Blinda,226
Libbi,226
Rami,226
Felicha,226
Hilari,226
Jenipher,226
Artesia,226
Comfort,226
Jonte,226
Maresha,226
Keslie,226
Gelsey,226
Kale,226
Truc,226
Tocarra,226
Teniya,226
Brittane,226
Caeleigh,226
Daliana,226
Maeson,226
Cyana,226
Mckenize,226
Humaira,226
Isobella,226
Nardos,226
Kanaya,226
Ramla,226
Issabelle,226
Averiana,226
Mehr,226
Aizlynn,226
Orilla,225
Melvinia,225
Charmion,225
Honore,225
Oreta,225
Murel,225
Velvie,225
Vineta,225
Asako,225
Ladoris,225
Julanne,225
Adana,225
Kimmarie,225
Tonianne,225
Quantina,225
Neko,225
Adenike,225
Fajr,225
Laneshia,225
Annalissa,225
Torian,225
Nyiesha,225
Tonantzin,225
Crystin,225
Carrera,225
Laisa,225
Casia,225
Cyndal,225
Jazmon,225
Sierria,225
Dahiana,225
Rodnesha,225
Chealsea,225
Aasia,225
Aika,225
Kelaiah,225
Asyah,225
Anaeli,225
Nautika,225
Reganne,225
Syanne,225
Nathalya,225
Nasiah,225
Zanayah,225
Loralye,225
Amayra,225
Everli,225
Royalti,225
Elzada,224
Everlina,224
Netha,224
Marguarite,224
Autry,224
Klea,224
Marliss,224
Edana,224
Vici,224
Darlinda,224
Reyne,224
Annelisa,224
Chimene,224
Dawnya,224
Nica,224
Breigh,224
Eleftheria,224
Jonathon,224
Shaakira,224
Lenisha,224
Federica,224
Mikea,224
Keiosha,224
Yasmen,224
Melinna,224
Shelsey,224
Kharis,224
Bradyn,224
Tylin,224
Alliya,224
Melat,224
Cyleigh,224
Shukri,224
Jeily,224
Raziyah,224
Aviyah,224
Quorra,224
Almina,223
Ica,223
Mozel,223
Versia,223
Sumie,223
Eldean,223
Pennye,223
Gwenetta,223
Jonalyn,223
Shoshannah,223
Amylynn,223
Na,223
Latiffany,223
Erendida,223
Karrina,223
Denishia,223
Rhianne,223
Calin,223
Kelsay,223
Anacristina,223
Celsey,223
Jalesia,223
Jahara,223
Stefanny,223
Raela,223
Chayanne,223
Danyela,223
Daisa,223
Kianni,223
Michaelah,223
Myles,223
Ariely,223
Zakirah,223
Kaede,223
Ahmiyah,223
Abri,223
Layonna,223
Ellarie,223
Keliyah,223
Tenleigh,223
Lilyanah,223
Adaliah,223
Ailah,223
Adalae,223
Mirha,223
Ioma,222
Gertrue,222
Faun,222
Rudene,222
Delsa,222
Junelle,222
Kyoko,222
Kayann,222
Marcea,222
Johnda,222
Patrici,222
Tersa,222
Missi,222
Carrin,222
Tekesha,222
Chalise,222
Kenyanna,222
Shaine,222
Raynisha,222
Seairra,222
Camarie,222
Atheena,222
Mirissa,222
Jericha,222
Liany,222
Jermia,222
Aliayah,222
Ryenn,222
Jareli,222
Jakaila,222
Essynce,222
Aleksia,222
Adamariz,222
Snigdha,222
Milayna,222
Sofya,222
Alynah,222
Kadince,222
Keisi,222
Daziyah,222
Evolette,222
Hoorain,222
Virgin,221
Hedda,221
Aneita,221
Celester,221
Ventura,221
Oretta,221
Evalyne,221
Veleria,221
Derotha,221
Harryette,221
Bethene,221
Kathline,221
Sady,221
Judithann,221
Flecia,221
Chantil,221
Teralyn,221
Kesi,221
Lizzett,221
Kamerin,221
Calen,221
Camrin,221
Katelen,221
Kade,221
Bayle,221
Sabrinna,221
Haely,221
Shailene,221
Sukhmani,221
Danyah,221
Deziah,221
Reeya,221
Jaleia,221
Greysen,221
Naidelin,221
Zairah,221
Ariyanah,221
Adelai,221
Joss,221
Mileigh,221
Addley,221
Eiliyah,221
Retal,221
Payzlee,221
Aviannah,221
Teckla,220
Cannie,220
Velmer,220
Ronie,220
Merdis,220
Gwendola,220
Ladene,220
Willadene,220
Devonia,220
Jolyne,220
Rexanne,220
Cynithia,220
Kimra,220
Keni,220
Kimmi,220
Charrise,220
Celes,220
Joeli,220
Donovan,220
Shatonya,220
Annaliza,220
Shamona,220
Channah,220
Stormey,220
Shanieka,220
Alexza,220
Ashana,220
Shanavia,220
Kyona,220
Lilac,220
Atiyah,220
Amberrose,220
Gissela,220
Claryssa,220
Erial,220
Anallely,220
Kanna,220
Anaja,220
Ryenne,220
Jmya,220
Manaia,220
Denym,220
Raedyn,220
Wrenn,220
Ziyonna,220
Chizara,220
Ikhlas,220
Haislee,220
Hennie,219
Necie,219
Christana,219
Lucylle,219
Athalie,219
Emmagene,219
Sherlie,219
Arita,219
Happy,219
Tenita,219
Shiri,219
Kerina,219
Latunya,219
Taffany,219
Gabi,219
Markell,219
Taquilla,219
Laportia,219
Sonoma,219
Kaina,219
Atavia,219
Nattalie,219
Cailie,219
Kyarra,219
Jordynne,219
Jla,219
Rmani,219
Kmya,219
Rubee,219
Sahithi,219
Keniah,219
Gracin,219
Jasiya,219
Bellamarie,219
Eilee,219
Rielyn,219
Texas,218
Loie,218
Mazelle,218
Maragret,218
Eloyce,218
Narcisa,218
Huberta,218
Little,218
Gaylia,218
Daune,218
Gaylon,218
Laurann,218
Cecilee,218
Adraine,218
Chondra,218
Falecia,218
Libra,218
Vasti,218
Shakelia,218
Shanesha,218
Calle,218
Jaquisha,218
Shamirah,218
Kaitland,218
Jaquelyne,218
Keanu,218
Geonna,218
Suriya,218
Aneli,218
Janayla,218
Simya,218
Solomia,218
Maela,218
Kaedynce,218
Amayiah,218
Haevyn,218
Merryn,218
Anastyn,218
Addisynn,218
Haset,218
Margrete,217
Thena,217
Dexter,217
Artemisa,217
Captola,217
Modene,217
Jake,217
Philis,217
Delanna,217
Katrenia,217
Vennessa,217
Desree,217
Laquan,217
Sharece,217
Amylee,217
Marlisha,217
Shaleena,217
Shanicka,217
Sweta,217
Keyauna,217
Jerricka,217
Cartier,217
Kyrra,217
Khaya,217
Jaelen,217
Holden,217
Lachlan,217
Peytin,217
Samyuktha,217
Roniya,217
Makyiah,217
Keylen,217
Yaritzy,217
Emmakate,217
Hazelyn,217
Erabella,217
Girtrude,216
Zellie,216
Obera,216
Rebie,216
Valla,216
Perline,216
Kazue,216
Oveta,216
Rojean,216
Toma,216
Connee,216
Janeil,216
Ronalee,216
Shearon,216
Elesa,216
Cherilynn,216
Yavonne,216
Carinne,216
Chrisy,216
Krisa,216
Caramia,216
Meshia,216
Brietta,216
Shanina,216
Kyisha,216
Aleka,216
Deserea,216
Aaisha,216
Nitara,216
Raynesha,216
Davion,216
Breanah,216
Alexx,216
Shayonna,216
Kierrah,216
Ailis,216
Khadeejah,216
Lannah,216
Makaylia,216
Cyrah,216
Taliana,216
Alaija,216
Temiloluwa,216
Jurney,216
Samhitha,216
Kalaysia,216
Jaiyah,216
Annastyn,216
Maybree,216
Ayrabella,216
Ota,215
Elsye,215
Latha,215
Prudy,215
Claryce,215
Robby,215
Arlita,215
Paticia,215
Janeece,215
Kitt,215
Leanda,215
Caria,215
Tamma,215
Ladonya,215
Larra,215
Tamber,215
Atasha,215
Charnise,215
Jessamy,215
Shantea,215
Tynisa,215
Chiana,215
Latyra,215
Rehanna,215
Nhung,215
Seleena,215
Magenta,215
Adri,215
Charday,215
Damonique,215
Merly,215
Amberlin,215
Jelina,215
Kamile,215
Matisse,215
Jordain,215
Tessla,215
Dayanira,215
Nneoma,215
Alexcis,215
Sireen,215
Maryiah,215
Ramaya,215
Jayleene,215
Saleah,215
Xolani,215
Manila,214
Gaynel,214
Omelia,214
Carnelia,214
Nicolena,214
Ruthmary,214
Jonquil,214
Rosalena,214
Dierdra,214
Shann,214
Charmel,214
Valissa,214
Montina,214
Rebecah,214
Trissa,214
Tabbetha,214
Pascha,214
Tanara,214
Tykesha,214
Chia,214
Taquila,214
Cristabel,214
Kathalina,214
Lahela,214
Setareh,214
Ngan,214
Jansen,214
Niaya,214
Kailene,214
Janicia,214
Yaqueline,214
Hydeia,214
Ahlana,214
Alannis,214
Smriti,214
Jurnie,214
Harmani,214
Jayliah,214
Nyleah,214
Kashlynn,214
Cohen,214
Moksha,214
Kamaiyah,214
Avianah,214
Harlym,214
Elmire,213
Fronnie,213
Lutisha,213
Genoa,213
Marabelle,213
Evamae,213
Audine,213
Ellon,213
Chonita,213
Rozina,213
Monice,213
Noela,213
Careen,213
Leonda,213
Leontyne,213
Angala,213
Atina,213
Shamone,213
Alisen,213
Rashi,213
Hayde,213
Rachna,213
Jady,213
Markiesha,213
Lekia,213
Kalana,213
Tamirah,213
Brittony,213
Shamir,213
Emalia,213
Blaize,213
Katlynne,213
Aariel,213
Gabbrielle,213
Allannah,213
Anahis,213
Alexea,213
Briceyda,213
Aarianna,213
Kani,213
Zakeria,213
Jhoselyn,213
Mahlet,213
Nyaira,213
Klover,213
Anayiah,213
Laiklyn,213
Zayley,213
Emeree,213
Adelise,213
Zanylah,213
Varina,212
Ludy,212
Florella,212
Floella,212
Evaleen,212
Marzetta,212
Francenia,212
Priscille,212
Glynna,212
Richetta,212
Marlita,212
Marikay,212
Shar,212
Chan,212
Melessia,212
Shahara,212
Torina,212
Rekha,212
Xylina,212
Shakeitha,212
Akeya,212
Omara,212
Sayaka,212
Talar,212
Larah,212
Kirbie,212
Ramia,212
Aasiya,212
Kember,212
Minami,212
Aireona,212
Allexus,212
Ninah,212
Arayna,212
Aailyah,212
Oasis,212
Nusrat,212
Xela,212
Kalyse,212
Raileigh,212
Zanai,212
Emrey,212
Jermany,212
Emunah,212
Neeva,212
Addalee,212
Analeigha,212
Kattaleya,212
Clemie,211
Verl,211
Wreatha,211
Althia,211
Avalene,211
Susa,211
Fleur,211
Joeleen,211
Sharonne,211
Marjan,211
Quandra,211
Kristyl,211
Rockell,211
Ladan,211
Yasamin,211
Ajani,211
Timera,211
Biana,211
Cornesha,211
Arrington,211
Kiala,211
Cameren,211
England,211
Temima,211
Kyani,211
Areonna,211
Miyu,211
Keileigh,211
Dilyn,211
Amayia,211
Zyniah,211
Ameira,211
Brinly,211
Taygen,211
Avriana,211
Maleeyah,211
Vasilisa,211
Trannie,210
Oleva,210
Vercie,210
Jeaninne,210
Cydne,210
Candia,210
Sherrilynn,210
Melane,210
Melicia,210
Kelda,210
Pleshette,210
Cherina,210
Shawntelle,210
Joelie,210
Molina,210
Terricka,210
Trishelle,210
Madinah,210
Tylesha,210
Lashai,210
Kyomi,210
Abagael,210
Giavonni,210
Tatayana,210
Anyae,210
Hasna,210
Makaylyn,210
Jakaya,210
Meleena,210
Ellayna,210
Maddux,210
Zainah,210
Breelle,210
Izadora,210
Shanzay,210
Ahmaya,210
Fenix,210
Mylei,210
Arilynn,210
Samadhi,210
Kasyn,210
Kylinn,210
Kyrielle,210
Paw,210
Reverie,210
Almyra,209
Jeanet,209
Malva,209
Roselene,209
Evalynne,209
Arturo,209
Benay,209
Cherylynn,209
Dennette,209
Carrieanne,209
Latice,209
Antonya,209
Bethania,209
Shalese,209
Dilcia,209
Shasha,209
Tashanda,209
Brandey,209
Chancy,209
Davisha,209
Lindey,209
Chee,209
Caress,209
Maly,209
Jasie,209
Keoshia,209
Kashayla,209
Mc,209
Rynn,209
Camaria,209
Landen,209
Leahna,209
Eilidh,209
Irianna,209
Julionna,209
Amyria,209
Vienne,209
Ameyah,209
Beya,209
Quinlynn,209
Brecklynn,209
Jaeliana,209
Urania,208
Waldine,208
Kameko,208
Barba,208
Lestine,208
Janeene,208
Elisea,208
Konni,208
Trayce,208
Crystol,208
Montrice,208
Travia,208
Ennifer,208
Celenia,208
Abraham,208
Tyeasha,208
Cheney,208
Deondria,208
Nohealani,208
Laprecious,208
Zandrea,208
Shameria,208
Shaquasia,208
Lexey,208
Jnae,208
Shivali,208
Morgane,208
Klaryssa,208
Natalija,208
Mykela,208
Dianey,208
Ytzel,208
Irania,208
Allyna,208
Jaylia,208
Nykira,208
Lilja,208
Dezi,208
Myelle,208
Aylinn,208
Mckenlee,208
Rumaisa,208
Mayrani,208
Zayana,208
Gorgeous,208
Ellarae,208
Saraiya,208
Declyn,208
Addilee,208
Audrinna,208
Milayah,208
Bexleigh,208
Telitha,207
Thirza,207
Pocahontas,207
Murial,207
Theona,207
Carlyne,207
Grant,207
Carollyn,207
Janiel,207
Salinda,207
Aquanetta,207
Celita,207
Ronia,207
Morrisa,207
Taralee,207
Larua,207
Stehanie,207
Brantlee,207
Tonique,207
Ta,207
Chenille,207
Shawntee,207
Mathew,207
Cacey,207
Tyffany,207
Alegria,207
Suhey,207
Taleisha,207
Chivon,207
Mahagony,207
Thai,207
Maisa,207
Ulyssa,207
Shakala,207
Tyshay,207
Destenie,207
Jasmeet,207
Giani,207
Hannahmarie,207
Dashayla,207
Anysa,207
Kalyna,207
Kaegan,207
Vaidehi,207
Keyleigh,207
Momina,207
Naba,207
Delaynee,207
Jamylah,207
Maddelynn,207
Laylee,207
Remmy,207
Hildagarde,206
Wretha,206
Madaleine,206
Lilliane,206
Emagene,206
Maudry,206
Betsie,206
Geriann,206
Jarita,206
Kristiann,206
Tomia,206
Gitel,206
Staphanie,206
Thara,206
Jonika,206
Chai,206
Shanik,206
Chisa,206
Meryn,206
Chesnee,206
Allye,206
Kaytlen,206
Jinan,206
Samreen,206
Hikari,206
Quintasia,206
Aireana,206
Zarahi,206
Adamarys,206
Mikya,206
Aaryanna,206
Tylasia,206
Kayliah,206
Ahmiya,206
Oluwanifemi,206
Sophiah,206
Elany,206
Lolah,206
Remmington,206
Oveda,205
Charleene,205
Eliska,205
Levita,205
Conda,205
Korene,205
Sheritta,205
Arlicia,205
Trinita,205
Tascha,205
Cobi,205
Jajaira,205
Davy,205
Keyandra,205
Lindzy,205
Bryttani,205
Caydee,205
Genecis,205
Jasmarie,205
Kiarrah,205
Makara,205
Mishal,205
Analisia,205
Diala,205
Sulamita,205
Nickayla,205
Yuval,205
Roselyne,205
Kamaile,205
Jahliyah,205
Serenitie,205
Alizeh,205
Natalyah,205
Maleigh,205
Mileidy,205
Jaidy,205
Reagyn,205
Aydin,205
Sophiamarie,205
Aamani,205
Amazing,205
Leightyn,205
Justa,204
Albertia,204
Hatsuko,204
Elizebath,204
Talma,204
Merian,204
Melvenia,204
Marzell,204
Aberdeen,204
Soyla,204
Suzetta,204
Lonnette,204
Mitsy,204
Tearsa,204
Ramanda,204
Charae,204
Yasha,204
Vaishali,204
Kanita,204
Jaima,204
Neosha,204
Jamile,204
Deeya,204
Sarahbeth,204
Chaitra,204
Laterria,204
Jarae,204
Yahayra,204
Kaula,204
Mallarie,204
Shatyra,204
Kyllie,204
Tajia,204
Torin,204
Dajanique,204
Angelik,204
Christabella,204
Kimoni,204
Zyann,204
Nazyia,204
Lilyonna,204
Izzie,203
Claramae,203
Hatsue,203
Clotee,203
Wilson,203
Coleta,203
Detta,203
Sherman,203
Sema,203
Katleen,203
Larri,203
Crystale,203
Natonya,203
Ereka,203
Stefanee,203
Cristan,203
Sharea,203
Takila,203
Nafeesa,203
Briony,203
Neri,203
Cindel,203
Tanairi,203
Katriana,203
Hagen,203
Kinzy,203
Sierah,203
Itzamara,203
Rieley,203
Haidy,203
Jemiah,203
Yeslin,203
Khady,203
Quynn,203
Angelisse,203
Reeve,203
Devanny,203
Gulianna,203
Jamyria,203
Hanalei,203
Areesha,203
Zakhia,203
Aizlyn,203
Lariya,203
Greenley,203
Sehaj,203
Avalynne,203
Bryer,203
Nylee,203
Sloka,203
Anzal,203
Swayzie,203
Itzae,203
Mell,202
Horace,202
Yoneko,202
Anola,202
Sharren,202
Roselinda,202
Shady,202
Lyne,202
Pegeen,202
Kennetta,202
Jeree,202
Breanda,202
Denecia,202
Medea,202
Daffney,202
Shamra,202
Phelicia,202
Chauntelle,202
Ornella,202
Ife,202
Saleema,202
Quintana,202
Jameca,202
Analiza,202
Llesenia,202
Laterica,202
Cimone,202
Kaleb,202
Safira,202
Deara,202
Aleria,202
Seher,202
Tylea,202
Danaisha,202
Jaslyne,202
Blessed,202
Kearah,202
Mckinzee,202
Naijah,202
Janeliz,202
Hibba,202
Angelys,202
Dillyn,202
Arhianna,202
Nahlia,202
Evaleigh,202
Paisyn,202
Catalia,202
Ragna,201
Luddie,201
Etoile,201
Georga,201
Quinta,201
Blondine,201
Dauna,201
Marjo,201
Cinde,201
Hildy,201
Song,201
Michaelann,201
Mindel,201
Raquell,201
Rupal,201
Tristine,201
Kalandra,201
Daneka,201
Shemica,201
Tanashia,201
Nafeesah,201
Yee,201
Shareena,201
Doneshia,201
Tranae,201
Antoria,201
Merrin,201
Anaalicia,201
Valyn,201
Aerielle,201
Amit,201
Sedra,201
Labrea,201
Katianna,201
Dejanay,201
Bani,201
Jasalyn,201
Sarahgrace,201
Seryna,201
Illyanna,201
Kyarah,201
Jasira,201
Jirah,201
Timiyah,201
Jaydon,201
Omaria,201
Iviana,201
Maryfer,201
Cynia,201
Varshini,201
Kynzee,201
Heer,201
Aurorah,201
Vieno,200
Devota,200
Hortence,200
Fermina,200
Chassie,200
Katherleen,200
Emmett,200
Sequita,200
Telecia,200
Trica,200
Tiffane,200
Afua,200
Manika,200
Latravia,200
Kashawna,200
Adwoa,200
Gessica,200
Naarah,200
Taleia,200
Edeline,200
Jaquala,200
Pachia,200
Ashara,200
Mariaha,200
Takya,200
Asjah,200
Markiya,200
Sefora,200
Xianna,200
Miara,200
Estreya,200
Jashayla,200
Ilham,200
Tyjae,200
Jeselle,200
Gianny,200
Teliyah,200
Krithika,200
Makayah,200
Amarionna,200
Ayaat,200
Jeriyah,200
Jailani,200
Klani,200
Kayzlee,200
Waylynn,200
Rynlee,200
Zilphia,199
Vanilla,199
Tecora,199
Elnoria,199
Bernadetta,199
Genova,199
Madia,199
Anelia,199
Roslin,199
Inita,199
Thomasene,199
Ginni,199
Franziska,199
Cheria,199
Dayan,199
Atalaya,199
Simcha,199
Adalis,199
Mylena,199
Kilani,199
Marshayla,199
Artasia,199
Nimra,199
Jennings,199
Chaylee,199
Aoi,199
Kassadi,199
Eyanna,199
Meilyn,199
Jamisen,199
Kamaiya,199
Skilynn,199
Adriyanna,199
Myliah,199
Cherysh,199
Zakari,199
Naava,199
Zeniya,199
Yeva,199
Addaline,199
Eria,198
Teola,198
Macon,198
Geniva,198
Mazy,198
Amelda,198
Sybella,198
Dore,198
Daryle,198
Dotti,198
Debralee,198
Shell,198
Lonette,198
Karmon,198
Davonne,198
Serenna,198
Kareem,198
Ekaterini,198
Taesha,198
Hasina,198
Dashana,198
Chaniqua,198
Bekah,198
Kelina,198
Maciel,198
Farzana,198
Sheanna,198
Suhaila,198
Avrielle,198
Julien,198
Breawna,198
Caryssa,198
Haja,198
Yanci,198
Indiah,198
Nanea,198
Jonasia,198
Roan,198
Islay,198
Irelynd,198
Emiah,198
Asharia,198
Ellsie,198
Camyla,198
Aditri,198
Abigaelle,198
Olivianna,198
Enslee,198
Kattleya,198
Maie,197
Leafy,197
Evvie,197
Blannie,197
Ellenora,197
Armenta,197
Rudolph,197
Lydian,197
Victora,197
Ernestene,197
Dehlia,197
Jackye,197
Jolane,197
Kirk,197
Karita,197
Lenea,197
Corinthian,197
Sabrinia,197
Shantella,197
Shamaine,197
Nili,197
Letesha,197
Shakeisha,197
Cortny,197
Melissaann,197
Donae,197
Shakura,197
Deanndra,197
Shaqueena,197
Cailen,197
Shweta,197
Anjani,197
Kendelle,197
Zasha,197
Kerah,197
Nyja,197
Esthefany,197
Makinzee,197
Evania,197
Fatumata,197
Itsel,197
Solymar,197
Sinclaire,197
Jameya,197
Alayha,197
Ellina,197
Mattalyn,197
Sira,197
Bryssa,197
Sadhana,197
Kemper,197
Xin,197
Leoni,197
Amaryah,197
Sway,197
Brylin,197
Ailana,197
Suraiya,197
Hansika,197
Hasset,197
Itzabella,197
Xylah,197
Clema,196
Gradie,196
Gilberte,196
Toyoko,196
Carlyle,196
Mirriam,196
Gailya,196
Jeanean,196
Gal,196
Wonder,196
Debraann,196
Kurt,196
Tamula,196
Roschelle,196
Lauriel,196
Beretta,196
Camala,196
Billiejean,196
Kellyjo,196
Katura,196
Eirene,196
Lanitra,196
Burgandy,196
Morissa,196
Sheyna,196
Natoria,196
Rosali,196
Jennalynn,196
Kaelynne,196
Briyonna,196
Haelee,196
Magdelyn,196
Trezure,196
Adiya,196
Canyon,196
Keiasia,196
Anabeth,196
Skylen,196
Zakyah,196
Seniyah,196
Brynlea,196
Evea,195
Leather,195
Fumie,195
Eiko,195
Glorine,195
Wana,195
Emmajane,195
Junior,195
Vendetta,195
Rosamary,195
Susen,195
Dayne,195
Finesse,195
Denetta,195
Terea,195
Sonita,195
Merit,195
Sherronda,195
Rechel,195
Shauntelle,195
Marquisa,195
Carnisha,195
Sabeen,195
Yajahira,195
Sumner,195
Shataya,195
Lerin,195
Haifa,195
Elya,195
Keundra,195
Noga,195
Kinga,195
Fransheska,195
Charnele,195
Liandra,195
Tiernan,195
Yachet,195
Annalysa,195
Jakeira,195
Mariem,195
Deryn,195
Areen,195
Yareliz,195
Arieona,195
Mauriana,195
Emmamarie,195
Averianna,195
Makinzi,195
Cerys,195
Aliha,195
Matilynn,195
Shiya,195
Miakoda,195
Aryiana,195
Danijah,195
Makenzye,195
Kamarah,195
Caidance,195
Eliannah,195
Makynli,195
Khalessi,195
Paislynn,195
Mahalie,194
Allice,194
Lillias,194
Magie,194
Grazia,194
Cloma,194
Fusae,194
Toney,194
Rosealee,194
Anda,194
Chrys,194
Daren,194
Sonyia,194
Tessy,194
Renessa,194
Buffi,194
Denica,194
Venicia,194
Cobie,194
Hendy,194
Taneeka,194
Brandii,194
Charnice,194
Yanel,194
Tyshawna,194
Jennamarie,194
Stephanny,194
Sareen,194
Kyrstyn,194
Mackinsey,194
Jazzlin,194
Tasnia,194
Danaysha,194
Kenedee,194
Daily,194
Yesli,194
Juliya,194
Jamyrah,194
Juliauna,194
Rayyan,194
Naziya,194
Nazli,194
Amiria,194
Pragya,194
Nyemah,194
Simar,194
Ellianah,194
Laityn,194
Khamila,194
Fusako,193
Foster,193
Lyvonne,193
Virna,193
Darleene,193
Elias,193
Tove,193
Marieann,193
Charlayne,193
Naureen,193
Cheryn,193
Evonda,193
Carlise,193
Vandy,193
Tamura,193
Sherisse,193
Soo,193
Letica,193
Kona,193
Deshannon,193
Desere,193
Shoshanah,193
Sherah,193
Lakeithia,193
Nakeesha,193
Elisandra,193
Chameka,193
Kameela,193
Nesreen,193
Shanty,193
Jemia,193
Keshana,193
Hanifa,193
Jenissa,193
Annya,193
Pariss,193
Savannha,193
Ghazal,193
Honour,193
Meghin,193
Alessandria,193
Pahola,193
Tailer,193
Azya,193
Betzabe,193
Paden,193
Madisan,193
Alaycia,193
Sarabi,193
Aysiah,193
Makira,193
Deavion,193
Mattisyn,193
Cambell,193
Lanaiya,193
Keyari,193
Liviya,193
Maeley,193
Oluwatamilore,193
Neriyah,193
Erza,193
Wrenlee,193
Sennie,192
Eron,192
Macil,192
Verina,192
Toula,192
Verleen,192
Norlene,192
Sherolyn,192
Lynanne,192
Didi,192
Faige,192
Charnette,192
Sharnette,192
Chandria,192
Chelise,192
Sindia,192
Yetunde,192
Tyshia,192
Carmesha,192
Emie,192
Tieshia,192
Ori,192
Falen,192
Chayna,192
Elysabeth,192
Kaylla,192
Selam,192
Jezreel,192
Henchy,192
Malynn,192
Desteni,192
Leaira,192
Cannon,192
Kaiana,192
Zakya,192
Taytem,192
Nikiyah,192
Athaliah,192
Dalaysia,192
Gabbie,192
Alyzabeth,192
Ziyanna,192
Liahna,192
Jazira,192
Reilynn,192
Davanee,192
Jayelle,192
Azaryah,192
Jaylianna,192
Nyx,192
Paizleigh,192
Ezlyn,192
Blossie,191
Doloras,191
Laverle,191
Vala,191
Deliliah,191
Gwenneth,191
Anthonia,191
Redonna,191
Joselle,191
Lenay,191
Lisia,191
Deah,191
Nikie,191
Linnaea,191
Sharis,191
Tymeka,191
Katrisha,191
Moon,191
Jalila,191
Trenisha,191
Katti,191
Chancie,191
Quenisha,191
Ameia,191
Kirbi,191
Krystelle,191
Rachyl,191
Bryton,191
Keatyn,191
Dabria,191
Skyllar,191
Baylin,191
Lamiracle,191
Jannatul,191
Brizeyda,191
Anaysia,191
Averyana,191
Brenya,191
Riyanna,191
Nyeli,191
Jaleeyah,191
Masiyah,191
Dhiya,191
Bellatrix,191
Aluna,191
Nirvi,191
Narcissa,190
Albirta,190
Aslee,190
Murrell,190
Iline,190
Rozalia,190
Mertha,190
Opaline,190
Sumi,190
Quentin,190
Deryl,190
Gracemarie,190
Ghislaine,190
Cynethia,190
Subrena,190
Tianne,190
Geeta,190
Morningstar,190
Uchenna,190
Rashauna,190
Carlesha,190
Chanah,190
Ling,190
Shannelle,190
Yury,190
Shawntavia,190
Der,190
Codee,190
Keeana,190
Maleaha,190
Colton,190
Ndea,190
Ravneet,190
Dayanne,190
Faria,190
Mahum,190
Johnnae,190
Tameya,190
Eriona,190
Dynasia,190
Malley,190
Mikaelah,190
Tanayah,190
Kieryn,190
Seraphim,190
Cyncere,190
Yatzari,190
Gyanna,190
Kynnadi,190
Viha,190
Ahlaya,190
Copeland,190
Mehlani,190
Murrel,189
Murle,189
Aldonia,189
Elton,189
Cleon,189
Hubert,189
Ellaree,189
Levenia,189
Vaneta,189
Welma,189
Margaretmary,189
Armentha,189
Anselma,189
Arvis,189
Jancie,189
Tarry,189
Quinette,189
Annmargaret,189
Chonda,189
Lachell,189
Kerith,189
Keita,189
Shaletha,189
Lacreshia,189
Caty,189
Elisheba,189
Katoya,189
Shanikqua,189
Elbony,189
Essica,189
Tranisha,189
Layce,189
Shakeyla,189
Sindhu,189
Maytal,189
Kieanna,189
Abrea,189
Breindel,189
Takeyah,189
Julitza,189
Donasia,189
Atianna,189
Maille,189
Emonee,189
Jakaria,189
Jaidin,189
Harshita,189
Zanaria,189
Jalaiya,189
Kynzi,189
Laelani,189
Adasyn,189
Karmah,189
Aviyana,189
Avea,189
Kenslei,189
Glenola,188
Gurtha,188
Castella,188
Myrene,188
Renelda,188
Lucita,188
Carolle,188
Joyice,188
Paquita,188
Frannie,188
Rande,188
Tim,188
Netra,188
Rayshell,188
Rubyann,188
Galadriel,188
Tashona,188
Alisse,188
Laketta,188
Nashia,188
Preethi,188
Amarys,188
Shamere,188
Akeila,188
Bethanee,188
Kaitlinn,188
Adilenne,188
Dacota,188
Hadar,188
Mayu,188
Yizel,188
Aujanae,188
Mikenzi,188
Gyselle,188
Kamayah,188
Amyri,188
Navah,188
Makaiyah,188
Wania,188
Tulip,188
Janilah,188
Nahia,188
Lulie,187
Pairlee,187
Florena,187
Blasa,187
Modell,187
Vernis,187
Luree,187
Nanetta,187
Carmita,187
Gennette,187
Carlon,187
Drinda,187
Vickye,187
Lesle,187
Rogina,187
Adeana,187
Kerryn,187
Charonda,187
Sandrine,187
Kenyon,187
Lariza,187
Fabianna,187
Niaomi,187
Shacoya,187
Yomara,187
Daisi,187
Shaddai,187
Calea,187
Yosselyn,187
Makenze,187
Leani,187
Manasi,187
Chanya,187
Kahliyah,187
Shams,187
Viktoriya,187
Ahrianna,187
Lucciana,187
Dashanti,187
Zyiah,187
Khamiyah,187
Haasini,187
Cabella,187
Rielynn,187
Retaj,187
Dhanvi,187
Graelyn,187
Chlora,186
Galena,186
Nolah,186
Ercel,186
Estelene,186
Avonell,186
Alois,186
Junella,186
Benna,186
Canda,186
Feige,186
Undrea,186
Conswella,186
Anju,186
Danniel,186
Sharnita,186
Shemeika,186
Jamina,186
Mandolin,186
Amenah,186
Jamilya,186
Amany,186
Cagney,186
Daniqua,186
Mikeisha,186
Deamber,186
Madelein,186
Kameran,186
Antara,186
Kenzey,186
Emanie,186
Daziah,186
Aspynn,186
Nyomie,186
Tzippy,186
Mahkayla,186
Akylah,186
Janila,186
Yitzel,186
Aritza,186
Zariel,186
Adanya,186
Aylana,186
Beyla,186
Ashiyah,186
Galileah,186
Zyion,186
Charlei,186
Torryn,186
Danylah,186
Remmie,186
Kaizlee,186
Kynzlie,186
Tura,185
Berthe,185
Tsuruko,185
Alyene,185
Berdella,185
Lorea,185
Jereline,185
Jearlene,185
Edy,185
Kema,185
Raymie,185
Kymberlie,185
Genifer,185
Maki,185
Treniece,185
Josue,185
Teran,185
Rakeisha,185
Nyeema,185
Sarit,185
Akeela,185
Lincy,185
Quaneshia,185
Witney,185
Mariavictoria,185
Jaquanna,185
Deshae,185
Jatara,185
Jarissa,185
Shir,185
Neidy,185
Raima,185
Sorayah,185
Trinnity,185
Zynia,185
Kairah,185
Torrence,185
Braniyah,185
Traniyah,185
Jaanvi,185
Beautifull,185
Kaleiah,185
Azula,185
Avice,184
Michalina,184
Estalene,184
Agripina,184
Zoella,184
Loisann,184
Harlean,184
Janace,184
Lucyann,184
Stephanye,184
Cherene,184
Tondalaya,184
Abbye,184
Briggette,184
Jolea,184
Kimberlly,184
Shandon,184
Simmone,184
Charnetta,184
Brae,184
Monai,184
Tasheba,184
Onya,184
Denisia,184
Zarinah,184
Lameisha,184
Duyen,184
Lenzie,184
Annalis,184
Hind,184
Juri,184
Zakeya,184
Oluchi,184
Joshalyn,184
Zenab,184
Darneisha,184
Zerina,184
Ellysa,184
Quanasia,184
Shanasia,184
Jalilah,184
Aneri,184
Areona,184
Jazelyn,184
Nazaret,184
Jakai,184
Elasia,184
Ciela,184
Janiaya,184
Saylah,184
Makhiya,184
Scottlynn,184
Makaylynn,184
Dalayla,184
Zniyah,184
Brightyn,184
Analaya,184
Danity,184
Nainika,184
Arkie,183
Elzina,183
Verbie,183
Cyrene,183
Laneta,183
Allis,183
Salvador,183
Marvia,183
Sherral,183
Waynetta,183
Darenda,183
Deetra,183
Ronnell,183
Kaari,183
Latayna,183
Billijo,183
Tabathia,183
Damonica,183
Cherae,183
Latriece,183
Deneka,183
Lakeeta,183
Alishea,183
Kysa,183
Rashanna,183
Celica,183
Akeia,183
Kasheena,183
Deaven,183
Jahanna,183
Amandeep,183
Aramis,183
Derin,183
Adryan,183
Niaja,183
Chelcy,183
Manna,183
Damira,183
Jasemine,183
Allyssia,183
Kashay,183
Shaily,183
Aloura,183
Montasia,183
Madason,183
Yarissa,183
Icis,183
Kendallyn,183
Kailia,183
Eylin,183
Timiya,183
Jadis,183
Hero,183
Iszabella,183
Taygan,183
Janaria,183
Guilianna,183
Yalena,183
Vedha,183
Kyliana,183
Reyah,183
Rileyann,183
Miia,183
Zabella,183
Lynnleigh,183
Janiylah,183
Brixton,183
Roux,183
Camreigh,183
Isadore,182
Eithel,182
Rubena,182
Olamae,182
Ovida,182
Arvetta,182
Carmeline,182
Lyndel,182
Avonne,182
Deone,182
Thresea,182
Paullette,182
Pama,182
Camy,182
Sundi,182
Dresden,182
Letonya,182
Latesa,182
Rashaun,182
Tiffannie,182
Tamaka,182
Madelena,182
Takiesha,182
Lakea,182
Kiante,182
Kashara,182
Stepfanie,182
Antavia,182
Bridney,182
Chinenye,182
Adaira,182
Danniella,182
Mailynn,182
Annalysia,182
Ajai,182
Amadi,182
Maley,182
Gabryel,182
Adja,182
Riely,182
Nyjae,182
Abryana,182
Caliya,182
Layali,182
Livian,182
Adonai,182
Paisly,182
Raziah,182
Ahaana,182
Bera,181
Okie,181
Rosezetta,181
Merced,181
Onetta,181
Cloria,181
Barabara,181
Shyrl,181
Bernadett,181
Yolinda,181
Gerilynn,181
Torria,181
Tracyann,181
Marleena,181
Jadi,181
Latoyna,181
Heath,181
Devlin,181
Mekia,181
Khadeja,181
Tykisha,181
Angalina,181
Amand,181
Kimisha,181
Jessicaann,181
Shakeila,181
Dashauna,181
Lakaya,181
Nehal,181
Houa,181
Latiana,181
Mekala,181
Bryona,181
Yeraldi,181
Mylasia,181
Makinzy,181
Alenah,181
Eleri,181
Beyonca,181
Sanaia,181
Meiah,181
Anaika,181
Pema,181
Jayleah,181
Jaylenn,181
Zaley,181
Maziyah,181
Vayla,181
Nailani,181
Greydis,181
Hayzlee,181
Lauryl,180
Ezella,180
Mack,180
Marialice,180
Rayola,180
Nellene,180
Julita,180
Jinx,180
Shirline,180
Denece,180
Karolee,180
Monti,180
Christee,180
Kimarie,180
Shannette,180
Sharmila,180
Chelesa,180
Angelice,180
Laneka,180
Niasha,180
Tyreka,180
Dynisha,180
Jakeya,180
Britiany,180
Dalicia,180
Arionne,180
Yukari,180
Kerria,180
Danicka,180
Lorely,180
Anneth,180
Darianne,180
Shilynn,180
Mikylah,180
Kawthar,180
Chapel,180
Reilley,180
Tyjah,180
Emerly,180
Marlaysia,180
Jalasia,180
Ariyona,180
Amillion,180
Jhanvi,180
Kymari,180
Adelae,180
Andersyn,180
Swayzee,180
Henslee,180
Mescal,179
Kathrene,179
Wyvonne,179
Majesta,179
Nicolas,179
Garry,179
Gennell,179
Darlen,179
Franceen,179
Donni,179
Antia,179
Ladina,179
Petula,179
Natina,179
Clariza,179
Toneka,179
Chae,179
Jenafer,179
Jessaca,179
Ketura,179
Montia,179
Jeronica,179
Erynne,179
Magon,179
Jamilynn,179
Kei,179
Jontae,179
Capria,179
Jazmaine,179
Keiera,179
Khamiya,179
Ahlia,179
Andelyn,179
Kiora,179
Meckenzie,179
Tykera,179
Jahnay,179
Kenasia,179
Kritika,179
Kadin,179
Sevanna,179
Yaremi,179
Alicianna,179
Aireonna,179
Lamari,179
Jazilyn,179
Mabrey,179
Teniyah,179
Derriona,179
Adisen,179
Pieper,179
Analina,179
Siddalee,179
Naveya,179
Emaree,179
Qamar,179
Khloi,179
Bellamie,179
Lexii,179
Mckinsley,179
Katalia,179
Riverlynn,179
Marien,178
Wilmoth,178
Earlena,178
Wilbert,178
Berlene,178
Carlis,178
Kenise,178
Cherisa,178
Mishael,178
Rayshawn,178
Chermaine,178
Lakina,178
Edit,178
Joanny,178
Lakeyia,178
Brennen,178
Katoria,178
Kelsa,178
Diesha,178
Ande,178
Ashleah,178
Roniesha,178
Tallia,178
Meha,178
Ladiamond,178
Damilola,178
Staphany,178
Tyaira,178
Diasia,178
Briahnna,178
Shakya,178
Dajana,178
Josaphine,178
Tamanna,178
Vivika,178
Aiana,178
Eriyana,178
Nihal,178
Jaelyne,178
Coumba,178
Jnya,178
Lenah,178
Juliannah,178
Eilyn,178
Lilu,178
Diora,178
Brielynn,178
Jazarah,178
Annalynne,178
Layani,178
Esmay,178
Westlynn,178
Felicie,177
Adlene,177
Merie,177
Posie,177
Francess,177
Samie,177
Zorina,177
Tanny,177
Kanda,177
Sharmain,177
Tambi,177
Melondy,177
Felesha,177
Tiwanda,177
Duchess,177
Sangeeta,177
Brandelyn,177
Katesha,177
Jovonne,177
Shanetra,177
Merrissa,177
Mayana,177
Jovanni,177
Alexsandria,177
Toriann,177
Connelly,177
Jianni,177
Mckinzey,177
Analese,177
Aaleigha,177
Surabhi,177
Shaeleigh,177
Lainy,177
Aalaya,177
Harshitha,177
Simaya,177
Sanyiah,177
Niobe,177
Fiora,177
Greenleigh,177
Amiera,177
Ridhima,177
Arrabella,177
Octavie,176
Pallie,176
Almeter,176
Uva,176
Arliene,176
Bona,176
Lavida,176
Dama,176
Marnette,176
Carleta,176
Teriann,176
Kismet,176
Tuwana,176
Ulonda,176
Hanne,176
Evangelene,176
Karmela,176
Celines,176
Anupama,176
Tishara,176
Sherrika,176
Danyal,176
Deleah,176
Nocole,176
Sherrica,176
Chanee,176
Shekina,176
Shaneil,176
Sorah,176
Yamaris,176
Merin,176
Sarahmarie,176
Toneisha,176
Amanie,176
Mahsa,176
Tyerra,176
Jazzy,176
Tattiana,176
Adreonna,176
Brehanna,176
Estefanny,176
Tykerria,176
Keiri,176
Kaysia,176
Adelisa,176
Ibtisam,176
Anastasija,176
Arshiya,176
Yaeli,176
Bryli,176
Sarya,176
Krisalyn,176
Jakylah,176
Emmalise,176
Sanari,176
Lyrical,176
Suriyah,176
Maddyx,176
Adalei,176
Soliyana,176
Dalayah,176
Misk,176
Azelie,175
Arilla,175
Estellar,175
Clytee,175
Glayds,175
Bertice,175
Correen,175
Marlies,175
Jacqulyne,175
Denni,175
Ilisa,175
Allecia,175
Taronda,175
Grisell,175
Latreece,175
Syrina,175
Mija,175
Nkechi,175
Markeda,175
Kiasha,175
Keyonda,175
Yanett,175
Kiosha,175
Shawniece,175
Youa,175
Ninamarie,175
Weslee,175
Morgaine,175
Ezinne,175
Miata,175
Klair,175
Collier,175
Alexzia,175
Saranya,175
Yulitza,175
Diavian,175
Ahriana,175
Indiyah,175
Yaneisy,175
Khiley,175
Traniya,175
Dorismar,175
Kamaree,175
Jadence,175
Teighan,175
Embrie,175
Siyah,175
Adabella,175
Ariabella,175
Wrenly,175
Kaoir,175
Sybilla,174
Wealthy,174
Ophia,174
Avo,174
Ottis,174
Loveda,174
Inocencia,174
Isabele,174
Runell,174
Geanie,174
Helane,174
Sherleen,174
Bronda,174
Allona,174
Shellye,174
Cynthya,174
Trixy,174
Latondra,174
Kindell,174
Sylina,174
Folashade,174
Ieesha,174
Shimika,174
Shatasha,174
Juanisha,174
Latoiya,174
Faten,174
Shavaughn,174
Shavonn,174
Glorimar,174
Megean,174
Jalaina,174
Shaterica,174
Cassadie,174
Keyunna,174
Devinne,174
Audi,174
Rodneisha,174
Lizmary,174
Saher,174
Keighley,174
Jessel,174
Cheyane,174
Estephani,174
Genesi,174
Nijae,174
Shine,174
Imanie,174
Kahlyn,174
Madissen,174
Fartun,174
Zawadi,174
Kenniya,174
Iyani,174
Ikran,174
Guliana,174
Sakiyah,174
Kiylee,174
Janaiyah,174
Ivianna,174
Arohi,174
Finlay,174
Nazariah,174
Namiyah,174
Azaylia,174
Birdella,173
Loye,173
Graham,173
Bernedette,173
Pura,173
Cherrill,173
Luwanna,173
Evanne,173
Jeanee,173
Antonieta,173
Myrian,173
Petrice,173
Edye,173
Antoinett,173
Jayni,173
Wyndi,173
Sojourner,173
Shawnese,173
Arron,173
Rakisha,173
Nakima,173
Jacyln,173
Milanie,173
Tacora,173
Airika,173
Elizeth,173
Karris,173
Deairra,173
Ceairra,173
Kaylaann,173
Aman,173
Carolyna,173
Rickayla,173
Feven,173
Isatu,173
Mazal,173
Mckenzey,173
Rionna,173
Jahari,173
Ariyon,173
Jadon,173
Oliviagrace,173
Devanshi,173
Amali,173
Paysen,173
Lailyn,173
Nyari,173
Khyleigh,173
Aariya,173
Millee,173
Cornie,172
Noelie,172
Taimi,172
Helvi,172
Doryce,172
Doyce,172
Annebelle,172
Freddy,172
Ercilia,172
Raymonda,172
Reneta,172
Shelton,172
Winda,172
Stayce,172
Camey,172
Latesia,172
Jammi,172
Leshay,172
Nikko,172
Macarena,172
Kuuipo,172
Kashana,172
Loraina,172
Shatima,172
Rashada,172
Aydee,172
Shalin,172
Shamicka,172
Meaghen,172
Alyscia,172
Irisa,172
Gurpreet,172
Zafirah,172
Abigial,172
Sehar,172
Deaisha,172
Dyasia,172
Dejana,172
Emylie,172
Cariana,172
Jadae,172
Leenah,172
Akanksha,172
Monserratt,172
Kamariya,172
Kaziyah,172
Catalyna,172
Hiya,172
Heran,172
Umaiza,172
Bowen,172
Jaydence,172
Nyellie,172
Milynn,172
Meral,172
Remas,172
Joury,172
Odis,171
Verneal,171
Verner,171
Lemon,171
Alexine,171
Gem,171
Verginia,171
Drucella,171
Chellie,171
Ruthellen,171
Kent,171
Caroljean,171
Starling,171
Brynda,171
Mical,171
Jillyn,171
Kathyann,171
Tressy,171
Grizelda,171
Latrise,171
Kewana,171
Nicholl,171
Damisha,171
Lateka,171
Tabia,171
Darneshia,171
Tanequa,171
Abiola,171
Savonna,171
Rhiannan,171
Kash,171
Aston,171
Abrina,171
Cerra,171
Ciaira,171
Nishika,171
Cambrea,171
Tashianna,171
Caterin,171
Brealyn,171
Nygeria,171
Chanler,171
Dajae,171
Bryah,171
Tariana,171
Shailah,171
Maicee,171
Breyah,171
Fahima,171
Aviendha,171
Menna,171
Hannahgrace,171
Jozee,171
Kylieann,171
Hidaya,171
Brielyn,171
Lanyiah,171
Milany,171
Labella,171
Marijose,171
Honest,171
Maebel,171
Koralynn,171
Quinlee,171
Alzina,170
Levie,170
Swannie,170
Delvina,170
Verneice,170
Florestine,170
Pete,170
Veretta,170
Bonnetta,170
Jolayne,170
Dorann,170
Kathee,170
Terence,170
Dinna,170
Tonee,170
Satina,170
Guenevere,170
Jeffifer,170
Nakai,170
Reia,170
Shaneequa,170
Krystall,170
Alisah,170
Khalil,170
Krystale,170
Jesseka,170
Emanuelle,170
Shacoria,170
Zuleica,170
Warda,170
Janasha,170
Mylin,170
Mauriah,170
Harly,170
Tayelor,170
Daizha,170
Neftaly,170
Saraih,170
Yarelin,170
Essance,170
Danaysia,170
Tayia,170
Nyara,170
Paytan,170
Alaja,170
Anaijah,170
Rayya,170
Enijah,170
Tayden,170
Zayanna,170
Emilya,170
Kohana,170
Taylinn,170
Alyla,170
Laelia,170
Pharrah,170
Sansa,170
Gunhild,169
Armetta,169
Stellar,169
Ellamay,169
Ineze,169
Odesser,169
Arthella,169
Chizuko,169
Palestine,169
Mercer,169
Adlyn,169
Glema,169
Judye,169
Marce,169
Lewanda,169
Pattiann,169
Annick,169
Faydra,169
Dustina,169
Kemba,169
Annisha,169
Tenesia,169
Nelissa,169
Kalimah,169
Saleemah,169
Lajada,169
Nikiah,169
Janaki,169
Minal,169
Shaquandra,169
Terren,169
Raha,169
Caily,169
Gavrielle,169
Cortlynn,169
Sumedha,169
Darleny,169
Jeda,169
Alicya,169
Makenzey,169
Nialah,169
Eavan,169
Mackenzey,169
Majesti,169
Adriyana,169
Chesnie,169
Somya,169
Annalisia,169
Auset,169
Yaslyn,169
Jezabelle,169
Blu,169
Amauria,169
Raylea,169
Yuliet,169
Mayzee,169
Caedence,169
Noraa,169
Milanna,169
Lilianah,169
Dniyah,169
Ayaana,169
Sylvi,169
Malaiah,169
Braelynne,169
Junnie,168
Alveda,168
Eduarda,168
Pearlina,168
Sydna,168
Toshie,168
Austine,168
Verdine,168
Marylynne,168
Helayne,168
Candas,168
Timmy,168
Colinda,168
Tanza,168
Hyun,168
Dedee,168
Celise,168
Annelies,168
Ivelis,168
Shawnia,168
Contrina,168
Chiquitta,168
Latacha,168
Vielka,168
Fawna,168
Kemisha,168
Tenea,168
Carinna,168
Liberti,168
Jenyfer,168
Azizah,168
Keyuna,168
Derrika,168
Jezel,168
Sairah,168
Surie,168
Joscelynn,168
Quierra,168
Danira,168
Devaney,168
Jaid,168
Rajah,168
Heydy,168
Janeah,168
Falicity,168
Ayaan,168
Charizma,168
Mckenzye,168
Nyasiah,168
Yoali,168
Saniyya,168
Jermiyah,168
Ramatoulaye,168
Zarielle,168
Meeya,168
Saryiah,168
Viera,168
Zahari,168
Nimrat,168
Mahlani,168
Essa,167
Gabrella,167
Statia,167
Orine,167
Floreen,167
Viriginia,167
Christean,167
Tharon,167
Rhenda,167
Sandar,167
Jojo,167
Porcia,167
Roshanna,167
Matisha,167
Karsten,167
Shalice,167
Shinika,167
Chanele,167
Princessa,167
Anamika,167
Nyna,167
Derya,167
Aryka,167
Britley,167
Alle,167
Annai,167
Kiaria,167
Tanaiya,167
Nishat,167
Jozi,167
Gabryela,167
Jullianna,167
Armanie,167
Zayne,167
Eveny,167
Symia,167
Lilliah,167
Damyia,167
Jozalyn,167
Lexiana,167
Ranyah,167
Juliany,167
Ketzaly,167
Ramyah,167
Sanyla,167
Aliani,167
Anaaya,167
Bailynn,167
Shrinika,167
Loda,166
Lulia,166
Ynez,166
Bernardina,166
Miyako,166
Waunetta,166
Guelda,166
Gladiola,166
Arnella,166
Jennet,166
Pollyann,166
Marigrace,166
Scharlene,166
Leslyn,166
Lynora,166
Nansi,166
Senita,166
Richell,166
Deshon,166
Circe,166
Lechelle,166
Roshaunda,166
Jameeka,166
Shaylon,166
Dezaree,166
Hebah,166
Seda,166
Allesandra,166
Savhanna,166
Blaike,166
Allyiah,166
Averyanna,166
Arryanna,166
Aiyah,166
Eriyanna,166
Seynabou,166
Manreet,166
Hodaya,166
Zohar,166
Sham,166
Zenaya,166
Myliyah,166
Isabellamarie,166
Analena,166
Kimiyah,166
Neaveh,166
Rayley,166
Adalay,166
Zayli,166
Kensly,166
Aashritha,166
Elianis,166
Zarayah,166
Lunabelle,166
Lynnix,166
Dalayza,166
Ed,165
Zonnie,165
Velvia,165
Linea,165
Wilba,165
Saxon,165
Amilee,165
Arelene,165
Vear,165
Verita,165
Meridee,165
Tamelia,165
Lamont,165
Anquinette,165
Finola,165
Tabithia,165
Trichelle,165
Falesha,165
Marshea,165
Tahesha,165
Shandee,165
Latiya,165
Qianna,165
Elania,165
Azadeh,165
Dominigue,165
Mirelle,165
Shaquia,165
Serria,165
Shambria,165
Kyandra,165
Laurana,165
Kaiyla,165
Nikaya,165
Josselyne,165
Brynnan,165
Katalena,165
Rhett,165
Jaloni,165
Shayma,165
Nieve,165
Dezyre,165
Iyahna,165
Akaylah,165
Marieme,165
Analya,165
Aily,165
Ruwayda,165
Xariah,165
Izzabell,165
Zayden,165
Malai,165
Sreshta,165
Jovee,165
Sophiagrace,165
Arrayah,165
Ziyan,165
Aairah,165
Laekyn,165
Saraiyah,165
Anorah,165
Tauriel,165
Thula,164
Alyda,164
Zelta,164
Malene,164
Lazara,164
Rola,164
Barbera,164
Dorreen,164
Jalaine,164
Vicke,164
Donda,164
Karn,164
Kita,164
Bekki,164
Nini,164
Vanecia,164
Cheronda,164
Morning,164
Jinna,164
Raushanah,164
Haneefah,164
Temia,164
Enas,164
Amea,164
Joneisha,164
Namrata,164
Charnay,164
Halana,164
Sahvanna,164
Johneisha,164
Tylan,164
Moorea,164
Skiler,164
Kateleen,164
Aalliyah,164
Demiana,164
Kaliann,164
Jlyn,164
Sabryn,164
Isaly,164
Madysyn,164
Gracious,164
Malayasia,164
Makynzee,164
Amaura,164
Liliah,164
Berklie,164
Zaleigh,164
Menaal,164
Nyelli,164
Lailynn,164
Emrys,164
Aadhira,164
Rettie,163
Earsie,163
Teresina,163
Reona,163
Michaelina,163
Kathelene,163
Wade,163
Onedia,163
Norvella,163
Lilymae,163
Obdulia,163
Corita,163
Sola,163
Ysela,163
Robecca,163
Kennette,163
Amantha,163
Sadonna,163
Lavoris,163
Malyn,163
Danamarie,163
Illana,163
Raychell,163
Ronae,163
Tamikka,163
Shatisha,163
Brendaliz,163
Christinamarie,163
Takelia,163
Amanee,163
Phung,163
Fatemah,163
Julya,163
Briea,163
Lashaye,163
Kadeidra,163
Destina,163
Puneet,163
Katelinn,163
Abbee,163
Tashyra,163
Briani,163
Jenevie,163
Taylormarie,163
Shyler,163
Logen,163
Tayja,163
Vyctoria,163
Edan,163
Caya,163
Aviv,163
Najai,163
Jakerria,163
Aleja,163
Nene,163
Dasiah,163
Jadaya,163
Janaisha,163
Cire,163
Madailein,163
Tyjanae,163
Alysah,163
Clodagh,163
Malan,163
Samiksha,163
Kemaya,163
Solace,163
Siah,163
Jernee,163
Coraleigh,163
Jenin,163
Iara,163
Cashlyn,163
Aniayah,163
Tariya,163
Brooklee,163
Leanny,163
Siyana,163
Annaleigha,163
Macklyn,163
Audryna,163
Cortana,163
Dynver,163
Hazelee,163
Renlee,163
Alahia,163
Barbarita,162
Phala,162
Brigetta,162
Wilmetta,162
Gladie,162
Asta,162
Ferrell,162
Marene,162
Marcos,162
Sharlynn,162
Betsi,162
Marshella,162
Tabby,162
Mischell,162
Lacresia,162
Aimi,162
Lakysha,162
Shenay,162
Carrina,162
Eleisha,162
Krishana,162
Yamina,162
Bren,162
Shanequia,162
Keelia,162
Leahmarie,162
Janeshia,162
Chaley,162
Calais,162
Elky,162
Mailin,162
Laquasia,162
Lasasha,162
Haden,162
Elaysha,162
Evamaria,162
Shayra,162
Bana,162
Jazmeen,162
Vannia,162
Adely,162
Kayton,162
Dearia,162
Abbigael,162
Aslin,162
Yazmyne,162
Natallia,162
Joelly,162
Henessy,162
Jameah,162
Azana,162
Jeorgia,162
Symiah,162
Jeymi,162
Kyliyah,162
Kayani,162
Jerney,162
Oliviarose,162
Edison,162
Adeleigh,162
Blayklee,162
Jagger,162
Surah,162
Eyla,162
Zacari,162
Azarah,162
Jax,162
Ivyrose,162
Delayza,162
Rissie,161
Clemma,161
Radie,161
Fletcher,161
Simon,161
Bennye,161
Casilda,161
Luma,161
Vanice,161
Tomeko,161
Wilene,161
Francetta,161
Candence,161
Rosemaria,161
Arnelle,161
Tuwanda,161
Megon,161
Dennisse,161
Karelyn,161
Chandrika,161
Basha,161
Icela,161
Rael,161
Danyle,161
Eryca,161
Lashika,161
Cherissa,161
Lameshia,161
Nieshia,161
Canesha,161
Berenis,161
Seara,161
Tierany,161
Ayssa,161
Kadeshia,161
Chelsei,161
Kourtnei,161
Ladaysha,161
Dejane,161
Doriana,161
Mikailah,161
Malu,161
Aryona,161
Syenna,161
Analeise,161
Nakaiya,161
Daryana,161
Emmajo,161
Krimson,161
Honestee,161
Aelyn,161
Lillieann,161
Emmersen,161
Dalaya,161
Maraki,161
Elliet,161
Peightyn,161
Icelynn,161
Baani,161
Haylynn,161
Adriella,161
Ayza,161
Katniss,161
Octa,160
Simmie,160
Imajean,160
Noriko,160
Gaytha,160
Judythe,160
Lorelee,160
Jonnette,160
Shinita,160
Tujuana,160
Letetia,160
Eleshia,160
Daron,160
Christmas,160
Shonette,160
Leshonda,160
Bobbyjo,160
Yamira,160
Kresta,160
Amoreena,160
Gesenia,160
Brandace,160
Otisha,160
Shantai,160
Tauheedah,160
Chaz,160
Alegandra,160
Afra,160
Nemesis,160
Mandeep,160
Tuyen,160
Shemiah,160
Doniesha,160
Gabrille,160
Jordane,160
Alexsys,160
Brieonna,160
Sua,160
Arlenne,160
Elianne,160
Anjalee,160
Maryuri,160
Dashanae,160
Tyiana,160
Persephanie,160
Baylen,160
Karelly,160
Rajanae,160
Lilinoe,160
Simrat,160
Leeasia,160
Mahreen,160
Alyria,160
Trinady,160
Adamarie,160
Myleen,160
Parneet,160
Annsleigh,160
Cambelle,160
Ananiah,160
Rukia,160
Azriella,160
Eeva,160
Neilani,160
Maanvi,160
Kynlei,160
Koralyn,160
Stanislawa,159
Orvetta,159
Cletis,159
Gerene,159
Evella,159
Hermenia,159
Boneta,159
Jeroline,159
Ritta,159
Paolina,159
Lillah,159
Silvina,159
Shirla,159
Judeth,159
Sherion,159
Cheyrl,159
Francy,159
Rhonna,159
Tonga,159
Tane,159
Lauriann,159
Angee,159
Shevelle,159
Marnae,159
Trivia,159
Tomeca,159
Tameaka,159
Shekira,159
Shabana,159
Deshonna,159
Hema,159
Chakia,159
Sharicka,159
Jinelle,159
Yasenia,159
Rickell,159
Bresha,159
Aubrianne,159
Darria,159
Oyuki,159
Kadia,159
Bhumi,159
Devanee,159
Shayle,159
Zavia,159
Niajah,159
Raneen,159
Yarixa,159
Zhana,159
Khianna,159
Issis,159
Jaquelinne,159
Aashka,159
Momoka,159
Caleigha,159
Sophiarose,159
Namiah,159
Zyairah,159
Annaston,159
Aliany,159
Emilianna,159
Gracynn,159
Ryhanna,159
Kabella,159
Finnleigh,159
Armenia,158
Reeta,158
Placida,158
Pascuala,158
Gerarda,158
Arlyss,158
Evellyn,158
Donnice,158
Salene,158
Jacquette,158
Demetri,158
Retina,158
Jennise,158
Brenee,158
Calisa,158
Talonda,158
Shawnika,158
Shakiah,158
Haide,158
Rashay,158
Fiorela,158
Hadas,158
Chaslyn,158
Tationa,158
Fendi,158
Danashia,158
Ambrie,158
Chezney,158
Madesyn,158
Reannah,158
Idalys,158
Abbigal,158
Karington,158
Salimata,158
Kairy,158
Keriana,158
Mazey,158
Rahima,158
Kaeden,158
Joniya,158
Wrenna,158
Abiha,158
Asees,158
Ellorie,158
Chastelyn,158
Ares,158
Lucindia,157
Cella,157
Matsue,157
Arleatha,157
Eldine,157
Arlina,157
Sidonie,157
Marisue,157
Tema,157
Timothea,157
Darnice,157
Jenese,157
Kennita,157
Lasharon,157
Domini,157
Jodiann,157
Kimblery,157
Geisha,157
Sharetha,157
Sheronica,157
Deshea,157
Kwana,157
Taleshia,157
Nychelle,157
Shantana,157
Latori,157
Taheerah,157
Keshonda,157
Astin,157
Shavanna,157
Ahsha,157
Shaterrica,157
Ralyn,157
Ayriel,157
Jacqueli,157
Caytlyn,157
Shandiin,157
Sabriyah,157
Shayann,157
Taylon,157
Breckin,157
Jhanae,157
Aleni,157
Jakiera,157
Anastasya,157
Keilin,157
Semaja,157
Teniola,157
Mykenzi,157
Kemiah,157
Yamari,157
Liliani,157
Nyriah,157
Jalayia,157
Mayley,157
Daveigh,157
Annasofia,157
Airis,157
Oliana,157
Srihitha,157
Laiana,157
Inioluwa,157
Ronan,157
Leilene,157
Kingston,157
Israella,157
Lyncoln,157
Nylani,157
Loveah,157
Zailah,157
Karliah,157
Maidie,156
Adie,156
Irja,156
Nevelyn,156
Beva,156
Carrine,156
Kaliope,156
Sharley,156
Milta,156
Eustacia,156
Pegi,156
Sheriann,156
Anelle,156
Lacheryl,156
Charlina,156
Sherlonda,156
Tiffine,156
Eren,156
Sakara,156
Karlisha,156
Jaquay,156
Keirston,156
Laruen,156
Jessicamarie,156
Tyechia,156
Joleah,156
Yomayra,156
Chanley,156
Ivonna,156
Aubria,156
Breuna,156
Saesha,156
Skyann,156
Nikeria,156
Nikoletta,156
Timea,156
Anwen,156
Jasslyn,156
Elaijah,156
Ady,156
Tryniti,156
Anjolina,156
Alaira,156
Anayia,156
Nimo,156
Brayli,156
Leiliana,156
Amyrie,156
Hadessah,156
Soriyah,156
Ruhani,156
Sheza,156
Magdalynn,156
Jalaiyah,156
Hargun,156
Ryelynn,156
Kaylanni,156
Kenzly,156
Reighlynn,156
Eupha,155
Vetta,155
Quilla,155
Anniebell,155
Liona,155
Natsuko,155
Orville,155
Yoshiye,155
Marjoria,155
Hellena,155
Merrell,155
Berdia,155
Evelean,155
Elfida,155
Barby,155
Brendia,155
Dorri,155
Larysa,155
Norie,155
Lachele,155
Stephonie,155
Lasean,155
Jandi,155
Terisha,155
Danialle,155
Neka,155
Alanya,155
Shamel,155
Carrah,155
Cystal,155
Kenyona,155
Levana,155
Lacoya,155
Caysie,155
Deepti,155
Sophonie,155
Fatiha,155
Cyndel,155
Katilin,155
Macala,155
Esraa,155
Azhane,155
Molleigh,155
Janaysia,155
Dakari,155
Chaselyn,155
Areyana,155
Dariona,155
Madlynn,155
Anelis,155
Ahnya,155
Emyah,155
Jaylina,155
Aima,155
Aalaysia,155
Rishita,155
Isabellarose,155
Dayrin,155
Yarieliz,155
Aalani,155
Haizel,155
Adaia,155
Ameliyah,155
Evoleth,155
Kaisyn,155
Olivine,154
Dula,154
Oza,154
Fumi,154
Eleaner,154
Othel,154
Elnita,154
Rula,154
Ludean,154
Venida,154
Alonzo,154
Jackolyn,154
Romonia,154
Gerardine,154
Maridee,154
Terrilee,154
Kip,154
Charman,154
Kimla,154
Ilya,154
Kechia,154
Darriel,154
Shaunette,154
Erricka,154
Sharonna,154
Danila,154
Tamsyn,154
Natara,154
Shequila,154
Shakeera,154
Alexias,154
Crysten,154
Jenisa,154
Katherinne,154
Tayona,154
Tyteanna,154
Danniela,154
Hydia,154
Tyauna,154
Dazhane,154
Anaysha,154
Iridiana,154
Makayle,154
Arrionna,154
Larsen,154
Makinze,154
Adiba,154
Joclynn,154
Jakirah,154
Taegen,154
Janaiah,154
Stela,154
Jaiah,154
Angeliyah,154
Lillyona,154
Reighlyn,154
Kamyrah,154
Juvia,154
Rakeb,154
Julianny,154
Toleen,154
Layliana,154
Hiyab,154
Aurilla,153
Adelheid,153
Lodie,153
Lima,153
Rotha,153
Vincie,153
Euline,153
Datha,153
Magdelene,153
Wilmina,153
Harris,153
Ruthel,153
Cloris,153
Marrian,153
Alveta,153
Earnstine,153
Royetta,153
Nary,153
Soundra,153
Cheryal,153
Sherryann,153
Seri,153
Rennee,153
Velisa,153
Tarena,153
Tammatha,153
Rupa,153
Kimyata,153
Atoya,153
Tian,153
Yamel,153
Jaclin,153
Tashonna,153
Artesha,153
Lynia,153
Tameia,153
Khristen,153
Lashia,153
Naara,153
Apphia,153
Justene,153
Tyera,153
Kairee,153
Whitleigh,153
Naasia,153
Madelline,153
Roiza,153
Miriya,153
Oluwatobi,153
Aniella,153
Halayna,153
Maddeline,153
Makaelyn,153
Elajah,153
Kenidi,153
Camira,153
Rahmah,153
Alira,153
Jiah,153
Blessen,153
Kambryn,153
Calaya,153
Kacelyn,153
Kilyn,153
Aliviya,153
Axel,153
Ettel,153
Jashanti,153
Nishtha,153
Terriah,153
Zaiah,153
Aubrynn,153
Aliyanah,153
Yazaira,153
Kennley,153
Temprance,153
Vihana,153
Aitanna,153
Hagar,152
Marsella,152
Rosell,152
Addis,152
Oree,152
Elvis,152
Leotta,152
Arneta,152
Dorthia,152
Edwyna,152
Modine,152
Dorothyann,152
Amalee,152
Venda,152
Carmell,152
Isbella,152
Patsye,152
Justyn,152
Joycelin,152
Jung,152
Loyda,152
Day,152
Usha,152
Latanga,152
Chelly,152
Tuwanna,152
Yuko,152
Deyna,152
Shauntee,152
Akita,152
Keon,152
Kuulei,152
Lakeidra,152
Jamelah,152
Shakenya,152
Emmilee,152
Tolulope,152
Chelcey,152
Kristalynn,152
Bhakti,152
Najat,152
Cassandr,152
Jasenia,152
Mercadez,152
Londan,152
Tationna,152
Salia,152
Braiden,152
Nimsi,152
Johnay,152
Mikeila,152
Erian,152
Keymani,152
Ramani,152
Itali,152
Cambryn,152
Iyari,152
Solene,152
Soley,152
Gianelle,152
Saraphina,152
Nayeliz,152
Greenly,152
Makaiah,152
Jennavie,152
Kmari,152
Lilyahna,152
Nahara,152
Hazyl,152
Rainn,152
Tahari,152
Nahiara,152
Lavaeh,152
Baylynn,152
Malillany,152
Bellami,152
Maisley,152
Novalyn,152
Juda,151
Mareta,151
Oreatha,151
Rufus,151
Michaline,151
Marvelene,151
Dorleen,151
Susane,151
Shuree,151
Sheray,151
Denessa,151
Patches,151
Alichia,151
Jamise,151
Stepheni,151
Chekesha,151
Jonay,151
Shermika,151
Kyan,151
Tasheika,151
Latorria,151
Jessice,151
Jaclyne,151
Calena,151
Nazanin,151
Tericka,151
Beonca,151
Topacio,151
Deerica,151
Guiselle,151
Heavan,151
Cionna,151
Konner,151
Diani,151
Lineth,151
Apoorva,151
Macaila,151
Mathea,151
Saharah,151
Jahni,151
Jakaiya,151
Marianny,151
Zian,151
Alekhya,151
Kanon,151
Poetry,151
Jezlyn,151
Kyilee,151
Mialynn,151
Kahmya,151
Graciemae,151
Evanny,151
Amrie,151
Shrika,151
Juelz,151
Lilleigh,151
Azyiah,151
Elainah,151
Brayah,151
Hartlyn,151
Saanvika,151
Laelynn,151
Thursa,150
Omah,150
Lulamae,150
Elanore,150
Novelle,150
Armine,150
Johnella,150
Ciria,150
Yvone,150
Carnetta,150
Chriss,150
Karynn,150
Teresha,150
Marchella,150
Tamey,150
Chena,150
Bridgitt,150
Jull,150
Aqua,150
Mariadel,150
Rewa,150
Tequita,150
Temica,150
Tekoa,150
Krystl,150
Shineka,150
Jalonda,150
Sausha,150
Oluwatosin,150
Uzma,150
Sosha,150
Ameshia,150
Jnai,150
Mohini,150
Crystalann,150
Tiearra,150
Nejla,150
Brittanni,150
Momoko,150
Jalisia,150
Preciosa,150
Rosangelica,150
Yesmin,150
Ithzel,150
Itzayanna,150
Dailee,150
Elim,150
Kielee,150
Evalise,150
Hampton,150
Imaya,150
Miniya,150
Kyleena,150
Samai,150
Anaclara,150
Aubrionna,150
Anajulia,150
Azaya,150
Aemilia,150
Neave,150
Jaydalynn,150
Rhilee,150
Leylany,150
Beaux,150
Milanni,150
Hadli,150
Ellanie,150
Kamarii,150
Evolett,150
Fable,150
Neytiri,150
Arra,149
Metha,149
Alonia,149
Elzena,149
Rhena,149
Berdell,149
Catha,149
Zala,149
Noreene,149
Renella,149
Julann,149
Darlina,149
Jaclynne,149
Dietrich,149
Cheris,149
Carlia,149
Tamlyn,149
Kimberla,149
Cybele,149
Jacquese,149
Sorina,149
Anessia,149
Pietra,149
Shoni,149
Tekeisha,149
Nitika,149
Amabel,149
Cilicia,149
Mieshia,149
Laqueena,149
Jilliane,149
Jeanae,149
Shaquinta,149
Kaleisha,149
Tifanny,149
Ia,149
Cyera,149
Kailoni,149
Bahja,149
Jacynda,149
Keiyana,149
Darrion,149
Shivangi,149
Makell,149
Tanaysia,149
Tianni,149
Aalijah,149
Dajha,149
Karalina,149
Lyrick,149
Gargi,149
Ajaya,149
Ilina,149
Xitlally,149
Maame,149
Samarie,149
Oviya,149
Elaria,149
Saia,149
Jaylena,149
Abeeha,149
Lailany,149
Yalexa,149
Zeynab,149
Lazariah,149
Uriyah,149
Arihana,149
Myley,149
Rayhana,149
Faelynn,149
Mckenleigh,149
Rhemi,149
Mavery,149
Magaby,149
Lenyx,149
Ayven,149
Cordell,148
Osceola,148
Idabell,148
Geral,148
Mayvis,148
Takako,148
Francille,148
Princetta,148
Jerrye,148
Carolan,148
Jerilee,148
Roslind,148
Randell,148
Rainelle,148
Lessa,148
Dannetta,148
Macrina,148
Leanette,148
Luwanda,148
Annjanette,148
Jinnifer,148
Tiziana,148
Sharronda,148
Shulamis,148
Tyrese,148
Smith,148
Tandrea,148
Kashonda,148
Aiysha,148
Chinwe,148
Devann,148
Angelamarie,148
Samiyyah,148
Sonika,148
Jheri,148
Lynze,148
Dannae,148
Pakou,148
Shatha,148
Pahoua,148
Shauntavia,148
Jarica,148
Kawena,148
Mariadelosang,148
Caylea,148
Abrey,148
Mercadies,148
Daritza,148
Leily,148
Jessah,148
Amariz,148
Millena,148
Amaal,148
Jalexia,148
Aiman,148
Semiyah,148
Semya,148
Zionah,148
Avey,148
Niala,148
Aunesti,148
Seniya,148
Delailah,148
Skarleth,148
Aleanna,148
Brinklee,148
Alanny,148
Priseis,148
Kamoria,148
Kasiyah,148
Yarexi,148
Rayaan,148
Tuleen,148
Palin,148
Kenlei,148
Saveah,148
Renezmae,148
Zendayah,148
Otie,147
Recie,147
Goldye,147
Madell,147
Fonnie,147
Lulabelle,147
Thetis,147
Evalin,147
Wally,147
Lenia,147
Stana,147
Shelbia,147
Karlen,147
Danel,147
Tanji,147
Brit,147
Iveliz,147
Tahra,147
Meigan,147
Shenea,147
Ishia,147
Shondrea,147
Hanifah,147
Shakeeta,147
Jenya,147
Raisha,147
Shakinah,147
Toniesha,147
Deicy,147
Shalie,147
Jonai,147
Camaryn,147
Madeleyn,147
Keandria,147
Lawrencia,147
Tajai,147
Makelle,147
Denaja,147
Ramata,147
Jalyne,147
Noelly,147
Serenah,147
Zanovia,147
Alantis,147
Tasfia,147
Delainy,147
Abygayle,147
Makalynn,147
Zenya,147
Jaedah,147
Axelle,147
Blessings,147
Elliyah,147
Shakti,147
Jalyiah,147
Nithila,147
Ameri,147
Mairyn,147
Taimane,147
Myli,147
Efrata,147
Poet,147
Naelani,147
Maeven,147
Yulieth,147
Alazne,147
Brixley,147
Axie,146
Eddith,146
Glorya,146
Richardine,146
Lenoria,146
Lazette,146
Suzzane,146
Ayn,146
Rhanda,146
Jode,146
Geanine,146
Dorlisa,146
Khristi,146
Dustine,146
Taci,146
Krisi,146
Shawndell,146
Taisa,146
Starlena,146
Veleka,146
Laticha,146
Nicloe,146
Kerisha,146
Laketra,146
Tanieka,146
Kasmira,146
Natacia,146
Rheanne,146
Shanikka,146
Lasheika,146
Caprisha,146
Shantara,146
Rachelann,146
Kyiesha,146
Aarion,146
Jourdin,146
Kitara,146
Haeleigh,146
Darriana,146
Brodi,146
Zeanna,146
Rejoice,146
Haddy,146
Ahmia,146
Jenisis,146
Jaleeah,146
Kanyia,146
Keliah,146
Myrakle,146
Azyah,146
Romey,146
Presly,146
Carliyah,146
Jaely,146
Emmaleah,146
Reilyn,146
Nataliyah,146
Braylon,146
Malayjah,146
Khamora,146
Danilyn,146
Sanvika,146
Asuna,146
Alleyne,145
Azlee,145
Eldena,145
Charlot,145
Dail,145
Marji,145
Karenann,145
Trease,145
Terez,145
Tamrah,145
Lenya,145
Vernica,145
Silena,145
Ralonda,145
Destry,145
Tyrell,145
Sherhonda,145
Hollyanne,145
Chrishelle,145
Tyronica,145
Brandolyn,145
Sharifah,145
Laquinda,145
Fruma,145
Leba,145
Rashea,145
Kiyona,145
Meaghann,145
Naquisha,145
Shaundrea,145
Shaqueta,145
Ambert,145
Korynne,145
Kieu,145
Kieana,145
Chalee,145
Alexandre,145
Shaterria,145
Keshara,145
Airiel,145
Farheen,145
Breeona,145
Jacoria,145
Cheyeanne,145
Omunique,145
Alissah,145
Mattelyn,145
Janayia,145
Duha,145
Nikyla,145
Zakyia,145
Shaely,145
Mykalah,145
Ayanni,145
Idil,145
Amere,145
Monzerrath,145
Kyriana,145
Aiyannah,145
Rhyen,145
Ruweyda,145
Erilyn,145
Abiageal,145
Naiah,145
Naliya,145
Avarey,145
Ameli,145
Laryah,145
Yaretsi,145
Arriah,145
Emberli,145
Ronin,145
Bentlie,145
Ekam,145
Wyllow,145
Legacie,145
Audriella,145
Tinsleigh,145
Maevyn,145
Waylon,145
Helia,144
Loella,144
Lucelia,144
Inice,144
Elynore,144
Netty,144
Michi,144
Maudean,144
Leveda,144
Gearldene,144
Doneta,144
Carle,144
Judianne,144
Cheralyn,144
Peni,144
Renaye,144
Liese,144
Tamalyn,144
Almarosa,144
Shonia,144
Dutchess,144
Khristie,144
Latrisa,144
Trenell,144
Tavi,144
Mickelle,144
Altovise,144
Tanicia,144
Karuna,144
Shareece,144
Shuntae,144
Brean,144
Anett,144
Merrisa,144
Andreka,144
Markeia,144
Ashwini,144
Mariadelaluz,144
Lindzie,144
Kelty,144
Sharniece,144
Kinsie,144
Disney,144
Akiah,144
Akacia,144
Karielle,144
Lexandra,144
Micaila,144
Zierra,144
Adalida,144
Chynah,144
Kenedie,144
Kalkidan,144
Shaili,144
Makilah,144
Brennyn,144
Karolyna,144
Kioni,144
Zhoe,144
Monserath,144
Trinaty,144
Chailyn,144
Janiyha,144
Jaedynn,144
Emmry,144
Jersee,144
Yariah,144
Annaliz,144
Khamille,144
Samayra,144
Analiya,144
Emireth,144
Faelyn,144
Kinze,144
Padme,144
Jaxie,144
Asmi,144
Savayah,144
Renesme,144
Haelynn,144
Charliee,144
Aeliana,144
Philena,143
Myldred,143
Leveta,143
Mady,143
Marilene,143
Matylda,143
Judene,143
Terris,143
Johnnette,143
Darcella,143
Deborh,143
Greg,143
Jetaun,143
Sharlena,143
Tinya,143
Danett,143
Tamantha,143
Hydee,143
Stephanine,143
Latangela,143
Lanecia,143
Chandel,143
Shaheen,143
Lachrisha,143
Netasha,143
Lovelyn,143
Ranika,143
Jenaye,143
Cathalina,143
Shikira,143
Bethannie,143
Carnesha,143
Kaysey,143
Katiya,143
Daissy,143
Bianna,143
Breonia,143
Catlynn,143
Yameli,143
Kyrin,143
Tayvia,143
Dolce,143
Marcayla,143
Destyn,143
Keimani,143
Darriona,143
Derriana,143
Syrah,143
Onesty,143
Keiran,143
Ammara,143
Brityn,143
Demani,143
Geniya,143
Beyza,143
Aaryana,143
Jenesys,143
Jaydy,143
Keziyah,143
Acsa,143
Naylin,143
Sadeen,143
Ahria,143
Ahlayah,143
Brezlyn,143
Zoii,143
Javaeh,143
Makinsley,143
Kourtlynn,143
Daylani,143
Amahia,143
Deklyn,143
Cataleyah,143
Suttyn,143
Berda,142
Luceil,142
Olita,142
Lousie,142
Pauleen,142
Rowene,142
Milady,142
Emerita,142
Suetta,142
Marlean,142
Danuta,142
Quenna,142
Michole,142
Christyl,142
Shajuan,142
Monik,142
Laytoya,142
Malaka,142
Shunte,142
Bich,142
Reneka,142
Shaka,142
Rhia,142
Shemia,142
Haniyyah,142
Aranda,142
Sanaz,142
Jetaime,142
Kenyonna,142
Biannca,142
Karista,142
Yi,142
Fallan,142
Zoua,142
Teleah,142
Sabrea,142
Jiovanna,142
Monasia,142
Sevana,142
Tanaysha,142
Justiss,142
Karagan,142
Timberlyn,142
Mckynna,142
Aarionna,142
Mackinze,142
Vianny,142
Zsofia,142
Markiyah,142
Natalyia,142
Io,142
Jamariya,142
Srija,142
Oluwatoni,142
Mayerly,142
Meily,142
Anzley,142
Khalise,142
Yeily,142
Arriyah,142
Adahlia,142
Sabirin,142
Altair,142
Ritaj,142
Tynleigh,142
Zeppelin,142
Elverta,141
Flornce,141
Deltha,141
Athleen,141
Fifi,141
Laruth,141
Rex,141
Rendy,141
Mellony,141
Darlisa,141
Renarda,141
Shawnya,141
Airica,141
Aniko,141
Ming,141
Laketia,141
Solina,141
Lequisha,141
Varvara,141
Hiliary,141
Jendayi,141
Anjoli,141
Jatoya,141
Adea,141
Michaelia,141
Natiya,141
Laqueshia,141
Shavonta,141
Sylver,141
Brytni,141
Sieara,141
Cintya,141
Mally,141
Chellsea,141
Cashay,141
Kashae,141
Kateryn,141
Oluwaseun,141
Raivyn,141
Alizia,141
Annalyce,141
Kennede,141
Maciah,141
Jermiya,141
Anikah,141
Zavannah,141
Khaniya,141
Zabdi,141
Mikayah,141
Carlei,141
Leniya,141
Anyelina,141
Londin,141
Lailee,141
Mahdiya,141
Kleo,141
Alilah,141
Aviyanna,141
Edynn,141
Aara,141
Aribelle,141
Zuma,140
Clessie,140
Cardelia,140
Zannie,140
Vitalia,140
Azalie,140
Ritha,140
Ladelle,140
Beverlyann,140
Alnita,140
Doristine,140
Valeen,140
Quita,140
Kimball,140
Lavra,140
Dawnna,140
Quentina,140
Marque,140
Jakki,140
Geoffrey,140
Fauna,140
Rendi,140
Ivelise,140
Toniya,140
Shamon,140
Ky,140
Neesa,140
Shuntel,140
Nataki,140
Kenetra,140
Munirah,140
Shantaya,140
Jannae,140
Vika,140
Shanira,140
Nohea,140
Tearia,140
Moneisha,140
Simara,140
Crislyn,140
Kaisey,140
Jessenya,140
Drianna,140
Tiaja,140
Ayzia,140
Joslynne,140
Genavie,140
Lorynn,140
Hadja,140
Mehek,140
Kassity,140
Nazifa,140
Nazirah,140
Akeylah,140
Jamoni,140
Chace,140
Emonnie,140
Keigan,140
Sanjna,140
Arryana,140
Zoiee,140
Aideen,140
Amarisa,140
Cait,140
Iley,140
Iliza,140
Amarrah,140
Geniyah,140
Breklyn,140
Elyna,140
Jaymarie,140
Darielys,140
Aava,140
Marabella,140
Jaleiah,140
Azarie,140
Caliann,140
Mariamawit,140
Evelette,140
Adylin,140
Raylinn,140
Adyline,140
Elody,140
Ireoluwa,140
Sibbie,139
Icey,139
Itha,139
Alsie,139
Virtie,139
Woodrow,139
Loys,139
Novis,139
Madalen,139
Gwenlyn,139
Vickii,139
Jeanni,139
Sherel,139
Tima,139
Talli,139
Batina,139
Lashuna,139
Tenicia,139
Corisa,139
Shamina,139
Lacora,139
Shermeka,139
Tiffay,139
Chala,139
Kelsha,139
Danaka,139
Jessic,139
Shahana,139
Masiel,139
Shaniquia,139
Porschea,139
Quinne,139
Domique,139
Caly,139
Laparis,139
Blyss,139
Rayneisha,139
Titianna,139
Caileen,139
Jullisa,139
Carely,139
Aneliese,139
Shelbylynn,139
Mckinzy,139
Dajanay,139
Yassmin,139
Shynia,139
Madicyn,139
Zlaty,139
Almendra,139
Mackenzye,139
Mckensi,139
Abbagale,139
Sitlali,139
Rinnah,139
Shiza,139
Mairim,139
Jennessy,139
Iyah,139
Alizey,139
Kenniyah,139
Videl,139
Mariyana,139
Navea,139
Mialani,139
Xiamara,139
Ellason,139
Lilyona,139
Arfa,139
Marializ,139
Avamae,139
Aibhlinn,139
Namine,139
Miaisabella,139
Nakshatra,139
Aroush,139
Yvaine,139
Rhylin,139
Annaliah,139
Brynlynn,139
Roe,138
Vance,138
Bernese,138
Brunette,138
Chiyeko,138
Ervin,138
Arabel,138
Delrose,138
Winnona,138
Marvelyn,138
Adlean,138
Hazelene,138
Juanna,138
Veverly,138
Jilleen,138
Vallarie,138
Desarie,138
Tamerra,138
Tata,138
Shalah,138
Tashiba,138
Shakesha,138
Keah,138
Jamin,138
Natelie,138
Nimisha,138
Shakea,138
Leanndra,138
Domnique,138
Lyndzie,138
Shakirra,138
Ambry,138
Keyairra,138
Kaydie,138
Thalya,138
Josalin,138
Analleli,138
Niza,138
Hagan,138
Korbin,138
Rehema,138
Mikeria,138
Tamani,138
Adiah,138
Jadalee,138
Caylei,138
Gabrielly,138
Kanyah,138
Anshu,138
Lilygrace,138
Ameah,138
Alyanah,138
Meliana,138
Khylei,138
Harleyquinn,138
Meerab,138
Anthonella,138
Nusaiba,138
Emelynn,138
Zylee,138
Rhylynn,138
Dalexa,138
Enzley,138
Aithana,138
Mata,137
Arbie,137
Masae,137
Mazella,137
Avenell,137
Vergene,137
Marigene,137
Fontaine,137
Joeanne,137
Vernestine,137
Derry,137
Harla,137
Darene,137
Rayette,137
Meria,137
Jolleen,137
Jillayne,137
Rhondalyn,137
Juwana,137
Dessiree,137
Tawania,137
Tiffony,137
Shelise,137
Sagrario,137
Kijana,137
Takeesha,137
Brandin,137
Ayeisha,137
Tenishia,137
Benicia,137
Donte,137
Aerie,137
Maxi,137
Deniqua,137
Falan,137
Shainna,137
Merlina,137
Tyrika,137
Carime,137
Seham,137
Branna,137
Britlyn,137
Chade,137
Jalesha,137
Jaria,137
Suleika,137
Rhiann,137
Mekaila,137
Mckyla,137
Priyal,137
Asmara,137
Ashawnti,137
Trinty,137
Hajer,137
Fryda,137
Betzayda,137
Anael,137
Daionna,137
Makylie,137
Emary,137
Nayzeth,137
Makari,137
Anavi,137
Kaileena,137
Livianna,137
Adelyna,137
Emmory,137
Lavaya,137
Trulee,137
Elianys,137
Vung,137
Amzie,137
Iviona,137
Kataleah,137
Ninnie,136
Eltha,136
Ermie,136
Orel,136
Bettylee,136
Marcelia,136
Gelene,136
Pasty,136
Dacie,136
Eulanda,136
Delrae,136
Jeany,136
Gera,136
Rondalyn,136
Therasa,136
Ja,136
Latanja,136
Shernita,136
Stephaie,136
Christien,136
Tamyka,136
Latoy,136
Ameka,136
Jenilyn,136
Mattia,136
Matalie,136
Kissy,136
Cynara,136
Markela,136
Tyshea,136
Javanna,136
Kiondra,136
Tenae,136
Adesuwa,136
Nastacia,136
Fionnuala,136
Allix,136
Moet,136
Leidi,136
Michalla,136
Dariann,136
Kataryna,136
Lelaina,136
Brinsley,136
Fergie,136
Christasia,136
Ahjanae,136
Ajanay,136
Martasia,136
Julyanna,136
Onyinyechi,136
Maat,136
Arijana,136
Kahleah,136
Kashish,136
Layney,136
Amoria,136
Julianah,136
Juni,136
Malyiah,136
Anisten,136
Maydelin,136
Rayen,136
Annalucia,136
Evangaline,136
Avanni,136
Eknoor,136
Annlee,136
Yorley,136
Taisley,136
Averleigh,136
Renleigh,136
Aayra,136
Mimie,135
Tecla,135
Athene,135
Lavene,135
Chiyo,135
Clorene,135
Burnadette,135
Mabeline,135
Heddy,135
Delorese,135
Johan,135
Amarylis,135
Janann,135
Juanette,135
Gailyn,135
Linnet,135
Rick,135
Cathyann,135
Karne,135
Kimbly,135
Velencia,135
Cosandra,135
Tiawana,135
Noele,135
Windie,135
Reisha,135
Sugar,135
Lenni,135
Tephanie,135
Charell,135
Kesa,135
Shey,135
Safiyya,135
Cybill,135
Phylisha,135
Shital,135
Charidy,135
Roderica,135
Chrishonda,135
Namita,135
Shaunita,135
Rashika,135
Adriena,135
Leonardo,135
Rashia,135
Breane,135
Ronnika,135
Shaquanta,135
Meghen,135
Chasady,135
Saren,135
Airen,135
Briselda,135
Rhandi,135
Saysha,135
Saree,135
Anhthu,135
Phyllicia,135
Kenndra,135
Nishita,135
Aury,135
Analycia,135
Derian,135
Martavia,135
Taela,135
Yasmyn,135
Micalah,135
Aaleeyah,135
Monifah,135
Kaijah,135
Anapaola,135
Gibson,135
Jenavee,135
Mariapaula,135
Ulyana,135
Mileydi,135
Djeneba,135
Jordy,135
Ryn,135
Emalina,135
Kayleana,135
Mattalynn,135
Ilee,135
Lyrique,135
Maziah,135
Aidah,135
Iridessa,135
Avaiah,135
Declynn,135
Prim,135
Calani,135
Rhodie,134
Zollie,134
Emil,134
Onelia,134
Twylah,134
Delmar,134
Udell,134
Marveline,134
Earlee,134
Merril,134
Elanora,134
Jolan,134
Andora,134
Maryjayne,134
Stachia,134
Jacqulene,134
Marabeth,134
Katheen,134
Randye,134
Rhesa,134
Trinna,134
Deborahann,134
Lagena,134
Lekita,134
Andrell,134
Torsha,134
Caree,134
Ronnica,134
Smita,134
Marenda,134
Almee,134
Ricquel,134
Shalondra,134
Tyshawn,134
Chakita,134
Tanielle,134
Tanai,134
Roneka,134
Jakeisha,134
Amando,134
Laira,134
Satoria,134
Milea,134
Tiamarie,134
Danique,134
Savanha,134
Dyonna,134
Kaysea,134
Bora,134
Brinae,134
Shealeigh,134
Yalissa,134
Danayah,134
Doha,134
Icesis,134
Valerya,134
Areyanna,134
Ashyia,134
Aayana,134
Amisadai,134
Psalm,134
Kalese,134
Myrikal,134
Manvi,134
Alayssa,134
Kaydan,134
Miski,134
Dylin,134
Lilyian,134
Angeliah,134
Tallula,134
Elorah,134
Dazaria,134
Sheyli,134
Zamani,134
Anshi,134
Terriyah,134
Brynnly,134
Lyrah,134
Miliyah,134
Afomia,134
Avereigh,134
Kynzley,134
Zaiyah,134
Lynnex,134
Milarose,134
Levy,133
Otillia,133
Rosea,133
Rether,133
Glendine,133
Stefhanie,133
Rosmary,133
Felipe,133
Rennae,133
Cass,133
Marri,133
Sheera,133
Desirie,133
Chalon,133
Melisssa,133
Shwanda,133
Rebakah,133
Laria,133
Akiva,133
Akesha,133
Dafina,133
Kyriaki,133
Meggen,133
Taneil,133
Maquita,133
Shawndrea,133
Taryne,133
Linday,133
Shamila,133
Farha,133
Erienne,133
Carling,133
Cj,133
Brettany,133
Laporche,133
Mayuri,133
Khushbu,133
Cayle,133
Caitlinn,133
Julicia,133
Jazzie,133
Kerianna,133
Aniza,133
Raeonna,133
Nikyah,133
Koralee,133
Kyran,133
Tehillah,133
Alyze,133
Ariatna,133
Haliyah,133
Jhade,133
Mirela,133
Lexxie,133
Maryori,133
Gracianna,133
Alyzae,133
Juliahna,133
Pranathi,133
Juliani,133
Jasnoor,133
Melaya,133
Kaydynce,133
Halynn,133
Siniyah,133
Arshi,133
Anelisse,133
Chosen,133
Zaharah,133
Aimar,133
Breslin,133
Stellah,133
Jaxsyn,133
Kinzlie,133
Dim,133
Knox,133
Kataleyah,133
Ezlynn,133
Bitha,132
Alga,132
Marguerette,132
Encarnacion,132
Dorothia,132
Etoy,132
Cecylia,132
Evanell,132
Johnye,132
Nick,132
Miyeko,132
Waneda,132
Lauris,132
Viann,132
Charle,132
Dreana,132
Randal,132
Annina,132
Ellyce,132
Tris,132
Jodette,132
Karmel,132
Darrin,132
Michille,132
Dajuana,132
Chalene,132
Tyrina,132
Nikkol,132
Tylisa,132
Arnika,132
Shenica,132
Tirsa,132
Cherica,132
Tennile,132
Merranda,132
Stesha,132
Tyffani,132
Kaydra,132
Jacoya,132
Briena,132
Cecia,132
Chaniece,132
Savahna,132
Neysha,132
Gerica,132
Akaysha,132
Aundreya,132
Santasia,132
Nashali,132
Keyoni,132
Enma,132
Cheyan,132
Atalya,132
Maeci,132
Maykayla,132
Samary,132
Halaina,132
Ariday,132
Joniah,132
Nyonna,132
Senai,132
Breniya,132
Nazly,132
Sreeja,132
Amanii,132
Shahed,132
Zakyla,132
Kemaria,132
Myalynn,132
Journe,132
Xinyi,132
Avarae,132
Temari,132
Alianny,132
Paislei,132
Paislyn,132
Saavi,132
Romee,132
Tacie,131
Cuma,131
Ezzie,131
Veora,131
Valree,131
Felicidad,131
Jonny,131
Marvalene,131
Seleta,131
Candita,131
Bevely,131
Corretta,131
Kenlynn,131
Nickola,131
Nickolette,131
Lawrie,131
Rodina,131
Apryle,131
Heike,131
Lauralynn,131
Angeligue,131
Shanen,131
Taji,131
Nichoel,131
Kelita,131
Ceciley,131
Shanessa,131
Tyneka,131
Temesha,131
Trameka,131
Kalima,131
Fareedah,131
Shivon,131
Lynsee,131
Phallon,131
Chinelo,131
Pavielle,131
Norelle,131
Allante,131
Cassara,131
Jelicia,131
Neira,131
Faatimah,131
Lusero,131
Kadey,131
Sameen,131
Tayllor,131
Desia,131
Aleli,131
Amaranta,131
Yiselle,131
Mairany,131
Winni,131
Yarelie,131
Dakiya,131
Khalaya,131
Oluwatomisin,131
Dylynn,131
Laylonie,131
Neelah,131
Xoie,131
Cyriah,131
Tilley,131
Lunah,131
Savaya,131
Paylin,131
Cirilla,131
Lille,130
Zeffie,130
Lemmie,130
Creasie,130
Freada,130
Dorotea,130
Icel,130
Valta,130
Oneal,130
Myrel,130
Adamae,130
Oriel,130
Ineta,130
Maxima,130
Bettymae,130
Rosealie,130
Vaunda,130
Jaynell,130
Loanne,130
Sherriann,130
Maurya,130
Yonna,130
Keven,130
Debar,130
Lanett,130
Kitti,130
Lendy,130
Melesa,130
Portland,130
Lorilynn,130
Mirza,130
Jammy,130
Felcia,130
Joelee,130
Kimyetta,130
Shahida,130
Tanina,130
Kenyotta,130
Laquida,130
Tamkia,130
Joyel,130
Chivonne,130
Autumm,130
Loribeth,130
Briannon,130
Roselina,130
Meli,130
Jaquesha,130
Kayler,130
Secily,130
Saide,130
Anairis,130
Karysa,130
Keamber,130
Sunaina,130
Malaisha,130
Avriel,130
Antonela,130
Kripa,130
Mazi,130
Seeley,130
Heli,130
Hamna,130
Fate,130
Sheylin,130
Samaa,130
Melaysia,130
Suriah,130
Jizel,130
Montzerrat,130
Amarria,130
Jerriah,130
Keymora,130
Kameria,130
Xayla,130
Sabriel,130
Azyria,130
Izzah,130
Aviela,130
Amoree,130
Lylee,130
Yeilyn,130
Khilee,130
Lindyn,130
Benelli,130
Decklyn,130
Tiaraoluwa,130
Orra,129
Nera,129
Cele,129
Minola,129
Francys,129
Eldene,129
Reata,129
Jerriann,129
Janeann,129
Merrianne,129
Cherylee,129
Arabela,129
Sherilee,129
Kathyjo,129
Ketty,129
Valoree,129
Sheritha,129
Toshua,129
Katrese,129
Tanaka,129
Chamika,129
Holy,129
Rayni,129
Kyeshia,129
Sharnay,129
Taccara,129
Yanin,129
Aliea,129
Terrisha,129
Halah,129
Keyasha,129
Britanee,129
Whittany,129
Gelisa,129
Kayal,129
Brithney,129
Maryna,129
Nashayla,129
Shadasia,129
Tahiri,129
Savannaha,129
Chelbi,129
Yarimar,129
Heavin,129
Khila,129
Nyaja,129
Nechuma,129
Imagine,129
Saharra,129
Catalena,129
Jerni,129
Jaanai,129
Delainee,129
Kalanie,129
Dniya,129
Eimi,129
Demyah,129
Juliyah,129
Anastazja,129
Jaryah,129
Gracielynn,129
Nadalyn,129
Lylianna,129
Aliviana,129
Alonni,129
Adaleah,129
Munachimso,129
Alanii,129
Guida,128
Alfie,128
Forrestine,128
Levora,128
Charlestine,128
Tomoko,128
Feliza,128
Mallissa,128
Marylon,128
Shevawn,128
Keta,128
Yolandra,128
Sheletha,128
Latonga,128
Renise,128
Cheray,128
Feleshia,128
Shamarie,128
Kathleena,128
Cressida,128
Danylle,128
Jennfer,128
Chalonda,128
Aracelly,128
Chane,128
Jessina,128
Sameka,128
Demara,128
Shaunee,128
Rahcel,128
Cayci,128
Bijal,128
Denai,128
Brittanya,128
Marnisha,128
Keiondra,128
Teauna,128
Kyrstal,128
Kayia,128
Laqueisha,128
Brittnei,128
Chealsey,128
Corneisha,128
Shadaya,128
Cierria,128
Mariesha,128
Islam,128
Jasmon,128
Raevin,128
Chyan,128
Itzamar,128
Ingri,128
Eshani,128
Ashantee,128
Rand,128
Skylynne,128
Gayathri,128
Lamis,128
Trinidee,128
Daisee,128
Zacaria,128
Mahiya,128
Jerzy,128
Massa,128
Adilynne,128
Maezie,128
Addysyn,128
Bellagrace,128
Kalii,128
Rhylei,128
Meyer,128
Brexlee,128
Luverna,127
Burdette,127
Margaruite,127
Chella,127
Gerturde,127
Ival,127
Ilamae,127
Magdalina,127
Reathel,127
Willeen,127
Odester,127
Namiko,127
Earnestene,127
Calvina,127
Janus,127
Williette,127
Georjean,127
Delita,127
Cherine,127
Hae,127
Tamee,127
Deidrea,127
Tjuana,127
Venissa,127
Danean,127
Anuradha,127
Nickcole,127
Daveena,127
Tamecka,127
Chantrell,127
Quanetta,127
Amberlea,127
Taneal,127
Jacole,127
Kinesha,127
Querida,127
Brandalynn,127
Morgin,127
Shley,127
Domino,127
Chardai,127
Kaityln,127
Shellsea,127
Breeonna,127
Kymia,127
Javae,127
Faryal,127
Mirage,127
Selen,127
Jhoselin,127
Mikhala,127
Paiden,127
Maty,127
Dontasia,127
Irys,127
Taeja,127
Citlalic,127
Ahmira,127
Kriya,127
Kada,127
Gaige,127
Naveena,127
Makylee,127
Montserrath,127
Keimya,127
Sinaya,127
Lailanie,127
Peniel,127
Aylla,127
Addalie,127
Oriyah,127
Braylinn,127
Deriyah,127
Fraya,127
Westyn,127
Marianita,126
Minie,126
Lakie,126
Idelia,126
Lurleen,126
Tsuyako,126
Winston,126
Lil,126
Meriem,126
Ladonne,126
Paulena,126
Maitland,126
Wynonia,126
Marieanne,126
Enrica,126
Babbette,126
Kirstine,126
Jillann,126
Trinetta,126
Mollyann,126
Kirstina,126
Chauntae,126
Cameshia,126
Galit,126
Dashonda,126
Lakethia,126
Tasheema,126
Jobina,126
Taneia,126
Chablis,126
Quanika,126
Jaimey,126
Nyrie,126
Shalae,126
Jochebed,126
Jessicalynn,126
Jun,126
Chastin,126
Deshara,126
Morganna,126
Kahley,126
Ewelina,126
Cailah,126
Audryanna,126
Anacaren,126
Selyna,126
Mykael,126
Kensy,126
Dariane,126
Ladaja,126
Allea,126
Brynja,126
Desyre,126
Makensey,126
Emmani,126
Ariaunna,126
Haeven,126
Nadalee,126
Autumnrose,126
Kennidee,126
Ismahan,126
Makiyla,126
Miela,126
Samani,126
Vegas,126
Anira,126
Senya,126
Kaleeyah,126
Shristi,126
Zorianna,126
Ruari,126
Gianah,126
Salayah,126
Nolyn,126
Zilah,126
Astella,126
Briarrose,126
Suda,125
Vestal,125
Cenia,125
Inola,125
Leonilda,125
Boots,125
Ayano,125
Lendora,125
Ardine,125
Clarece,125
Claudeen,125
Jaice,125
Cathye,125
Thersea,125
Derra,125
Alecea,125
Shelanda,125
Kanitra,125
Oneka,125
Shantale,125
Lorenna,125
Kewanda,125
Tanique,125
Natash,125
Dinisha,125
Nekeshia,125
Tamirra,125
Shalawn,125
Markelle,125
Roshana,125
Teniqua,125
Jemila,125
Shanekqua,125
Chiann,125
Lirio,125
Navdeep,125
Amnah,125
Sarahlynn,125
Keiandra,125
Shakevia,125
Shantice,125
Amanpreet,125
Anjanae,125
Jing,125
Meygan,125
Jermiah,125
Itxel,125
Joselynne,125
Emony,125
Laneya,125
Zyia,125
Laylaa,125
Zyair,125
Armiyah,125
Ceniyah,125
Kyleigha,125
Yarielys,125
Zaeda,125
Duru,125
Aislee,125
Jaleeya,125
Azora,125
Sohana,125
Leilanny,125
Payslie,125
Kentley,125
Renly,125
Breta,124
Manilla,124
Asalee,124
Olivene,124
Veona,124
Ardenia,124
Katheren,124
Loriene,124
Lorrane,124
Neeta,124
Edilia,124
Yong,124
Rexann,124
Sher,124
Jimma,124
Tobin,124
Lichelle,124
Roshan,124
Timmi,124
Leisel,124
Rane,124
Falana,124
Raeshawn,124
Mikita,124
Latysha,124
Teva,124
Atisha,124
Tanikka,124
Kinisha,124
Abel,124
Denya,124
Jameila,124
Shahrzad,124
Ammi,124
Keshonna,124
Britania,124
Areal,124
Arneisha,124
Ninoshka,124
Cheyna,124
Stevey,124
Vannah,124
Linlee,124
Seira,124
Nakota,124
Mylynn,124
Anye,124
Ashe,124
Kayline,124
Zhanae,124
Aaliayah,124
Yomira,124
Jhayla,124
Laelle,124
Rhealynn,124
Ysabela,124
Alonnie,124
Jolyssa,124
Aleaya,124
Dianelys,124
Iyania,124
Jaonna,124
Rahi,124
Anaija,124
Lanijah,124
Oceane,124
Daneli,124
Breniyah,124
Emnet,124
Salaya,124
Lillionna,124
Lilliona,124
Lilyauna,124
Thanvi,124
Aryahi,124
Ajooni,124
Alylah,124
Blakleigh,124
Eilah,124
Addalynne,124
Millianna,124
Anayra,124
Avnoor,124
Mida,123
Ezma,123
Elizabth,123
Alvilda,123
Rubylee,123
Beatryce,123
Filippa,123
Sybel,123
Malita,123
Senovia,123
Lanier,123
Jarvis,123
Gloriajean,123
Vali,123
Anitha,123
Reni,123
Deion,123
Patrese,123
Marsi,123
Shawneen,123
Xan,123
Tecia,123
Laconda,123
Synethia,123
Toiya,123
Martrice,123
Melizza,123
Sujata,123
Chaunda,123
Tarshia,123
Jaquel,123
Shawonda,123
Laronica,123
Takeysha,123
Unika,123
Talibah,123
Rakesha,123
Tanekia,123
Kandiss,123
Shaquina,123
Jamacia,123
Tysheka,123
Devony,123
Jury,123
Linsie,123
Sarin,123
Malary,123
Arneshia,123
Charda,123
Anatasia,123
Hani,123
Farrin,123
Alyssabeth,123
Takiera,123
Jasminne,123
Cadey,123
Mashal,123
Elantra,123
Nyaisha,123
Seleni,123
Symphonie,123
Dali,123
Kamaryn,123
Aaliyan,123
Reika,123
Adeja,123
Mahaila,123
Waverley,123
Baeleigh,123
Fareeha,123
Skylinn,123
Ketzia,123
Jaedin,123
Ivoree,123
Aradia,123
Aerionna,123
Cincere,123
Josabeth,123
Jaydi,123
Jaiyla,123
Narely,123
Neleh,123
Trenyce,123
Kimimila,123
Aleera,123
Cashlynn,123
Hadasah,123
Narjis,123
Dereona,123
Deari,123
Suvi,123
Addilynne,123
Bellany,123
Beckham,123
Ameliarose,123
Kayslee,123
Daleiza,123
Ocia,122
Alka,122
Clova,122
Asuncion,122
Venera,122
Ruthia,122
Burna,122
Roseland,122
Veleda,122
Ruhama,122
Cresencia,122
Rexine,122
Darrel,122
Janyth,122
Ritamarie,122
Veralyn,122
Darrelyn,122
Zoeann,122
Debe,122
Devone,122
Monserrate,122
Nike,122
Becci,122
Mellonie,122
Demetress,122
Ondine,122
Sanja,122
Melisia,122
Shavelle,122
Nikky,122
Donique,122
Myndi,122
Staley,122
Errika,122
Orit,122
Shonita,122
Nkenge,122
Phoenicia,122
Toniqua,122
Keina,122
Emine,122
Lacreasha,122
Lakeisa,122
Danniell,122
Tanith,122
Kiffany,122
Shanaye,122
Dawnisha,122
Kumari,122
Joyous,122
Taraya,122
Lenzi,122
Amandalee,122
Kerby,122
Margalit,122
Ebany,122
Perris,122
Kahlie,122
Dalissa,122
Skyeler,122
Kanasia,122
Raksha,122
Tahjae,122
Jewelianna,122
Masiah,122
Caliegh,122
Tyniah,122
Daianna,122
Daylah,122
Azoria,122
Airyn,122
Jeslin,122
Shyah,122
Camyah,122
Adalaya,122
Beza,122
Tanylah,122
Emmaclaire,122
Lianni,122
Kymiah,122
Zoejane,122
Zani,122
Adalai,122
Jaimarie,122
Bristyl,122
Josabet,122
Sargun,122
Nayvie,122
Bird,121
Hattye,121
Eulamae,121
Gelena,121
Marguriete,121
Arsenia,121
Delbert,121
Cloyce,121
Jolita,121
Francyne,121
Mischele,121
Florenda,121
Janiene,121
Liticia,121
Shewanda,121
Ernesto,121
Sharnetta,121
Reeshemah,121
Raysa,121
Latish,121
Lakeishia,121
Milcah,121
Tekela,121
Johonna,121
Morenike,121
Manessa,121
Markel,121
Tashera,121
Anuja,121
Jesicca,121
Cheila,121
Liala,121
Blayre,121
Rickita,121
Aniesha,121
Nafisah,121
Gentri,121
Neveen,121
Brettney,121
Teiara,121
Jamiesha,121
Jackelynn,121
Adrieana,121
Bleu,121
Treonna,121
Aneisa,121
Marquasia,121
Harlea,121
Aala,121
Johnasia,121
Mykeria,121
Anacarolina,121
Aleysia,121
Sitlaly,121
Symphoni,121
Abrial,121
Denajah,121
Lidiya,121
Giannie,121
Etana,121
Nahima,121
Gift,121
Jariana,121
Jakyrah,121
Lahari,121
Victoriah,121
Aamya,121
Makhya,121
Nandana,121
Saraia,121
Jisele,121
Jaielle,121
Aliviyah,121
Ariyel,121
Jalayiah,121
Yazlynn,121
Alannie,121
Ryliee,121
Kynsli,121
Haylo,121
Liyla,121
Tinzley,121
Addylin,121
Ayeza,121
Ziggy,121
Gratia,120
Hildagard,120
Lavilla,120
Nelsie,120
Norena,120
Elga,120
Dudley,120
Lovelle,120
Hanae,120
Maximina,120
Ranie,120
Colleene,120
Glorian,120
Kathlee,120
Lowana,120
Royann,120
Belenda,120
Rosamund,120
Chavela,120
Terilynn,120
Brigitt,120
Mashonda,120
Telesha,120
Audrena,120
Karlisa,120
Shaneque,120
Iasha,120
Lauriana,120
Oluwatoyin,120
Tyaisha,120
Chalsea,120
Hetal,120
Tyrhonda,120
Ghada,120
Kellina,120
Janei,120
Jachelle,120
Reizel,120
Jonea,120
Kateryna,120
Yanelle,120
Yarden,120
Man,120
Britnay,120
Aunya,120
Kadeisha,120
Lamyra,120
Harneet,120
Sheyann,120
Acasia,120
Fantashia,120
Kaetlin,120
Lakiah,120
Anaiza,120
Mayelin,120
Sahiba,120
Nimah,120
Grae,120
Saryna,120
Aricela,120
Klyn,120
Makaley,120
Symphanie,120
Dajai,120
Ramsha,120
Markala,120
Dallys,120
Giordana,120
Simrin,120
Yailene,120
Zarin,120
Jahnaya,120
Gavyn,120
Ariba,120
Baneen,120
Sayana,120
Gali,120
Naturi,120
Keydi,120
Kalayla,120
Tniyah,120
Blaklee,120
Tanyiah,120
Lexianna,120
Tarini,120
Dnyla,120
Avya,120
Bentli,120
Lavayah,120
Araiyah,120
Bayler,120
Zuley,120
Vedanshi,120
Alianys,120
Deklynn,120
Zimal,120
Ehlani,120
Clevie,119
Luvena,119
Albie,119
Elverda,119
Malcolm,119
Merion,119
Rosalynd,119
Eldoris,119
Ivalene,119
Bettey,119
Dorna,119
Sallyanne,119
Jillane,119
Rindy,119
Terrian,119
Mariena,119
Krina,119
Shelie,119
Laron,119
Petina,119
Morayma,119
Trana,119
Latissa,119
Marieke,119
Coriann,119
Nakkia,119
Chalisa,119
Jecenia,119
Chrisha,119
Chevi,119
Erum,119
Niquita,119
Chrisma,119
Aracelie,119
Allesha,119
Glenisha,119
Lacye,119
Shatora,119
Blia,119
Nasim,119
Beonka,119
Shanera,119
Yehudit,119
Nastashia,119
Sharnise,119
Akeema,119
Jacoby,119
Shaquera,119
Teosha,119
Aliese,119
Leahanna,119
Sylwia,119
Ashtan,119
Shakerria,119
Quantasia,119
Ronnae,119
Adaisha,119
Mackensey,119
Elide,119
Morayo,119
Maicie,119
Rees,119
Alejah,119
Chamya,119
Nashya,119
Jaiona,119
Reise,119
Azarria,119
Ariea,119
Jaydalyn,119
Mirely,119
Dailin,119
Phynix,119
Taqwa,119
Kaleeah,119
Aradhana,119
Zarrah,119
Ellionna,119
Neveyah,119
Zylie,119
Stellarose,119
Savi,119
Analeia,119
Catalea,119
Venba,119
Analayah,119
Lumina,118
Gunda,118
Minetta,118
Tyyne,118
Ludella,118
Idonia,118
Roby,118
Mosella,118
Rosamae,118
Margerie,118
Fujiko,118
Quida,118
Dotsie,118
Loneta,118
Ovetta,118
Welda,118
Georgenia,118
Emilene,118
Santiago,118
Wanell,118
Terryann,118
Pamelyn,118
Reene,118
Taffie,118
Loreena,118
Machel,118
Kileen,118
Geraldin,118
Rashon,118
Telissa,118
Ramonica,118
Shlonda,118
Sholonda,118
Kajuana,118
Topeka,118
Tyhesha,118
Jillisa,118
Idaliz,118
Brendi,118
Beyonka,118
Farra,118
Nakeysha,118
Tieasha,118
Satoya,118
Shakeita,118
Quatisha,118
Karmina,118
Lokelani,118
Xee,118
Katora,118
Arzu,118
Kiira,118
Shyna,118
Hanadi,118
Maisee,118
Carlicia,118
Alondria,118
Omolara,118
Brittanyann,118
Laporsche,118
Kanae,118
Casara,118
Misbah,118
Dontavia,118
Emmali,118
Kateline,118
Kieren,118
Keirstan,118
Sukaina,118
Jamilett,118
Saphyre,118
Bryanah,118
Aulora,118
Kasen,118
Tavaria,118
Lillieanna,118
Sejla,118
Kelilah,118
Betul,118
Takoda,118
Solae,118
Annaleese,118
Amarea,118
Alayziah,118
Daliya,118
Jenayah,118
Amyriah,118
Denyla,118
Aoki,118
Jarielys,118
Zalea,118
Andilyn,118
Sharvi,118
Zuriyah,118
Maelys,118
Pailyn,118
Seylah,118
Shresta,118
Ajwa,118
Jrue,118
Alvine,117
Mayre,117
Norvell,117
Eddis,117
Countess,117
Wahneta,117
Onda,117
Runette,117
Donne,117
Pualani,117
Valerye,117
Jackalynn,117
Terralyn,117
Leianne,117
Chirstine,117
Mishawn,117
Sharmel,117
Shawnelle,117
Shonya,117
Elisabel,117
Andrya,117
Krystol,117
Quinita,117
Messina,117
Nguyen,117
Mayling,117
Tierre,117
Adan,117
Joscelyne,117
Shatonia,117
Tekeya,117
Keshona,117
Kili,117
Shivonne,117
Sayward,117
Casha,117
Trenika,117
Rasheka,117
Jakita,117
Quantisha,117
Jovani,117
Saman,117
Solangel,117
Kabao,117
Tanairy,117
Labresha,117
Marieliz,117
Myan,117
Navil,117
Mitali,117
Brittlyn,117
Arpi,117
Haly,117
Ceasia,117
Keyanah,117
Chianna,117
Kadasia,117
Adaria,117
Hiilani,117
Sabrie,117
Assyria,117
Deliana,117
Syleena,117
Aleayah,117
Emalea,117
Akya,117
Lakyla,117
Gizzelle,117
Cambrey,117
Jillianna,117
Analei,117
Keilynn,117
Naiyana,117
Leyli,117
Allani,117
Emmamae,117
Darianny,117
Hamsini,117
Prajna,117
Addysin,117
Analeya,117
Vaanya,117
Nelani,117
Hartleigh,117
Averlee,117
Katalea,117
Japji,117
Parilee,116
Nattie,116
Belvie,116
Othello,116
Willy,116
Benedicta,116
Marthella,116
Margeart,116
Hebe,116
Arcenia,116
Jurline,116
Bettyanne,116
Junko,116
Dorinne,116
Geanette,116
Jeris,116
Jerianne,116
Laurelyn,116
Caran,116
Larosa,116
Cathlin,116
Darnise,116
Maryse,116
Decarla,116
Jamice,116
Denina,116
Katanya,116
Salisa,116
Amybeth,116
Julea,116
Dorianna,116
Kinshasa,116
Shalaine,116
Charitie,116
Brandilynn,116
Tymika,116
Brannon,116
Kameo,116
Deya,116
Rickesha,116
Teale,116
Laniesha,116
Porchea,116
Jasime,116
Ronniesha,116
Caci,116
Jerlisa,116
Anagabriela,116
Jaena,116
Shaasia,116
Da,116
Marlet,116
Avilene,116
Azhar,116
Devynne,116
Jaquasia,116
Kaylenn,116
Mckinzi,116
Dacoda,116
Devyne,116
Raianna,116
Yaritsa,116
Ajanee,116
Xana,116
Arienna,116
Fizza,116
Janaysha,116
Alexxia,116
Talani,116
Alayasia,116
Semaya,116
Haniah,116
Taetum,116
Shyne,116
Zyona,116
Skya,116
Hanaan,116
Sanaiyah,116
Yaniyah,116
Agam,116
Ayris,116
Yaelis,116
Karcyn,116
Jamesyn,116
Katori,116
Melayah,116
Aanshi,116
Preslyn,116
Suheyla,116
Paisli,116
Nilani,116
Remingtyn,116
Emerlyn,116
Flara,115
Lavine,115
Rosielee,115
Elvenia,115
Ethell,115
Leomia,115
Chestina,115
Walta,115
Verlaine,115
Lounell,115
Providencia,115
Marchia,115
Yolette,115
Marsia,115
Marypat,115
Athenia,115
Crickett,115
Nury,115
Delisia,115
Sharesa,115
Kavitha,115
Natsha,115
Tanicka,115
Lateefa,115
Holleigh,115
Keyatta,115
Sandeep,115
Teondra,115
Omolola,115
Tanee,115
Jaquanda,115
Jessieca,115
Cheyne,115
Nalina,115
Anasha,115
Shatira,115
Saleha,115
Tashanti,115
Lyly,115
Brittley,115
Anaisabel,115
Belky,115
Briawna,115
Mayline,115
Briunna,115
Cambre,115
Deslyn,115
Dazha,115
Jase,115
Janavia,115
Kristyana,115
Aalyssa,115
Cyenna,115
Shylin,115
Kemara,115
Kemonie,115
Makenize,115
Jahleah,115
Areebah,115
Joleena,115
Lanyla,115
Amarya,115
Jaileigh,115
Taziyah,115
Kimmora,115
Ashwika,115
Zaela,115
Haivyn,115
Lucilia,115
Daveah,115
Zaliah,115
Braylei,115
Peyson,115
Reighn,115
Louna,115
Maevis,115
Jehilyn,115
Normani,115
Dave,114
Beatric,114
Irlene,114
Fidelis,114
Therma,114
Vincenta,114
Rosemae,114
Truda,114
Lavana,114
Nataline,114
Mercia,114
Dorethia,114
Victorina,114
Alfonso,114
Jolly,114
Farron,114
Zan,114
Criss,114
Linetta,114
Debbrah,114
Patryce,114
Deanette,114
Cina,114
Ranetta,114
Kimetha,114
Jowanda,114
Mashelle,114
Tonjua,114
Suprena,114
Kristiane,114
Libbey,114
Miria,114
Tija,114
Shuntay,114
Miasha,114
Shamecka,114
Ayeshia,114
Somalia,114
Tu,114
Antwonette,114
Brisha,114
Shatarra,114
Quiera,114
Tyniesha,114
Chelsye,114
Tiyona,114
Kaicee,114
Sacoya,114
Nattaly,114
Alezandra,114
Shaquayla,114
Racquelle,114
Noheli,114
Izela,114
Kirandeep,114
Amunique,114
Shabrea,114
Tiajah,114
Makayli,114
Alyrica,114
Aunica,114
Jenaveve,114
Breely,114
Adyn,114
Kyleeann,114
Miyani,114
Delayni,114
Zoriana,114
Teeghan,114
Rhaya,114
Illyria,114
Gracieann,114
Danaly,114
Azalynn,114
Annalei,114
Fayelynn,114
Marlaya,114
Lilybelle,114
Aideliz,114
Adalyna,114
Tynslee,114
Riot,114
Lowen,114
Kior,114
Zennie,113
Cornelious,113
Felma,113
Adelma,113
Guila,113
Lucendia,113
Eulla,113
Arwilda,113
Barbee,113
Merleen,113
Nioka,113
Yuette,113
Gregg,113
Darchelle,113
Belina,113
Chevette,113
Trenee,113
Rocquel,113
Tanganyika,113
Antwan,113
Shanetha,113
Lakaisha,113
Kosha,113
Rasheema,113
Azuree,113
Leinani,113
Chrishana,113
Ellizabeth,113
Onesha,113
Santoria,113
Elenie,113
Shavell,113
Ashey,113
Celisse,113
Samanthan,113
Zeba,113
Ahleah,113
Shaynah,113
Jatia,113
Wilmarie,113
Neiva,113
Polette,113
Kevona,113
Nikala,113
Kaitelyn,113
Erion,113
Karalyne,113
Katelee,113
Miku,113
Miriana,113
Anarely,113
Taviana,113
Kenijah,113
Zaidy,113
Mekhi,113
Nasteho,113
Phiona,113
Jaasia,113
Amaziah,113
Aaliyana,113
Legna,113
Delara,113
Anzlee,113
Dmiyah,113
Oluwademilade,113
Lylla,113
Avaeh,113
Bristyn,113
Muslima,113
Lunabella,113
Kwynn,113
Adhara,113
Gretna,112
Syvilla,112
Gladyes,112
Gerard,112
Haru,112
Seba,112
Milderd,112
Emila,112
Marcellene,112
Caroly,112
Laurali,112
Randolph,112
Evalie,112
Hara,112
Karletta,112
Starletta,112
Tonnia,112
Trea,112
Marijke,112
Solita,112
Belkys,112
Mirjana,112
Valyncia,112
Andreal,112
Kenora,112
Nikelle,112
Shonika,112
Tarnesha,112
Anitria,112
Syrita,112
Karess,112
Shalan,112
Karesha,112
Shalay,112
Inesha,112
Kataya,112
Ekta,112
Shetara,112
Kelsye,112
Jazminn,112
Jacora,112
Esti,112
Taiyana,112
Aileena,112
Dejha,112
Jahmia,112
Yoceline,112
Abbagayle,112
Cade,112
Jaicey,112
Judaea,112
Fey,112
Christionna,112
Demoni,112
Tayli,112
Jahdai,112
Quaniyah,112
Amijah,112
Annikah,112
Elaiza,112
Neyah,112
Letzy,112
Smrithi,112
Dhwani,112
Arelie,112
Jaylyne,112
Klohe,112
Haylyn,112
Kynlea,112
Soniyah,112
Ohanna,112
Brynnlie,112
Kimyah,112
Malay,112
Addasyn,112
Emmilia,112
Aarilyn,112
Ruqaya,112
Saphyra,112
Elliannah,112
Evanee,112
Temprence,112
Emberlie,112
Avaleen,112
Novi,112
Caleesi,112
Lennyx,112
Tannie,111
Cova,111
Matsuko,111
Denelda,111
Idonna,111
Navada,111
Salle,111
Denora,111
Sunya,111
Lafreda,111
Vonzella,111
Gerrianne,111
Particia,111
Dany,111
Ourania,111
Cahterine,111
Kamy,111
Suprina,111
Labrina,111
Taiwana,111
Jenniferlynn,111
Lanina,111
Deshanda,111
Tavonna,111
Shabree,111
Shantil,111
Desirre,111
Lakeva,111
Jemina,111
Wilmary,111
Tayra,111
Ellesse,111
Abisola,111
Kasarah,111
Afsheen,111
Desiraye,111
Adreena,111
Terrion,111
Naika,111
Ski,111
Tanazia,111
Meital,111
Arriona,111
Daijanae,111
Chandlar,111
Naje,111
Akaya,111
Shalayah,111
Seattle,111
Jataya,111
Yassmine,111
Ajahnae,111
Diyana,111
Jahnessa,111
Ziasia,111
Kharizma,111
Gowri,111
Kemyah,111
Nyajah,111
Angellee,111
Sibley,111
Siniya,111
Hallelujah,111
Anyi,111
Zyara,111
Cadince,111
Raelie,111
Samyukta,111
Kaedance,111
Aryaa,111
Adream,111
Amai,111
Calayah,111
Yelina,111
Daizee,111
Aleynah,111
Ariannie,111
Jazyiah,111
Ahnyla,111
Miaa,111
Evoleht,111
Rhyder,111
Naavya,111
Hazleigh,111
Kataleia,111
Caisley,111
Charlottie,110
Peachie,110
Asencion,110
Buford,110
Tryphena,110
Mignonne,110
Bertine,110
Averill,110
Athelene,110
Sible,110
Lysbeth,110
Cleaster,110
Maritta,110
Doranne,110
Sonnia,110
Leith,110
Sharlett,110
Sherald,110
Richel,110
Jennene,110
Franny,110
Jillana,110
Daphyne,110
Cythina,110
Krystn,110
Malicia,110
Dhana,110
Monicia,110
Magally,110
Alithia,110
Sharine,110
Serrena,110
Charina,110
Charlissa,110
Chanti,110
Crescent,110
Tiffanni,110
Jenniferann,110
Milika,110
Melanni,110
Neera,110
Breean,110
Taraneh,110
Dianca,110
Chenae,110
Rabab,110
Shadavia,110
Ambreen,110
Markee,110
Rikia,110
Nupur,110
Brenisha,110
Chihiro,110
Manami,110
Marissah,110
Sruti,110
Araly,110
Tahtiana,110
Marisah,110
Taite,110
Dezhane,110
Matteson,110
Moriya,110
Saga,110
Allahna,110
Reis,110
Analysse,110
Ilayda,110
Indyah,110
Mekiah,110
Raeli,110
Madisin,110
Maansi,110
Aleeha,110
Wylee,110
Nasirah,110
Novali,110
Soffia,110
Malaijah,110
Khyli,110
Briseidy,110
Miray,110
Jehieli,110
Makenly,110
Kambrey,110
Keerat,110
Nusayba,110
Brynlei,110
Armonii,110
Laiklynn,110
Daleyssa,110
Huntlee,110
Irha,110
Jehlani,110
Arabell,109
Nillie,109
Arnice,109
Gazella,109
Marzelle,109
Coren,109
Silas,109
Constancia,109
Vyolet,109
Jette,109
Marvena,109
Nevia,109
Sharonlee,109
Sherryll,109
Deardra,109
Nicolet,109
Twala,109
Endora,109
Demarie,109
Adreanne,109
Chantea,109
Nikcole,109
Philisha,109
Umeka,109
Shandale,109
Landi,109
Tikesha,109
Nikeshia,109
Shalika,109
Shadana,109
Shima,109
Lataysha,109
Yesha,109
Jenesa,109
Mahogony,109
Jazma,109
Maigen,109
Stpehanie,109
Aftan,109
Bita,109
Kruti,109
Henya,109
Lache,109
Tarae,109
Jyssica,109
Charne,109
Jazsmine,109
Tinaya,109
Jermesha,109
Chelbie,109
Riata,109
Timberlee,109
Lizbett,109
Mykelle,109
Bryauna,109
Kyira,109
Keyshawna,109
Tajanay,109
Jahnai,109
Bhavana,109
Saje,109
Laneah,109
Jemya,109
Adiva,109
Alaria,109
Zannah,109
Nayanna,109
Almas,109
Mirren,109
Blimi,109
Hephzibah,109
Yannis,109
Elleah,109
Harika,109
Jaelie,109
Kasiya,109
Nayleah,109
Creedence,109
Ellianne,109
Brentlee,109
Brylyn,109
Maymuna,109
Reylynn,109
Trust,109
Ziyon,109
Renn,109
Raelan,109
Tarahji,109
Khaylee,109
Luxe,109
Kaislyn,109
Eunie,108
Albirda,108
Ercie,108
Orella,108
Helyne,108
Jullia,108
Athalene,108
Arneda,108
Nedda,108
Mayrene,108
Winna,108
Dorlis,108
Mliss,108
Royanne,108
Jacklyne,108
Aronda,108
Hedi,108
Cythnia,108
Edee,108
Shuna,108
Tine,108
Leshea,108
Tomicka,108
Cheresa,108
Shalona,108
Shalunda,108
Tamasha,108
Radiah,108
Mega,108
Alanea,108
Lakeyshia,108
Tyronza,108
Nashea,108
Jamillia,108
Kang,108
Lynisha,108
Yasaman,108
Shaquela,108
Yeny,108
Lynnsie,108
Maghen,108
Hitomi,108
Sarissa,108
Yaniris,108
Diamonds,108
Shaquisha,108
Chasmine,108
Shakyia,108
Navjot,108
Ashonte,108
Alaisa,108
Yenty,108
Cabria,108
Cassadi,108
Kealohilani,108
Afsana,108
Carizma,108
Kindred,108
Jazsmin,108
Talah,108
Mackena,108
Icess,108
Tahj,108
Anushree,108
Kanija,108
Christiona,108
Nianna,108
Angelyse,108
Jalyric,108
Salimatou,108
Zareth,108
Alexiya,108
Nayellie,108
Heiley,108
Sherlyne,108
Jamarie,108
Sahaana,108
Piya,108
Shaivi,108
Soleia,108
Lianah,108
Lilliauna,108
Sritha,108
Iliany,108
Ellakate,108
Kanai,108
Adlynn,108
Perpetua,108
Solyana,108
Aahna,108
Annaelle,108
Rilynne,108
Jouri,108
Kween,108
Orpah,107
Chairty,107
Cozy,107
Vincenzina,107
Euva,107
Marg,107
Maclovia,107
Lurie,107
Iness,107
Arvada,107
Novice,107
Luvern,107
Bernis,107
Elveta,107
Ellinore,107
Emmogene,107
Rudean,107
Davey,107
Jorita,107
Nancyjo,107
Dewayne,107
Lauralie,107
Durenda,107
Brendolyn,107
Rexanna,107
Schelly,107
Jeralynn,107
Terrace,107
Charmon,107
Jowana,107
Capucine,107
Kerrilyn,107
Karilynn,107
Deannah,107
Latonyia,107
Camelle,107
Melainie,107
Timica,107
Fantasy,107
Fareeda,107
Dachelle,107
Shaleta,107
Panayiota,107
Tereka,107
Khaleelah,107
Jermeka,107
Brookley,107
Shaquella,107
Johnika,107
Takiah,107
Laporscha,107
Brentney,107
Champayne,107
Nozomi,107
Ceilidh,107
Takeira,107
Cheridan,107
Jaquayla,107
Adiel,107
Deysha,107
Jyra,107
Kauri,107
Houda,107
Ahja,107
Ashawna,107
Cierah,107
Rimsha,107
Jalexus,107
Makahla,107
Zhanna,107
Kierstynn,107
Ashaya,107
Kazi,107
Aquinnah,107
Bali,107
Jacayla,107
Belanna,107
Aylyn,107
Daysie,107
Rokhaya,107
Tayte,107
Amadea,107
Yomaris,107
Akyah,107
Jadamarie,107
Jhordyn,107
Makaylen,107
Farhiya,107
Hopelynn,107
Sosie,107
Amarachukwu,107
Takhia,107
Keslee,107
Jozelynn,107
Jernie,107
Nakari,107
Ahlivia,107
Amaliya,107
Kharlie,107
Preslea,107
Nevae,107
Jaxson,107
Hollynn,107
Palyn,107
Eliyanna,107
Lillymae,107
Anhar,107
Skyrah,107
Rital,107
Hinley,107
Avira,107
Hazelgrace,107
Sekani,107
Gustie,106
Evadna,106
Elener,106
Enora,106
Herberta,106
Coda,106
Ermalee,106
Felicite,106
Alveria,106
Valina,106
Laurajean,106
Stina,106
Roda,106
Ardra,106
Joreen,106
Cicilia,106
Gayna,106
Tomma,106
Milicent,106
Suan,106
Caleen,106
Lynnel,106
Sharilynn,106
Rhina,106
Anderia,106
Trenita,106
Dvora,106
Marsheila,106
Lajeana,106
Iwalani,106
Kymberley,106
Romanda,106
Lashane,106
Julliette,106
Jennifr,106
Omeka,106
Kafi,106
Miel,106
Lakesa,106
Lashunta,106
Mekisha,106
Shawnique,106
Cullen,106
Ebonye,106
Titilayo,106
Chareese,106
Jaree,106
Ninoska,106
Camera,106
Shantika,106
Takeyla,106
Rhapsody,106
Sanoe,106
Lateia,106
Ammanda,106
Jazzmon,106
Marquasha,106
Alencia,106
Anastaisa,106
Totiana,106
Lataja,106
Zehava,106
Alejandria,106
Adreona,106
Ugochi,106
Hanin,106
Royelle,106
Alexei,106
Chariah,106
Maday,106
Kaelei,106
Amayrany,106
Briele,106
Keyle,106
Kenidy,106
Summerlynn,106
Leili,106
Raliyah,106
Safiatou,106
Chloeann,106
Zakara,106
Keslyn,106
Madylyn,106
Jahniah,106
Itzy,106
Mariabelen,106
Zayonna,106
Ayslin,106
Nimco,106
Damyra,106
Solenne,106
Camyra,106
Gracilyn,106
Moyinoluwa,106
Grettell,106
Nareh,106
Zamorah,106
Jaycelynn,106
Nare,106
Tejasvi,106
Zamyia,106
Eriyah,106
Shiah,106
Evangelyne,106
Icelyn,106
Xaniyah,106
Nyella,106
Marliyah,106
Zeeva,106
Rocklyn,106
Addalyne,106
Clotile,105
Bessye,105
Glessie,105
Wladyslawa,105
Alleta,105
Violanda,105
Winefred,105
Valine,105
Silvie,105
Glenyce,105
Gaynor,105
Jerris,105
Haila,105
Shevaun,105
Shirlena,105
Lorrinda,105
Darsi,105
Cherrise,105
Ketrina,105
Raschelle,105
Carriann,105
Dulcey,105
Chantella,105
Christna,105
Erryn,105
Sacheen,105
Anedra,105
Austina,105
Shalandria,105
Alsha,105
Lachina,105
Zanobia,105
Carleena,105
Shamela,105
Yobana,105
Copper,105
Taima,105
Takoya,105
Soua,105
Destenee,105
Skylene,105
Shanquita,105
Talayia,105
Yurika,105
Nikira,105
Labrittany,105
Maryela,105
Rafia,105
Shannia,105
Ramsie,105
Audryana,105
Jaz,105
Christyanna,105
Mekaela,105
Konnor,105
Nayali,105
Shaliah,105
Keiarah,105
Kaianna,105
Emonni,105
Inanna,105
Kymoni,105
Kyndahl,105
Zaide,105
Prosperity,105
Keimora,105
Xcaret,105
Lillyth,105
Kahliya,105
Braeley,105
Daziya,105
Ryleah,105
Taydem,105
Alyannah,105
Ceniya,105
Mikaia,105
Naylene,105
Alveena,105
Riham,105
Azaylea,105
Naryiah,105
Devaeh,105
Ileigh,105
Rayelynn,105
Aarini,105
Daksha,105
Khailee,105
Soraiya,105
Graclynn,105
Yuleimy,105
Greidy,105
Gracelee,105
Avalie,105
Rhen,105
Jessabelle,105
Kynslei,105
Everlea,105
Espyn,105
Graylynn,105
Yemariam,105
Lehlani,105
Chattie,104
Lillar,104
Tola,104
Madolin,104
Beola,104
Lillan,104
Hopie,104
Murdis,104
Mitsuye,104
Dalma,104
Etrulia,104
Evona,104
Marcele,104
Shirle,104
Vivyan,104
Deloyce,104
Shriley,104
Judithe,104
Janit,104
Noralyn,104
Glennette,104
Joleene,104
Deletha,104
Lorann,104
Tarrie,104
Cerita,104
Kare,104
Ranette,104
Jany,104
Deneane,104
Rotunda,104
Keary,104
Satrina,104
Cartina,104
Chandell,104
Danyetta,104
Kimika,104
Temisha,104
Teonia,104
Ilisha,104
Shadawn,104
Gustavo,104
Kashina,104
Charmeka,104
Talishia,104
Vernesha,104
Nurah,104
Shalicia,104
Dyesha,104
Katianne,104
Larrisha,104
Jonessa,104
Ashlley,104
Ceria,104
Janequa,104
Aarthi,104
Yannet,104
Jaleisa,104
Russia,104
Qiara,104
Yania,104
Ashantae,104
Kaelea,104
Breshay,104
Lusine,104
Jessilynn,104
Yarithza,104
Malashia,104
Dashley,104
Kiyani,104
Marijah,104
Imanii,104
Tayjah,104
Kalasia,104
Yanis,104
Zyanne,104
Eloni,104
Tniya,104
Doaa,104
Suhailah,104
Anandi,104
Kellis,104
Dakiyah,104
Aashika,104
Jaselynn,104
Nimrit,104
Seleen,104
Elizabelle,104
Kylina,104
Preslei,104
Madalina,104
Avagail,104
Avabella,104
Ishi,104
Leyani,104
Libi,104
Ryleeann,104
Ajna,104
Analyah,104
Syla,104
Zemora,104
Zema,104
Lennan,104
Annye,103
Berlie,103
Vandella,103
Wilfred,103
Hesper,103
Elvi,103
Kimiye,103
Thedora,103
Guynell,103
Ivanell,103
Phillipa,103
Norinne,103
Marionette,103
Mardene,103
Doralene,103
Jenet,103
Darletta,103
Meredeth,103
Lizann,103
Lynise,103
Tae,103
Fe,103
Telesa,103
Ronnita,103
Tracina,103
Chrisoula,103
Laloni,103
Tacia,103
Katria,103
Khristin,103
Sharisa,103
Tuere,103
Donyetta,103
Jamala,103
Kiamesha,103
Tekeshia,103
Eiman,103
Kenyia,103
Starlit,103
Muriah,103
Shanoah,103
Jylian,103
Asuka,103
Danelia,103
Maysoon,103
Quintara,103
Lizzete,103
Brytney,103
Sakira,103
Tierrah,103
Yessika,103
Kaisy,103
Tilia,103
Kyrene,103
Yuridiana,103
Chazlyn,103
Lisvet,103
Jaleea,103
Adisa,103
Joci,103
Zineb,103
Maripaz,103
Jkayla,103
Makaelah,103
Syan,103
Dianely,103
Nyelah,103
Fardowsa,103
Summit,103
Tramya,103
Takyah,103
Izza,103
Abia,103
Kaiyana,103
Reagann,103
Yolani,103
Anadalay,103
Dayannara,103
Navina,103
Sahalie,103
Samariya,103
Andalyn,103
Elliona,103
Graceland,103
Ryeleigh,103
Yuktha,103
Hansini,103
Rogan,103
Elayjah,103
Liliahna,103
Ryiah,103
Adelei,103
Mckynlie,103
Evalette,103
Tanishi,103
Graylee,103
Airlie,103
Baelynn,103
Minsa,103
Mayven,103
Riven,103
Pihu,103
Kelahni,103
Parthena,102
Parrie,102
Dovey,102
Athalee,102
Musette,102
Kiyo,102
Birdena,102
Satsuki,102
Wanona,102
Orean,102
Lareta,102
Jerald,102
Len,102
Genean,102
Pamlea,102
Prima,102
Marchele,102
Sheralee,102
Kippy,102
Laurrie,102
Franchelle,102
Kimley,102
Joyia,102
Zanita,102
Donja,102
Reveca,102
Tonji,102
Trent,102
Audris,102
Devri,102
Meshawn,102
Savita,102
Anndee,102
Zorana,102
Sharnee,102
Dakia,102
Shametra,102
Quantia,102
Keyonta,102
Ikeya,102
Kerline,102
Randilyn,102
Deundra,102
Iram,102
Anwar,102
Aften,102
Jilliam,102
Amaka,102
Aniqua,102
Deveney,102
Layci,102
Chatara,102
Cerria,102
Jaszmine,102
Mercedies,102
Antanisha,102
Keondria,102
Allexa,102
Kasumi,102
Kamilya,102
Keyira,102
Kaho,102
Jaline,102
Reianna,102
Aveena,102
Maclaine,102
Yarlin,102
Apurva,102
Kainat,102
Skyanne,102
Taejah,102
Zuha,102
Dylanie,102
Makaleigh,102
Koriana,102
Ashyra,102
Cariah,102
Mayara,102
Yunique,102
Maitri,102
Quaniya,102
Amarise,102
Annalysse,102
Dynastee,102
Jaymes,102
Maize,102
Kida,102
Sya,102
Nalla,102
Naviyah,102
Ahilyn,102
Vaniyah,102
Amazin,102
Breella,102
Elaynah,102
Persephonie,102
Damyiah,102
Nuriyah,102
Jurnei,102
Rye,102
Elaf,102
Meilah,102
Amiyrah,102
Khloei,102
Ahriyah,102
Kenzlei,102
Mulani,102
Vicy,101
Orphia,101
Walsie,101
Oval,101
Colie,101
Zenola,101
Winola,101
Euretha,101
Bobetta,101
Sybol,101
Lylith,101
Marjarie,101
Rebacca,101
Geneal,101
Jennylee,101
Lynore,101
Sharalee,101
Maripat,101
Martita,101
Shelaine,101
Derhonda,101
Tamilyn,101
Pammie,101
Telesia,101
Ismelda,101
Dalyce,101
Deina,101
Charmelle,101
Romonda,101
Tifini,101
Mylisa,101
Shawntina,101
Chereese,101
Shaton,101
Meiko,101
Shavette,101
Myosha,101
Keyon,101
Tashica,101
Mikisha,101
Shamarra,101
Yittel,101
Jimeka,101
Ethne,101
Jessikah,101
Shakedra,101
Jora,101
Ellicia,101
Nicolemarie,101
Jasmene,101
Britainy,101
Maricsa,101
Sashay,101
Jaliza,101
Jannelly,101
Alante,101
Schae,101
Tonae,101
Keyah,101
Merve,101
Maitlyn,101
Mellina,101
Lekha,101
Zeidy,101
Korianna,101
Matelyn,101
Azlin,101
Brycelyn,101
Amritha,101
Zanaiya,101
Niyonna,101
Alizaya,101
Jaysie,101
Kseniya,101
Leyan,101
Ludwika,101
Arraya,101
Innocence,101
Kearie,101
Vaniya,101
Aleila,101
Aunisty,101
Adeliz,101
Saaya,101
Yeraldine,101
Aamori,101
Khalie,101
Raylynne,101
Yoltzin,101
Amillya,101
Ritisha,101
Sarinity,101
Devoiry,101
Dublin,101
Sephira,101
Jiayi,101
Maneh,101
Alanee,101
Elyanah,101
Sarrinah,101
Waniya,101
Dawt,101
Scarlettrose,101
Lenix,101
Journiee,101
Jahlani,101
Winsley,101
Otto,100
Wave,100
Aloise,100
Sarabelle,100
Francile,100
Lorece,100
Sinia,100
Aritha,100
Inetha,100
Loral,100
Dulcy,100
Eladia,100
Claudett,100
Jerita,100
Roxene,100
Terree,100
Clovia,100
Sundy,100
Jacalynn,100
Trenace,100
Wandy,100
Jaki,100
Heidemarie,100
Ticia,100
Tawyna,100
Tippi,100
Evagelia,100
Jeanifer,100
Andrey,100
Mallisa,100
Maronda,100
Trachelle,100
Lada,100
Kenyette,100
Tiombe,100
Tremeka,100
Calandria,100
Kessler,100
Brandyce,100
Idara,100
Kissie,100
Davian,100
Yardley,100
Danicia,100
Devinn,100
Kebrina,100
Kelicia,100
Jadda,100
Rickeya,100
Thandiwe,100
Ecko,100
Sashia,100
Daquana,100
Reylene,100
Alixandrea,100
Deyona,100
Kurstyn,100
Bekka,100
Xochilth,100
Dejanira,100
Javen,100
Somara,100
Driana,100
Dajsha,100
Daisja,100
Samyria,100
Adaja,100
Sheniya,100
Mahli,100
Tyianna,100
Caelie,100
Skyelyn,100
Kassadie,100
Olesya,100
Raea,100
Jailynne,100
Nyrah,100
Aundraya,100
Jamarria,100
Jaslynne,100
Jessly,100
Milina,100
Savera,100
Zeya,100
Kaileia,100
Mililani,100
Sathvika,100
Torrin,100
Kushi,100
Sanye,100
Adanely,100
Alailah,100
Sudiksha,100
Jahzaria,100
Kahmari,100
Jazzalynn,100
Iliyana,100
Aliahna,100
Madalee,100
Jennesis,100
Naw,100
Emonii,100
Avaiyah,100
Emiliya,100
Bellanie,100
Lawsyn,100
Eevie,100
Aytana,100
Opie,99
Lurlie,99
Idora,99
Pernella,99
Loucile,99
Nel,99
Fayne,99
Severina,99
Bernise,99
Lunetta,99
Marielouise,99
Virgilia,99
Anetha,99
Ladye,99
Idona,99
Freddye,99
Levetta,99
Clydine,99
Garnell,99
Jerolene,99
Dollene,99
Charliene,99
Patrcia,99
Sherlon,99
Sharyon,99
Micheale,99
Vallorie,99
Dimitri,99
Jacqeline,99
Bellina,99
Clairessa,99
Tinita,99
Tiersa,99
Tricha,99
Schwanda,99
Shahla,99
Julena,99
Tarica,99
Hasana,99
Shashana,99
Amica,99
Nakeeta,99
Sirenia,99
Markitta,99
Brindy,99
Shanora,99
Lauralei,99
Phoua,99
Myya,99
Jakeia,99
Tysheena,99
Lesieli,99
Yan,99
Oprah,99
Enisa,99
Parisha,99
Adasha,99
Raiana,99
Kaitlynd,99
Anaissa,99
Tashiya,99
Imanni,99
Krystianna,99
Taje,99
Alexsus,99
Jisell,99
Reyonna,99
Ajane,99
Berenize,99
Kirsi,99
Malijah,99
Kamalei,99
Dilan,99
Tasmia,99
Shamiracle,99
Anokhi,99
Maliea,99
Wells,99
Diavion,99
Meleni,99
Tagen,99
Jadesola,99
Sharlize,99
Monseratt,99
Reighan,99
Havah,99
Deshanti,99
Saamiya,99
Khyler,99
Ashyla,99
Frimy,99
Yasira,99
Elanah,99
Bellamia,99
Caralina,99
Kamariyah,99
Mylo,99
Sarabella,99
Maleiyah,99
Rafeef,99
Naomii,99
Maudy,98
Verbena,98
Myrla,98
Corona,98
Idalee,98
Enez,98
Ascencion,98
Varnell,98
Dorethy,98
Darris,98
March,98
Stamatia,98
Romell,98
Nonna,98
Raetta,98
Babetta,98
Faline,98
Valita,98
Josanna,98
Ki,98
Sybrina,98
Zelene,98
Dymphna,98
Jametta,98
Sondi,98
Parul,98
Ayodele,98
Latandra,98
Kiwanna,98
Daielle,98
Latera,98
Shaketta,98
Makeshia,98
Intisar,98
Sahirah,98
Laurelin,98
Chavie,98
Marjani,98
Shaneisha,98
Earlisha,98
Meghanne,98
Tashe,98
Adjoa,98
Yesika,98
Yeng,98
Lakera,98
Victorian,98
Deniesha,98
Shamonique,98
Estera,98
Raysha,98
Amyre,98
Shaneece,98
Javeria,98
Krissia,98
Winta,98
Jahne,98
Kahlee,98
Emali,98
Simisola,98
Jacia,98
Kanyon,98
Rokia,98
Kevionna,98
Mykaylah,98
Taiz,98
Sevannah,98
Rayvn,98
Yaret,98
Daiya,98
Accalia,98
Dariella,98
Gennavieve,98
Sahiti,98
Anab,98
Araeya,98
Jalyah,98
Shakhia,98
Akshitha,98
Denaly,98
Alila,98
Kosisochukwu,98
Graylyn,98
Aubery,98
Anzleigh,98
Lyfe,98
Lundynn,98
Carsynn,98
Keymoni,98
Jaiyanna,98
Aubrina,98
Charlii,98
Annalaya,98
Juneau,98
Raahi,98
Naelle,98
Raseel,98
Lynnley,98
Krishika,98
Valor,98
Elliett,98
Tiwatope,98
Jinora,98
Hayslee,98
Kairo,98
Ludia,97
Betrice,97
Cyril,97
Cumi,97
Odena,97
Orabelle,97
Euleta,97
Ireene,97
Shadie,97
Ysidra,97
Ardel,97
Michie,97
Virdell,97
Elbert,97
Raymonde,97
Lorah,97
Normagene,97
Adaleen,97
Delorice,97
Adoria,97
Rosan,97
Trudee,97
Challis,97
Vickki,97
Volanda,97
Rasa,97
Shron,97
Loranda,97
Lititia,97
Cassundra,97
Consandra,97
Tangala,97
Triva,97
Timiko,97
Shervon,97
Laconya,97
Meko,97
Uilani,97
Vandana,97
Arnitra,97
Trey,97
Lachrista,97
Zira,97
Lakeyta,97
Santrice,97
Tynesia,97
Cesily,97
Tida,97
Leialoha,97
Brittnye,97
Farin,97
Tarrin,97
Lindzee,97
Delsy,97
Lakyia,97
Chantavia,97
Kaesha,97
Uchechi,97
Abir,97
Panhia,97
Khrystyne,97
Alexarae,97
Viveka,97
Donyea,97
Shalayna,97
Anysha,97
Jasilyn,97
Narmeen,97
Mersadez,97
Tejah,97
Deionna,97
Kymberlyn,97
Jordayn,97
Maekayla,97
Ronasia,97
Mateya,97
Oyinkansola,97
Mekaylah,97
Astha,97
Jozy,97
Makhayla,97
Esbeydi,97
Braydee,97
Haydan,97
Emilygrace,97
Jalei,97
Jhaniya,97
Anayi,97
Soul,97
Khalis,97
Milyn,97
Solaris,97
Kenlea,97
Solomiya,97
Jalaila,97
Siennah,97
Aariyana,97
Neziah,97
Skii,97
Skyleen,97
Maui,97
Avalin,97
Yarianna,97
Jossilyn,97
Zamariyah,97
Avyonna,97
Honestie,97
Admire,97
Ambriella,97
Laylynn,97
Naylee,97
Uri,97
Zamyiah,97
Anahla,97
Jeilani,97
Larayah,97
Mayukha,97
Liyat,97
Samanvitha,97
Kinslei,97
Kingslee,97
Lachlyn,97
Aamilah,97
Arrietty,97
Ariellah,97
Rehmat,97
Timberlynn,97
Niralya,97
Wynnie,97
Sunjai,97
Eretria,97
Caddie,96
Wadie,96
Azile,96
Gyneth,96
Perina,96
Kimiyo,96
Marthena,96
Casmira,96
Marbeth,96
Rogenia,96
Corleen,96
Judeen,96
Lagretta,96
Velita,96
Banita,96
Jonice,96
Rai,96
Reginna,96
Terita,96
Valeree,96
Jet,96
Lawan,96
Anadelia,96
Kimila,96
Annete,96
Letita,96
Lolitha,96
Lametria,96
Jhana,96
Cici,96
Donyel,96
Buffey,96
Andrian,96
Rosha,96
Aleicia,96
Donnielle,96
Anamari,96
Krisinda,96
Demeshia,96
Brandan,96
Venesha,96
Melitza,96
Sunshyne,96
Jerah,96
Arpita,96
Fany,96
Makeya,96
Hlee,96
Bhavika,96
Shakoya,96
Caitland,96
Krystyne,96
Raneshia,96
Shaquaya,96
Gerrica,96
Tyquisha,96
Jermisha,96
Rucha,96
Dashanique,96
Chandani,96
Ghadeer,96
Diamone,96
Kortlynn,96
Tyja,96
Daishia,96
Hokulani,96
Lydiana,96
Ruqayya,96
Jyasia,96
Gesselle,96
Kynsie,96
Maysun,96
Helem,96
Rim,96
Arli,96
Artemisia,96
Gizell,96
Kariya,96
Monse,96
Breeley,96
Kailena,96
Analyce,96
Maicy,96
Aamari,96
Braylea,96
Ivannah,96
Jaylaa,96
Lakenzie,96
Nevaen,96
Shalva,96
Johniya,96
Yaniah,96
Brycelynn,96
Sheilyn,96
Raaga,96
Zamarah,96
Mavi,96
Zienna,96
Lillianah,96
Umi,96
Sophiea,96
Brennley,96
Copelyn,96
Yoona,96
Aleyssa,96
Dayelin,96
Minervia,95
Undine,95
Vaudie,95
Genowefa,95
Adelee,95
Benigna,95
Joda,95
Ettamae,95
Kikuye,95
Nioma,95
Floraine,95
Marlyss,95
Conna,95
Lurae,95
Jonella,95
Veida,95
Geryl,95
Jauna,95
Melenda,95
Jonia,95
Nesa,95
Kristl,95
Rhodesia,95
Tyrena,95
Tahirih,95
Surena,95
Debrina,95
Rasheen,95
Tiffny,95
Lynessa,95
Tiawanna,95
Andriea,95
Takima,95
Miho,95
Lakashia,95
Matika,95
Shiniqua,95
Wakeelah,95
Tranesha,95
Shateka,95
Willisha,95
Aarica,95
Anet,95
Stephanieann,95
Nyeemah,95
Vinisha,95
Traniece,95
Meleane,95
Ferrin,95
Shaquoya,95
Dominik,95
Sabel,95
Jazmina,95
Shaquavia,95
Shyniece,95
Breyon,95
Jacarra,95
Trishna,95
Lianette,95
Imonie,95
Chabeli,95
Chyane,95
Aijalon,95
Manjot,95
Jarelis,95
Keyry,95
Malasha,95
Haillee,95
Kesleigh,95
Victoriya,95
Viktorya,95
Tyashia,95
Emmalena,95
Hajira,95
Dnasia,95
Taleigh,95
Azalya,95
Sianne,95
Anwyn,95
Jyla,95
Zayneb,95
Roselani,95
Sondos,95
Janyra,95
Keaghan,95
Riti,95
Keylah,95
Jaynia,95
Sevin,95
Kalyiah,95
Sidda,95
Cerinity,95
Hanny,95
Jakyiah,95
Kamsiyochukwu,95
Aroura,95
Noorah,95
Loreley,95
Jahnyla,95
Meliya,95
Sophira,95
Zarie,95
Jynesis,95
Leeloo,95
Annayah,95
Mayari,95
Zaylia,95
Honestii,95
Addaleigh,95
Brenlynn,95
Kathaleya,95
Olanna,95
Aaima,95
Hazeleigh,95
Malahni,95
Xuri,95
Brixlee,95
Appolonia,94
Bular,94
Lavere,94
Murry,94
Dolorez,94
Ellean,94
Glendene,94
Regene,94
Ivry,94
Remedios,94
Patte,94
Joene,94
Twylia,94
Carmellia,94
Labrenda,94
Jaculin,94
Candiace,94
Maurina,94
Chrysa,94
Ceci,94
Avonda,94
Tamella,94
Marvelous,94
Milessa,94
Karlita,94
Tarhonda,94
Tonyetta,94
Oneika,94
Shikita,94
Kjirsten,94
Lakindra,94
Mahasin,94
Kashira,94
Nevin,94
Natane,94
Shakeerah,94
Starkisha,94
Karle,94
Krisna,94
Jamaira,94
Kierre,94
Naome,94
Ashanna,94
Leshae,94
Laquiesha,94
Keniesha,94
Khrystina,94
Dystany,94
Sharne,94
Jazmene,94
Shavontae,94
Jesyka,94
Audrionna,94
Catilyn,94
Kitiara,94
Bryanda,94
Lyan,94
Maythe,94
Astou,94
Mackensi,94
Harsimran,94
Tytionna,94
Makendra,94
Deyani,94
Joelys,94
Graceanna,94
Kaimana,94
Malyna,94
Starlee,94
Marialy,94
Gabbi,94
Hamda,94
Jahmiya,94
Mairely,94
Alaysiah,94
Jozey,94
Naileah,94
Yzabelle,94
Naz,94
Azalyn,94
Zniya,94
Debany,94
Morrison,94
Kniyah,94
Ceazia,94
Tayten,94
Astryd,94
Avangelina,94
Kannon,94
Pearson,94
Emberlin,94
Raylei,94
Teriyah,94
Kaleeya,94
Nuriya,94
Anwitha,94
Alessi,94
Makynleigh,94
Pailynn,94
Bryella,94
Deem,94
Jaretssi,94
Riyanshi,94
Norielle,94
Aelin,94
Dalett,94
Leathie,93
Nicey,93
Cellie,93
Leolia,93
Alleene,93
Doratha,93
Berdene,93
Isobelle,93
Lerlene,93
Myrth,93
Lenola,93
Evadean,93
Cande,93
Adean,93
Carolie,93
Judine,93
Sherby,93
Marcianna,93
Hanya,93
Sherial,93
Valari,93
Charlesa,93
Lourdez,93
Anntionette,93
Emanuel,93
Lashann,93
Colandra,93
Artrice,93
Madhavi,93
Donnica,93
Poppi,93
Temeca,93
Kidada,93
Keitra,93
Mistina,93
Kemia,93
Quanta,93
Latalia,93
Rikita,93
Leslieanne,93
Marytza,93
Nitzia,93
Saranda,93
Hollan,93
Shali,93
Tylicia,93
Nabilah,93
Dezarai,93
Shakiara,93
Anabelen,93
Jasminemarie,93
Shiasia,93
Javaria,93
Katriona,93
Brookelle,93
Nabria,93
Mccayla,93
Sumire,93
Keajah,93
Arisbel,93
Anelly,93
Fatim,93
Emera,93
Ashyah,93
Gionni,93
Havanah,93
Izumi,93
Kiyra,93
Ezrie,93
Malayja,93
Ceyda,93
Ebunoluwa,93
Zaryia,93
Jameriah,93
Mayerli,93
Massiah,93
Kimori,93
Sanskriti,93
Makayleigh,93
Sreenidhi,93
Skyley,93
Ahni,93
Cereniti,93
Devory,93
Conleigh,93
Ziza,93
Isabelly,93
Bitania,93
Danikah,93
Dmiya,93
Findley,93
Javayah,93
Ruhee,93
Jazzlene,93
Aaylah,93
Azani,93
Zafira,93
Besan,93
Emilina,93
Liyanna,93
Zhoey,93
Rosealynn,93
Penelopi,93
Ezme,93
Hazlee,93
Grover,92
Bannie,92
Russie,92
Iver,92
Laddie,92
Elvy,92
Aleane,92
Eloyse,92
Berneita,92
Florean,92
Onia,92
Merial,92
Panzy,92
Lamerle,92
Catheline,92
Leeona,92
Vincy,92
Bonetta,92
Luticia,92
Glyn,92
Doralyn,92
Durene,92
Glendell,92
Lajuanda,92
Dellene,92
Joyceline,92
Jerrianne,92
Anida,92
Terrea,92
Christinea,92
Patrena,92
Vernee,92
Ginnette,92
Tammee,92
Deseri,92
Anntonette,92
Karinda,92
Lalisa,92
Stephanne,92
Ursala,92
Chrisa,92
Shavaun,92
Letanya,92
Lanissa,92
Miquel,92
Grainne,92
Shawnise,92
Shereece,92
Chikita,92
Shandelle,92
Sherissa,92
Tamakia,92
Iysha,92
Rindi,92
Latash,92
Mande,92
Shandie,92
Chasty,92
Shene,92
Kaiesha,92
Kian,92
Tineshia,92
Deshondra,92
Jimia,92
Miosha,92
Daven,92
Myeasha,92
Dannon,92
Kamali,92
Gavriela,92
Johnica,92
Danisa,92
Kehinde,92
Margan,92
Cigi,92
Aneeka,92
Shanecia,92
Britiney,92
Chasya,92
Krystena,92
Tiaria,92
Parissa,92
Samamtha,92
Staysha,92
Shakora,92
Charniece,92
Janesia,92
Laurielle,92
Charlesia,92
Aloria,92
Kelce,92
Dayane,92
Hayly,92
Taelyr,92
Terianna,92
Kaylean,92
Elaisha,92
Kately,92
Jacari,92
Mayanna,92
Deyjah,92
Thaila,92
Zadia,92
Daana,92
Anae,92
Pantera,92
Taylia,92
Adelis,92
Tyjai,92
Bassy,92
Litsy,92
Isebella,92
Reniah,92
Jeyda,92
Namira,92
Mahitha,92
Ireanna,92
Sofhia,92
Zamoria,92
Ahnesti,92
Marialuiza,92
Taleeya,92
Toniyah,92
Brindley,92
Jaylnn,92
Atzi,92
Laylia,92
Jalexa,92
Kalany,92
Kamarri,92
Janat,92
Azaiah,92
Anyela,92
Kaylany,92
Makenleigh,92
Avannah,92
Pranika,92
Insiya,92
Hatley,92
Finnlee,92
Oakland,92
Ditya,92
Kattaleia,92
Lidie,91
Pelagia,91
Jemmie,91
Lounette,91
Merriel,91
Barney,91
Fujie,91
Silveria,91
Genelda,91
Corlene,91
Noreta,91
Jerrell,91
Diannie,91
Terecia,91
Jyll,91
Shalla,91
Valynn,91
Corlette,91
Dreamer,91
Tamre,91
Annjeanette,91
Kandance,91
Renuka,91
Davanna,91
Rachella,91
Franchon,91
Shannie,91
Tabrina,91
Tajana,91
Chelisa,91
Chandy,91
Donta,91
Sukari,91
Shonice,91
Shaketha,91
Sharmeka,91
Jevon,91
Shemeca,91
Taheera,91
Melady,91
Beila,91
Deshia,91
Tenee,91
Benisha,91
Megham,91
Corrissa,91
Toneshia,91
Jamicia,91
Shadee,91
Lajoya,91
Tiffanyann,91
Saramarie,91
Ilaisaane,91
Kelse,91
Shaughnessy,91
Anays,91
Sesilia,91
Shantinique,91
Jayra,91
Safire,91
Ashaunte,91
Jesenya,91
Danissa,91
Leanza,91
Ayahna,91
Kadesia,91
Jelitza,91
Mattisen,91
Jamiria,91
Jahyra,91
Hailly,91
Ijanae,91
Sarea,91
Bassheva,91
Abbigaile,91
Annalycia,91
Dhani,91
Alizza,91
Aliegha,91
Emara,91
Jeydi,91
Iyanni,91
Maiana,91
Sincerity,91
Dezaria,91
Shanyiah,91
Aayliah,91
Nandika,91
Azaliyah,91
Caoilainn,91
Brenly,91
Kymorah,91
Addisson,91
Baelyn,91
Jasiel,91
Liannah,91
Ahnesty,91
Eisa,91
Sisira,91
Gabriellah,91
Gurbani,91
Radley,91
Addylynn,91
Brixtyn,91
Alaiia,91
Evadne,90
Rozelia,90
Signora,90
Liboria,90
Awanda,90
Burnis,90
Emojean,90
Rebbie,90
Carmaleta,90
Dorrene,90
Vasilia,90
Deannie,90
Anitta,90
Wileen,90
Lind,90
Danalee,90
Vondra,90
Sarie,90
Lorrena,90
Crystie,90
Taunja,90
Tarisa,90
Koreena,90
Stacyann,90
Nolita,90
Taron,90
Santosha,90
Shawneequa,90
Anquanette,90
Dafney,90
Tequisha,90
Lanetra,90
Neelie,90
Flower,90
Beena,90
Shatana,90
Tieisha,90
Nicha,90
Tykeshia,90
Martesha,90
Sri,90
Shastina,90
Nao,90
Jaquilla,90
Kathrynne,90
Dhyana,90
Tychelle,90
Shaneese,90
Kimbria,90
Razia,90
Talyssa,90
Afifa,90
Emon,90
Lamira,90
Naela,90
Lynnzie,90
Dianelly,90
Mykelti,90
Moncerrath,90
Kyrianna,90
Makina,90
Tyah,90
Yianna,90
Oluwaseyi,90
Shanaiya,90
Jakyria,90
Makayia,90
Chayah,90
Elonna,90
Jadelin,90
Mikaili,90
Brizza,90
Jarelly,90
Danyia,90
Asaiah,90
Rhyse,90
Seraya,90
Riko,90
Takari,90
Vinaya,90
Anavey,90
Dayzee,90
Khaniyah,90
Mireyah,90
Serine,90
Drishti,90
Loza,90
Nylan,90
Kailiana,90
Aeralyn,90
Milaina,90
Yarethzy,90
Yarethzi,90
Kaleiyah,90
Brenlyn,90
Lynniah,90
Nataliee,90
Peityn,90
Svara,90
Cash,90
Ghalia,90
Navika,90
Kaymarie,90
Elisabella,90
Shreshta,90
Makenli,90
Kinzly,90
Paysley,90
Zurii,90
Idalie,90
Athira,90
Sevynn,90
Abisai,90
Cattie,89
Alfhild,89
Ricka,89
Yula,89
Philamena,89
Cortez,89
Venola,89
Laurencia,89
Aleeta,89
Caliope,89
Bonniejean,89
Nalda,89
Marylen,89
Darwin,89
Vonne,89
Veanna,89
Sheelah,89
Jamesina,89
Cheryel,89
Carlinda,89
Pattijo,89
Ranay,89
Cristella,89
Tyrene,89
Kaarin,89
Lisel,89
Mashanda,89
Satonya,89
Danyiel,89
Latica,89
Cedra,89
Crytal,89
Takina,89
Kishana,89
Joyell,89
Myeesha,89
Kanetra,89
Kamee,89
Ferrah,89
Hue,89
Joee,89
Janeese,89
Lynesha,89
Bethan,89
Shalissa,89
Onisha,89
Jaclene,89
Kellin,89
Hiral,89
Jasmia,89
Gresia,89
Syna,89
Cristianna,89
Brion,89
Joniqua,89
Ladrea,89
Ivannia,89
Yamili,89
Briante,89
Keerstin,89
Tekeyah,89
Antonae,89
Zohal,89
Jamerica,89
Aniqa,89
Emillee,89
Aymara,89
Casidee,89
Caylor,89
Delainie,89
Chamari,89
Hawraa,89
Tijah,89
Lakeyn,89
Natajah,89
Timmia,89
Yariela,89
Kyren,89
Naydeen,89
Zalma,89
Tiyah,89
Betzaira,89
Deasiah,89
Kailly,89
Oyindamola,89
Ylianna,89
Amire,89
Hevin,89
Jazlen,89
Saliah,89
Ebelyn,89
Anyjah,89
Mahati,89
Thailyn,89
Mionna,89
Oshun,89
Talayeh,89
Anihya,89
Amariyana,89
Rorey,89
Jaidence,89
Smera,89
Jevaeh,89
Aleighna,89
Remee,89
Zarra,89
Laelyn,89
Annleigh,89
Renatha,89
Avynn,89
Calvary,89
Amiylah,89
Avenly,89
Novalei,89
Adaleena,89
Rinley,89
Achsah,88
Ersel,88
Vilda,88
Edwardine,88
Lometa,88
Wilburta,88
Sumiye,88
Esteen,88
Roseana,88
Ouita,88
Rethel,88
Antionetta,88
Tokiko,88
Verdene,88
Jeraldean,88
Baudelia,88
Cathline,88
Nesta,88
Willistine,88
Darlette,88
Sabena,88
Caffie,88
Valary,88
Gwendloyn,88
Lafawn,88
Shiron,88
Panda,88
Babbie,88
Angeletta,88
Tammala,88
Latese,88
Darsha,88
Katrinna,88
Latoi,88
Dandria,88
Wai,88
Nikitia,88
Deondrea,88
Shatona,88
Ikesha,88
Yarnell,88
Erine,88
Shondrika,88
Taneasha,88
Meoshia,88
Dao,88
Ger,88
Saphia,88
Krystyl,88
Tyrea,88
Ataya,88
Bernisha,88
Feiga,88
Diera,88
Macall,88
Laysa,88
Shatori,88
Desare,88
Cayleen,88
Dameisha,88
Ailea,88
Choyce,88
Azhia,88
Breiona,88
Mikalia,88
Shelsie,88
Lucely,88
Derrian,88
Preet,88
Mirayah,88
Keyshla,88
Malonie,88
Jashawna,88
Akasia,88
Fabiha,88
Markeria,88
Zikeria,88
Zykiria,88
Eriyonna,88
Maanasa,88
Nykayla,88
Brelee,88
Jenasia,88
Skylarr,88
Kemyra,88
Xya,88
Sinahi,88
Michiah,88
Dailah,88
Mikaiah,88
Nevena,88
Quetzally,88
Jamariyah,88
Azyriah,88
Daanya,88
Siren,88
Bellarae,88
Ilynn,88
Aybree,88
Ivylynn,88
Kinsly,88
Aryani,88
Emanii,88
Adellyn,88
Zaylei,88
Khaloni,88
Paislea,88
Ilithyia,88
Klarity,88
Lun,88
Renesmay,88
Abrish,88
Wylder,88
Carrye,87
Arthelia,87
Lener,87
Willer,87
Nessie,87
Aino,87
Dealva,87
Herta,87
Azie,87
Vadis,87
Maxyne,87
Virgilene,87
Dolora,87
Ailine,87
Virlee,87
Louana,87
Ozetta,87
Lunell,87
Lewanna,87
Cleveland,87
Danese,87
Judiann,87
Lauranne,87
Pattricia,87
Sharlon,87
Francee,87
Patirica,87
Davelyn,87
Lynnet,87
Candies,87
Kenetha,87
Jayle,87
Pami,87
Selita,87
Leimomi,87
Felesia,87
Matrice,87
Alette,87
Shawny,87
Monaca,87
Janin,87
Akiba,87
Latronda,87
Shuronda,87
Shulamit,87
Tonishia,87
Aerica,87
Sorrel,87
Eran,87
Yasheka,87
Ramandeep,87
Nicle,87
Jenina,87
Keonda,87
Latarra,87
Shalaina,87
Brendaly,87
Shanikia,87
Negin,87
Laniqua,87
Bilan,87
Darly,87
Dessire,87
Kinjal,87
Janiesha,87
Jesilyn,87
Ladavia,87
Naesha,87
Annaliesa,87
Alisea,87
Kadian,87
Yina,87
Kaytlan,87
Marishka,87
Tabor,87
Yared,87
Daje,87
Mycala,87
Naloni,87
Syvanna,87
Kaleea,87
Alexee,87
Sheridyn,87
Bianney,87
Rechy,87
Sabriah,87
Tyreanna,87
Xian,87
Jeidi,87
Mykira,87
Jamirra,87
Priyana,87
Allaya,87
Haileyann,87
Joliet,87
Brighten,87
Jennaya,87
Rhayne,87
Madysun,87
Saanya,87
Nalea,87
Escarlet,87
Kamylle,87
Lyberti,87
Rmoni,87
Giah,87
Lillyauna,87
Nalaysia,87
Josslin,87
Audianna,87
Envi,87
Hadlei,87
Lyllie,87
Mayreli,87
Jayel,87
Andilynn,87
Symphani,87
Deriona,87
Layann,87
Yazleen,87
Raidyn,87
Liylah,87
Auriah,87
Vyla,87
Aadvika,87
Ayrah,87
Divisha,87
Tilla,86
Ethie,86
Angline,86
Mineola,86
Caledonia,86
Delle,86
Selda,86
Margarit,86
Linnell,86
Arlone,86
Wm,86
Loyd,86
Estalee,86
Alsace,86
Margee,86
Alvetta,86
Doral,86
Loray,86
Deretha,86
Virjean,86
Jola,86
Joyclyn,86
Fredi,86
Sharran,86
Jeffrie,86
Diannah,86
Kyung,86
Pricella,86
Teletha,86
Breda,86
Jolynda,86
Mlissa,86
Chele,86
Briggitte,86
Ravonda,86
Arlesia,86
Chelli,86
Letonia,86
Marguetta,86
Millette,86
Shelitha,86
Heatherly,86
Chiniqua,86
Dequita,86
Latrish,86
Lesleyann,86
Lakechia,86
Mekesha,86
Morrissa,86
Shandrell,86
Wakisha,86
Lekeya,86
Chessica,86
Yicel,86
Camil,86
Casy,86
Deaunna,86
Elizabethanne,86
Reizy,86
Sheenah,86
Jamiyla,86
Kanoe,86
Nasrin,86
Raechal,86
Shadiyah,86
Karlissa,86
Latayvia,86
Corsica,86
Tamana,86
Biance,86
Elsey,86
Caitlyne,86
Iriel,86
Reyann,86
Donye,86
Dreonna,86
Ravina,86
Ixel,86
Jashay,86
Niemah,86
Ahyana,86
Carigan,86
Kaytelynn,86
Shanautica,86
Yuma,86
Mikayela,86
Millenia,86
Armonee,86
Johany,86
Tazaria,86
Dalasia,86
Suheily,86
Trinitey,86
Matisyn,86
Joydan,86
Tayva,86
Adin,86
Alajiah,86
Minaal,86
Miu,86
Raeden,86
Samaia,86
Victorious,86
Brekyn,86
Damonie,86
Loany,86
Kimbree,86
Aleshka,86
Aliveah,86
Solstice,86
Hayleen,86
Nawaal,86
Evarose,86
Amiliah,86
Aidy,86
Laiylah,86
Lilliahna,86
Aneira,86
Braileigh,86
Laveyah,86
Kanylah,86
Jaylanni,86
Rhilyn,86
Cambreigh,86
Eveleigh,86
Rateel,86
Adalynd,86
Nil,86
Floride,85
Isma,85
Ulla,85
Jadwiga,85
Toshi,85
Irving,85
Nigel,85
Vernel,85
Arine,85
Evola,85
Daurice,85
Misako,85
Glendoris,85
Stewart,85
Thelia,85
Loistine,85
Cela,85
Lindalou,85
Earlyn,85
Kayren,85
Lalonnie,85
Kathlen,85
Maureena,85
Lindora,85
Starleen,85
Wanette,85
Geraldina,85
Kimba,85
Birgitta,85
Patriece,85
Tametha,85
Ondria,85
Sangita,85
Tamico,85
Chirsty,85
Aniesa,85
Keeya,85
Lakena,85
Curry,85
Shaconda,85
Hanni,85
Shallyn,85
Talecia,85
Dai,85
Rashad,85
Quinnetta,85
Thamar,85
Shanikwa,85
Asuzena,85
Arthi,85
Qunisha,85
Nivedita,85
Tareva,85
Laurren,85
Taisia,85
Keiasha,85
Rachelanne,85
Quinteria,85
Kalsey,85
Marrah,85
Matraca,85
Orlandria,85
Janisse,85
Latajah,85
Donnae,85
Ilanna,85
Mikaelyn,85
Johnnay,85
Jahnasia,85
Kerly,85
Norely,85
Aslan,85
Garima,85
Takyia,85
Tashya,85
Ramisa,85
Maguire,85
Ryian,85
Hibo,85
Jnaya,85
Maryem,85
Tyannah,85
Tsering,85
Jorryn,85
Carleah,85
Alohilani,85
Derionna,85
Kyelle,85
Janari,85
Karstyn,85
Kayleanna,85
Javiana,85
Keyleen,85
Ahmyah,85
Itzelle,85
Deriana,85
Jaella,85
Rashiya,85
Shyleigh,85
Onesti,85
Sanaai,85
Danahi,85
Persais,85
Aluel,85
Lizania,85
Zahriah,85
Jazyah,85
Rhaelyn,85
Urijah,85
Jaleiyah,85
Aizley,85
Vylette,85
Karthika,85
Abeera,85
Prakriti,85
Jayliani,85
Ensleigh,85
Loyalti,85
Preslynn,85
Hanvika,85
Imona,85
Luvada,84
Zylpha,84
Decie,84
Ophie,84
Idamay,84
Ercelle,84
Toini,84
Marciel,84
Verley,84
Shizuye,84
Cleopha,84
Crucita,84
Emmabelle,84
Unita,84
Jaunice,84
Henrine,84
Caroleann,84
Mariene,84
Merikay,84
Twinkle,84
Vernecia,84
Jeanise,84
Meline,84
Vonya,84
Alece,84
Jamelyn,84
Marisal,84
Letina,84
Lalitha,84
Latorsha,84
Carynn,84
Jandy,84
Taurus,84
Tametra,84
Tawsha,84
Lashawnta,84
Lakitha,84
Lashica,84
Sheketa,84
Srah,84
Shantera,84
Trinisha,84
Deauna,84
Demecia,84
Kenishia,84
Rie,84
Kashena,84
Shareeka,84
Asal,84
Seng,84
Amberli,84
Yamilka,84
Jesyca,84
Caitlain,84
Marnesha,84
Dashea,84
Jakerra,84
Marquelle,84
Quadasia,84
Tashaya,84
Shaunie,84
Jourden,84
Tyquasia,84
Bradee,84
Daylan,84
Jashae,84
Agape,84
Ericah,84
Josceline,84
Fahmida,84
Delenn,84
Francely,84
Kiaraliz,84
Mckaylie,84
Alaze,84
Zarea,84
Ashauna,84
Nerea,84
Kambrea,84
Ziare,84
Keeghan,84
Yekaterina,84
Felecity,84
Rickiya,84
Genavive,84
Angeni,84
Janaa,84
Kelyse,84
Lovelee,84
Yuleidy,84
Hennesy,84
Irem,84
Marajade,84
Xzaria,84
Maymunah,84
Ryin,84
Maicey,84
Jashiya,84
Jnyah,84
Azarya,84
Zamariya,84
Eyonna,84
Rayssa,84
Ariyannah,84
Japleen,84
Cale,84
Keyonni,84
Caasi,84
Adisynn,84
Avilyn,84
Shritha,84
Lilyannah,84
Sophiana,84
Elira,84
Annaleia,84
Kataleena,84
Rylynne,84
Esmie,84
Bethenny,84
Vaya,84
Millani,84
Raiyah,84
Daniyla,84
Azaylah,84
Cataleia,84
Royaltee,84
Espen,84
Kartier,84
Cennet,84
Tinie,83
Eara,83
Lamoine,83
Gennett,83
Ulah,83
Kaoru,83
Ruthetta,83
Liberta,83
Clydell,83
Consuello,83
Aleathea,83
Marchetta,83
Terril,83
Melitta,83
Delesia,83
Kimmerly,83
Leean,83
Malkie,83
Wynee,83
Selisa,83
Anginette,83
Atonya,83
Lasharn,83
Filicia,83
Adonis,83
Marykathleen,83
Shironda,83
Militza,83
Charnese,83
Rodolfo,83
Chenel,83
Ricketta,83
Markesia,83
Delesha,83
Seville,83
Krishauna,83
Maxx,83
Jermika,83
Pretty,83
Arryn,83
Charnee,83
Donneisha,83
Laporshia,83
Darshay,83
Cedricka,83
Dennys,83
Deiondra,83
Anaily,83
Rikayla,83
Aisia,83
Tattianna,83
Indonesia,83
Drake,83
Abbrielle,83
Kameren,83
Kinnedy,83
Kealie,83
Demri,83
Juelle,83
Kytzia,83
Anuoluwapo,83
Janashia,83
Tavionna,83
Nesiah,83
Ayjah,83
Jaedan,83
Braidyn,83
Serin,83
Akaiya,83
Talayla,83
Zykeriah,83
Iolani,83
Nashiya,83
Rayli,83
Zhaniya,83
Chaselynn,83
Jakhiya,83
Yue,83
Nevea,83
Neima,83
Caedyn,83
Shambhavi,83
Lexany,83
Lillyian,83
Rukaya,83
Silvanna,83
Iliani,83
Maeryn,83
Prapti,83
Sadeel,83
Zoiey,83
Naleyah,83
Saory,83
Elliyana,83
Audyn,83
Dhrithi,83
Levaeh,83
Nahlani,83
Anahlia,83
Aveleen,83
Zurielle,83
Rigby,83
Brinlynn,83
Yazhini,83
Harbour,83
Aanaya,83
Winslet,83
Brave,83
Kalahni,83
Wrenleigh,83
Georgeana,82
Hula,82
Ersilia,82
Ruberta,82
Eulogia,82
Vandora,82
Elwyn,82
Ralphine,82
Ladine,82
Vivion,82
Lamae,82
Margarine,82
Doloros,82
Anahid,82
Jacqualin,82
Jonne,82
Katharin,82
Cabrini,82
Donnalyn,82
Renai,82
Devery,82
Tammela,82
Tenya,82
Lety,82
Kadra,82
Falisa,82
Alechia,82
Anjenette,82
Telly,82
Tawonda,82
Tawonna,82
Nakeitha,82
Alithea,82
Koya,82
Tiondra,82
Willona,82
Rekita,82
Anicka,82
Chemeka,82
Penda,82
Chaunta,82
Laneice,82
Keashia,82
Salisha,82
Moani,82
Shekela,82
Siobahn,82
Haleemah,82
Jaana,82
Shakeda,82
Darlisha,82
Kindsey,82
Kortny,82
Staisha,82
Aracelys,82
Britteney,82
Sharnese,82
Tauri,82
Ayerim,82
Jasmain,82
Tyreshia,82
Asami,82
Desarea,82
Courtany,82
Kariss,82
Nash,82
Skila,82
Tymira,82
Deniss,82
Harjot,82
Maritssa,82
Shayona,82
Marithza,82
Alanta,82
Mackenze,82
Mikahla,82
Deiona,82
Essense,82
Adaijah,82
Asna,82
Calianne,82
Delancey,82
Ece,82
Deyra,82
Caterra,82
Tamaiya,82
Kirrah,82
Tesslyn,82
Abbegale,82
Khamia,82
Jadasia,82
Tatelyn,82
Asianae,82
Chayil,82
Roselynne,82
Zekiah,82
Desani,82
Aniyia,82
Avisha,82
Giannamarie,82
Hooria,82
Nahdia,82
Yalani,82
Aidaly,82
Antaniya,82
Mykhia,82
Anushri,82
Salah,82
Haani,82
Keelynn,82
Caroleena,82
Yaris,82
Nyimah,82
Davinity,82
Zakariah,82
Leilynn,82
Keltie,82
Rocsi,82
Liviah,82
Ephrata,82
Marybella,82
Zriyah,82
Damyla,82
Maleiya,82
Enyla,82
Jerriyah,82
Success,82
Jazari,82
Yanilen,82
Brantleigh,82
Veeksha,82
Oswin,82
Alphonsine,81
Leler,81
Hilja,81
Pietrina,81
Yoshi,81
Bedelia,81
Arthea,81
Stashia,81
Salvatore,81
Annitta,81
Janete,81
Glendale,81
Terrel,81
Jackqulyn,81
Mry,81
Renny,81
Gaylin,81
Trinka,81
Marria,81
Jolonda,81
Eurika,81
Krisy,81
Neshia,81
Lalania,81
Reesha,81
Malgorzata,81
Alisan,81
Tanetta,81
Vonnetta,81
Janille,81
Rabiah,81
Etienne,81
Yoshika,81
Fatime,81
Chenika,81
Dessirae,81
Amandalynn,81
Princes,81
Courtne,81
Chrishawna,81
Ashima,81
Kavina,81
Cheetara,81
Keishawna,81
Luvia,81
Shreena,81
Jasmane,81
Mykeisha,81
Chanteria,81
Navpreet,81
Caili,81
Keiaira,81
Kalifa,81
Alek,81
Alaney,81
Batul,81
Aspin,81
Kajah,81
Ciarrah,81
Zauria,81
Akyia,81
Jenascia,81
Nautia,81
Alisi,81
Adisson,81
Nadelyn,81
Kaveri,81
Aydia,81
Cielle,81
Mane,81
Oluwadara,81
Armya,81
Jalaysha,81
Younique,81
Ellenie,81
Angelize,81
Lilana,81
Sacred,81
Avryl,81
Rhyli,81
Geraldy,81
Jaislyn,81
Joliana,81
Lylliana,81
Ellawyn,81
Kameah,81
Maytte,81
Zahniya,81
Calyse,81
Nolani,81
Talullah,81
Britzy,81
Yaslene,81
Ciella,81
Aaryah,81
Audreena,81
Elianie,81
Leanah,81
Brynlyn,81
Zaylyn,81
Henli,81
Wateen,81
Nymeria,81
Spruha,81
Kaisleigh,81
Murphie,81
Ruey,80
Walburga,80
Estle,80
Syd,80
Teofila,80
Evergreen,80
Pansey,80
Halcyon,80
Haruye,80
Verble,80
Fama,80
Velera,80
Vincentina,80
Emalene,80
Celsa,80
Lulubelle,80
Dorella,80
Madiline,80
Victoire,80
Gerre,80
Gavina,80
Merilynn,80
Saranne,80
Charlen,80
Lorae,80
Sharlyne,80
Michelyn,80
Jenness,80
Laurian,80
Phyllistine,80
Chanetta,80
Chrisanna,80
Olanda,80
Tamorah,80
Geniene,80
Carlo,80
Latanza,80
Ranata,80
Corvette,80
Jossette,80
Stephinie,80
Chea,80
Ratasha,80
Ginnifer,80
Clarivel,80
Monick,80
Lasundra,80
Cecely,80
Lasheba,80
Abimbola,80
Neyra,80
Danial,80
Gicela,80
Ercia,80
Shaneta,80
Donnika,80
Memori,80
Markeesha,80
Kynisha,80
Lamekia,80
Sharnelle,80
Irisha,80
Lesleyanne,80
Melysa,80
Siboney,80
Dashanna,80
Nahal,80
Tanaia,80
Sopheap,80
Cacie,80
Tanayia,80
Suly,80
Dominiqua,80
Karnisha,80
Aerika,80
Jem,80
Corneshia,80
Elaura,80
Garielle,80
Destony,80
Makella,80
Aminat,80
Tenasia,80
Taylr,80
Shykeria,80
Chardonay,80
Kaytelyn,80
Deissy,80
Tiaunna,80
Tahlor,80
Xzandria,80
Ravynn,80
Rilea,80
Amalea,80
Skyra,80
Rumor,80
Edona,80
Sowmya,80
Vaniah,80
Malon,80
Nykerria,80
Omnia,80
Adilen,80
Chinaza,80
Naydeline,80
Tyreonna,80
Amoy,80
Ceonna,80
Nemiah,80
Livana,80
Linah,80
Alyha,80
Makaria,80
Aveen,80
Jeslie,80
Manasvini,80
Joliyah,80
Kaydon,80
Oliviya,80
Promiss,80
Amiree,80
Hadlea,80
Cadience,80
Mihaela,80
Caleyah,80
Maecyn,80
Nyilah,80
Kayan,80
Kiylah,80
Ryka,80
Heela,80
Evalyse,80
Yumalay,80
Dayanis,80
Oktober,80
Laylana,80
Zoriyah,80
Annisten,80
Milianna,80
Zurri,80
Realynn,80
Oluwasemilore,80
Lovelynn,80
Liyu,80
Calirose,80
Emerlee,80
Dalida,80
Ahsoka,80
Kingsleigh,80
Iowa,79
Exilda,79
Henretter,79
Dealie,79
Gordie,79
Leontina,79
Modelle,79
Coline,79
Clotine,79
Newell,79
Lolamae,79
Geroldine,79
Eliese,79
Nerine,79
Michelena,79
Audray,79
Ellese,79
Elloree,79
Ludene,79
Katheline,79
Onetha,79
Reinette,79
Deloros,79
Gwendolin,79
Joanann,79
Thayer,79
Saretta,79
Holliday,79
Lindaann,79
Dinia,79
Vickee,79
Sander,79
Haunani,79
Cherylanne,79
Ginia,79
Rockie,79
Mirenda,79
Deania,79
Charrisse,79
Tuana,79
Cinzia,79
Latana,79
Prestina,79
Leisl,79
Ichelle,79
Kista,79
Tanise,79
Tongela,79
Bayyinah,79
Lalanya,79
Pallas,79
Relena,79
Dustee,79
Jeannifer,79
Lukisha,79
Tyresa,79
Trinika,79
Natasa,79
Lastacia,79
Tritia,79
Shalece,79
Shanena,79
Ajeenah,79
Tarea,79
Libertie,79
Kashauna,79
Lakara,79
Shantoya,79
Kanoelani,79
Chemere,79
Shamanda,79
Romesha,79
Naamah,79
Wei,79
Lynzy,79
Mahoganie,79
Markea,79
Krysteena,79
Brytani,79
Daneya,79
Jashley,79
Kelissa,79
Arrion,79
Kryslyn,79
Teliah,79
Mayia,79
Ladashia,79
Marriana,79
Reiana,79
Seleny,79
Asyia,79
Malaney,79
Zareena,79
Tayloranne,79
Tityana,79
Zeyna,79
Zhania,79
Kasidi,79
Brookelin,79
Shamariah,79
Trystyn,79
Humna,79
Psalms,79
Teriah,79
Ashelynn,79
Kiriana,79
Micaylah,79
Jacaria,79
Kilea,79
Myha,79
Ryonna,79
Kayleann,79
Kassiah,79
Miani,79
Analeese,79
Kinlie,79
Adileny,79
Niamya,79
Nielle,79
Maurianna,79
Jarelyn,79
Jiali,79
Yailen,79
Aalina,79
Narya,79
Syrianna,79
Aneyah,79
Annibelle,79
Meeah,79
Ailanie,79
Heyli,79
Umaima,79
Jaemarie,79
Jaryiah,79
Zeriyah,79
Cabela,79
Kota,79
Zephyra,79
Prezley,79
Ruah,79
Dreyah,79
Cataleah,79
Adylynn,79
Daleisa,79
Copelynn,79
Serana,79
Dailany,79
Quinnie,78
Pansie,78
Hurley,78
Alzora,78
Ernestyne,78
Anamae,78
Martena,78
Varie,78
Margerite,78
Maryagnes,78
Redith,78
Kumiko,78
Betta,78
Gearlene,78
Gayanne,78
Donnarae,78
Joeline,78
Gwendlyon,78
Debbera,78
Ceri,78
Cylinda,78
Delynda,78
Treacy,78
Venisa,78
Kimbrely,78
Latise,78
Sheleen,78
Eulonda,78
Delanda,78
Eurydice,78
Lashawne,78
Rolando,78
Swan,78
Marshawn,78
Senetra,78
Reshanda,78
Tawona,78
Eriko,78
Jennea,78
Kashawn,78
Dametra,78
Nakoma,78
Tavon,78
Genesia,78
Jarrett,78
Tranise,78
Daaiyah,78
Lashaunta,78
Keyuana,78
Lateya,78
Sheneika,78
Yun,78
Jamieson,78
Keshanna,78
Tishawna,78
Sae,78
Josy,78
Naphtali,78
Tierria,78
Stanisha,78
Tasharra,78
Trenton,78
Quantavia,78
Tashari,78
Mallerie,78
Shataria,78
Jonet,78
Shaquel,78
Diasha,78
Raesha,78
Shaquasha,78
Travonna,78
Asheton,78
Heleena,78
Doniqua,78
Jhordan,78
Tkeya,78
Yvana,78
Torianne,78
Kawehi,78
Malibu,78
Takaya,78
Ashni,78
Joselinne,78
Lakoda,78
Jhada,78
Anea,78
Tahjanae,78
Aanyah,78
Azelyn,78
Anieya,78
Angeleigh,78
Anyra,78
Yatzary,78
Layza,78
Anjeli,78
Davan,78
Kialee,78
Tnya,78
Amary,78
Mariell,78
Xiadani,78
Azelea,78
Bemnet,78
Patton,78
Zakaiya,78
Omya,78
Emika,78
Arieliz,78
Kimiah,78
Amorina,78
Oriya,78
Ashritha,78
Deziya,78
Edelin,78
Camani,78
Kamorie,78
Maeby,78
Arayla,78
Inika,78
Kyari,78
Baylyn,78
Milliani,78
Aubriegh,78
Laylamarie,78
Charliegh,78
Kynzli,78
Adalea,78
Zonnique,78
Haidynn,78
Anberlyn,78
Fynn,78
Nazari,78
Elaia,78
Paisely,78
Leeani,78
Aero,78
Leddy,78
Ryatt,78
Banks,78
Lummie,77
Emer,77
Zonie,77
Vora,77
Bedie,77
Obelia,77
Dorothymae,77
Robertta,77
Laurella,77
Wylodean,77
Nylene,77
Rejina,77
Aljean,77
Merrillyn,77
Shelma,77
Norleen,77
Grenda,77
Launi,77
Sandia,77
Holle,77
Velecia,77
Kimmberly,77
Jolana,77
Treina,77
Kandas,77
Nidya,77
Kebra,77
Chrystel,77
Kresha,77
Dejon,77
Ngina,77
Shonique,77
Carmisha,77
Eleasha,77
Yesennia,77
Etosha,77
Arnecia,77
Dareth,77
Nekeya,77
Romeka,77
Shaneca,77
Crystelle,77
Laquilla,77
Sameena,77
Shekera,77
Coutney,77
Elizet,77
Linsi,77
Sanela,77
Tashala,77
Edita,77
Natasja,77
Shandricka,77
Indea,77
Amandamarie,77
Jamaris,77
Baneza,77
Kalecia,77
Stoney,77
Jaydeen,77
Larken,77
Jimesha,77
Talyia,77
Curstin,77
Dasja,77
Manmeet,77
Mahrukh,77
Gissella,77
Jocilynn,77
Thiana,77
Nekayla,77
Odaly,77
Shanaia,77
Yannely,77
Adajah,77
Hedaya,77
Yenni,77
Amry,77
Ambri,77
Ciclaly,77
Zykera,77
Maecie,77
Jamaiyah,77
Riannah,77
Bralee,77
Marzia,77
Neliah,77
Yexalen,77
Dayli,77
Hallel,77
Dhruti,77
Anyely,77
Brylan,77
Evalisse,77
Nyaire,77
Zaydah,77
Zahriyah,77
Lucee,77
Zerah,77
Zorie,77
Alieah,77
Temperence,77
Ghina,77
Jakaylee,77
Phinley,77
Azaelia,77
Ciin,77
Aisla,77
Lynix,77
Reynolds,77
Hidayah,77
Markan,77
Cove,77
Ledia,76
Elfa,76
Albirtha,76
Estha,76
Giovannina,76
Lygia,76
Larine,76
Louiza,76
Wiletta,76
Marleta,76
Deaun,76
Glennice,76
Louan,76
Marylan,76
Geniece,76
Bonnee,76
Sarajean,76
Cherye,76
Suezette,76
Donnamaria,76
Keron,76
Aseneth,76
Raenette,76
Valleri,76
Sussan,76
Dinita,76
Dondrea,76
Jodilyn,76
Sundai,76
Selicia,76
Kerrilynn,76
Miosotis,76
Shunna,76
Alpa,76
Jeronda,76
Kery,76
Kijuana,76
Shellyann,76
Nashonda,76
Tanisa,76
Nilam,76
Tomeshia,76
Camika,76
Olukemi,76
Chudney,76
Jonise,76
Sheika,76
Keishana,76
Breezie,76
Chamara,76
Niti,76
Arnetia,76
Chrissi,76
Sheniece,76
Nakeyia,76
Chakara,76
Angalena,76
Nalee,76
Sunset,76
Chalsey,76
Prescious,76
Kaeleen,76
Lissy,76
Ambermarie,76
Peony,76
Shanterica,76
Fallynn,76
Keora,76
Tranice,76
Fedra,76
Laurenashley,76
Cashae,76
Elian,76
Sayre,76
Tyreisha,76
Albana,76
Annalaura,76
Lynasia,76
Nashalie,76
Danielly,76
Jordie,76
Kadajah,76
Yanelie,76
Hannalee,76
Dayzha,76
Ladajah,76
Kassadee,76
Tesneem,76
Analys,76
Siriah,76
Syona,76
Tameyah,76
Jemini,76
Deztinee,76
Najiyah,76
Carianna,76
Mairen,76
Emelee,76
Haadiya,76
Kennis,76
Jyrah,76
Hiilei,76
Salsabeel,76
Rilei,76
Sonakshi,76
Masiya,76
Steele,76
Reha,76
Athyna,76
Jenavi,76
Zameria,76
Tayen,76
Lillyn,76
Kaslyn,76
Quetzal,76
Thessaly,76
Jaylissa,76
Sihaam,76
Xola,76
Bently,76
Traeh,76
Kielyn,76
Lulani,76
Xariyah,76
Tyrihanna,76
Jaidalyn,76
Leilanee,76
Ishitha,76
Brinlyn,76
Afsa,76
Torunn,76
Daisymae,76
Rosealyn,76
Lucillia,76
Nhyira,76
Enslie,76
Kendrix,76
Kharter,76
Ahmina,76
Yasna,76
Luzma,76
Bronx,76
Kova,76
Ednah,75
Alzena,75
Delorus,75
Neville,75
Belmira,75
Othell,75
Irvin,75
Arnett,75
Lamoyne,75
Orian,75
Willadeen,75
Nelline,75
Josephyne,75
Meris,75
Sarann,75
Marua,75
Cherre,75
Patricie,75
Donnalynn,75
Lujuana,75
Antinette,75
Brunella,75
Darnette,75
Tiena,75
Juley,75
Krysia,75
Undra,75
Kele,75
Jamell,75
Marquesa,75
Tiea,75
Dechelle,75
Christinna,75
Lanisa,75
Jeannelle,75
Tomeeka,75
Soma,75
Chanette,75
Lashawnna,75
Mareesa,75
Demica,75
Brock,75
Labrisha,75
Andrika,75
Nakema,75
Licet,75
Fadia,75
Zakkiyya,75
Tranika,75
Pegah,75
Mersedes,75
Shaia,75
Yalda,75
Jomayra,75
Somaly,75
Shatiqua,75
Dioselina,75
Rodneshia,75
Salihah,75
Davielle,75
Shanicqua,75
Dyneshia,75
Alyssha,75
Jenisse,75
Yasmene,75
Tajha,75
Roshini,75
Takirah,75
Chaelyn,75
Katlen,75
Azha,75
Corayma,75
Camylle,75
Cortasia,75
Dejai,75
Ivi,75
Alexismarie,75
Dajiah,75
Asherah,75
Iyauna,75
Makayela,75
Haelie,75
Sukhman,75
Sukanya,75
Akire,75
Aalaiyah,75
Mckaylin,75
Cieanna,75
Zianne,75
Nashanti,75
Leydy,75
Sion,75
Nalany,75
Malayzia,75
Syana,75
Najmo,75
Azzure,75
Khadijatou,75
Gethsemane,75
Dyanara,75
Myani,75
Oniyah,75
Jenavive,75
Serai,75
Oliveah,75
Payeton,75
Sarinah,75
Yarisbel,75
Treniyah,75
Lyrika,75
Lauralye,75
Jameyah,75
Mariabella,75
Jaydalee,75
Ahonesty,75
Maileen,75
Mielle,75
Yilin,75
Avaley,75
Sahari,75
Emmilynn,75
Jazae,75
Tinzlee,75
Leilanii,75
Aevah,75
Khalina,75
Khilynn,75
Veralynn,75
Hadlyn,75
Kacelynn,75
Smaya,75
Kahleesi,75
Kaylahni,75
Rarity,75
Pranshi,75
Quinnlee,75
Anova,75
Jasibe,75
Kaior,75
Nihan,75
Vollie,74
Ethelwyn,74
Revella,74
Estoria,74
Clatie,74
Liddy,74
Ezelle,74
Lilias,74
Vetra,74
Elveria,74
Eulalah,74
Madgeline,74
Lile,74
Taeko,74
Lupie,74
Clydean,74
Delcenia,74
Verdean,74
Jeweldean,74
Elpidia,74
Arlayne,74
Garrie,74
Mairlyn,74
Lerae,74
Frayda,74
Lajuanna,74
Marieelena,74
Sherrine,74
Devetta,74
Randalyn,74
Jamae,74
Marshal,74
Pierre,74
Jalayne,74
Timarie,74
Tangia,74
Tessi,74
Merrit,74
Deneene,74
Dafna,74
Malessa,74
Guillermo,74
Lalaine,74
Imberly,74
Sheretha,74
Toia,74
Kischa,74
Kambra,74
Torii,74
Catrinia,74
Ayo,74
Micca,74
Reshunda,74
Cicley,74
Rache,74
Tenessa,74
Lashena,74
Jalon,74
Jameica,74
Shemicka,74
Tareka,74
Latorie,74
Telsa,74
Chiante,74
Koby,74
Reneshia,74
Elyshia,74
Crystallee,74
Saul,74
Ramesha,74
Shiara,74
Chanique,74
Farran,74
Shacarra,74
Starkeisha,74
Tienna,74
Wanisha,74
Alixis,74
Valbona,74
Amberia,74
Laporchia,74
Krystalle,74
Chamille,74
Francessca,74
Jelisha,74
Ketara,74
Datra,74
Ronneisha,74
Breionna,74
Tyshauna,74
Kylena,74
Jontavia,74
Tateanna,74
Deaisa,74
Mckenze,74
Cassidey,74
Rajvi,74
Anayansi,74
Azjah,74
Jendaya,74
Madeeha,74
Alayzha,74
Masen,74
Adriahna,74
Naiomy,74
Adeli,74
Ayleah,74
Antanasia,74
Autym,74
Jonaya,74
Tallyn,74
Anadia,74
Ziaire,74
Sissi,74
Aryahna,74
Ashiah,74
Genasis,74
Adiyah,74
Davyn,74
Keyanni,74
Amaani,74
Omaya,74
Vennela,74
Johara,74
Zynasia,74
Alawna,74
Matayah,74
Jezebelle,74
Layli,74
Oluwateniola,74
Kaydense,74
Jeyli,74
Naraya,74
Graylin,74
Jaylise,74
Yeila,74
Liliauna,74
Nataleah,74
Nilaya,74
Bryla,74
Jamora,74
Jayleana,74
Heloisa,74
Alianis,74
Iyanuoluwa,74
Azaela,74
Briellah,74
Kayliani,74
Amelianna,74
Avaiya,74
Caylani,74
Zaileigh,74
Zynique,74
Mahrosh,74
Emslee,74
Anaveah,74
Arlington,74
Jersei,74
Tamzin,74
Peregrine,74
Remii,74
Mubina,74
Quinnly,74
Meilany,74
Yilia,74
Legacee,74
Adeya,74
Pleasant,73
Edia,73
Anniebelle,73
Allien,73
Vivie,73
Valia,73
Esterlene,73
Norabelle,73
Maudene,73
Vaudine,73
Elzabeth,73
Murlean,73
Azel,73
Redell,73
Ermagene,73
Roen,73
Donnah,73
Sharian,73
Joanell,73
Sharonann,73
Thersia,73
Josiane,73
Frederika,73
Patric,73
Marchel,73
Tewana,73
Perian,73
Lorieann,73
Sary,73
Celese,73
Lucresha,73
Sheranda,73
Catricia,73
Davinia,73
Amorita,73
Mariacristina,73
Akima,73
Jemeka,73
Evelisse,73
Marites,73
Chalese,73
Chemika,73
Jamar,73
Leinaala,73
Teneil,73
Kemesha,73
Rebekha,73
Ismael,73
Artia,73
Nakeita,73
Shanele,73
Nguyet,73
Larin,73
Sparkles,73
Fiana,73
Blanka,73
Katiejo,73
Taiana,73
Ting,73
Doninique,73
Chetara,73
Marieclaire,73
Miche,73
Nikaela,73
Desarai,73
Prerna,73
Kagan,73
Kierria,73
Chrishauna,73
Deshanae,73
Gianne,73
Liridona,73
Franshesca,73
Ambriana,73
Hollin,73
Evgenia,73
Kelseigh,73
Deira,73
Korayma,73
Sylvan,73
Asjia,73
Yanice,73
Reyanne,73
Alysabeth,73
Dymin,73
Destinae,73
Nanako,73
Mikinzie,73
Adlai,73
Nakaila,73
Garyn,73
Abbegayle,73
Nirel,73
Sahvannah,73
Saidi,73
Jissell,73
Aianna,73
Janaisa,73
Jakalyn,73
Denijah,73
Tmya,73
Natahlia,73
Nykiah,73
Hendel,73
Jazia,73
Heylee,73
Sahory,73
Alonie,73
Yeraldy,73
Kinaya,73
Talajah,73
Jeliyah,73
Kelaya,73
Kazaria,73
Karyss,73
Neeya,73
Seniah,73
Marai,73
Natalin,73
Syniyah,73
Leauna,73
Mariany,73
Myalee,73
Jaliana,73
Zarae,73
Sweden,73
Leilyn,73
Aedyn,73
Javiah,73
Rein,73
Twisha,73
Evangelynn,73
Stone,73
Surai,73
Amaliah,73
Hazen,73
Amilea,73
Rozelyn,73
Addilyne,73
Anahli,73
Mishti,73
Raihana,73
Paelyn,73
Naleigha,73
Javaya,73
Ellajane,73
Laylarose,73
Paizlie,73
Sui,73
Avanthika,73
Atticus,73
Elliemay,73
Ashvika,73
Jru,73
Zeplyn,73
Blandina,72
Offie,72
Alvah,72
Rafaelita,72
Phil,72
Flois,72
Winnell,72
Evadene,72
Zenora,72
Cornella,72
Armie,72
Murna,72
Fumiye,72
Vernida,72
Jeaneane,72
Rosmarie,72
Romanita,72
Carreen,72
Llana,72
Sherol,72
Cheral,72
Shiryl,72
Hye,72
Cassandria,72
Cyndra,72
Altheia,72
Tersea,72
Sherylann,72
Eloina,72
Tonnya,72
Lamonda,72
Deanda,72
Renu,72
Anjannette,72
Missey,72
Trenese,72
Denissa,72
Ranessa,72
Luv,72
Shonica,72
Amonda,72
Javana,72
Ameisha,72
Dianara,72
Ricca,72
Talene,72
Mistey,72
Chelan,72
Shalen,72
Esparanza,72
Chey,72
Malesha,72
Jwan,72
Annesha,72
Camay,72
Krishawna,72
Neeti,72
Shahira,72
Shavy,72
Faatima,72
Shaquoia,72
Deeandra,72
Sadae,72
Weston,72
Brittnae,72
Daneesha,72
Destane,72
Yeshia,72
Jaqulyn,72
Kaylyne,72
Shaylynne,72
Keayra,72
Haruna,72
Cesiah,72
Jatasia,72
Annarae,72
Kaelene,72
Daney,72
Aanchal,72
Shye,72
Maisen,72
Keaja,72
Sahian,72
Caragh,72
Hatice,72
Yailine,72
Cyani,72
Jordyan,72
Jya,72
Skilyn,72
Jhania,72
Anezka,72
Merelin,72
Amariss,72
Azka,72
Capriana,72
Danaija,72
Momo,72
Taniaya,72
Araia,72
Ubah,72
Lysha,72
Tkai,72
Lakhia,72
Satine,72
Malyia,72
Onnika,72
Alysiah,72
Jozlin,72
Laurelai,72
Naomee,72
Elliah,72
Mikhia,72
Saadiya,72
Kordelia,72
Boluwatife,72
Kaidan,72
Makani,72
Toluwanimi,72
Jaslen,72
Achol,72
Edom,72
Aritzel,72
Ifra,72
Sunniva,72
Saylee,72
Ohemaa,72
Varenya,72
Ceylin,72
Jalaiah,72
Meeyah,72
Theory,72
Zeah,72
Yalina,72
Adelayde,72
Ahmoni,72
Ameirah,72
Amiley,72
Priyah,72
Dalyah,72
Kohen,72
Burkley,72
Romani,72
Rosaleah,72
Korrah,72
Hser,72
Crosley,72
Fynleigh,72
Rosebella,72
Malala,72
Taraoluwa,72
Adhvika,72
Enzlee,72
Arha,72
Fiadh,72
Nettye,71
Palmyra,71
Thurza,71
Annielee,71
Geneviene,71
Consetta,71
Cleatus,71
Fusaye,71
Vinette,71
Madalaine,71
Azelle,71
Clotiel,71
Geraldyn,71
Santiaga,71
Bettejane,71
Shirleymae,71
Marthann,71
Delano,71
Jeneal,71
Garlene,71
Charlann,71
Clydette,71
Derita,71
Marcianne,71
Robinn,71
Twilia,71
Ingra,71
Lycia,71
Calinda,71
Daveda,71
Tonilynn,71
Rondia,71
Morticia,71
Sharlisa,71
Seva,71
Denesia,71
Chiquetta,71
Enrika,71
Latisia,71
Taiwan,71
Marshe,71
Lakeena,71
Dellanira,71
Okema,71
Staceyann,71
Fawne,71
Maiko,71
Marranda,71
Shareta,71
Azizi,71
Apryll,71
Chantrice,71
Tiffnay,71
Tequlia,71
Ashantia,71
Dacy,71
Laurabeth,71
Shacola,71
Chinara,71
Kenneshia,71
Tiane,71
Chalyn,71
Tacoya,71
Bianco,71
Jacqualynn,71
Tymeshia,71
Lam,71
Shaunae,71
Shonteria,71
Nikoleta,71
Antonea,71
Savahanna,71
Myleka,71
Jelesa,71
Allex,71
Kalianne,71
Shatasia,71
Tashai,71
Quintavia,71
Miryah,71
Joslyne,71
Shomari,71
Anhelica,71
Jaquasha,71
Treyana,71
Elexius,71
Gabriellia,71
Walaa,71
Ashmi,71
Bailley,71
Loriah,71
Yazmen,71
Mirca,71
Akaila,71
Janautica,71
Sheniah,71
Akirra,71
Teuila,71
Cailan,71
Mishaal,71
Dhamar,71
Saragrace,71
Jerusalen,71
Iceis,71
Vlada,71
Ryllie,71
Asly,71
Acire,71
Manhattan,71
Prarthana,71
Macaiah,71
Dazani,71
Tyniya,71
Annely,71
Tayley,71
Mulki,71
Javionna,71
Miamarie,71
Treniya,71
Ashrita,71
Danaria,71
Fenna,71
Kloi,71
Kaena,71
Aalivia,71
Toluwani,71
Ayen,71
Samariyah,71
Aowyn,71
Paytience,71
Uliana,71
Zeni,71
Kihanna,71
Zeldy,71
Camauri,71
Kairie,71
Ameilya,71
Haydon,71
Mayella,71
Mckynzi,71
Hemi,71
Lucyanna,71
Pharah,71
Tashvi,71
Zyionna,71
Adrijana,71
Devlynn,71
Rediet,71
Ezariah,71
Alaiyna,71
Kailanie,71
Layaan,71
Hailo,71
Esmi,71
Makinleigh,71
Xylie,71
Mckynleigh,71
Analeyah,71
Lochlan,71
Ainoha,71
Anis,70
Alvaretta,70
Ethal,70
Willella,70
Rhodia,70
Cloa,70
Thurley,70
Blondina,70
Hannie,70
Vearl,70
Rolena,70
Vauda,70
Iverna,70
Lorma,70
Arnola,70
Elgene,70
Carnella,70
Fayola,70
Phyillis,70
Willowdean,70
Loana,70
Revel,70
Caral,70
Retia,70
Sandara,70
Jadene,70
Curtistine,70
Carlethia,70
Moni,70
Marirose,70
Piera,70
Dwayna,70
Kimberlye,70
Zonya,70
Mechel,70
Fawnda,70
Ron,70
Cia,70
Esa,70
Tanyika,70
Aprel,70
Darshana,70
Shawntrice,70
Tyshell,70
Jeremie,70
Grisela,70
Dekisha,70
Kamica,70
Chalet,70
Kizzi,70
Brei,70
Shariece,70
Quenesha,70
Marlicia,70
Desirai,70
Dajon,70
Chellsie,70
Shabreka,70
Tache,70
Laquashia,70
Yazmina,70
Jaquia,70
Shauniece,70
Chaunice,70
Chrystian,70
Lindsea,70
Lizvette,70
Saquoia,70
Dyneisha,70
Angelissa,70
Assia,70
Jalan,70
Nayab,70
Jabree,70
Nysia,70
Khaira,70
Dejae,70
Wen,70
Dannya,70
Nyazia,70
Kennedey,70
Simranjit,70
Asyria,70
Wafaa,70
Keviana,70
Alizandra,70
Abbygael,70
Santiana,70
Makailee,70
Danija,70
Glendi,70
Kaysa,70
Keliana,70
Mackinzee,70
Makailey,70
Dnya,70
Lujane,70
Aseret,70
Enyah,70
Jimya,70
Sontee,70
Malli,70
Liley,70
Meliha,70
Ahliya,70
Avin,70
Semiah,70
Mialee,70
Jozalynn,70
Iniyah,70
Saila,70
Znya,70
Ailia,70
Lailie,70
Nefeli,70
Sirinity,70
Cynai,70
Luccia,70
Samarrah,70
Liadan,70
Amelina,70
Lamija,70
Novaly,70
Ranyia,70
Khamil,70
Amyracle,70
Dilana,70
Reminisce,70
Yurianna,70
Dayanni,70
Zoeya,70
Airess,70
Tifa,70
Milley,70
Aidynn,70
Ellani,70
Niley,70
Aileana,70
Onora,70
Harshika,70
Makynlie,70
Jakenzie,70
Khassidy,70
Danielys,70
Fatimazahra,70
Kaashvi,70
Deylani,70
Hartlynn,70
Adalinn,70
Evlynn,70
Zadaya,70
Viya,70
Lynnon,70
Ellierose,70
Rillie,69
Senie,69
Saphronia,69
Ethleen,69
Elizzie,69
Nomie,69
Hisayo,69
Ersa,69
Vastie,69
Minnetta,69
Fritzie,69
Verdis,69
Violia,69
Argusta,69
Lenoir,69
Margel,69
Mozetta,69
Luria,69
Cathren,69
Iria,69
Hisae,69
Renalda,69
Ommie,69
Petrita,69
Waver,69
Ethelreda,69
Anniece,69
Sherle,69
Etsuko,69
Margean,69
Lavanna,69
Burlene,69
Maridel,69
Pablo,69
Patriciann,69
Dorien,69
Charene,69
Jilene,69
Estelita,69
Sung,69
Brindle,69
Inette,69
Terianne,69
Cheryllynn,69
Clarissia,69
Dlisa,69
Belisa,69
Sandrina,69
Mechille,69
Curtina,69
Caprina,69
Chanese,69
Stefannie,69
Janal,69
Tamanika,69
Loukisha,69
Vashon,69
Laquenta,69
Antanette,69
Leahann,69
Ikeisha,69
Jenille,69
Magin,69
Arrin,69
Carisha,69
Chavi,69
Lataria,69
Nateisha,69
Charika,69
Sharnika,69
Courney,69
Ashea,69
Roselena,69
Chenoah,69
Amandajo,69
Shakaria,69
Tijana,69
Brittay,69
Brittinie,69
Dijon,69
Kirti,69
Rodnisha,69
Katelind,69
Shaunessy,69
Whittley,69
Kortne,69
Cedrica,69
Keeanna,69
Tasmine,69
Deserai,69
Maguadalupe,69
Kerstie,69
Dajanee,69
Edin,69
Manali,69
Linet,69
Deyci,69
Briannia,69
Britlee,69
Yisell,69
Stevana,69
Zaakirah,69
Anarose,69
Conor,69
Demmi,69
Katrianna,69
Yanellie,69
Sapir,69
Jalacia,69
Teiana,69
Malavika,69
Jasneet,69
Malvika,69
Mareya,69
Alesi,69
Tully,69
Lexys,69
Simren,69
Alysiana,69
Jamaia,69
Arriyanna,69
Jaeline,69
Branae,69
Dezyrae,69
Natayla,69
Zareah,69
Endiya,69
Tameah,69
Sumiya,69
Raenah,69
Taleeyah,69
Hamida,69
Juliona,69
Mariyanna,69
Neylan,69
Eryanna,69
Jenniah,69
Chevie,69
Janijah,69
Andreyah,69
Faven,69
Jisella,69
Iolana,69
Caidynce,69
Ivionna,69
Jamayia,69
Amoriah,69
Pryncess,69
Neilah,69
Janye,69
Adysson,69
Anarie,69
Kowsar,69
Jaylianis,69
Avalise,69
Zyliah,69
Kayliee,69
Araiah,69
Brylinn,69
Emmelina,69
Macilynn,69
Fynley,69
Amabella,69
Laryiah,69
Yuxi,69
Averley,69
Linkyn,69
Chrisley,69
Khaleesia,69
Freyah,69
Knova,69
Graelynn,69
Zaylani,69
Coila,68
Carmelite,68
Docie,68
Alletta,68
Amandy,68
Libia,68
Orvella,68
Erlean,68
Florabel,68
Lauramae,68
Kathlyne,68
Margaurite,68
Denzil,68
Oberia,68
Lerline,68
Rollande,68
Immaculate,68
Vieva,68
Ardice,68
Wilena,68
Thana,68
Leonella,68
Dalores,68
Weda,68
Jennye,68
Merlean,68
Aleathia,68
Sherryn,68
Ronne,68
Duanna,68
Treesa,68
Valoria,68
Tonye,68
Ilze,68
Caterine,68
Redina,68
Shirlette,68
Joby,68
Ledonna,68
Arlissa,68
Kamla,68
Shirrell,68
Mette,68
Regana,68
Janmarie,68
Tanzie,68
Feleica,68
Chistine,68
Sherisa,68
Roquel,68
Christyann,68
Riza,68
Chantille,68
Tyan,68
Adinah,68
Kenitha,68
Tanisia,68
Deanza,68
Keeshia,68
Ryna,68
Kissa,68
Latamara,68
Keyia,68
Quina,68
Laquitha,68
Deshundra,68
Domingue,68
Octivia,68
Rasheida,68
Kerston,68
Shikara,68
Tequia,68
Pricsilla,68
Diella,68
Tishina,68
Deshante,68
Ramina,68
Tocara,68
Erisha,68
Phelan,68
Joniece,68
Kenecia,68
Satia,68
Ashlon,68
Evelise,68
Verenis,68
Tiarrah,68
Dimonique,68
Shadoe,68
Shany,68
Jericca,68
Demeisha,68
Tatijana,68
Nargis,68
Taler,68
Kirstein,68
Zaily,68
Ruvi,68
Samanthamarie,68
Cashe,68
Quamesha,68
Taneah,68
Money,68
Davionne,68
Keshayla,68
Aleksis,68
Berea,68
Jaziel,68
Mckinze,68
Rajanee,68
Xandrea,68
Jacquelinne,68
Kristyanna,68
Kamill,68
Thatiana,68
Yanissa,68
Dezirea,68
Shaylinn,68
Ayauna,68
Jumanah,68
Khylah,68
Lanaysia,68
Chesni,68
Marasia,68
Jamiaya,68
Chloemarie,68
Ioana,68
Harlin,68
Trinidi,68
Amaurie,68
Rini,68
Kolbee,68
Nazira,68
Jlee,68
Canna,68
Abiah,68
Kalisi,68
Laraina,68
Yamna,68
Klare,68
Nyliyah,68
Anivea,68
Athenea,68
Aydah,68
Xaniya,68
Lillyen,68
Roree,68
Vylet,68
Milanya,68
Syren,68
Faylynn,68
Hetvi,68
Nolynn,68
Rosalynne,68
Kinslea,68
Southern,68
Kmora,68
Nhyla,68
Braylah,68
Zuree,68
Adilyne,68
Emmelynn,68
Jazaya,68
Jazayah,68
Dearie,68
Gredmarie,68
Adylee,68
Blaikley,68
Dailani,68
Aaradhana,68
Darleth,68
Joory,68
Beckley,68
Iremide,68
Tavie,67
Lorana,67
Masayo,67
Philomina,67
Thurma,67
Dellamae,67
Roise,67
Stefana,67
Virginie,67
Abie,67
Marsena,67
Jacqueleen,67
Wyonia,67
Roseleen,67
Lanny,67
Vallory,67
Sherrey,67
Glanda,67
Vonette,67
Toniette,67
Puanani,67
Briggett,67
Arlanda,67
Avella,67
Lenka,67
Chevella,67
Tiann,67
Shereda,67
Marticia,67
Rondell,67
Hawley,67
Raechell,67
Rayme,67
Arnesia,67
Bindu,67
Yesena,67
Yarrow,67
Davonda,67
Nakenya,67
Tamecca,67
Likisha,67
Dainelle,67
Kessie,67
Tenelle,67
Khalidah,67
Tekelia,67
Kelena,67
Nikiesha,67
Rabecka,67
Aquita,67
Jaquaya,67
Areliz,67
Katira,67
Domonic,67
Shaida,67
Keyetta,67
Asti,67
Azania,67
Hend,67
Ashleyanne,67
Narah,67
Briteny,67
Aleza,67
Darika,67
Gabreille,67
Kattia,67
Keaunna,67
Mateja,67
Chelcea,67
Alheli,67
Danaye,67
Kynesha,67
Roniqua,67
Infantof,67
Tyshana,67
Zafiro,67
Kariel,67
Breshae,67
Dajane,67
Cambridge,67
Yarisa,67
Wajiha,67
Careli,67
Atiyana,67
Briannie,67
Bricelyn,67
Denaisha,67
Kalijah,67
Zareya,67
Alajia,67
Yenesis,67
Inaara,67
Avianne,67
Caelen,67
Mixtli,67
Yerania,67
Neasia,67
Talaysha,67
Ajiah,67
Emaley,67
Raimi,67
Zanasia,67
Tailey,67
Jaimya,67
Khamryn,67
Timmya,67
Deylin,67
Yuleni,67
Eshika,67
Kayin,67
Mati,67
Nailyn,67
Rilley,67
Kerington,67
Rease,67
Chinmayi,67
Sakai,67
Yaresly,67
Lilymarie,67
Disaya,67
Tihanna,67
Jleigh,67
Dahlya,67
Dinara,67
Jayleena,67
Preesha,67
Skyylar,67
Ayliana,67
Steely,67
Hilinai,67
Camdynn,67
Lillyrose,67
Eyva,67
Noralynn,67
Jaeleah,67
Faylinn,67
Mushtaq,67
Phenyx,67
Hikma,67
Azyla,67
Briela,67
Noellie,67
Novalea,67
Zaelee,67
Zoeh,67
Penelopy,67
Happiness,67
Aidana,67
Airah,67
Amei,67
Ellaria,67
Mars,67
Zilda,66
Lidwina,66
Zerline,66
Cartha,66
Dimples,66
Bennette,66
Naydene,66
Leatta,66
Maryalyce,66
Phillippa,66
Amelita,66
Darothy,66
Deloma,66
Viviene,66
Juanelle,66
Geralda,66
Reve,66
Sharlot,66
Arbadella,66
Charl,66
Kayron,66
Marsa,66
Cherylin,66
Ragena,66
Doneen,66
Mardy,66
Glenette,66
Tanice,66
Rogelio,66
Keryl,66
Raelyne,66
Adrinne,66
Dorea,66
Sindee,66
Delesa,66
Dlynn,66
Steph,66
Terease,66
Nilza,66
Zinia,66
Joliene,66
Charnel,66
Lucynda,66
Shandora,66
Lelania,66
Heidee,66
Anjelita,66
Sentoria,66
Toshika,66
Monnica,66
Kindel,66
Tannisha,66
Tanish,66
Rashan,66
Walida,66
Laguana,66
Mysty,66
Muranda,66
Nakiea,66
Cameka,66
Rekisha,66
Shelisha,66
Monicka,66
Shadell,66
Eleesha,66
Necha,66
Naoko,66
Kentrell,66
Jillien,66
Teea,66
Omesha,66
Bevan,66
Yamaira,66
Daci,66
Mariachristina,66
Crystallynn,66
Chelesea,66
Britiny,66
Samon,66
Lashe,66
Yanil,66
Jeraldin,66
Tyreesha,66
Elandra,66
Yarima,66
Josely,66
Savon,66
Shyteria,66
Alishah,66
Riviera,66
Amaly,66
Janelie,66
Kieli,66
Nahjae,66
Raelea,66
Kajol,66
Niomie,66
Zoeie,66
Diany,66
Yacine,66
Abbeygail,66
Keaisha,66
Kalayna,66
Khadra,66
Markasia,66
Arieon,66
Anayelli,66
Natayah,66
Taziah,66
Zaray,66
Yaxeni,66
Jayelyn,66
Aishat,66
Imya,66
Mekiyah,66
Dynastie,66
Galya,66
Lithzy,66
Caera,66
Jossalin,66
Deoni,66
Kimaria,66
Azaira,66
Jaylinne,66
Kampbell,66
Paitlyn,66
Prabhleen,66
Halaya,66
Larya,66
Dorsa,66
Makyna,66
Mylove,66
Emjay,66
Meryam,66
Riniyah,66
Jezabella,66
Aleighya,66
Ambellina,66
Marelly,66
Zamyrah,66
Jmarie,66
Kaeya,66
Maebh,66
Jahlaya,66
Aylanie,66
Aaila,66
Aerilynn,66
Knightley,66
Ellisen,66
Finnegan,66
Rhylen,66
Zoeigh,66
Dash,66
Ace,66
Advaita,66
Merliah,66
Zayleen,66
Penellope,66
Mawada,66
Yazleemar,66
Salice,66
Maze,66
Doxie,65
Ethelle,65
Lovinia,65
Eufelia,65
Modest,65
Bronnie,65
Floetta,65
Ruble,65
Louine,65
Rever,65
Medrith,65
Ovelia,65
Boyd,65
Neddie,65
Dare,65
Ward,65
Toshiye,65
Lowella,65
Ninetta,65
Eulia,65
Evans,65
Rolla,65
Seletha,65
Jerine,65
Lavonn,65
Calene,65
Laurna,65
Charrie,65
Michol,65
Lynnita,65
Yvonnia,65
Charletha,65
Nanda,65
Prentiss,65
Debhora,65
Jodel,65
Lynel,65
Debroh,65
Storme,65
Joycee,65
Vernadette,65
Angles,65
Marlia,65
Mariselda,65
Conya,65
Regla,65
Diahn,65
Lonya,65
Lashonne,65
Cantrell,65
Ligaya,65
Torra,65
Mikele,65
Katena,65
Latarshia,65
Tumeka,65
Aeron,65
Jarrod,65
Shamell,65
Ladesha,65
Summers,65
Lakela,65
Kamina,65
Ndidi,65
Preeya,65
Sulay,65
Sweet,65
Joua,65
Magdala,65
Rakeya,65
Crystalee,65
Cason,65
Xiao,65
Khrystyna,65
Kennice,65
Tonea,65
Jahlisa,65
Alyssamae,65
Daquisha,65
Seymone,65
Tachina,65
Vantasia,65
Ishara,65
Keali,65
Monaye,65
Kazzandra,65
Arlenis,65
Lismary,65
Jaycey,65
Mikena,65
Minori,65
Tyyonna,65
Daesia,65
Tyrielle,65
Daiza,65
Kienna,65
Aeon,65
Aitiana,65
Kiowa,65
Mizani,65
Shylyn,65
Breland,65
Deaysia,65
Madellyn,65
Zaharia,65
Anatalia,65
Aubriauna,65
Jaidon,65
Matalynn,65
Aryann,65
Leelynn,65
Mikaiya,65
Iyonnah,65
Amunet,65
Diksha,65
Lashya,65
Maelea,65
Zoye,65
Candela,65
Deniah,65
Makinzey,65
Aizza,65
Angellynn,65
Danali,65
Arayia,65
Jaidee,65
Joaly,65
Aniyiah,65
Aishi,65
Meyli,65
Yahdira,65
Cylah,65
Azharia,65
Sahmya,65
Tamyiah,65
Amsi,65
Ezmerelda,65
Kemorah,65
Livingston,65
Kamonie,65
Daileen,65
Raely,65
Siriyah,65
Marialis,65
Zohara,65
Dezariah,65
Jaydaliz,65
Leannie,65
Maylah,65
Amoya,65
Elliahna,65
Kaliyan,65
Lihanna,65
Simora,65
Kanishka,65
Misheel,65
Indee,65
Lilienne,65
Satcha,65
Arianie,65
Sovereign,65
Addileigh,65
Baran,65
Jenaiah,65
Kharli,65
Wakely,65
Bilen,65
Amayla,65
Miliah,65
Drayah,65
Aavah,65
Emerlynn,65
Maevry,65
Absalat,65
Xayah,65
Eloah,65
Darthula,64
Hermena,64
Luva,64
Virdia,64
Bertrice,64
Larcenia,64
Zetha,64
Arbella,64
Artice,64
Luverta,64
Wyolene,64
Peola,64
Tevis,64
Virga,64
Maycel,64
Glendon,64
Ethelean,64
Adrine,64
Amos,64
Wandalene,64
Franky,64
Recia,64
Gearl,64
Gerlean,64
Carrell,64
Glender,64
Lorree,64
Rajean,64
Jodye,64
Mauria,64
Dorissa,64
Darrelle,64
Gaelyn,64
Necola,64
Leronda,64
Keir,64
Letishia,64
Tristy,64
Sherrise,64
Shereta,64
Shuntell,64
Chene,64
Karesa,64
Shalayne,64
Janara,64
Katessa,64
Keiva,64
Latria,64
Modupe,64
Sharaine,64
Tennelle,64
Norell,64
Cristalle,64
Nadea,64
Chaneka,64
Shequilla,64
Megahn,64
Santresa,64
Shephanie,64
Fani,64
Keonta,64
Hydie,64
Laleh,64
Nikitta,64
Kendre,64
Mohogany,64
Darica,64
Derrisha,64
Dannisha,64
Fallen,64
Kolina,64
Kalenna,64
Esmirna,64
Atika,64
Nicoya,64
Aliece,64
Yamil,64
Chasitee,64
Jaqlyn,64
Jorgina,64
Tyrica,64
Marigny,64
Danecia,64
Ernesha,64
Keyundra,64
Fantasha,64
Makda,64
Mallorey,64
Lachae,64
Shawnay,64
Brenn,64
Marissia,64
Irini,64
Keeara,64
Shaniqwa,64
Kryssa,64
Ash,64
Crisol,64
Deosha,64
Dyamon,64
Lillybeth,64
Sheriden,64
Alantra,64
Anareli,64
Kaytlynne,64
Purva,64
Vendela,64
Malenie,64
Trayonna,64
Katyana,64
Akelah,64
Tymara,64
Jedidah,64
Kiaja,64
Maikayla,64
Abijah,64
Larson,64
Linaya,64
Ailyne,64
Arriyana,64
Azeria,64
Seyla,64
Aarian,64
Airanna,64
Anaih,64
Sahej,64
Alieyah,64
Ayna,64
Lareyna,64
Lyris,64
Samoria,64
Shagun,64
Shakthi,64
Shylie,64
Zakyria,64
Aleiza,64
Jaeley,64
Jentrie,64
Samir,64
Aleijah,64
Aakriti,64
Ammarie,64
Tacori,64
Jalaia,64
Abisha,64
Diore,64
Jaydynn,64
Reiss,64
Sareya,64
Zmya,64
Anelys,64
Amiayah,64
Yireh,64
Ellysia,64
Mccoy,64
Siyanna,64
Hawi,64
Kiko,64
Nanayaa,64
Zamayah,64
Jeyleen,64
Laylonnie,64
Laylin,64
Lillienne,64
Syesha,64
Rhiya,64
Adrita,64
Laianna,64
Laziyah,64
Embrey,64
Solash,64
Alauni,64
Henlie,64
Rubyrose,64
Deethya,64
Erilynn,64
Hawwa,64
Ahmiracle,64
Averii,64
Knoelle,64
Adelind,64
Annorah,64
Lojain,64
Zaeleigh,64
Graceleigh,64
Blakeli,64
Ezmay,64
Decker,64
Greylynn,64
Iymona,64
Brittie,63
Phila,63
Saint,63
Gazelle,63
Erminie,63
Nadie,63
Doyne,63
Henreitta,63
Iolanda,63
Masaye,63
Warrene,63
Dorthula,63
Juletta,63
Wetona,63
Inella,63
Olivet,63
Hatsumi,63
Prentice,63
Elfreida,63
Nazarene,63
Revia,63
Darl,63
Ronella,63
Leonetta,63
Jearldean,63
Conita,63
Thomasenia,63
Petrea,63
Freddi,63
Pamalee,63
Gloristine,63
Lindamarie,63
Druanne,63
Varetta,63
Chicquita,63
Shebra,63
Felise,63
Elbia,63
Dae,63
Jeannia,63
Laurieanne,63
Lisaanne,63
Lorriann,63
Voula,63
Twania,63
Sherrina,63
Tajuanna,63
Belissa,63
Anji,63
Dalonda,63
Katrece,63
Chamaine,63
Valincia,63
Tacha,63
Arnetra,63
Tishanna,63
Ketina,63
Damica,63
Lamica,63
Lameeka,63
Shanitha,63
Tametria,63
Takeila,63
Colisha,63
Drisana,63
Tulani,63
Charmika,63
Najmah,63
Taiwo,63
Danijela,63
Astria,63
Akelia,63
Courteny,63
Desera,63
Laquonda,63
Aristea,63
Kharissa,63
Naly,63
Taquanna,63
Allsion,63
Keishawn,63
Lyzbeth,63
Satomi,63
Porshea,63
Alycen,63
Rosaelena,63
Selenne,63
Suman,63
Brittannie,63
Kenneisha,63
Brytnee,63
Jarika,63
Alexica,63
Kazoua,63
Dalesha,63
Tagan,63
Johnnisha,63
Lyndzee,63
Elizette,63
Timira,63
Demira,63
Taelar,63
Tearah,63
Chabely,63
Camary,63
Silka,63
Rhealyn,63
Bryahna,63
Tyarra,63
Tykiera,63
Odeth,63
Deyja,63
Kess,63
Anfal,63
Astaria,63
Erisa,63
Akaisha,63
Shaeley,63
Dajahnae,63
Shanayah,63
Shyia,63
Nyjai,63
Kamiryn,63
Anaston,63
Prerana,63
Tyreona,63
Harman,63
Alexyia,63
Aania,63
Mahelet,63
Oniya,63
Shyonna,63
Sthefany,63
Faithanne,63
Sekai,63
Monzerat,63
Daleigh,63
Yerlin,63
Libny,63
Gurneet,63
Jetzabel,63
Nakyiah,63
Icyss,63
Kaylise,63
Jaily,63
Adaugo,63
Jahmiyah,63
Evannie,63
Rily,63
Senaya,63
Samauri,63
Lealani,63
Layden,63
Madilee,63
Kynadie,63
Azayah,63
Galiana,63
Lillyahna,63
Sarye,63
Aashrita,63
Jenova,63
Adalise,63
Couture,63
Muntaz,63
Xochi,63
Zaniyla,63
Emmaree,63
Avalea,63
Elianni,63
Sidratul,63
Kailaya,63
Veya,63
Annabellee,63
Paidyn,63
Embyr,63
Mahia,63
Delayah,63
Chikaima,63
Avaa,63
Farzona,63
Navey,63
Journeigh,63
Rubani,63
Burnie,62
Margarethe,62
Crescentia,62
Mardie,62
Farrie,62
Autie,62
Glorene,62
Etola,62
Enolia,62
Miyo,62
Maleta,62
Vernella,62
Merdith,62
Remell,62
Rossetta,62
Lovene,62
Ethylene,62
Lemoyne,62
Lougenia,62
Onell,62
Juanitta,62
Velena,62
Marveen,62
Mosetta,62
Irmalee,62
Adoree,62
Clarann,62
Jelene,62
Franklyn,62
Glenetta,62
Troyce,62
Annlouise,62
Gailene,62
Vikkie,62
Donn,62
Staria,62
Rossanna,62
Dezra,62
Meladie,62
Saroya,62
Colleena,62
Konya,62
Verlisa,62
Jaton,62
Shernell,62
Samentha,62
Kimberl,62
Shevette,62
Lecretia,62
Chontel,62
Kersti,62
Chanon,62
Mashawn,62
Chennel,62
Fatisha,62
Maliaka,62
Tikita,62
Rochanda,62
Kateena,62
Rashena,62
Shenoa,62
Yamilee,62
Cristol,62
Free,62
Autumne,62
Karema,62
Rashema,62
Tyishia,62
Nikeia,62
Candid,62
Francesa,62
Elica,62
Ernisha,62
Normandy,62
Laquia,62
Charnika,62
Lacara,62
Chrysten,62
Shaneal,62
Zenayda,62
Audia,62
Rekia,62
Crystalmarie,62
Shiesha,62
Johniece,62
Elasha,62
Bryttney,62
Katalyn,62
Kyrstan,62
Sache,62
Brittish,62
Carlyann,62
Rayel,62
Javonni,62
Sakoya,62
Waynesha,62
Achaia,62
Rumer,62
Jolicia,62
Lizvet,62
Yudit,62
Keyaria,62
Adileni,62
Daliza,62
Pristine,62
Katyra,62
Alleya,62
Yanisa,62
Kenae,62
Mariaceleste,62
Yuliya,62
Julizza,62
Kapree,62
Shaolin,62
Kadelyn,62
Deazia,62
Bradlie,62
Markiah,62
Zabria,62
Kyannah,62
Oonagh,62
Ruqaiyah,62
Soumaya,62
Aleysa,62
Berania,62
Madelinn,62
Cassiel,62
Trinadee,62
Sarely,62
Marijayne,62
Ceriah,62
Lemya,62
Ellea,62
Nusaibah,62
Saije,62
Vitalina,62
Zi,62
Joellie,62
Raegann,62
Umme,62
Jaeanna,62
Tahliyah,62
Xiclali,62
Layia,62
Rhyley,62
Tamyrah,62
Hazzel,62
Cniyah,62
Giara,62
Neria,62
Sapphyre,62
Clarabella,62
Eshana,62
Graecyn,62
Kailiyah,62
Brookleigh,62
Aamiya,62
Hananiah,62
Ravleen,62
Dannielynn,62
Maiara,62
Laylianna,62
Summerrose,62
Kirana,62
Dereonna,62
Khyrie,62
Meekah,62
Adlie,62
Nyhla,62
Amiyra,62
Emiliah,62
Taisiya,62
Deslynn,62
Lyliah,62
Daryna,62
Demii,62
Calii,62
Ahriya,62
Kaselyn,62
Ayzlee,62
Eralynn,62
Cateleya,62
Nylaa,62
Maidah,62
Afiyah,62
Reylin,62
Ellieann,62
Posy,62
Gabbanelli,62
Macklynn,62
Khaza,62
Oney,61
Dosia,61
Hilah,61
Mrytle,61
Omer,61
Mildreth,61
Leata,61
Gladyse,61
Phoebie,61
Yoshino,61
Arbell,61
Madoline,61
Ermel,61
Lucella,61
Doreather,61
Lovada,61
Aldeen,61
Colena,61
Imogine,61
Edessa,61
Donabelle,61
Orissa,61
Trulie,61
Lotte,61
Crestina,61
Judia,61
Major,61
Gudelia,61
Grete,61
Cherril,61
Sherrol,61
Catheleen,61
Zoanne,61
Jini,61
Suesan,61
Altheria,61
Synda,61
Margrit,61
Lonnetta,61
Gwendy,61
Christl,61
Tamberlyn,61
Lorijean,61
Regnia,61
Chauntay,61
Seanne,61
Genni,61
Lataunya,61
Ronnett,61
Santita,61
Luara,61
Sharada,61
Lativia,61
Deshanta,61
Iracema,61
Mita,61
Shalaunda,61
Anetria,61
Kenyatte,61
Myrella,61
Tamiki,61
Mende,61
Tanganika,61
Tatisha,61
Chenay,61
Olayinka,61
Nathifa,61
Shuntia,61
Lakima,61
Sobia,61
Kimeka,61
Roshawna,61
Eshe,61
Latreshia,61
Nohelani,61
Charlisha,61
Carlisia,61
Aftin,61
Jeryn,61
Jerae,61
Koko,61
Pierra,61
Dashonna,61
Chanay,61
Jashira,61
Shuntavia,61
Temara,61
Yanai,61
Seini,61
Shabre,61
Shadara,61
Casady,61
Lonisha,61
Rayvon,61
Beanca,61
Shynice,61
Keierra,61
Mercedees,61
Sacora,61
Reeanna,61
Shenaya,61
Hela,61
Kiandria,61
Shantanique,61
Amandine,61
Analuz,61
Moe,61
Takerra,61
Aryanne,61
Cassiana,61
Elisama,61
Kabrea,61
Kashari,61
Ravenne,61
Kambre,61
Arali,61
Tiari,61
Ladaija,61
Kylii,61
Adaysha,61
Janazia,61
Tnia,61
Giamarie,61
Marren,61
Ilyn,61
Renaya,61
Sharyah,61
Yanneli,61
Simrit,61
Beyounce,61
Lilijana,61
Numa,61
Seona,61
Soli,61
Horizon,61
Geetika,61
Maylia,61
Peja,61
Jairy,61
Leniah,61
Mely,61
Olesia,61
Rilya,61
Giulliana,61
Issabela,61
Jeiry,61
Nali,61
Chloeanne,61
Danaiya,61
Minela,61
Naveh,61
Knyla,61
Airyonna,61
Falak,61
Fiyinfoluwa,61
Giliana,61
Kihara,61
Annison,61
Laaibah,61
Skyah,61
Arelyn,61
Keymiah,61
Lailana,61
Madylynn,61
Zymira,61
Meiya,61
Zhoie,61
Apolline,61
Aleira,61
Charlieann,61
Alizzon,61
Jovey,61
Kymbree,61
Amazyn,61
Kalaiya,61
Lilium,61
Lamyiah,61
Olana,61
Janielys,61
Bellamae,61
Saylem,61
Effy,61
Namirah,61
Loukya,61
Mosley,61
Azealia,61
Navee,61
Fox,61
Yiyi,61
Lunarose,61
Manerva,60
Affie,60
Hedvig,60
Timotea,60
Lillye,60
Ragnhild,60
Reecie,60
Margurete,60
Edmund,60
Mathel,60
Labelle,60
Marzee,60
Marvyl,60
Etherine,60
Evelen,60
Maudella,60
Delitha,60
Rovenia,60
Valois,60
Lafrance,60
Reitha,60
Genera,60
Ruthene,60
Anneta,60
Christabell,60
Fidencia,60
Carel,60
Loreatha,60
Veeda,60
Mabelene,60
Cayetana,60
Dorisann,60
Warner,60
Lavae,60
Mareen,60
Cherolyn,60
Milene,60
Cathyrn,60
Lonny,60
Reisa,60
Cynthie,60
Meleia,60
Shivaun,60
Meladee,60
Neidra,60
Chrysanthemum,60
Trese,60
Antoninette,60
Cynthis,60
Jobie,60
Tronda,60
Keicha,60
Ulrica,60
Christne,60
Cimberly,60
Lisl,60
Tiffin,60
Roshon,60
Tanette,60
Deia,60
Torya,60
Twanya,60
Hollianne,60
Miwa,60
Monque,60
Tawan,60
Kitina,60
Mendie,60
Lalana,60
Deshawnda,60
Shaletta,60
Monike,60
Kimyada,60
Tanesa,60
Dustyn,60
Kineta,60
Tamekka,60
Yaisa,60
Laqunda,60
Nashika,60
Brandilee,60
Jasara,60
Shaleka,60
Graviela,60
Jenique,60
Korinn,60
Shenekia,60
Jerisha,60
Tinea,60
Toccarra,60
Corrisa,60
Chaia,60
Tisheena,60
Carneshia,60
Jaquitta,60
Shaneya,60
Jessicaanne,60
Kyrstie,60
Jalissia,60
Johniqua,60
Kyiana,60
Oceania,60
Taylre,60
Laprincia,60
Takala,60
Careena,60
Akeiba,60
Treya,60
Kahdijah,60
Tahmina,60
Yariza,60
Dazja,60
Xzavia,60
Katanna,60
Rebeccalynn,60
Stirling,60
Alaysa,60
Shilee,60
Ayliah,60
Seila,60
Aaris,60
Zakaya,60
Burke,60
Indyia,60
Skyanna,60
Prayer,60
Nadyah,60
Dayah,60
Kelanie,60
Raionna,60
Sabirah,60
Talyiah,60
Siclali,60
Annajulia,60
Sariana,60
Kayeleigh,60
Nolee,60
Pranati,60
Laurelei,60
Sufia,60
Emileah,60
Kennison,60
Arianis,60
Neriya,60
Greisy,60
Calliana,60
Kayori,60
Ameiah,60
Ramira,60
Dannilynn,60
Liliyana,60
Zaharra,60
Karai,60
Makenlie,60
Milaysia,60
Ipek,60
Kanari,60
Macelyn,60
Yuvika,60
Saraii,60
Lillyanah,60
Yahvi,60
Samriddhi,60
Aarnavi,60
Maclyn,60
Rithanya,60
Kaylanii,60
Aizlee,60
Kennedii,60
Maylanie,60
Arybella,60
Avayla,60
Kentlee,60
Leire,60
Vanelope,60
Cathaleya,60
Diyora,60
Romilly,60
Eislee,60
Savreen,60
Nelliel,60
Viyona,60
Kopelyn,60
Riverly,60
Torvi,60
Siddie,59
Bamma,59
Pablita,59
Elfrida,59
Blodwyn,59
Corella,59
Ezola,59
Valada,59
Elmeda,59
Clo,59
Fortuna,59
Omera,59
Levera,59
Nellye,59
Trilla,59
Altamease,59
Geniel,59
Wayna,59
Algene,59
Jeweldine,59
Dois,59
Delmira,59
Janelda,59
Jarilyn,59
Johnanna,59
Carlas,59
Marnetta,59
Roblyn,59
Develyn,59
Rhondi,59
Krisan,59
Joany,59
Louri,59
Liesha,59
Ranea,59
Luciann,59
Cristle,59
Michaelanne,59
Tange,59
Monisa,59
Raqual,59
Sharunda,59
Danyl,59
Toronda,59
Merridith,59
Seandra,59
Toscha,59
Soyini,59
Juleigh,59
Cheniqua,59
Krissandra,59
Tameki,59
Danyeal,59
Tanikia,59
Chenee,59
Veronnica,59
Shemeeka,59
Kamra,59
Kura,59
Nitisha,59
Shamikia,59
Kristilyn,59
Shakemia,59
Marjon,59
Shankia,59
Jarrah,59
Chaquana,59
Elleni,59
Adlin,59
Crystalina,59
Shanedra,59
Shanielle,59
Trenesha,59
Shanigua,59
Shantese,59
Fatin,59
Sawsan,59
Tyger,59
Lyndzi,59
Stephaniemarie,59
Ramsay,59
Marqui,59
Jaquila,59
Eiliana,59
Mikeshia,59
Preshus,59
Tiairra,59
Oyuky,59
Hasmik,59
Brayanna,59
Taylir,59
Tevin,59
Tiler,59
Sydnye,59
Emilce,59
Phantasia,59
Ajene,59
Rakiah,59
Soliel,59
Tateyana,59
Dystiny,59
Jomari,59
Tajanique,59
Neily,59
Tajanee,59
Chaniah,59
Zalena,59
Jela,59
Jesslin,59
Tekayla,59
Tanaija,59
Lydea,59
Ilany,59
Tamir,59
Tresure,59
Lanija,59
Ankitha,59
Kalysa,59
Torriana,59
Avorie,59
Jazzlyne,59
Midajah,59
Trynitee,59
Jocey,59
Yorleny,59
Anta,59
Chamiya,59
Danaijah,59
Roaa,59
Suany,59
Amree,59
Archita,59
Jlah,59
Caelee,59
Arai,59
Kaydn,59
Natily,59
Timiah,59
Allorah,59
Anjalina,59
Giona,59
Janaeya,59
Nyila,59
Silje,59
Skyye,59
Naydelyn,59
Amadis,59
Harmone,59
Calei,59
Keleah,59
Rhaegan,59
Sahori,59
Gyzelle,59
Nicolly,59
Abuk,59
Kamariana,59
Kamarra,59
Mhia,59
Taryah,59
Kamyri,59
Zaima,59
Nehir,59
Amiyha,59
Jazzel,59
Kaziya,59
Ilan,59
Pragna,59
Adiella,59
Aleyla,59
Jaiel,59
Loki,59
Zanari,59
Annalize,59
Jenalise,59
Jaylannie,59
Zelaya,59
Adwita,59
Paeyton,59
Elyzah,59
Sanylah,59
Aalya,59
Jacksyn,59
Locklynn,59
Zoeii,59
Brendalynn,59
Maybrie,59
Setayesh,59
Daniylah,59
Edelynn,59
Olani,59
Seela,59
Azaleia,59
Kassiani,59
Nayvee,59
Kaislynn,59
Arlowe,59
Hanora,58
Onida,58
Vestie,58
Euretta,58
Flore,58
Orline,58
Iula,58
Eliene,58
Vitina,58
Alicemae,58
Minyon,58
Nolene,58
Marinelle,58
Lilamae,58
Margory,58
Mazola,58
Boyce,58
Tootsie,58
Dorismae,58
Marles,58
Jeannean,58
Joean,58
Raedean,58
Laurelee,58
Gilberto,58
Lanis,58
Janora,58
Cinder,58
Matricia,58
Emilio,58
Josanne,58
Benji,58
Demetrious,58
Jonnell,58
Denah,58
Sherwanda,58
Chundra,58
Lany,58
Shaynee,58
Tolanda,58
Zerlina,58
Karim,58
Chonte,58
Madhuri,58
Sharmeen,58
Tashunda,58
Quanna,58
Richanda,58
Latima,58
Quisha,58
Shaana,58
Maritess,58
Shondria,58
Troya,58
Dallanara,58
Takasha,58
Mandolyn,58
Chanea,58
Ranna,58
Tanelle,58
Shrita,58
Jovonda,58
Khalida,58
Andia,58
Kaitrin,58
Astrea,58
Myda,58
Darissa,58
Nicosha,58
Markeysha,58
Shereena,58
Starnisha,58
Cortne,58
Adianez,58
Dameshia,58
Christalynn,58
Latiqua,58
Mouna,58
Joannamarie,58
Louren,58
Catilin,58
Jannete,58
Jaquan,58
Chelce,58
Timeshia,58
Shilyn,58
Marteka,58
Dominisha,58
Shantall,58
Mckelle,58
Kelynn,58
Sheriah,58
Chakayla,58
Laikin,58
Khelsea,58
Keshay,58
Quanteria,58
Caton,58
Daynah,58
Julysa,58
Monyae,58
Tre,58
Shakaya,58
Isreal,58
Jomana,58
Nahja,58
Gentrie,58
Jenessy,58
Bintu,58
Shamaiya,58
Aleyia,58
Shayan,58
Symira,58
Jadey,58
Elexys,58
Josilin,58
Keighly,58
Tasi,58
Tavianna,58
Tytiona,58
Kyela,58
Mikaylin,58
Lanaja,58
Skylur,58
Soteria,58
Italya,58
Feliciti,58
Blayze,58
Tremya,58
Abinaya,58
Bergan,58
Jyana,58
Khora,58
Niayla,58
Ranaya,58
Abbiegale,58
Cecilya,58
Deyonce,58
Pritika,58
Raelen,58
Aiyona,58
Laily,58
Zareyah,58
Elysium,58
Emia,58
Pheona,58
Angelinna,58
Lydianna,58
Insha,58
Adila,58
Kadynn,58
Nayari,58
Nesly,58
Shaiel,58
Alionna,58
Kamyrn,58
Luzmarie,58
Roha,58
Jazzell,58
Leyonna,58
Lylie,58
Sniyah,58
Lisania,58
Hade,58
Ruqiya,58
Simiyah,58
Jarielis,58
Naeomi,58
Navae,58
Evangelin,58
Yar,58
Yasuri,58
Ayira,58
Damariah,58
Dazire,58
Jahzel,58
Kaleiya,58
Avlynn,58
Zuriya,58
Kielynn,58
Munachiso,58
Pessel,58
Ayvree,58
Calliah,58
Kmiyah,58
Rahil,58
Ariyelle,58
Daryah,58
Dyuthi,58
Griffyn,58
Zaliya,58
Kawsar,58
Aaditri,58
Zaveah,58
Eztli,58
Hynlee,58
Maebree,58
Miylah,58
Yichen,58
Elilah,58
Amanat,58
Alinea,58
Kamdynn,58
Knowledge,58
Believe,58
Navira,58
Janova,58
Legacii,58
Texana,57
Wallie,57
Rosetter,57
Delema,57
Dagney,57
Petronilla,57
Blondena,57
Onnolee,57
Sakae,57
Oleeta,57
Casimera,57
Dicksie,57
Ilva,57
Rodessa,57
Parnell,57
Tomoe,57
Berdean,57
Armita,57
Manetta,57
Claree,57
Earldine,57
Juaquina,57
Rudie,57
Helenann,57
Iree,57
Felisitas,57
Mauna,57
Beverle,57
Glorietta,57
Maelene,57
Charlanne,57
Veletta,57
Di,57
Kyong,57
Nanita,57
Gerriann,57
Gaya,57
Delyn,57
Mori,57
Carmi,57
Darlah,57
Teren,57
Syndee,57
Lesie,57
Doddie,57
Jolanta,57
Vanesia,57
Tryna,57
Janalynn,57
Ibis,57
Soyna,57
Daleena,57
Mychele,57
Mellissia,57
Moniece,57
Tischa,57
Samala,57
Lametra,57
Hidi,57
Starlina,57
Keema,57
Nakina,57
Pashion,57
Sherricka,57
Elisavet,57
Tekila,57
Tashawnda,57
Shallen,57
Jillienne,57
Serrita,57
Moneshia,57
Nyeesha,57
Shaquna,57
Abha,57
Amandalyn,57
Norissa,57
Chen,57
Jazzma,57
Shavana,57
Ashlay,57
Salote,57
Britanni,57
Karrine,57
Lakrista,57
Naema,57
Jeleesa,57
Anyea,57
Bryttni,57
Dnae,57
Shaquesha,57
Alexaundria,57
Chazmin,57
Lorryn,57
Mykeia,57
Anacecilia,57
Annay,57
Kayland,57
Tekira,57
Shellbie,57
Irielle,57
Tynae,57
Devante,57
Breosha,57
Markevia,57
Niela,57
Qadira,57
Gayane,57
Ikeria,57
Kayshla,57
Ragine,57
Kache,57
Mikkayla,57
Kamrey,57
Shaliya,57
Aliyiah,57
Dakira,57
Javiera,57
Joshelyn,57
Cheylynn,57
Keja,57
Dmia,57
Sidny,57
Ijah,57
Ishrat,57
Makaylla,57
Jashia,57
Shiraz,57
Tristynn,57
Mahri,57
Kinly,57
Zayn,57
Aliyaah,57
Takaiya,57
Kalyah,57
Yordanos,57
Halimo,57
Aliona,57
Amiel,57
Yuriah,57
Aamyah,57
Jasalynn,57
Adayla,57
Aritzy,57
Elaena,57
Khiyah,57
Mayrim,57
Kimyra,57
Mazlyn,57
Azzaria,57
Taycee,57
Saily,57
Hasley,57
Manroop,57
Maryjose,57
Saheli,57
Avan,57
Azumi,57
Jossalynn,57
Hooriya,57
Izsabella,57
Ahlina,57
Leilahni,57
Sanyi,57
Keiryn,57
Angelinne,57
Cyniyah,57
Zoeyjane,57
Zyniyah,57
Aureliana,57
Yali,57
Elleri,57
Harmoniee,57
Heilyn,57
Carabella,57
Jahzarra,57
Zyannah,57
Amilli,57
Mackinlee,57
Sophianna,57
Eilley,57
Samoni,57
Kamella,57
Airalynn,57
Ashvi,57
Cariyah,57
Payzlie,57
Azori,57
Hypatia,57
Venelope,57
Ayzel,57
Biak,57
Adaleya,57
Yalini,57
Rynleigh,57
Tanvika,57
Remedi,57
Rushika,57
Betselot,57
Trishika,57
Petronila,56
Dova,56
Vergil,56
Cesaria,56
Estaline,56
Alberteen,56
Learline,56
Oradell,56
Perlene,56
Romola,56
Burdell,56
Tokie,56
Rosela,56
Vincetta,56
Cordellia,56
Claria,56
Delcina,56
Eloda,56
Vyonne,56
Zenita,56
Evanjelina,56
Harvie,56
Gaylee,56
Wyvonia,56
Sonie,56
Coetta,56
Dreena,56
Merlynn,56
Zoann,56
Patsi,56
Shaula,56
Sherelyn,56
Lucresia,56
Gill,56
Keeta,56
Corla,56
Sheilagh,56
Delonna,56
Derri,56
Desra,56
Brend,56
Tyran,56
Tarla,56
Lezette,56
Altina,56
Libertad,56
Dahna,56
Nichell,56
Jillanne,56
Dawnyel,56
Tezra,56
Dinamarie,56
Nicoll,56
Olisa,56
Afeni,56
Donicia,56
Jamita,56
Shenicka,56
Makini,56
Dakisha,56
Lekecia,56
Shammara,56
Janera,56
Lashina,56
Jennifermarie,56
Jomaira,56
Lanasha,56
Anber,56
Crystalle,56
Myishia,56
Chanci,56
Jennia,56
Oshea,56
Rosalynda,56
Chanequa,56
Kimanh,56
Mieisha,56
Ticara,56
Lashala,56
Chasitty,56
Andrielle,56
Teshara,56
Monchel,56
Josclyn,56
Brittinee,56
Jahnee,56
Sharneice,56
Julisha,56
Kevon,56
Lashanae,56
Shaeli,56
Bereniz,56
Tyme,56
Ravensymone,56
Tyniqua,56
Nzingha,56
Chazity,56
Cidnee,56
Mirandah,56
Rosmeri,56
Camery,56
Celsie,56
Chiane,56
Moncerat,56
Celyna,56
Ehlana,56
Marleyna,56
Gabreilla,56
Solena,56
Shykira,56
Alexxandra,56
Jazmere,56
Keairah,56
Measia,56
Nashaya,56
Genessy,56
Baye,56
Demeria,56
Salsabil,56
Yamely,56
Hannahrose,56
Callisto,56
Mekiya,56
Neeharika,56
Yzabel,56
Deavian,56
Desmarie,56
Kniya,56
Lakyah,56
Kiryn,56
Taigan,56
Macayle,56
Haidi,56
Madyline,56
Sumayo,56
Abriela,56
Ahnyah,56
Jayelynn,56
Myricle,56
Savannahrose,56
Maritere,56
Akhia,56
Janetzy,56
Valiyah,56
Andjela,56
Annaclara,56
Bishop,56
Ganiyah,56
Thaleia,56
Avalena,56
Kimoria,56
Yagmur,56
Rahniya,56
Josselynn,56
Jamyriah,56
Kemauri,56
Lilikoi,56
Ameriyah,56
Guneet,56
Hawra,56
Luzia,56
Persayus,56
Jiwoo,56
Eibhlin,56
Jizzelle,56
Harmonei,56
Namiya,56
Aydrian,56
Lilliannah,56
Zalynn,56
Ahlaam,56
Krisette,56
Armahni,56
Kouture,56
Sookie,56
Denylah,56
Leighlani,56
Avilynn,56
Luciella,56
Coralei,56
Burklee,56
Pemberley,56
Kalirose,56
Harlen,56
Jaisley,56
Xyliana,56
Amiyla,56
Lunarae,56
Aaryahi,56
Iler,55
Malta,55
Fairie,55
Rumalda,55
Florian,55
Florabell,55
Mirl,55
Alfonsina,55
Mose,55
Verene,55
Leokadia,55
Matiana,55
Melicent,55
Nokomis,55
Coriene,55
Koula,55
Eldon,55
Bethyl,55
Madelen,55
Oleatha,55
Geannie,55
Glendolyn,55
Murtis,55
Nevina,55
Elean,55
Atlean,55
Rosyln,55
Margine,55
Wilodean,55
Nedia,55
Lenis,55
Clareen,55
Alenda,55
Jenella,55
Johnine,55
Doran,55
Lesbia,55
Brenita,55
Scherri,55
Rozana,55
Carnita,55
Jovina,55
Tay,55
Karil,55
Tanzy,55
Ildiko,55
Aletia,55
Tewanna,55
Songa,55
Cassanda,55
Devette,55
Lorrina,55
Roshaun,55
Tangula,55
Jovanka,55
Lyssette,55
Lesette,55
Danalyn,55
Lizza,55
Saunya,55
Antrice,55
Darsey,55
Tamesia,55
Jewelie,55
Marketia,55
Arpil,55
Shekelia,55
Tiffinee,55
Tomikia,55
Anielle,55
Danetra,55
Nickeya,55
Nickisha,55
Tashell,55
Kerisa,55
Shyree,55
Jovona,55
Sametria,55
Tahia,55
Orquidea,55
Hatti,55
Raqueal,55
Shavawn,55
Tyshika,55
Punam,55
Avita,55
Sokha,55
Guerline,55
Say,55
Bionka,55
Kasy,55
Shamora,55
Shrina,55
Keonte,55
Rayshonda,55
Appollonia,55
Ashla,55
Roxsana,55
Attallah,55
Kendale,55
Kayelani,55
Shantique,55
Dannyelle,55
Salita,55
Nataja,55
Jesmine,55
Johneshia,55
Jully,55
Maxime,55
Audrieanna,55
Shaquay,55
Suria,55
Deveny,55
Savonnah,55
Geordan,55
Mykea,55
Quatasia,55
Brayana,55
Charlyse,55
Jocalyn,55
Rakell,55
Rheann,55
Tyquasha,55
Debriana,55
Octayvia,55
Cadedra,55
Mikayle,55
Norhan,55
Celin,55
Breeauna,55
Sheyanna,55
Timari,55
Shayde,55
Emone,55
Balie,55
Sionna,55
Kristlyn,55
Alysea,55
Jovannah,55
Sehrish,55
Kymara,55
Lyrics,55
Annastazia,55
Ifunanya,55
Tochi,55
Dzyre,55
Jullissa,55
Tyreana,55
Kealee,55
Cytlaly,55
Jenevy,55
Maitte,55
Miricle,55
Naydine,55
Pierson,55
Asijah,55
Akansha,55
Jocellyn,55
Sinay,55
Gitzel,55
Mythili,55
Nakaylah,55
Dillen,55
Emyli,55
Masina,55
Vision,55
Jermaya,55
Nimue,55
Braylan,55
Annakatherine,55
Samsam,55
Yolotzin,55
Aalana,55
Dakyra,55
Jadlyn,55
Cherlin,55
Dakyla,55
Maiza,55
Monzerath,55
Skyi,55
Eslie,55
Naviya,55
Geniah,55
Kamarria,55
Mirari,55
Isabellagrace,55
Makhyla,55
Mikinley,55
Milian,55
Timyah,55
Ariyahna,55
Jorga,55
Xiclaly,55
Jaydie,55
Breylin,55
Mumina,55
Amiira,55
Marianah,55
Zymeria,55
Aretzy,55
Hawo,55
Ashwaq,55
Kliyah,55
Zuleimy,55
Hayvin,55
Juliyana,55
Nasro,55
Sadiemae,55
Zakyiah,55
Nuhamin,55
Madyx,55
Azelynn,55
Zali,55
Laylie,55
Pennylane,55
Caselyn,55
Crislynn,55
Karelys,55
Zolie,55
Bayah,55
Italee,55
Dillynn,55
Lizabella,55
Kaesyn,55
Tynley,55
Hadasha,55
Jeylah,55
Linleigh,55
Raelinn,55
Annaley,55
Caiyah,55
Miagrace,55
Arii,55
Avriella,55
Rhiyan,55
Khodi,55
Pranisha,55
Deilani,55
Shivya,55
Ase,55
Aviahna,55
Skadi,55
Maevery,55
Tella,54
Theodocia,54
Clem,54
Lugarda,54
Velmar,54
Smithie,54
Lethea,54
Gervaise,54
Vincentia,54
Maudelle,54
Lavania,54
Charmie,54
Winniefred,54
Berthena,54
Cletta,54
Dellora,54
Romelda,54
Lennea,54
Bernadina,54
Dolline,54
Melvis,54
Verletta,54
Marialyce,54
Vernett,54
Trudell,54
Jearl,54
Delmarie,54
Selva,54
Barabra,54
Duanne,54
Guylene,54
Kitten,54
Charyn,54
Shryl,54
Wander,54
Rohnda,54
Mishele,54
Renice,54
Peggysue,54
Lanese,54
Shenetha,54
Yuvette,54
Romunda,54
Javette,54
Keysa,54
Chalanda,54
Lalaina,54
Shanine,54
Clint,54
Nicia,54
Shevonda,54
Latawnya,54
Teleshia,54
Arrica,54
Tawanya,54
Tiffanye,54
Ladetra,54
Chay,54
Lakeysa,54
Magic,54
Canada,54
Heatherann,54
Currie,54
Twanisha,54
Dixi,54
Sharitta,54
Rakhi,54
Rikka,54
Temeika,54
Taraann,54
Tasya,54
Shallan,54
Khalisha,54
Kristyann,54
Raimee,54
Shaguana,54
Konica,54
Farnaz,54
Jamieka,54
Sharane,54
Kaneka,54
Mikeia,54
Nataisha,54
Shaunika,54
Revecca,54
Nykeisha,54
Jerin,54
Lessley,54
Shannara,54
Kamiko,54
Leha,54
Sammatha,54
Caleena,54
Zekia,54
Teshawna,54
Lenzy,54
Brione,54
Jakela,54
Jolisha,54
Somone,54
Biancha,54
Anteria,54
Dezeree,54
Darriell,54
Taahira,54
Katerria,54
Teionna,54
Tierah,54
Markecia,54
Pelin,54
Cazandra,54
Trane,54
Shelbea,54
Alexondra,54
Kalai,54
Yamily,54
Cailley,54
Chakyra,54
Ellexis,54
Briara,54
Arnasia,54
Breasha,54
Michealla,54
Annyssa,54
Ashiana,54
Mairani,54
Mahalah,54
Yasleen,54
Caragan,54
Chanaya,54
Thaiz,54
Aisleen,54
Josaline,54
Abrionna,54
Jalliyah,54
Millennia,54
Bg,54
Kirklyn,54
Dkayla,54
Zitlally,54
Jermeria,54
Irissa,54
Sarianna,54
Torilynn,54
Delasia,54
Jadeline,54
Mircale,54
Nayelee,54
Dhvani,54
Mariani,54
Ameyalli,54
Navreet,54
Nayela,54
Alyzea,54
Jda,54
Jakhya,54
Anijha,54
Lilija,54
Mehana,54
Dafny,54
Rikiyah,54
Delanny,54
Juliannie,54
Ramyiah,54
Samarria,54
Sanaiah,54
Halimatou,54
Kalaiah,54
Maryonna,54
Azeriah,54
Jasly,54
Aravis,54
Anariah,54
Laureli,54
Zionnah,54
Aile,54
Avaclaire,54
Phaith,54
Zahriya,54
Brenlie,54
Jovia,54
Calliegh,54
Somiya,54
Yuxin,54
Abygael,54
Emah,54
Ghita,54
Heylin,54
Kirat,54
Kornelia,54
Lynlie,54
Vivyana,54
Pragnya,54
Landynn,54
Narjes,54
Ahzaria,54
Danilah,54
Adelay,54
Hamnah,54
Aderinsola,54
Lillyannah,54
Sevi,54
Mahlaya,54
Amairah,54
Hoor,54
Ellany,54
Havynn,54
Nebula,54
Rune,54
Talulla,54
Willoh,54
Winner,54
Anabrenda,54
Dhyani,54
Bostynn,54
Ngun,54
Paysleigh,54
Ariarose,54
Lakelee,54
Blaiklee,54
Lennex,54
Oaklei,54
Crimsyn,54
Lisanna,54
Everlei,54
Mirajane,54
Kaylonni,54
Maizley,54
Zhamira,54
Riverleigh,54
Kamoura,54
Lulah,53
Nanny,53
Hatty,53
Pheba,53
Edmee,53
Izma,53
Everleaner,53
Edel,53
Byrl,53
Hjordis,53
Bronislawa,53
Burniece,53
Cladie,53
Arcie,53
Ordell,53
Izona,53
Delzora,53
Geneveve,53
Moline,53
Annalou,53
Genetha,53
Elwood,53
Jerldine,53
Engracia,53
Jeann,53
Bonda,53
Joleta,53
Lenorah,53
Saundria,53
Besty,53
Galene,53
Merianne,53
Merribeth,53
Cherree,53
Deede,53
Jole,53
Jalinda,53
Arlecia,53
Tamah,53
Cynthina,53
Terrena,53
Dedrea,53
Shyvonne,53
Angula,53
Tameron,53
Caronda,53
Elizabeht,53
Victori,53
Requel,53
Ngela,53
Tiffeney,53
Latresia,53
Juanika,53
Tajma,53
Deshunda,53
Karonda,53
Talanda,53
Heater,53
Keyoka,53
Quatina,53
Joaquin,53
Nashawn,53
Ebelia,53
Kata,53
Lakeda,53
Sharain,53
Efrat,53
Kashanna,53
Nekeia,53
Tylena,53
Nanyamka,53
Suma,53
Sumar,53
Shavondra,53
Tahina,53
Negar,53
Larica,53
Lekendra,53
Quintasha,53
Vennesa,53
Shauntrice,53
Tyneesha,53
Liezel,53
Kamillia,53
Trishana,53
Vaneshia,53
Anjulie,53
Iresha,53
Ahley,53
Nyshia,53
Lajessica,53
Mayraalejandra,53
Emeral,53
Jherica,53
Rakeshia,53
Cetera,53
Danishia,53
Rikkia,53
Shiran,53
Kennan,53
Janeesa,53
Kesiah,53
Quineshia,53
Taquesha,53
Rodricka,53
Samnatha,53
Adriaunna,53
Keuna,53
Winny,53
Cydnei,53
Keyonah,53
Tyanah,53
Montavia,53
Breeya,53
Mckendra,53
Shakyrah,53
Wendoly,53
Jalitza,53
Arisbet,53
Nylasia,53
Timyra,53
Ashleyn,53
Mckenah,53
Empriss,53
Kessiah,53
Allisandra,53
Makalee,53
Ahyanna,53
Keyairah,53
Meritt,53
Tahya,53
Jahla,53
Kallysta,53
Raiah,53
Ajada,53
Madylan,53
Semra,53
Shakyah,53
Tehreem,53
Gicelle,53
Aremi,53
Ireana,53
Juliete,53
Daia,53
Ieva,53
Jeilin,53
Jimaya,53
Salmah,53
Yomna,53
Darinka,53
Tiger,53
Allivia,53
Esveidy,53
Fatoumatta,53
Shamyiah,53
Willoughby,53
Ciclali,53
Jakaylin,53
Sharya,53
Sivani,53
Arieyana,53
Jalyse,53
Maysam,53
Thiara,53
Skyli,53
Naidely,53
Indianna,53
Grayci,53
Jeila,53
Yaniya,53
Amariee,53
Kruthi,53
Yarisbeth,53
Firdaus,53
Kole,53
Lujayn,53
Namia,53
Aaleiyah,53
Lailaa,53
Xander,53
Bryseida,53
Amryn,53
Jennasis,53
Joeliz,53
Kaidynn,53
Remini,53
Azarriah,53
Kaybrie,53
Jaeonna,53
Lamoni,53
Rihan,53
Samorah,53
Hadara,53
Mahya,53
Mckynzee,53
Zahniyah,53
Zariaha,53
Eliahna,53
Emercyn,53
Zoeyann,53
Kazlyn,53
Raiyn,53
Yoyo,53
Conlee,53
Aidelyn,53
Heliana,53
Zhariyah,53
Mercury,53
Karmynn,53
Armiya,53
Jisha,53
Zaylen,53
Child,53
Arielly,53
Nallah,53
Briyelle,53
Drishya,53
Avalei,53
Taaliah,53
Rhaelynn,53
Areyah,53
Rollins,53
Zolah,53
Ghala,53
Winterrose,53
Jaleyza,53
Adaleyza,53
Asenat,53
Ovi,53
Azrah,53
Jones,53
Soliha,53
Cailani,53
Agda,52
Louida,52
Tellie,52
Manola,52
Arzelia,52
Luby,52
Elder,52
Masel,52
Umeko,52
Harrie,52
Ismay,52
Loice,52
Ascension,52
Berthenia,52
Sylvina,52
Vertell,52
Barnetta,52
Arlynne,52
Mavourneen,52
Karrol,52
Lonzetta,52
Gwin,52
Sharryl,52
Roz,52
Barbarajo,52
Karlotta,52
Sharl,52
Deboria,52
Galyn,52
Kevan,52
Lyndora,52
Sunee,52
Darie,52
Garla,52
Vertina,52
Bandi,52
Tamarie,52
Christ,52
Troylynn,52
Chrissandra,52
Kippi,52
Grizel,52
Trisia,52
Shellena,52
Michellee,52
Jaleh,52
Lashonya,52
Tanell,52
Tishawn,52
Tarasha,52
Krisie,52
Cutina,52
Kutina,52
Afi,52
Shawnea,52
Ghia,52
Pele,52
Semia,52
Apirl,52
Moises,52
Cacy,52
Katona,52
Amymarie,52
Raime,52
Olubunmi,52
Takema,52
Sarh,52
Chaquetta,52
Jahida,52
Shakenna,52
Camaron,52
Darisha,52
Marqueshia,52
Michae,52
Natahsa,52
Johnathon,52
Tasmin,52
Marquite,52
Daicy,52
Savy,52
Nakendra,52
Faron,52
Derisha,52
Shadea,52
Shaterika,52
Cieria,52
Kendia,52
Shylia,52
Chellsey,52
Joneshia,52
Sequioa,52
Whittni,52
Shalyse,52
Ong,52
Anelisa,52
Nakeria,52
Shakilya,52
Kersey,52
Tkia,52
Antonesha,52
Ceren,52
Oneshia,52
Ashantie,52
Jakevia,52
Jermecia,52
Leslei,52
Noria,52
Kearney,52
Asmita,52
Machala,52
Diaja,52
Emilymarie,52
Kristanna,52
Nikera,52
Kadaja,52
Mikalya,52
Moeshia,52
Alisya,52
Shamani,52
Antoniya,52
Dameria,52
Larimar,52
Taneja,52
Harleyann,52
Daycee,52
Khailyn,52
Taea,52
Makensi,52
Siann,52
Enessa,52
Laxmi,52
Mariangely,52
Paytn,52
Ayania,52
Jeleah,52
Kiany,52
Xania,52
Zakyrah,52
Keyonce,52
Kynia,52
Nylea,52
Alimah,52
Deyaneira,52
Nathally,52
Najely,52
Veyonce,52
Nikhila,52
Daffne,52
Lexiss,52
Xitllali,52
Kylianna,52
Semiya,52
Jadalise,52
Gelina,52
Jimenna,52
Kryslynn,52
Leelu,52
Sairy,52
Belize,52
Kadidia,52
Alathea,52
Dezmariah,52
Jerniyah,52
Gili,52
Solai,52
Emmalei,52
Kanyiah,52
Jerniya,52
Nayonna,52
Taige,52
Makhi,52
Syah,52
Khamaria,52
Rayniah,52
Makynze,52
Aashni,52
Nyalee,52
Stephy,52
Aelita,52
Ayak,52
Zeruiah,52
Sibylla,52
Karaleigh,52
Adelade,52
Zanaiyah,52
Tazanna,52
Laionna,52
Rutvi,52
Mirae,52
Oluwatofunmi,52
Amileah,52
Geet,52
Munachi,52
Naleigh,52
Emyiah,52
Tennley,52
Maesie,52
Addylyn,52
Dnylah,52
Draizy,52
Zoelynn,52
Aimsley,52
Fenet,52
Calloway,52
Ryilee,52
Sirat,52
Zayliana,52
Embri,52
Deleyza,52
Carver,52
Hemen,52
Shivanya,52
Jiyana,52
Riverlee,52
Anifer,52
Gurtrude,51
Orbie,51
Yetive,51
Tempa,51
Doras,51
Nota,51
Henrie,51
Dorys,51
Edrena,51
Pearleen,51
Tulsa,51
Zudora,51
Elveda,51
Garda,51
Wathena,51
Wilmuth,51
Tsuyuko,51
Burdella,51
Armeta,51
Gathel,51
Thela,51
Bernett,51
Rhae,51
Glenrose,51
Pabla,51
Jeroldine,51
Eadie,51
Gwendolynne,51
Oreda,51
Sybile,51
Zerita,51
Ardeen,51
Evanthia,51
Dotsy,51
Marida,51
Tee,51
Corky,51
Dolories,51
Rosalinde,51
Carrole,51
Clemetine,51
Autherine,51
Roi,51
Linelle,51
Sherrlyn,51
Honi,51
Darrilyn,51
Deadre,51
Michealle,51
Jeanina,51
Suzett,51
Tyjuana,51
Casonya,51
Shone,51
Quetcy,51
Crysti,51
Raschel,51
Anngela,51
Cantrice,51
Deshone,51
Monyette,51
Shaw,51
Alescia,51
Arlesha,51
Ronja,51
Shontrell,51
Shannetta,51
Charra,51
Nilaja,51
Amenia,51
Mickell,51
Nikkisha,51
Heathe,51
Lakecha,51
Danniele,51
Tymisha,51
Wimberly,51
Clorisa,51
Neika,51
Nisaa,51
Nykesha,51
Anjail,51
Muneerah,51
Kenika,51
Takeema,51
Gopi,51
Keshaun,51
Mykesha,51
Dawnesha,51
Hoang,51
Smitha,51
Lizelle,51
Shikera,51
Daquita,51
Lidiana,51
Kourtny,51
Shannae,51
Yentl,51
Nairoby,51
Shardee,51
Ambreia,51
Ikeia,51
Mehwish,51
Birttany,51
Ninna,51
Teera,51
Jaleesha,51
Johnique,51
Jennay,51
Breina,51
Keris,51
Sorsha,51
Elizandra,51
Dasmine,51
Chayenne,51
Yaribel,51
Quasia,51
Chaviva,51
Laraib,51
Ogechukwu,51
Andressa,51
Gaonou,51
Mickenna,51
Thyme,51
Syvannah,51
Bayly,51
Nermeen,51
Kashanti,51
Mahak,51
Makensy,51
Daelin,51
Karynna,51
Taitlyn,51
Colee,51
Tytiyana,51
Delaysia,51
Callysta,51
Tatyanah,51
Deasya,51
Healani,51
Ozioma,51
Denaysia,51
Eaden,51
Enia,51
Demetriana,51
Durga,51
Maddysen,51
Zitlalic,51
Jali,51
Suzeth,51
Ashaureah,51
Maylei,51
Akyrah,51
Jesley,51
Nation,51
Jeraldy,51
Priyanshi,51
Meriyah,51
Cordasia,51
Kamirra,51
Avena,51
Talan,51
Ciniya,51
Price,51
Taara,51
Kamorra,51
Danyiah,51
Kianny,51
Ajuni,51
Penley,51
Kenyla,51
Lucyana,51
Zalina,51
Riddhima,51
Laveya,51
Saffiyah,51
Allyzon,51
Paiyton,51
Aabriella,51
Lailey,51
Aileah,51
Alyeska,51
Bennet,51
Layiah,51
Zaydie,51
Harloe,51
Arriella,51
Suhavi,51
Evelynrose,51
Kentleigh,51
Urwa,51
Heartly,51
Kailanni,51
Aubreelynn,51
Reveille,51
Kaveah,51
Tayzlee,51
Xaylee,51
Azaleya,51
Inaayah,51
Kharlee,51
Emeryn,51
Rhodes,51
Zyelle,51
Greicy,51
Rowe,51
Waylyn,51
Kamreigh,51
Kehlanie,51
Kiyanne,51
Zepha,50
Siller,50
Dott,50
Floe,50
Girtrue,50
Ruperta,50
Hermoine,50
Iolene,50
Julitta,50
Cleofas,50
Otella,50
Carene,50
Ritchie,50
Itsuko,50
Louberta,50
Vonciel,50
Helenmarie,50
Virla,50
Dardanella,50
Acie,50
Gevena,50
Alfreeda,50
Bonnielee,50
Aree,50
Lorne,50
Edelia,50
Normandie,50
Devoria,50
Joanetta,50
Gwendell,50
Myong,50
Wendalyn,50
Deri,50
Patia,50
Cnythia,50
Janemarie,50
Merredith,50
Jodey,50
Cathrina,50
Falina,50
Marilisa,50
Cherlene,50
Chrysti,50
Dennine,50
Suelynn,50
Reshell,50
Shvonne,50
Anat,50
Jonnetta,50
Marizela,50
Trischa,50
Cathyjo,50
Kenja,50
Shonell,50
Indria,50
Kamili,50
Maricar,50
Shaunti,50
Tomecia,50
Chaye,50
Talika,50
Jerina,50
Ketia,50
Tammika,50
Yamika,50
Arkisha,50
Selima,50
Shawntrell,50
Celecia,50
Ieshea,50
Jakima,50
Lacia,50
Shareeta,50
Teneille,50
Kahlilah,50
Tyre,50
Tomomi,50
Sandrika,50
Kieona,50
Renecia,50
Laena,50
Jadrian,50
Shatiya,50
Tachelle,50
Yanell,50
Miren,50
Akai,50
Raniesha,50
Astasia,50
Cesley,50
Shawniqua,50
Johnee,50
Tasheana,50
Jacquely,50
Kanecia,50
Rabekah,50
Shaneiqua,50
Arias,50
Quaniesha,50
Wayneisha,50
Amane,50
Ambrey,50
Gagandeep,50
Briuna,50
Dejanai,50
Shadeja,50
Yanae,50
Khadijha,50
Denashia,50
Dyemond,50
Aniessa,50
Quentasia,50
Jaskiran,50
Leysha,50
Martiana,50
Matalin,50
Yamini,50
Kiralyn,50
Kiyanah,50
Mikera,50
Bibianna,50
Aaya,50
Baeli,50
Kymberlynn,50
Makaliah,50
Taneyah,50
Zanib,50
Alyjah,50
Kolbe,50
Mcclain,50
Rhyana,50
Jeida,50
Makkah,50
Lytzy,50
Tiniya,50
Alamea,50
Imagin,50
Tarianna,50
Corionna,50
Izellah,50
Sorelle,50
Yahir,50
Hasti,50
Libertee,50
Mckenly,50
Faithful,50
Leany,50
Sashenka,50
Briniyah,50
Shruthika,50
Aneres,50
Tilden,50
Lilykate,50
Aleyiah,50
Carmindy,50
Jayanah,50
Dezlyn,50
Greysi,50
Adisynne,50
Amiliya,50
Izebella,50
Malaysiah,50
Tanisi,50
Saphera,50
Fisher,50
Ivyona,50
Sadielynn,50
Ayomikun,50
Brylen,50
Lianet,50
Zarriyah,50
Zila,50
Israelle,50
Alyzon,50
Courage,50
Emanuelly,50
Raphaelle,50
Kherrington,50
Amarielle,50
Adut,50
Advita,50
Atalee,50
Muntas,50
Nayani,50
Trillium,50
Zamoni,50
Adalicia,50
Aleynna,50
Deveah,50
Mahniya,50
Amelle,50
Beren,50
Emmeri,50
Ranyla,50
Makensley,50
Henzley,50
Jayceona,50
Kmarie,50
Mills,50
Amiliyah,50
Ainhara,50
Jasiri,50
Owynn,50
Dalari,50
Zahlia,50
Fayrouz,50
Everliegh,50
Oaklynne,50
Medie,49
Notie,49
Mirla,49
Hylda,49
Suddie,49
Maydelle,49
Stelle,49
Elver,49
Zerelda,49
Clida,49
Verbal,49
Altheda,49
Merlee,49
Azella,49
Maybeth,49
Orris,49
Winnefred,49
Eleene,49
Erwin,49
Rodella,49
Levona,49
Sibyle,49
Ardes,49
Molene,49
Paulean,49
Katsuko,49
Marcilla,49
Renota,49
Crisanta,49
Emogean,49
Marlou,49
Darylene,49
Jeralene,49
Sharyne,49
Vernae,49
Zonda,49
Ilise,49
Dorisa,49
Kymm,49
Darryn,49
Melodey,49
Juwanna,49
Demetrias,49
Andreas,49
Cinamon,49
Latreese,49
Dorota,49
Treneice,49
Antione,49
Tanyanika,49
Dayatra,49
Rosangel,49
Sadiqa,49
Nickelle,49
Tilisha,49
Annitra,49
Amme,49
Sequana,49
Shandalyn,49
Letoria,49
Nyota,49
Tyreese,49
Kaamilya,49
Adelicia,49
Mandra,49
Glendaly,49
Jerissa,49
Feigy,49
Chandice,49
Nakeema,49
Coti,49
Mikiala,49
Ikeshia,49
Jacqlynn,49
Vanny,49
Ladeidra,49
Teniesha,49
Laquishia,49
Sharlin,49
Egan,49
Chelsay,49
Shardea,49
Brihany,49
Ceiara,49
Ashaley,49
Katielyn,49
Shalei,49
Nabil,49
Tone,49
Jasdeep,49
Kevisha,49
Shaquell,49
Deericka,49
Marshai,49
Breannia,49
Kerris,49
Symonne,49
Ahjah,49
Kadeesha,49
Dimon,49
Ayrin,49
Mayerlin,49
Joselina,49
Sadiah,49
Ismenia,49
Deianeira,49
Alija,49
Hilal,49
Camrey,49
Amarelis,49
Mekenzi,49
Tyionna,49
Lanautica,49
Ridha,49
Annavictoria,49
Kailyne,49
Kamar,49
Samrawit,49
Amaja,49
Jaskirat,49
Ahmirah,49
Bismah,49
Remiah,49
Clowie,49
Jakaia,49
Zyaria,49
Alleria,49
Kylynne,49
Rikiya,49
Pavithra,49
Jahnyah,49
Mayely,49
Knya,49
Livvie,49
Aleydis,49
Aram,49
Crystiana,49
Dakaria,49
Yori,49
Kymira,49
Omani,49
Ilaina,49
Nessiah,49
Faithmarie,49
Janeyah,49
Ruya,49
Briniya,49
Zamyria,49
Krymson,49
Niyathi,49
Naiema,49
Bhoomi,49
Azera,49
Jemiyah,49
Caleya,49
Zymirah,49
Avishi,49
Jennalise,49
Jyzelle,49
Ayli,49
Jailia,49
Zyian,49
Desiah,49
Joon,49
Dasiyah,49
Layona,49
Halayah,49
Kaylonie,49
Srisha,49
Derion,49
Kacyn,49
Aarielle,49
Jiaqi,49
Zyleigh,49
Laylanni,49
Lyricc,49
Noriyah,49
Rus,49
Saidey,49
Exodus,49
Dezlynn,49
Miabelle,49
Caselynn,49
Raylah,49
Ailanny,49
Taylani,49
Areia,49
Faeryn,49
Jaxi,49
Haze,49
Udy,49
Lunamarie,49
Niyomi,49
Samus,49
Fynnlee,49
Zhari,49
Pax,49
Espn,49
Shanvika,49
Shreeja,49
Roohi,49
Kahloni,49
Lunafreya,49
Olenna,49
Lurana,48
Nicy,48
Idabel,48
Hatsuyo,48
Libera,48
Bunice,48
Dick,48
Isolene,48
Onella,48
Nerva,48
Middie,48
Inabelle,48
Marguritte,48
Bethena,48
Burton,48
Genieva,48
Azell,48
Mosie,48
Neona,48
Verlina,48
Eloiza,48
Ellaine,48
Jelaine,48
Noris,48
Movita,48
Suzon,48
Scharlotte,48
Sharrel,48
Rosemari,48
Georgeen,48
Sheilda,48
Scheherazade,48
Daiva,48
Synetta,48
Shirlynn,48
Patrycia,48
Sharlean,48
Jaynelle,48
Pamel,48
Dorey,48
Charlinda,48
Leti,48
Romney,48
Rotonda,48
Kellieann,48
Daphny,48
Crissi,48
Ladonia,48
Tahnya,48
Shanne,48
Cilia,48
Merrideth,48
Solia,48
Tihesha,48
Deshaunda,48
Irmalinda,48
Kecha,48
Lizete,48
Tomieka,48
Shenese,48
Chrishawn,48
Nitosha,48
Roopa,48
Lareesa,48
Natishia,48
Tanyell,48
Prema,48
Chritina,48
Tiffancy,48
Jermica,48
Hristina,48
Nakeda,48
Akeshia,48
Lenesha,48
Yesinia,48
Jakisha,48
Jonnelle,48
Kawanza,48
Shameaka,48
Shauntea,48
Chamia,48
Rickisha,48
Camilya,48
Sharekia,48
Kanessa,48
Atari,48
Shernika,48
Isavel,48
Narine,48
Falin,48
Yendi,48
Jaron,48
Sa,48
Chyra,48
Jackleen,48
Lacourtney,48
Shauri,48
Shannice,48
Yecica,48
Neyva,48
Ceslie,48
Kaeloni,48
Khushboo,48
Trinae,48
Darnae,48
Issamar,48
Jesa,48
Skylier,48
Oneyda,48
Lyasia,48
Keshon,48
Alyxandrea,48
Kadeeja,48
Autiana,48
Demy,48
Mayim,48
Ambrianna,48
Cheyana,48
Indika,48
Keiyanna,48
Ciandra,48
Makhala,48
Aeja,48
Ismari,48
Malaja,48
Tamiera,48
Moeisha,48
Baelee,48
Nyaisa,48
Yasmyne,48
Dayzia,48
Baileyann,48
Azza,48
Julissia,48
Kahri,48
Taye,48
Helenna,48
Lawryn,48
Makel,48
Jorah,48
Yamani,48
Kashiya,48
Gwennyth,48
Kiomara,48
Markyla,48
Takai,48
Yukta,48
Alinne,48
Nyera,48
Aleyana,48
Bezawit,48
Maislyn,48
Jolia,48
Katen,48
Kealia,48
Kylianne,48
Michaya,48
Nicte,48
Rakyah,48
Samoya,48
Sonaya,48
Cayson,48
Kenai,48
Aayah,48
Alesya,48
Anele,48
Ciniyah,48
Daegan,48
Khailey,48
Manvitha,48
Tasanee,48
Jaydenn,48
Fatimatou,48
Abhigna,48
Kirpa,48
Hadija,48
Kamlyn,48
Makeena,48
Owyn,48
Jarianna,48
Eliona,48
Emiree,48
Evynne,48
Ruwaida,48
Klohie,48
Lohgan,48
Yaretzie,48
Gweneviere,48
Sofiana,48
Ayleigh,48
Emmrie,48
Jaylianie,48
Sukayna,48
Yihan,48
Kazlynn,48
Deilany,48
Aashirya,48
Evienne,48
Khalee,48
Kinlynn,48
Caiah,48
Cyrine,48
Kambreigh,48
Mahra,48
Marloe,48
Eriane,48
Nadalynn,48
Alivianna,48
Myers,48
Storii,48
Adelinne,48
Dalery,48
Iqlas,48
Kashtyn,48
Koraleigh,48
Ovee,48
Zeplynn,48
Brexlyn,48
Hathaway,48
Aafiya,48
Adlena,47
Alder,47
Vashtie,47
Lucil,47
Thelmer,47
Vadna,47
Moneta,47
Ianthe,47
Arloine,47
Draxie,47
Nyda,47
Clairene,47
Fayma,47
Claud,47
Gleda,47
Annajane,47
Vertia,47
Cathelene,47
Doritha,47
Ivalou,47
Ramelle,47
Ritamae,47
Arther,47
Olethia,47
Venis,47
Anglina,47
Caryll,47
Karline,47
Allaire,47
Gwena,47
Sharryn,47
Rozan,47
Paulet,47
Darelyn,47
Jacquenette,47
Anell,47
Caye,47
Zelinda,47
Bilinda,47
Buff,47
Debbye,47
Krys,47
Larice,47
Jeneice,47
Takeela,47
Yvon,47
Katheine,47
Twalla,47
Donnel,47
Nerida,47
Shelinda,47
Silke,47
Sivi,47
Neisa,47
Caretta,47
Zenja,47
Carrey,47
Sheriece,47
Velisha,47
Catrece,47
Phedra,47
Lasonda,47
Jodilynn,47
Bethney,47
Cherrita,47
Dashell,47
Tashua,47
Jenniger,47
Latusha,47
Charitee,47
Jacquise,47
Shontina,47
Laquisa,47
Lavisha,47
Mistelle,47
Kirsha,47
Sakena,47
Sametra,47
Chantey,47
Keoka,47
Laquina,47
Mekka,47
Mickel,47
Daarina,47
Jillean,47
Deonica,47
Yonina,47
So,47
Jenielle,47
Nickolas,47
Teaya,47
Tang,47
Sang,47
Cyrina,47
Shakeva,47
Aicia,47
Ciri,47
Quinnesha,47
Sarahrose,47
Takarra,47
Yang,47
Kerbi,47
Roxxanne,47
Chitara,47
Khandi,47
Afaf,47
Shaqwana,47
Emanda,47
Shaniquah,47
Shaquona,47
Suleyka,47
Malorey,47
Polet,47
Audriauna,47
Caneisha,47
Alandrea,47
Ayrika,47
Azmina,47
Sonata,47
Tantania,47
Branisha,47
Jakarra,47
Jazmynne,47
Saber,47
Jahzeel,47
Jamarah,47
Frantasia,47
Laraven,47
Shaelie,47
Alleena,47
Briyona,47
Breale,47
Treona,47
Breonica,47
Jaquavia,47
Kulsum,47
Imanee,47
Elibeth,47
Kayelin,47
Llasmin,47
Luwam,47
Tatyiana,47
Kieya,47
Kylla,47
Ugonna,47
Kadijatu,47
Macaylah,47
Khaia,47
Tallis,47
Aisosa,47
Annesophie,47
Darielis,47
Kason,47
Taven,47
Zakariya,47
Hajrah,47
Maycen,47
Milenna,47
Aaliayh,47
Alexiea,47
Gretchyn,47
Kalliyah,47
Neydi,47
Syasia,47
Abbygaile,47
Kemyia,47
Lenayah,47
Samauria,47
Sanne,47
Attison,47
Nathalye,47
Kalaia,47
Maryangel,47
Adriah,47
Symara,47
Zanay,47
Davae,47
Xion,47
Kaleese,47
Eme,47
Amouri,47
Suniyah,47
Haleigha,47
Lelu,47
Solea,47
Zahyra,47
Zahaira,47
Adassa,47
Addysan,47
Nylaya,47
Rayniyah,47
Ziyona,47
Mailah,47
Sylar,47
Adarah,47
Chariyah,47
Sailee,47
Aliyahna,47
Kalaiyah,47
Kaylnn,47
Teraji,47
Maddielynn,47
Khylin,47
Miyla,47
Naleia,47
Reemas,47
Paetynn,47
Rylenn,47
Jaydelyn,47
Kaselynn,47
Raielle,47
Giuliette,47
Kaizlyn,47
Eriella,47
Aliyannah,47
Malanii,47
Pfeiffer,47
Yixin,47
Nzuri,47
Tamzyn,47
Shreenika,47
Remilynn,47
Ayslinn,47
Shukrona,47
Ainoa,47
Luttie,46
Ivor,46
Cona,46
Delfinia,46
Algia,46
Jenett,46
Elisebeth,46
Rozie,46
Elender,46
Clarkie,46
Cellia,46
Adrene,46
Fedelina,46
Alna,46
Alfrida,46
Ellabelle,46
Gustine,46
Berla,46
Romania,46
Ovaline,46
Pearlia,46
Eldona,46
Ceretha,46
Laferne,46
Marylea,46
Magdlene,46
Morjorie,46
Dories,46
Maedean,46
Opalene,46
Rubia,46
Pacita,46
Jeretta,46
Shelvey,46
Russella,46
Kolene,46
Loxie,46
Wynnette,46
Ronnee,46
Ponda,46
Gaylan,46
Gwinda,46
Nanine,46
Yelonda,46
Gwennette,46
Darnel,46
Khris,46
Deresa,46
Tenesa,46
Adona,46
Lynese,46
Stasi,46
Danele,46
Tarji,46
Latrinda,46
Padma,46
Shawndel,46
Serenia,46
Angeleque,46
Nekole,46
Cotrina,46
Darshell,46
Phillina,46
Ayoka,46
Cheramie,46
Cresha,46
Chelese,46
Uganda,46
Angalee,46
Astacia,46
Taka,46
Yumeka,46
Wanika,46
Deshona,46
Kimberlyanne,46
Marle,46
Esmeraldo,46
Kitra,46
Tanille,46
Kaleema,46
Shantaye,46
Sheindy,46
Nikima,46
Tonicia,46
Correy,46
Trae,46
Tehra,46
Lashira,46
Seina,46
Cassiopia,46
Markeyta,46
Chimera,46
Tierza,46
Naa,46
Ambera,46
Delorean,46
Antisha,46
Cristelle,46
Kelvina,46
Tairra,46
Zinab,46
Marlesha,46
Casarah,46
Hart,46
Paulisha,46
Sachet,46
Samiria,46
Daresha,46
Quinterra,46
Jasminn,46
Areial,46
Lindzi,46
Sarine,46
Jamanda,46
Ivona,46
Esteffany,46
Kiane,46
Darricka,46
Krystell,46
Raichel,46
Allicyn,46
Demie,46
Matlyn,46
Anapatricia,46
Tykeyah,46
Kanako,46
Kadeejah,46
Adar,46
Keyahna,46
Michalia,46
Damini,46
Emiri,46
Jaesha,46
Lanaisha,46
Tazhane,46
Elideth,46
Laderricka,46
Roksana,46
Tyller,46
Edriana,46
Kindyl,46
Kyala,46
Desteney,46
Mako,46
Sohini,46
Chidimma,46
Caoilinn,46
Cossette,46
Dynah,46
Jahnea,46
Kiajah,46
Cianne,46
Nyrobi,46
Sarenna,46
Derrianna,46
Kirie,46
Makaylan,46
Tyrionna,46
Arij,46
Aleema,46
Isata,46
Jahnvi,46
Dazie,46
Lyria,46
Urja,46
Annicka,46
Jamayla,46
Janiyia,46
Jolianna,46
Trenidy,46
Tyriah,46
Zai,46
Nahriah,46
Shaza,46
Alizeah,46
Zuleidy,46
Kenniah,46
Sosefina,46
Azahria,46
Betel,46
Nyanza,46
Aeriona,46
Aunalee,46
Dairin,46
Derianna,46
Keymya,46
Naturelle,46
Yadirah,46
Taleiyah,46
Nourah,46
Amiriah,46
Mais,46
Milenka,46
Sanijah,46
Rawda,46
Adrija,46
Brynly,46
Eirini,46
Jayniah,46
Sumiyah,46
Breeah,46
Rickiyah,46
Cristabella,46
Saveena,46
Solay,46
Zayuri,46
Izzi,46
Myami,46
Daleth,46
Emeraude,46
Arami,46
Mabrie,46
Dylilah,46
Yashi,46
Dellah,46
Lakshya,46
Oliviamarie,46
Taleeah,46
Breyelle,46
Japneet,46
Nylayah,46
Dariany,46
Jeilany,46
Vidia,46
Aabha,46
Dallyce,46
Raeah,46
Ajournee,46
Aubreyella,46
Kaielle,46
Maclynn,46
Fynnley,46
Keylianis,46
Yutong,46
Adrika,46
Inayat,46
Krisley,46
Averyrose,46
Morireoluwa,46
Aaruhi,46
Shaanvi,46
Dashly,46
Haisleigh,46
Yarishna,46
Imrie,46
Khalyla,46
Sylvesta,45
Earie,45
Pankie,45
Rannie,45
Zelna,45
Zorka,45
Czeslawa,45
Stephina,45
Trieste,45
Marzie,45
Lenamae,45
Georginia,45
Elvida,45
Reuben,45
Rosilee,45
Eluteria,45
Evajean,45
Lenelle,45
Roselea,45
Normal,45
Audene,45
Richardean,45
Moses,45
Buddy,45
Bozena,45
Mardean,45
Jeraldene,45
Deleta,45
Jerrilee,45
Rolayne,45
Pricillia,45
Frann,45
Maret,45
Robben,45
Jonina,45
Gezelle,45
Relinda,45
Teres,45
Doriane,45
Lafondra,45
Deenna,45
Kellijo,45
Anglie,45
Dorit,45
Lachon,45
Chantina,45
Jayann,45
Channin,45
Silbia,45
Tunesia,45
Lesile,45
Latascha,45
Rico,45
Meca,45
Gaea,45
Sharlonda,45
Betzabel,45
Gloribel,45
Seleana,45
Anonda,45
Tasheen,45
Fikisha,45
Japonica,45
Malikia,45
Kinyatta,45
Poppie,45
Chystal,45
Khristal,45
Catisha,45
Tamicia,45
Yanick,45
Jamaal,45
Adebola,45
Yvelisse,45
Shamelia,45
Chrystin,45
Kenicia,45
Bilma,45
Taurean,45
Phi,45
Bopha,45
Cassee,45
Lakai,45
Sanovia,45
Pagan,45
Breonne,45
Ferrari,45
Kameesha,45
Rosamarie,45
Britnei,45
Samantah,45
Adaire,45
Yita,45
Chesna,45
Lyneisha,45
Tahni,45
Fierra,45
Anachristina,45
Tyquana,45
Yurico,45
Cheslea,45
Marikate,45
Roshani,45
Quaneesha,45
Kurstie,45
Annakaren,45
Deaundria,45
Dezrae,45
Lynnzee,45
Shakota,45
Shanterrica,45
Leondria,45
Taquasha,45
Cenedra,45
Breion,45
Chapin,45
Jashauna,45
Trayana,45
Iniki,45
Shaquelle,45
Minji,45
Katarena,45
Antwanique,45
Yaricza,45
Marrina,45
Shaianna,45
Estafani,45
Hayliegh,45
Michalea,45
Antanesha,45
Ilian,45
Ragene,45
Tooba,45
Ladaijah,45
Taleea,45
Kialey,45
Amarae,45
Derrion,45
Evoni,45
Genesy,45
Kaelly,45
Talijah,45
Areon,45
Emahni,45
Urmi,45
Ryia,45
Corrigan,45
Kealyn,45
Miyona,45
Jesselin,45
Marielly,45
Dynisty,45
Natya,45
Xaviana,45
Canela,45
Eja,45
Kloei,45
Thaliyah,45
Graesyn,45
Micahya,45
Karicia,45
Anacelia,45
Emmiline,45
Melasia,45
Corniya,45
Daryanna,45
Dasiya,45
Galylea,45
Irulan,45
Aleshanee,45
Skky,45
Eryana,45
Arieyanna,45
Sude,45
Smya,45
Kamyria,45
Ranijah,45
Zulmy,45
Lylianah,45
Amishi,45
Gizele,45
Mariaisabella,45
Yeili,45
Alyonna,45
Zarionna,45
Jeeya,45
Caysen,45
Josmary,45
Mariajulia,45
Aubreyann,45
Maaya,45
Zyrihanna,45
Avabelle,45
Aveanna,45
Ellyott,45
Saidie,45
Audiana,45
Loralynn,45
Makinly,45
Jenavecia,45
Demyiah,45
Leamsi,45
Kristabella,45
Shivika,45
Breighlyn,45
Prabhnoor,45
Daraly,45
Adallyn,45
Aleemah,45
Alaeyah,45
Heyab,45
Jasreet,45
Julianys,45
Camoni,45
Elahni,45
Eponine,45
Alanoud,45
Amyna,45
Kahlaya,45
Levee,45
Elaiya,45
Portlyn,45
Rebelle,45
Aynara,45
Araoluwa,45
Anamta,45
Edelweiss,45
Charlierose,45
Thiya,45
Hensleigh,45
Novarae,45
Xenovia,45
Zaviah,45
Roxey,44
Famie,44
Asilee,44
Vader,44
Malvena,44
Ferna,44
Orell,44
Severine,44
Naola,44
Rafelita,44
Delna,44
Idola,44
Oweda,44
Adene,44
Armatha,44
Oleen,44
Ardele,44
Edena,44
Arlyle,44
Ivanelle,44
Genet,44
Lionel,44
Vermel,44
Bety,44
Ortensia,44
Verjean,44
Jurlene,44
Angilee,44
Maryjoan,44
Tempe,44
Pamilla,44
Suzen,44
Regeana,44
Paget,44
Doniece,44
Donnise,44
Sherrilee,44
Rachiel,44
Deboah,44
Ariene,44
Cindylou,44
Ronalyn,44
Laurenda,44
Melynn,44
Dedre,44
Michielle,44
Kelene,44
Sabrenia,44
Latonna,44
Shawnn,44
Tarya,44
Sueanna,44
Eizabeth,44
Kimbrly,44
Celissa,44
Cheryce,44
Rustie,44
Pepsi,44
Tahitia,44
Bridey,44
Latsha,44
Billyjo,44
Candina,44
Lachonda,44
Davana,44
Kiwanda,44
Lakeish,44
Shatanya,44
Shadon,44
Shanthi,44
Habibah,44
Jeremi,44
Rashima,44
Tennisha,44
Rushelle,44
Damarie,44
Vernonica,44
Maneka,44
Tynita,44
Alenia,44
Lekiesha,44
Shekila,44
Utopia,44
Latory,44
Januari,44
Michelleann,44
Nykea,44
Rosheda,44
Sherrae,44
Aleshea,44
Jacenta,44
Nidra,44
Quiona,44
Starrla,44
Brookes,44
Sharieka,44
Dianira,44
Jemika,44
Shametria,44
Hilaree,44
Jaquline,44
Orquidia,44
Tenay,44
Lavasha,44
Allisia,44
Rittany,44
Courntey,44
Sumaira,44
Chanteal,44
Danikka,44
Tearria,44
Teneya,44
Amandah,44
Vlora,44
Bretney,44
Cati,44
Jomary,44
Jaleshia,44
Anjellica,44
Tangina,44
Airielle,44
Champaigne,44
Chealsie,44
Jaszmin,44
Lataija,44
Victoriaann,44
Teerica,44
Floridalma,44
Taquasia,44
Rynesha,44
Ilce,44
Caisey,44
Montaya,44
Aquira,44
Gates,44
Teiona,44
Jamiera,44
Kevianna,44
Vianet,44
Zeila,44
Abreana,44
Kyauna,44
Sajada,44
Daizah,44
Saffire,44
Jailenne,44
Tajiana,44
Talen,44
Talliyah,44
Kijah,44
Samrah,44
Abida,44
Rafa,44
Siany,44
Yakeline,44
Dianny,44
Labiba,44
Loganne,44
Indeya,44
Daiyana,44
Esosa,44
Johnia,44
Mahana,44
Marisleysis,44
Matigan,44
Alaisia,44
Janajah,44
Lakaiya,44
Agathe,44
Jakenya,44
Riese,44
Shadimon,44
Keviona,44
Genaveve,44
Baraah,44
Emmee,44
Amarion,44
Myona,44
Shradha,44
Alaniz,44
Dakodah,44
Jaxen,44
Jennavive,44
Aaliyahmarie,44
Caelia,44
Taniyha,44
Vidushi,44
Chloi,44
Dianelis,44
Jazelynn,44
Ranyiah,44
Zeyda,44
Hewan,44
Nyalah,44
Kalice,44
Keyrin,44
Demyia,44
Hayvn,44
Kalyce,44
Khamiah,44
Parmis,44
Mirrah,44
Annelisse,44
Malae,44
Binah,44
Khamaya,44
Livya,44
Nube,44
Rohan,44
Shanylah,44
Jadayah,44
Neviyah,44
Taitym,44
Xiya,44
Storee,44
Azyia,44
Gihanna,44
Braely,44
Kayleigha,44
Zaiden,44
Kinlea,44
Deonni,44
Jezabell,44
Emalin,44
Adalen,44
Emmari,44
Genysis,44
Khilyn,44
Braelie,44
Lev,44
Logynn,44
Delaylah,44
Elenah,44
Talaiyah,44
Ameliagrace,44
Emlynn,44
Emora,44
Insiyah,44
Liliannah,44
Zyleah,44
Ewaoluwa,44
Itzayani,44
Oakli,44
Asteria,44
Ishaani,44
Jolani,44
Nouri,44
Zaha,44
Empryss,44
Rutila,44
Melahni,44
Teylie,44
Aerolynn,44
Ulanni,44
Chloa,43
Oler,43
Lourena,43
Desdemona,43
Cozie,43
Gypsie,43
Prudencia,43
Rebia,43
Roye,43
Estine,43
Jessiemae,43
Nestora,43
Thella,43
Tsuneko,43
Elgin,43
Miona,43
Coramae,43
Curlee,43
Moyra,43
Etolia,43
Magline,43
Vernabelle,43
Colean,43
Orangie,43
Veralee,43
Cubie,43
Petronia,43
Columba,43
Glossie,43
Bernelle,43
Wonnie,43
Ofa,43
Pita,43
Takeko,43
Soon,43
Dionysia,43
Gennetta,43
Clarese,43
Beverlye,43
Pattsy,43
Sereta,43
Connye,43
Sharilee,43
Jackey,43
Cherylle,43
Redia,43
Karlette,43
Dibbie,43
Voni,43
Kimery,43
Terecita,43
Janni,43
Bennita,43
Chemise,43
Kristye,43
Charito,43
Karilee,43
Taffi,43
Tynnetta,43
Rechell,43
Legina,43
Sharonn,43
Shenette,43
Yavonda,43
Anglique,43
Devida,43
Javan,43
Coronda,43
Mandana,43
Reshawn,43
Jonya,43
Shawona,43
Delishia,43
Tomarra,43
Katrell,43
Meco,43
Maketa,43
Sasheen,43
Quenetta,43
Teuta,43
Yakisha,43
Teashia,43
Tamike,43
Nakaia,43
Taketa,43
Wykesha,43
Latoyya,43
Shareefah,43
Laquette,43
Delinah,43
Nakasha,43
Latea,43
Conisha,43
Shakeshia,43
Amandia,43
Shireka,43
Quintisha,43
Rashonna,43
Liron,43
Meuy,43
Latoyah,43
Shimere,43
Kaala,43
Tikeya,43
Abony,43
Akea,43
Denaye,43
Shabrina,43
Karnesha,43
Nataysha,43
Shavannah,43
Tashelle,43
Presious,43
Yanisha,43
Montinique,43
Diondria,43
Gifty,43
Quinnisha,43
Jametria,43
Jasmond,43
Anquette,43
Chrishell,43
Jhenna,43
Shadaria,43
Kaele,43
Janaea,43
Latazia,43
Titanna,43
Syera,43
Tykeya,43
Ireri,43
Shakiria,43
Treyanna,43
Chadsity,43
Khalyn,43
Loveleen,43
Yamiles,43
Tysheria,43
Dasya,43
Joylin,43
Tahje,43
Mama,43
Shylar,43
Lileana,43
Nikyra,43
Tenaj,43
Ajaysia,43
Dounia,43
Shahadah,43
Arnela,43
Braily,43
Bray,43
Nijha,43
Sadaya,43
Nykera,43
Deovion,43
Janelyn,43
Madasin,43
Mikyra,43
Shiley,43
Tuba,43
Tyajah,43
Nasir,43
Ziann,43
Tionni,43
Yamille,43
Litzzy,43
Keylan,43
Keanah,43
Aonesty,43
Taiba,43
Jakiria,43
Keilan,43
Allysin,43
Nairah,43
Keshanti,43
Aedan,43
Helin,43
Kileah,43
Dalay,43
Jeimi,43
Lanajah,43
Aleny,43
Kahliah,43
Kyriah,43
Micayah,43
Renya,43
Laniaya,43
Metzly,43
Sadieann,43
Saniaa,43
Nazalia,43
Zymia,43
Amanni,43
Dreah,43
Mireyli,43
Nyairah,43
Nakylah,43
Rayahna,43
Suniya,43
Albree,43
Adhithi,43
Sofina,43
Aviel,43
Isioma,43
Camorah,43
Baxley,43
Romaisa,43
Yulie,43
Tyrhianna,43
Arhiana,43
Graisyn,43
Destinii,43
Heavenli,43
Kaylonnie,43
Sabela,43
Callieann,43
Caralena,43
Nylie,43
Izelle,43
Ainzley,43
Joviana,43
Rigley,43
Zaelah,43
Mariahlynn,43
Kruz,43
Pailey,43
Yafa,43
Zimora,43
Ryden,43
Coralyne,43
Lochlynn,43
Garner,43
Evaly,43
Leveah,43
Davinah,43
Anaila,43
Milove,43
Havisha,43
Zelah,43
Armiah,43
Frimmy,43
Wrynn,43
Hollynd,43
Juman,43
Briggs,43
Hinsley,43
Behati,43
Karliee,43
Zayleah,43
Xinyue,43
Hadlynn,43
Bravery,43
Gurnaaz,43
Kaizleigh,43
Ruman,43
Irhaa,43
Sreenika,43
Atenea,43
Arlow,43
Sayesha,43
Eastlyn,43
Milahni,43
Ameela,43
Keloni,43
Zazie,43
Ainoah,43
Luellar,42
Modie,42
Alzenia,42
Idalene,42
Wincie,42
Louvena,42
Gurtie,42
Coye,42
Lazelle,42
Claribelle,42
Omia,42
Felis,42
Maudeen,42
Merva,42
Arlaine,42
Trinie,42
Nadeane,42
Atherine,42
Delphene,42
Rozenia,42
Easther,42
Wilhemena,42
Naydean,42
Avona,42
Dorcie,42
Cedella,42
Felisita,42
Orna,42
Coleene,42
Maralene,42
Marial,42
Warnetta,42
Glenita,42
Marytheresa,42
Sherye,42
Suszanne,42
Sidne,42
Harvetta,42
Denease,42
Marnice,42
Carmenlita,42
Nicoli,42
Annettee,42
Tamye,42
Carre,42
Leaanne,42
Linae,42
Germain,42
Daiquiri,42
Jobi,42
Velissa,42
Patreece,42
Tasa,42
Lashonia,42
Shuana,42
Fabrienne,42
Keiya,42
Myoshi,42
Cherece,42
Gea,42
Makiba,42
Tacoma,42
Edrina,42
Hassana,42
Jeneffer,42
Kizmet,42
Raeshell,42
Shaunell,42
Teasa,42
Shenitha,42
Rotasha,42
Jemica,42
Shantrel,42
Sheleta,42
Taneha,42
Latwana,42
Branwen,42
Caresa,42
Bahati,42
Shikia,42
Jamieann,42
Chenequa,42
Chenique,42
Shannika,42
Shaurice,42
Shawta,42
Inisha,42
Shenel,42
Stefan,42
Sadiyyah,42
Amii,42
Shareda,42
Unica,42
Saraha,42
Sararose,42
Quinton,42
Breannon,42
Chrishanna,42
Elenoa,42
Shinae,42
Kayshia,42
Seqouia,42
Brenden,42
Allise,42
Mylisha,42
Rakita,42
Tzippora,42
Vyvy,42
Jaynae,42
Allyx,42
Asata,42
Porshay,42
Rotem,42
Auja,42
Mang,42
Kiswana,42
Dezare,42
Neasha,42
Roxette,42
Ysamar,42
Latifha,42
Marqueisha,42
Asena,42
Arius,42
Morgon,42
Tyquesha,42
Cirsten,42
Jaalah,42
Briesha,42
Noran,42
Shaian,42
Zurisaday,42
Unkown,42
Abigahil,42
Jorgie,42
Niome,42
Markaya,42
Wardah,42
Pashence,42
Huntyr,42
Cecy,42
Khyia,42
Delijah,42
Aziana,42
Makay,42
Manyah,42
Rhyanne,42
Alleyna,42
Yejin,42
Kenaya,42
Geethika,42
Jimin,42
Maka,42
Jaciana,42
Auralia,42
Yanaira,42
Issys,42
Jiani,42
Kambell,42
Payshence,42
Asharie,42
Nigella,42
Simiya,42
Lailonie,42
Oshyn,42
Rosse,42
Keydy,42
Saraye,42
Tayven,42
Yaresli,42
Allysandra,42
Anisty,42
Heart,42
Kaidee,42
Kelany,42
Samaiah,42
Tyli,42
Juridia,42
Adelayda,42
Jmiyah,42
Humayra,42
Jiannah,42
Kinlyn,42
Persaeus,42
Malanni,42
Rihonna,42
Kolie,42
Narayah,42
Sibella,42
Skylei,42
Alilyana,42
Jenasys,42
Munisa,42
Rosslynn,42
Stellina,42
Dahlyla,42
Eliannie,42
Dziyah,42
Yuzuki,42
Dazariah,42
Pella,42
Paycen,42
Maliyani,42
Aj,42
Keslynn,42
Kaycen,42
Astyn,42
Fariza,42
Ahnylah,42
Eastynn,42
Riylee,42
Anaylah,42
Arabellah,42
Emarosa,42
Lilliani,42
Esmarie,42
Aeriella,42
Benni,42
Sadan,42
Zihan,42
Athenna,42
Elliora,42
Pasleigh,42
Journeii,42
Marlayah,42
Wryn,42
Raelani,42
Anabiya,42
Aelia,42
Melanin,42
Khlani,42
Ason,41
Cappie,41
Lolla,41
Theckla,41
Ervie,41
Orba,41
Lestie,41
Octava,41
Floda,41
Exer,41
Ressa,41
Leafie,41
Gabina,41
Fair,41
Ozelia,41
Viena,41
Cordy,41
Wille,41
Wavel,41
Goldine,41
Denzel,41
Ellnora,41
Gretha,41
Levinia,41
Delone,41
Lucenda,41
Delsia,41
Novell,41
Wilton,41
Orlee,41
Edis,41
Alaire,41
Mavie,41
Floramae,41
Gladene,41
Wylla,41
Donaldeen,41
Selestine,41
Audrene,41
Cosetta,41
Lucey,41
Rhunette,41
Janas,41
Lowanna,41
Jenneth,41
Gwynda,41
Berenda,41
Cressa,41
Konda,41
Chaille,41
Wendella,41
Theresaann,41
Collett,41
Vernitta,41
Janinne,41
Johnese,41
Valynda,41
Karian,41
Sharil,41
Laroyce,41
Youlonda,41
Starlin,41
Colita,41
Taris,41
Grindl,41
Andrae,41
Deanine,41
Demeatrice,41
Laconia,41
Shahna,41
Roula,41
Latreace,41
Mironda,41
Devonya,41
Ronice,41
Chandre,41
Rashele,41
Shontee,41
Danina,41
Kristana,41
Montique,41
Sotiria,41
Tovia,41
Aneatra,41
Makeesha,41
Drita,41
Rokisha,41
Daffany,41
Kashanda,41
Keywanna,41
Jaemi,41
Tyrie,41
Shunika,41
Jamei,41
Jeramie,41
Qadriyyah,41
Cheena,41
Shirita,41
Afshan,41
Shakeyia,41
Shamekka,41
Brandlyn,41
Deonte,41
Latrista,41
Clinique,41
Ebonne,41
Velen,41
Nkechinyere,41
Randilynn,41
Sendi,41
Abrah,41
Lynsy,41
Eileena,41
Krystil,41
Shaunise,41
Sharquita,41
Vannary,41
Dijana,41
Laneesha,41
Nyleen,41
Yodit,41
Alexious,41
Shoniqua,41
Coralia,41
Chalea,41
Kieonna,41
Generra,41
Brittanye,41
Meradith,41
Morriah,41
Joceyln,41
Kortnei,41
Allyshia,41
Janil,41
Merecedes,41
Shaqualla,41
Caity,41
Jalese,41
Kavon,41
Marchae,41
Ryesha,41
Jaleisha,41
Cearia,41
Charlesha,41
Gabreal,41
Kwanisha,41
Shantiqua,41
Caneshia,41
Julisia,41
Tyshanna,41
Glennisha,41
Najja,41
Deeba,41
Jaquela,41
Kelana,41
Samsara,41
Kaitylyn,41
Tymeisha,41
Lakerria,41
Adaobi,41
Hallye,41
Jazmia,41
Kianne,41
Mystica,41
Catiana,41
Dashanay,41
Imalay,41
Thandi,41
Alexies,41
Mijah,41
Dezha,41
Lexxis,41
Astri,41
Kulsoom,41
Kyanah,41
Lataysia,41
Azelin,41
Asana,41
Luzclarita,41
Tahnia,41
Tanaijah,41
Eanna,41
Elizza,41
Qwynn,41
Tajahnae,41
Alegna,41
Shmya,41
Najiah,41
Cithlaly,41
Ranasia,41
Trenady,41
Ajana,41
Yairi,41
Jolei,41
Keitlyn,41
Emilyelizabeth,41
Anureet,41
Reagin,41
Juniya,41
Anamaris,41
Aaliyiah,41
Jakailah,41
Jashya,41
Mridula,41
Dairy,41
Tanley,41
Syara,41
Yanara,41
Lyberty,41
Tatianah,41
Makinnley,41
Taniyla,41
Ayleth,41
Yureli,41
Antaniyah,41
Janessah,41
Teslyn,41
Anevaeh,41
Lamayah,41
Liliany,41
Satvika,41
Zhia,41
Zyrianna,41
Graycin,41
Jezlynn,41
Binti,41
Nayalee,41
Yazlene,41
Marihanna,41
Nazyiah,41
Niamiah,41
Elliya,41
Sarang,41
Sawda,41
Aimen,41
Aubrye,41
Anwesha,41
Jazale,41
Venya,41
Sayani,41
Bellaann,41
Leighlah,41
Samridhi,41
Ameelah,41
Harlequin,41
Jaliyiah,41
Riella,41
Ahavah,41
Lilan,41
Zirah,41
Emuna,41
Zynah,41
Lyllah,41
Charliann,41
Evvy,41
Talaiya,41
Attalie,41
Bawi,41
Kaylanee,41
Annilee,41
Davayah,41
Islarose,41
Jeylani,41
Sailer,41
Aiylah,41
Rhyla,41
Huxlee,41
Anahia,41
Quinnleigh,41
Addiline,41
Auree,41
Mellani,41
Mileva,41
Aaravi,41
Laklyn,41
Aksha,41
Kalonni,41
Ineza,41
Avianni,41
Brexleigh,41
Dehlani,41
Haizleigh,41
Kulture,41
Manervia,40
Marilda,40
Tollie,40
Idah,40
Burley,40
Alfaretta,40
Impi,40
Burlie,40
Esteller,40
Ardalia,40
Wilva,40
Drexel,40
Musetta,40
Mayzell,40
Arleane,40
Faynell,40
Yukiye,40
Dymple,40
Genivieve,40
Edwarda,40
Vernalee,40
Leaster,40
Thema,40
Fredie,40
Sunda,40
Clera,40
Dorrace,40
Marteen,40
Theron,40
Iwana,40
Coeta,40
Donzetta,40
Lorainne,40
Starley,40
Labarbara,40
Janellen,40
Charmaigne,40
Lynnanne,40
Reenie,40
Lendia,40
Suzonne,40
Marlyse,40
Geneice,40
Sylinda,40
Tancy,40
Teressia,40
Beni,40
Donny,40
Levonda,40
Zipora,40
Isolina,40
Ulrike,40
Jacqline,40
Seresa,40
Kricket,40
Timolin,40
Lyrae,40
Quanah,40
Karryn,40
Shuron,40
Sherone,40
Dynette,40
Janon,40
Melecia,40
Chawn,40
Yavette,40
Jalanda,40
Stefenie,40
Bernina,40
Deshun,40
Cynnamon,40
Shandolyn,40
Snezana,40
Shawon,40
Tanyetta,40
Gordana,40
Christey,40
Dejuan,40
Ilicia,40
Kartina,40
Kalita,40
Sophelia,40
Trinell,40
Genaya,40
Badia,40
Dekeisha,40
Shaunya,40
Brittina,40
Rayza,40
Tranell,40
Uzoamaka,40
Damitra,40
Nykisha,40
Amelinda,40
Annique,40
Donecia,40
Lekeysha,40
Shalonna,40
Lareisha,40
Lymari,40
Mariatheresa,40
Nickita,40
Marleana,40
Mareka,40
Nykita,40
Mber,40
Shaniel,40
Sharmika,40
Anglica,40
Rhawnie,40
Tyasha,40
Merika,40
Sarajo,40
Sephra,40
Kahlila,40
Chandal,40
Vesenia,40
Enisha,40
Jesselynn,40
Jessicalee,40
Lindita,40
Auren,40
Deyla,40
Kaomi,40
Phalyn,40
Santeria,40
Takea,40
Cyntoria,40
Sammijo,40
Shanetria,40
Sheeva,40
Trenecia,40
Andreika,40
Stphanie,40
Vanessamarie,40
Misato,40
Lauraashley,40
Mariele,40
Cairra,40
Semhar,40
Biancia,40
Jaquise,40
Juliea,40
Kashe,40
Kyrsti,40
Lital,40
Quintera,40
Lakan,40
Hadiyyah,40
Lakeira,40
Quineisha,40
Keerica,40
Davesha,40
Tayshia,40
Nikolle,40
Sisilia,40
Beija,40
Kyasha,40
Kanwal,40
Niloufar,40
Denasha,40
Tieraney,40
Busra,40
Cadesha,40
Siarrah,40
Itcel,40
Genises,40
Qadirah,40
Tyonia,40
Daijia,40
Allondra,40
Gohar,40
Macalah,40
Annikka,40
Faina,40
Odali,40
Gitanjali,40
Zorria,40
Freidy,40
Micahla,40
Calyx,40
Chylee,40
Hinako,40
Mikayli,40
Tykeira,40
Anneleise,40
Daiona,40
Raimey,40
Yosseline,40
Zainub,40
Patzy,40
Jedidiah,40
Allexia,40
Emyly,40
Yaquelyn,40
Gianelly,40
Breece,40
Chriselle,40
Maleyna,40
Yaelin,40
Anaely,40
Ilwad,40
Kayliyah,40
Sameya,40
Aliandra,40
Syniya,40
Temilola,40
Andralyn,40
Clayre,40
Floriana,40
Emaria,40
Ibukunoluwa,40
Maclaren,40
Maliyha,40
Makiaya,40
Kiralynn,40
Aalayna,40
Aryian,40
Symaria,40
Symya,40
Yasaira,40
Hiromy,40
Jaklynn,40
Zinaya,40
Genavee,40
Lashiya,40
Nayomie,40
Zyeria,40
Pryce,40
Samuela,40
Camyia,40
Jorjia,40
Kadidja,40
Betzi,40
Yaretsy,40
Aivree,40
Caydince,40
Chedva,40
Xienna,40
Jazariyah,40
Nialani,40
Izariah,40
Miliany,40
Adysin,40
Haiti,40
Lilyani,40
Rokaya,40
Yunalesca,40
Jennavicia,40
Lilyen,40
Ziham,40
Joplyn,40
Purpose,40
Chastelin,40
Emmasophia,40
Nivriti,40
Khepri,40
Paylen,40
Raighan,40
Zaphira,40
Marietou,40
Pippin,40
Javeyah,40
Eryss,40
Danari,40
Nyomii,40
Erioluwa,40
Jemmah,40
Audreigh,40
Evaya,40
Taiyari,40
Aroosh,40
Ivani,40
Ariebella,40
Izna,40
Arri,40
Auriyah,40
Avett,40
Rocket,40
Yasina,40
Jhenesis,40
Lagertha,40
Zirwa,40
Elowynn,40
Manelyk,40
Solvi,40
Madani,40
Damie,39
Elpha,39
Virlie,39
Zillie,39
Flossy,39
Luevina,39
Margueriete,39
Chrystelle,39
Leetha,39
Tatsuko,39
Mitsuyo,39
Wannie,39
Veramae,39
Leeola,39
Earther,39
Benina,39
Tenny,39
Audrae,39
Fela,39
Kerma,39
Willemina,39
Brona,39
Vernese,39
Eldeen,39
Ermalene,39
Jobyna,39
Natica,39
Marchita,39
Jackaline,39
Levone,39
Feona,39
Sherianne,39
Sherrianne,39
Patricha,39
Jayn,39
Mikelyn,39
Donene,39
Nelsa,39
Marcita,39
Bradford,39
Delee,39
Roschell,39
Kiz,39
Meschelle,39
Daronda,39
Deedre,39
Kemberley,39
Tangerine,39
Christienne,39
Larona,39
Kimly,39
Loresa,39
Quan,39
Annesa,39
Shonnette,39
Sony,39
Talithia,39
Shonetta,39
Tremayne,39
Crystaline,39
Dawnyell,39
Rushell,39
Sarada,39
Cantina,39
Katika,39
Timaka,39
Damion,39
Janeia,39
Mistydawn,39
Cambra,39
Lachana,39
Mamta,39
Tamonica,39
Derick,39
Kamecia,39
Manica,39
Tandria,39
Brandeis,39
Tavara,39
Kashima,39
Meridyth,39
Shawnah,39
Fanisha,39
Teneal,39
Aminda,39
Makeia,39
Shamaka,39
Lastarr,39
Naiesha,39
Natile,39
Zakiyya,39
Shahnaz,39
Triniece,39
Lashaunna,39
Ronata,39
Nijia,39
Taleena,39
Achel,39
Caycie,39
Eunise,39
Mey,39
Raylena,39
Tarran,39
Danara,39
Mariade,39
Aliecia,39
Sancia,39
Chinda,39
Sarahjean,39
Branigan,39
Lasey,39
Kentoria,39
Vanezza,39
Temitayo,39
Karitza,39
Shalyce,39
Kristinamarie,39
Chantall,39
Shacole,39
Katlynd,39
Malery,39
Keyannah,39
Shamiqua,39
Emilye,39
Joree,39
Sarahmae,39
Zisel,39
Cyre,39
Basmah,39
Prianka,39
Sashae,39
Thuytien,39
Javonte,39
Mikale,39
Breanca,39
Carneisha,39
Shelbye,39
Yesmeen,39
Analecia,39
Catrin,39
Marizza,39
Oshay,39
Lizbette,39
Mauresha,39
Shanaria,39
Joshalynn,39
Kiamber,39
Zerena,39
Kiabeth,39
Aleise,39
Keshae,39
Tateana,39
Kashyra,39
Hager,39
Markaila,39
Tybria,39
Cassedy,39
Nourhan,39
Tasja,39
Nimrah,39
Ruchika,39
Aanisah,39
Jewelisa,39
Ashunte,39
Jesmarie,39
Sabrinah,39
Sindel,39
Hevyn,39
Mersaydes,39
Zikia,39
Jaelan,39
Kaylissa,39
Niveen,39
Alyaa,39
Armari,39
Tayiah,39
Itaty,39
Isiss,39
Jariel,39
Kendyle,39
Aidia,39
Tomiya,39
Anjalie,39
Karsin,39
Tahiya,39
Jakalya,39
Lamarria,39
Torionna,39
Akiria,39
Brenasia,39
Hady,39
Janieya,39
Kumba,39
Madolynn,39
Janhavi,39
Torren,39
Kayliann,39
Nephtalie,39
Alaijha,39
Aneesia,39
Narali,39
Tulia,39
Neleah,39
Jakobi,39
Italie,39
Iselle,39
Bracie,39
Emra,39
Makyrah,39
Spoorthi,39
Torance,39
Kanaiya,39
Isia,39
Kalyana,39
Nivedha,39
Akaia,39
Amyree,39
Saelah,39
Seriya,39
Caryss,39
Jaeana,39
Jacelle,39
Jensy,39
Makayden,39
Hopelyn,39
Kalliyan,39
Siniah,39
Zarela,39
Anuva,39
Jenelly,39
Azareya,39
Cniya,39
Dafnee,39
Yenna,39
Alevia,39
Jyanna,39
Aynslie,39
Laihla,39
Alythia,39
Rhylea,39
Shiffy,39
Adoniah,39
Janariah,39
Zalie,39
Eriah,39
Holdyn,39
Jakailyn,39
Yashasvi,39
Yaheli,39
Aldana,39
Azira,39
Furaha,39
Karliyah,39
Sylah,39
Jazzleen,39
Palynn,39
Malk,39
Islee,39
Jessabella,39
Reiya,39
Silah,39
Ceriyah,39
Ellody,39
Yaara,39
Faya,39
Adriela,39
Alliannah,39
Jaelianna,39
Addaley,39
Aubreeanna,39
Noomi,39
Zaniylah,39
Ilayah,39
Tynsley,39
Arriya,39
Jaydelin,39
Safi,39
Amorra,39
Azaylee,39
Evyana,39
Goodness,39
Qirat,39
Jhournee,39
Kalanni,39
Macelynn,39
Surveen,39
Crystianna,39
Riyaq,39
Saanjh,39
Meylani,39
Yeilani,39
Neylani,39
Yinuo,39
Sayyora,39
Cahlani,39
Lakeleigh,39
Vihaana,39
Jhavia,39
Jhream,39
Neppie,38
Pink,38
Otta,38
Ethna,38
Perlina,38
Euda,38
Siiri,38
Garnie,38
Cula,38
Occie,38
Verva,38
Bertilla,38
Halene,38
Mayfred,38
Katharyne,38
Runelle,38
Glatha,38
Norean,38
Auline,38
Beauton,38
Geneta,38
Rexie,38
Farrel,38
Maryette,38
Gleneva,38
Reaver,38
Beneva,38
Mervin,38
Evagene,38
Heddie,38
Lutha,38
Jesie,38
Delfa,38
Vedia,38
Coletha,38
Janaan,38
Vonice,38
El,38
Meridel,38
Ernell,38
Bronna,38
Charolotte,38
Seretta,38
Sharyle,38
Beverli,38
Rainell,38
Vandetta,38
Manina,38
Laima,38
Canice,38
Kath,38
Tiina,38
Stephney,38
Sherrylynn,38
Tonoa,38
Domita,38
Emelinda,38
Melesia,38
Tammyjo,38
Latita,38
Brana,38
Cezanne,38
Dannett,38
Delon,38
Charmen,38
Venesia,38
Neco,38
Catonya,38
Nilka,38
Kwame,38
Latacia,38
Stacha,38
Charesse,38
Sedina,38
Nickki,38
Hidie,38
Aricia,38
Labreeska,38
Terell,38
Kinyetta,38
Bobbiejean,38
Jennnifer,38
Salema,38
Chariss,38
Ebecca,38
Leshanda,38
Kieshia,38
Temeshia,38
Lakiska,38
Sharity,38
Lakish,38
Tivona,38
Jaimelyn,38
Sheeba,38
Ayrica,38
Jee,38
Mickela,38
Sheindel,38
Sonrisa,38
Zachery,38
Kwanita,38
Myshia,38
Nakishia,38
Nikema,38
Shantrelle,38
Fatemeh,38
Chrstina,38
Crysal,38
Raneka,38
Antranette,38
Shahada,38
Shanoa,38
Soheila,38
Kennetra,38
Chamere,38
Lastar,38
Nasheka,38
Brandt,38
Arteria,38
Binh,38
Raffinee,38
Damber,38
Aquisha,38
Tykeia,38
Anishia,38
Vickiana,38
Ashelee,38
Cheng,38
Brittnea,38
Lakrystal,38
Quintoria,38
Shekeria,38
Kaprisha,38
Jessicka,38
Anilu,38
Chinna,38
Jasmie,38
Marquisia,38
Dejonae,38
Naporsha,38
Avante,38
Senait,38
Kishawna,38
Erianne,38
Kenysha,38
Maikou,38
Breonca,38
Aryal,38
Cerah,38
Destoni,38
Jassmyn,38
Taquira,38
Chavely,38
Dashai,38
Aunyae,38
Daniely,38
Malyka,38
Talore,38
Tiffanyamber,38
Markeyla,38
Keishauna,38
Nashely,38
Antiana,38
Breshauna,38
Healy,38
Brieona,38
Imahni,38
Sabri,38
Shaelynne,38
Tommia,38
Dymone,38
Leisly,38
Aleasia,38
Sanjida,38
Hannahlee,38
Shaleya,38
Baraa,38
Yisela,38
Meraiah,38
Ayman,38
Brenay,38
Cedria,38
Yarisel,38
Gillianne,38
Jykeria,38
Thaliah,38
Thienkim,38
Zitlalli,38
Samarya,38
Sussy,38
Shion,38
Jarelys,38
Regann,38
Shanija,38
Aayanna,38
Cytlali,38
Manning,38
Treniti,38
Littzy,38
Gabija,38
Kemily,38
Nyirah,38
Mayle,38
Evyenia,38
Jiliana,38
Tasiana,38
Temya,38
Yeslie,38
Abyan,38
Mikenzy,38
Sahniya,38
Honoka,38
Jeimmy,38
Zhaniyah,38
Filza,38
Hadya,38
Issabel,38
Miyabi,38
Rinna,38
Yolet,38
Miha,38
Jaili,38
Janeisy,38
Mckinney,38
Sheyly,38
Ramyia,38
Itta,38
Jaleaha,38
Yarexy,38
Zyanah,38
Maive,38
Ziarah,38
Meritxell,38
Rui,38
Takylah,38
Vannya,38
Malonni,38
Rhaniya,38
Yaelle,38
Alaythia,38
Deriah,38
Haby,38
Izara,38
Kendry,38
Gerren,38
Evelett,38
Natilyn,38
Zayde,38
Aubriona,38
Emirah,38
Javianna,38
Moo,38
Bia,38
Nyarai,38
Reynah,38
Sofiyah,38
Ziqi,38
Brees,38
Lyndin,38
Bryndal,38
Chesleigh,38
Jhourni,38
Addelynne,38
Amitiel,38
Charlianne,38
Ayelene,38
Xophia,38
Millian,38
Iylee,38
Josiana,38
Mackenlee,38
Ryelyn,38
Zaleyah,38
Sifa,38
Svana,38
Breklynn,38
Kataliyah,38
Adilena,38
Amillianna,38
Calisi,38
Aarshi,38
Azmariah,38
Bellaluna,38
Sanvitha,38
Mateo,38
Gracely,38
Valentyna,38
Hadelyn,38
Charlotterose,38
Roze,38
Avanya,38
Ferryn,38
Ahriah,38
Ameina,38
Sare,38
Maelynne,38
Vedhika,38
Arshika,38
Burkleigh,38
Adesewa,38
Eilani,38
Bodie,38
Stellaluna,38
Zyva,38
Mayva,38
Sylvanas,38
Bexlie,38
Taishmara,38
Jayloni,38
Kehlanii,38
Ozzy,38
Lovisa,37
Cilla,37
Nelie,37
Meddie,37
Dicey,37
Odia,37
Nebraska,37
Icle,37
Christobel,37
Honoria,37
Lennice,37
Luzetta,37
Vyola,37
Uldene,37
Captolia,37
Creda,37
Delphie,37
Glodine,37
Marceille,37
Chona,37
Clide,37
Rhelda,37
Alvada,37
Alliemae,37
Margary,37
Olee,37
Orletta,37
Carnation,37
Saveria,37
Vyvyan,37
Elrose,37
Rubell,37
Mercedese,37
Madrid,37
Waldene,37
Crusita,37
Waunda,37
Armenda,37
Marcellia,37
Geretha,37
Cornellia,37
Sydel,37
Maryrita,37
Rethia,37
Evangline,37
Aubra,37
Betteann,37
Maralynn,37
Wyonna,37
Rexene,37
Zee,37
Laquata,37
Mikie,37
Carolinda,37
Juliaann,37
Melode,37
Raenelle,37
Franchester,37
Druann,37
Mini,37
Debroha,37
Doresa,37
Jackquelin,37
Robine,37
Jatana,37
Veranda,37
Wanakee,37
Marinette,37
Deani,37
Emese,37
Shelleen,37
Dandre,37
Krist,37
Montica,37
Taundra,37
Timeko,37
Kathlena,37
Charlin,37
Michelee,37
Jayson,37
Romonica,37
Shilonda,37
Latwanda,37
Earica,37
Travonda,37
Tiffinay,37
Shawndee,37
Fania,37
Kianga,37
Cameisha,37
Sakita,37
Kiriaki,37
Sharletta,37
Tyhesia,37
Catasha,37
Chelita,37
Denedra,37
Talesa,37
Ticey,37
Yosha,37
Nakida,37
Shanitta,37
Tenica,37
Chakakhan,37
Tamitra,37
Cha,37
Chereka,37
Kashunda,37
Ilima,37
Rameka,37
Latorra,37
Raheema,37
Sheneeka,37
Formeka,37
Lashekia,37
Tysa,37
Ikisha,37
Taquanda,37
Keneesha,37
Shantey,37
Sheka,37
Jeannete,37
Krishelle,37
Lashera,37
Shareika,37
Chesa,37
Allissia,37
Britanya,37
Koriann,37
Larika,37
Lavasia,37
Xanthia,37
Ricole,37
Bhavna,37
Phalon,37
Orielle,37
Thuong,37
Rupinder,37
Hollen,37
Stafanie,37
Grabriela,37
Rychelle,37
Zachariah,37
Karynne,37
Keomi,37
Aubyn,37
Raelena,37
Nyya,37
Shanaz,37
Analisha,37
Jennarae,37
Kaddie,37
Nabihah,37
Lynzey,37
Jynelle,37
Yenia,37
Kalyne,37
Mikila,37
Alexix,37
Lashyra,37
Chenice,37
Fion,37
Jaquira,37
Khusbu,37
Breonda,37
Devanna,37
Mlynn,37
Victorianna,37
Brenesha,37
Chealsy,37
Jc,37
Johnise,37
Tynequa,37
Rickel,37
Diamonde,37
Jasmynne,37
Anyssia,37
Khadjah,37
Atyana,37
Tyshonna,37
Cortland,37
Tyteana,37
Chely,37
Tatyania,37
Aliera,37
Denaysha,37
Dilpreet,37
Joiya,37
Lexius,37
Marivi,37
Breighanna,37
Alexxys,37
Dajanai,37
Kattya,37
Destinye,37
Kayja,37
Niha,37
Taiyah,37
Maykala,37
Kadaisha,37
Aulii,37
Keiani,37
Taleaha,37
Ekko,37
Morrighan,37
Natiyah,37
Skylyr,37
Toriah,37
Makalie,37
Navleen,37
Sunflower,37
Jhayda,37
Ridwan,37
Danixa,37
Yamiled,37
Katrielle,37
Ahlyssa,37
Christlyn,37
Dynesty,37
Jasel,37
Linett,37
Lizveth,37
Breeza,37
Jaza,37
Kamaia,37
Lajayla,37
Madissyn,37
Raynna,37
Zhariah,37
Shaylei,37
Ekram,37
Elisah,37
Jenaiya,37
Tanveer,37
Tyyanna,37
Cyanni,37
Nakhiya,37
Reace,37
Mekhiya,37
Esabelle,37
Kameya,37
Lizmar,37
Quiniya,37
Raevynn,37
Samerah,37
Camily,37
Rocelyn,37
Haeun,37
Julianni,37
Klarke,37
Goretti,37
Milie,37
Alezay,37
Bronwynn,37
Hiley,37
Kaylanna,37
Alexiyah,37
Jaiyda,37
Sureya,37
Tylaya,37
Keylly,37
Lexiann,37
Brenyn,37
Ezaria,37
Nyarah,37
Calder,37
Rakhia,37
Evalyna,37
Mahiyah,37
Shayera,37
Tziry,37
Neariah,37
Kaliyana,37
Chariya,37
Pressly,37
Aeralynn,37
Aydriana,37
Jionna,37
Nuriah,37
Jaleiya,37
Alyena,37
Auroara,37
Giahna,37
Trillian,37
Amiryah,37
Hylee,37
Sifan,37
Berkli,37
Malila,37
Aset,37
Rozalie,37
Heldana,37
Makenzii,37
Emalyne,37
Abyssinia,37
Arayiah,37
Birkley,37
Noureen,37
Avenley,37
Yalexi,37
Murphee,37
Charlytte,37
Khawla,37
Larsyn,37
Swecha,37
Adiela,37
Zeyah,37
Anarah,37
Jessalee,37
Sistine,37
Adileigh,37
Evren,37
Aurbree,37
Rushda,37
Adaliyah,37
Ayviana,37
Reeves,37
Ayveri,37
Samreet,37
Ameelia,37
Seras,37
Jeshia,37
Heavenlyjoy,37
Halani,37
Anahat,37
Nelya,37
Kainaat,37
Naleya,37
Cevyn,37
Blodwen,36
Lomie,36
Viletta,36
Quillie,36
Dorthe,36
Madella,36
Yonnie,36
Flarence,36
Milbrey,36
Luceille,36
Martell,36
Altamae,36
Mildrid,36
Milada,36
Piney,36
Ermaline,36
Lulabell,36
Haruyo,36
Madlene,36
Venitta,36
Wardell,36
Ruthelma,36
Odene,36
Alvesta,36
Clarcie,36
Earlen,36
Athel,36
Maydene,36
Nasaria,36
Talmadge,36
Ordella,36
Concepsion,36
Asie,36
Alzira,36
Laveeda,36
Lo,36
Princie,36
Theada,36
Kathaline,36
Darliene,36
Ruthmarie,36
Vontella,36
Earldean,36
Wardine,36
Rhodora,36
Dixielee,36
Daveen,36
Ermila,36
Joretha,36
Sallyjo,36
Jeralee,36
Karyle,36
Merriann,36
Beneta,36
Ritaann,36
Frani,36
Alynda,36
Darelene,36
Amoret,36
Lavenda,36
Doren,36
Valri,36
Duska,36
Avra,36
Barbe,36
Doncella,36
Dedorah,36
Garcia,36
Dariene,36
Deedie,36
Gerardette,36
Clintonia,36
Sylvette,36
Anthia,36
Renona,36
Sundie,36
Bridgetta,36
Tamerah,36
Dette,36
Tundra,36
Sioban,36
Tangla,36
Anjanetta,36
Anjie,36
Shirene,36
Tennia,36
Valonda,36
Tialisa,36
Milissia,36
Arnissa,36
Keba,36
Jenniver,36
Alisande,36
Vernicia,36
Gretchin,36
Remonica,36
Shauntina,36
Sherray,36
Taramarie,36
Attica,36
Heathr,36
Lakietha,36
Merriah,36
Monecia,36
Ashonda,36
Lakema,36
Trinice,36
Hilery,36
Rubicela,36
Lakiva,36
Shekena,36
Femi,36
Calida,36
Iiesha,36
Rasheta,36
Tynishia,36
Chavone,36
Muneera,36
Sesha,36
Trimeka,36
Caitilin,36
Tramika,36
Kathiria,36
Ratisha,36
Rokeisha,36
Ronada,36
Deonta,36
Christanna,36
Tifanee,36
Andraea,36
Shanteka,36
Abbra,36
Marlem,36
Shameia,36
Nicoleta,36
Tannaz,36
Ramisha,36
Kealoha,36
Litia,36
Lyndse,36
Quatesha,36
Hugo,36
Rosheena,36
Kimbre,36
Chao,36
Chavelle,36
Mariessa,36
Raquita,36
Meghaan,36
Kashonna,36
Ronecia,36
Chastine,36
Jahmila,36
Shanterra,36
Canon,36
Kashea,36
Laterika,36
Sierre,36
Sumana,36
Tashaun,36
Shanovia,36
Kerena,36
Rickeisha,36
Lashonte,36
Zennia,36
Dontia,36
Kanosha,36
Fatme,36
Joelisa,36
Jourdain,36
Chinasa,36
Desrae,36
Gizzel,36
Sumara,36
Antanique,36
Danysha,36
Maricza,36
Devonta,36
Shadiya,36
Nabeela,36
Jimmia,36
Ashae,36
Elainey,36
Megana,36
Quinasia,36
Nadin,36
Shaiya,36
Tatyona,36
Lexes,36
Keshawnna,36
Ciona,36
Deianira,36
Jahnelle,36
Selenna,36
Adrianny,36
Tramia,36
Macady,36
Rhyannon,36
Daejanae,36
Hermon,36
Seydi,36
Shanelly,36
Allaura,36
Dejiah,36
Breaja,36
Haleyann,36
Nakala,36
Madysson,36
Haleah,36
Antanae,36
Kail,36
Khadidja,36
Maitreyi,36
Sucely,36
Taleiah,36
Zahia,36
Jacyn,36
Abirami,36
Yackelin,36
Graison,36
Madilin,36
Rakya,36
Sujeily,36
Yuleidi,36
Carlasia,36
Daela,36
Kallia,36
Aislynne,36
Malaikah,36
Heera,36
Jekayla,36
Dezmarie,36
Endiyah,36
Patiance,36
Aribah,36
Lanaia,36
Oluwatobiloba,36
Preksha,36
Zander,36
Amillian,36
Caydin,36
Dalaysha,36
Mekah,36
Sarisha,36
Yanixa,36
Aileth,36
Asyiah,36
Remiyah,36
Rozlin,36
Taigen,36
Yojana,36
Amahni,36
Ratzy,36
Morea,36
Pipper,36
Airalyn,36
Aponi,36
Aubrianah,36
Jeziah,36
Oliviyah,36
Mawa,36
Chumy,36
Davinna,36
Marlasia,36
Layten,36
Naylanie,36
Surenity,36
Anoop,36
Ayelin,36
Davaya,36
Melinah,36
Sophey,36
Anuoluwa,36
Dalaila,36
Yiran,36
Tarajii,36
Zanariah,36
Isana,36
Journye,36
Aaiza,36
Avalyse,36
Olyviah,36
Lilyah,36
Layelle,36
Mays,36
Natilynn,36
Leeonna,36
Harseerat,36
Mahveen,36
Zoel,36
Evyanna,36
Kynnleigh,36
Mabree,36
Jonier,36
Fotima,36
Parizoda,36
Zaaliyah,36
Adiline,36
Jaylany,36
Khaylani,36
Iliya,36
Prescott,36
Auriya,36
Kopelynn,36
Peneloperose,36
Tirenioluwa,36
Amelah,36
Aubreyrose,36
Jailei,36
Ridlee,36
Urenna,36
Royalle,36
Maiven,36
Luthien,36
Payzleigh,36
Viyana,36
Witten,36
Ayomi,36
Elizabethrose,36
Kahmila,36
Zikra,36
Revan,36
Amanah,36
Souline,36
Honorine,35
Trinnie,35
Almerinda,35
Leoria,35
Oren,35
Hadie,35
Arzetta,35
Kiyono,35
Marguriette,35
Merceda,35
Luecile,35
Brooxie,35
Edelle,35
Nicholina,35
Olea,35
Inamae,35
Dathel,35
Shizuka,35
Comilla,35
Rheva,35
Arthenia,35
Neomie,35
Olis,35
Sakaye,35
Virgiline,35
Merel,35
Idris,35
Roene,35
Glendean,35
Demple,35
Oudia,35
Maridell,35
Rejeanne,35
Maryel,35
Vernetha,35
Angelean,35
Sirley,35
Ok,35
Merridy,35
Rennette,35
Joneen,35
Marlayne,35
Doneva,35
Gayann,35
Satira,35
Devie,35
Marte,35
Delynne,35
Beki,35
Claresa,35
Gelinda,35
Darragh,35
Marshelia,35
Pamale,35
Sharmen,35
Ralinda,35
Andrella,35
Shawney,35
Sylivia,35
Lolitta,35
Anegla,35
Dondria,35
Tewanda,35
Kimothy,35
Monday,35
Ursela,35
Deron,35
Nacy,35
Kimbelry,35
Kyshia,35
Kellea,35
Saeeda,35
Tifney,35
Schwanna,35
Thembi,35
Conswello,35
Dawan,35
Yesina,35
Neile,35
Uraina,35
Nashanda,35
Vontrice,35
Felichia,35
Nitra,35
Neketa,35
Ashantay,35
Chantra,35
Tamaki,35
Tanitra,35
Ylenia,35
Luchana,35
Zendre,35
Shema,35
Ramika,35
Shontaye,35
Rasheed,35
Neetu,35
Lameika,35
Tanjanika,35
Jillena,35
Efthimia,35
Keydra,35
Anndria,35
Anavel,35
Arynne,35
Takeyia,35
Tashieka,35
Tyrae,35
Wisteria,35
Cortnei,35
Amneris,35
Antoya,35
Charia,35
Saquita,35
Lensey,35
Mirsa,35
Vallen,35
Karenda,35
Lakeema,35
Nineveh,35
Sephanie,35
Starkesha,35
Luisanna,35
Rasheika,35
Delacey,35
Kejuana,35
Shylene,35
Malari,35
Yarenis,35
Shaneria,35
Tuongvi,35
Jomara,35
Sheema,35
Racquell,35
Janyll,35
Kyre,35
Kristara,35
Weatherly,35
Holliann,35
Segen,35
Chazlynn,35
Yanelys,35
Jarrica,35
Tijera,35
Breshawn,35
Rodnika,35
Devondra,35
Elsha,35
Kaitlee,35
Kaylaa,35
Laquaisha,35
Preya,35
Rabeka,35
Shalynne,35
Shantavious,35
Symba,35
Emilse,35
Lashanique,35
Dashara,35
Quadira,35
Chazmine,35
Jeaneth,35
Kiaundra,35
Lakiera,35
Kd,35
Kentavia,35
Kavonna,35
Supreet,35
Tieler,35
Achante,35
Deici,35
Kadasha,35
Maurielle,35
Vanida,35
Marymar,35
Brionnah,35
Synclaire,35
Kierney,35
Faviana,35
Alexuis,35
Rakira,35
Nadeja,35
Shadaja,35
Kitanna,35
Kimana,35
Azja,35
Cyarra,35
Jhoseline,35
Kiahra,35
Reauna,35
Yensi,35
Heven,35
Jaynah,35
Jaire,35
Jameira,35
Marrin,35
Melly,35
Tamaia,35
Adalys,35
Caely,35
Kalaina,35
Miaja,35
Rhionna,35
Yujin,35
Tahniya,35
Calixta,35
Khania,35
Nijay,35
Yamillet,35
Fathia,35
Jemiya,35
Latrinity,35
Ryle,35
Toniah,35
Yaneri,35
Apsara,35
Jahmiah,35
Jamauria,35
Analuiza,35
Faisa,35
Abriah,35
Anuhya,35
Eniah,35
Irelan,35
Leiny,35
Luisafernanda,35
Vesa,35
Dijonay,35
Aalisha,35
Delaini,35
Emmaley,35
Airionna,35
Dmaya,35
Sanaah,35
Zeyla,35
Yasirah,35
Jenely,35
Keylyn,35
Sakiah,35
Akaylia,35
Reyhan,35
Sahib,35
Tuscany,35
Genevy,35
Kawaii,35
Ruqayah,35
Carlysia,35
Emyla,35
Markaylah,35
Xiomari,35
Tylashia,35
Desiyah,35
Saryia,35
Dayany,35
Ryannah,35
Adannaya,35
Ahleena,35
Daylia,35
Lanaiyah,35
Rayhanna,35
Yumalai,35
Brizia,35
Alexssa,35
Zaydi,35
Lali,35
Savea,35
Adorabella,35
Ahlanna,35
Camyiah,35
Ginessa,35
Hifza,35
Kamberlyn,35
Saniyha,35
Skylaa,35
Zuhra,35
Azirah,35
Rileyanne,35
Yanieliz,35
Noori,35
Pranita,35
Astara,35
Iverson,35
Layleigh,35
Shastelyn,35
Adylyn,35
Jian,35
Promyce,35
Amirykal,35
Ryleighann,35
Addisin,35
Kylaya,35
Ariee,35
Maraiya,35
Shiphrah,35
Jorley,35
Sayumi,35
Caisyn,35
Dhatri,35
Kalanii,35
Pace,35
Rheia,35
Tzivy,35
Adylen,35
Nayvi,35
Jayceon,35
Epic,35
Maruska,35
Rocklynn,35
Avaia,35
Azalaya,35
Jaylanis,35
Ellyette,35
Maedot,35
Rithvika,35
Emerii,35
Sutter,35
Gurseerat,35
Joule,35
Julani,35
Meilanie,35
Roqaya,35
Scarlytt,35
Dalarie,35
Raheel,35
Emerleigh,35
Layoni,35
Oaklea,35
Arialynn,35
Hazael,35
Remeigh,35
Iveigh,35
Aizel,35
Zalani,35
Malaynah,35
Rawlings,35
Gertrud,34
Hixie,34
Violar,34
Beedie,34
Ovell,34
Goldena,34
Louraine,34
Madgelene,34
Anges,34
Doy,34
Sumako,34
Doramae,34
Virtue,34
Novel,34
Verneil,34
Eleta,34
Clyta,34
Maline,34
Truby,34
Lucelle,34
Mac,34
Vinnia,34
Armetha,34
Vyolette,34
Dauphine,34
Ethelee,34
Chisato,34
Lodena,34
Herlene,34
Willett,34
Noveline,34
Rometta,34
Lafrances,34
Gloretta,34
Jerleen,34
Joen,34
Monalee,34
Valle,34
Loisteen,34
Elenita,34
Garie,34
Corolyn,34
Marycarol,34
Ruthi,34
Allida,34
Dlorah,34
Delcine,34
Bethe,34
Leellen,34
Guadelupe,34
Steva,34
Wandalyn,34
Daryla,34
Yma,34
Tery,34
Cindylee,34
Vaune,34
Vannette,34
Ketti,34
Linita,34
Babby,34
Lechia,34
Dalea,34
Vandi,34
Jeniene,34
Ltonya,34
Dinetta,34
Joddie,34
Neeve,34
Angenetta,34
Lalinda,34
Starlite,34
Gana,34
Jwana,34
Rosaelia,34
Lytonia,34
Shanann,34
Toka,34
Katonia,34
Shanlee,34
Jurea,34
Aretina,34
Gretchan,34
Susanah,34
Daedra,34
Jequetta,34
Tawaina,34
Latarcha,34
Santasha,34
Ahsaki,34
Aniece,34
Ayeesha,34
Lashema,34
Olufunmilayo,34
Lashondria,34
Nefretiri,34
Tosheba,34
Camas,34
Chauntell,34
Jatina,34
Swanzetta,34
Charryse,34
Yancey,34
Tavita,34
Latrivia,34
Terrelle,34
Denille,34
Tremika,34
Mandilyn,34
Shiloe,34
Hafeezah,34
Jaquelina,34
Nateshia,34
Shatema,34
Shaundria,34
Taleesha,34
Asenet,34
Maiesha,34
Nacona,34
Dashona,34
Roshandra,34
Arrianne,34
Jontue,34
Roshundra,34
Allisan,34
Shantisha,34
Suliana,34
Yves,34
Jamicka,34
Cathia,34
Shambra,34
Farm,34
Jacquella,34
Koy,34
Nytasha,34
Tenequa,34
Cocoa,34
Jeriesha,34
Deonka,34
Jessical,34
Laesha,34
Shondreka,34
Sorangel,34
Chantha,34
Denique,34
Dezera,34
Kalolaine,34
Philadelphia,34
Genisha,34
Phillicia,34
Yubia,34
Dequana,34
Khandice,34
Ashleylynn,34
Merisha,34
Shanquetta,34
Shaquida,34
Yareny,34
Yuriria,34
Jashawn,34
Kendricka,34
Mynesha,34
Donneshia,34
Jazminne,34
Kapria,34
Mariaelizabeth,34
Asheli,34
Reneasha,34
Madeley,34
Ariceli,34
Brionca,34
Kiersti,34
Ranique,34
Annakay,34
Totianna,34
Moniesha,34
Donniesha,34
Isamary,34
Marquee,34
Shakeyra,34
Brene,34
Elainie,34
Diamondnique,34
Sajni,34
Shealy,34
Solmayra,34
Yarelyn,34
Brierra,34
Quran,34
Tajee,34
Anycia,34
Chandini,34
Ammarah,34
Tasharia,34
Aliaha,34
Ayzha,34
Xiola,34
Anakarina,34
Haeden,34
Juleanna,34
Ambriah,34
Makali,34
Marinah,34
Saturn,34
Noshin,34
Akala,34
Asija,34
Cheniya,34
Taiah,34
Taraja,34
Elizabethmarie,34
Adaija,34
Adrinna,34
Alexamarie,34
Aylia,34
Izaria,34
Lynneah,34
Mikalynn,34
Rosemery,34
Shanyra,34
Shemariah,34
Tyahna,34
Dejahnae,34
Juliarose,34
Lyba,34
Ya,34
Nayma,34
Tionnie,34
Dnia,34
Yairis,34
Anchal,34
Ashmita,34
Jamerria,34
Teniah,34
Zeltzin,34
Juleidy,34
Shria,34
Daizie,34
Amarrie,34
Charlyze,34
Jyotsna,34
Jamarea,34
Jezell,34
Kilia,34
Anaum,34
Heleyna,34
Lariana,34
Taliyha,34
Nadija,34
Chatham,34
Deyanara,34
Jamariana,34
Anslei,34
Karissma,34
Koharu,34
Laili,34
Danayja,34
Makenya,34
Ceres,34
Daania,34
Tailee,34
Aderyn,34
Anaceli,34
Dionni,34
Emariah,34
Malaija,34
Khamoni,34
Elliza,34
Analize,34
Azriela,34
Idman,34
Cadia,34
Eabha,34
Luxie,34
Ruhika,34
Sarriah,34
Braniah,34
Chloelynn,34
Zamauria,34
Iratze,34
Eimmy,34
Miella,34
Paytton,34
Tylaysia,34
Amiela,34
Emyrson,34
Mitsuki,34
Neveya,34
Adorah,34
Allinson,34
Klhoe,34
Liahona,34
Tacari,34
Vismaya,34
Greidis,34
Izzabel,34
Keighan,34
Ainzlee,34
Anivia,34
Grishma,34
Naledi,34
Kollyn,34
Tylayah,34
Zoeylynn,34
Ahmiah,34
Zevaeh,34
Rhemy,34
Rosaley,34
Aleezah,34
Auryn,34
Demilade,34
Jahzelle,34
Raiyne,34
Hau,34
Ostara,34
Naaya,34
Yuhan,34
Keilianys,34
Beily,34
Haaniya,34
Khaleyah,34
Aaliyahrose,34
Azaleigh,34
Baisley,34
Sarem,34
Advitha,34
Daleyzah,34
Aralia,34
Rayella,34
Addyline,34
Skylarrose,34
Areni,34
Bexli,34
Ahitana,34
Anori,34
Kahari,34
Yuliett,34
Kailor,34
Kaysley,34
Henslie,34
Zinovia,34
Eiress,34
Chosyn,34
Oaklin,34
Sinnie,33
Cottie,33
Limmie,33
Hermia,33
Tamer,33
Edner,33
Loudell,33
Aurel,33
Clarina,33
Olyve,33
Leverta,33
Parma,33
Waldean,33
Geneiveve,33
Margrie,33
Cathrin,33
Hatsuye,33
Fumiyo,33
Asayo,33
Millard,33
Lewellyn,33
Voilet,33
Pota,33
Virgle,33
Guilda,33
Ive,33
Lareine,33
Saturnina,33
Floydene,33
Guillerma,33
Queenester,33
Valere,33
Dorace,33
Geraldeen,33
Joyleen,33
Dalice,33
Jacklene,33
Sherrion,33
Gai,33
Dottye,33
Regenna,33
Julayne,33
Launie,33
Saretha,33
Martene,33
Deboran,33
Jacqua,33
Jacintha,33
Cristene,33
Marhta,33
Trela,33
Jeannee,33
Alitha,33
Carlett,33
Jutta,33
Terrylynn,33
Ellenmarie,33
Melise,33
Redonda,33
Laralee,33
Dianette,33
Wondra,33
Danalynn,33
Fanita,33
Yovonda,33
Candece,33
Darhonda,33
Stace,33
Trenny,33
Johnnita,33
Dawniel,33
Maytee,33
Tango,33
Iwona,33
Kertina,33
Carmilita,33
Kerilynn,33
Rachale,33
Moneca,33
Shanella,33
Taniko,33
Annetra,33
Dashon,33
Sirina,33
Krysty,33
Vashawn,33
Kenji,33
Kaliopi,33
Shawntal,33
Shekima,33
Ehrin,33
Tynise,33
Arsha,33
Chitra,33
Landrea,33
Telah,33
Latoysha,33
Kristalee,33
Genesa,33
Vessica,33
Aprilmarie,33
Philecia,33
Taurie,33
Corrinn,33
Kentra,33
Nashara,33
Bianica,33
Zeida,33
Catiria,33
Anacani,33
Rashita,33
Jaquette,33
Maron,33
Chauncy,33
Carmeshia,33
Nakedra,33
Liezl,33
Kelila,33
Kou,33
Andrianne,33
Markieta,33
Andrica,33
Maricris,33
Parveen,33
Jarin,33
Liselle,33
Jacquia,33
Jonta,33
Rystal,33
Markida,33
Tichelle,33
Tikvah,33
Stevy,33
Charquita,33
Deaundrea,33
Ravae,33
Channy,33
Kellisha,33
Dashelle,33
Lierin,33
Marquella,33
Shaelene,33
Shatrice,33
Malaree,33
Maryjoy,33
Krystalin,33
Mishay,33
Hli,33
Maelena,33
Mailan,33
Vaneisha,33
Teandrea,33
Laerica,33
Shaniese,33
Deahna,33
Katavia,33
Keyoshia,33
Aishling,33
Alyshea,33
Jaleeza,33
Jallisa,33
Laicee,33
Nishelle,33
Isamara,33
Measha,33
Alleson,33
Salyna,33
Briania,33
Deshala,33
Deangel,33
Kerstan,33
Zandalee,33
Carlyssa,33
Jacklynne,33
Nicoleanne,33
Thomesha,33
Treyonna,33
Shaqueria,33
Najha,33
Jynessa,33
Arlenys,33
Chaylin,33
Rhaven,33
Adesola,33
Sukhpreet,33
Tynecia,33
Alissya,33
Kavia,33
Mykalia,33
Summerlin,33
Tyani,33
Yilda,33
Dazsha,33
Kes,33
Armanee,33
Dazjah,33
Jabriah,33
Kinara,33
Brynae,33
Takota,33
Aelish,33
Aisatou,33
Gamila,33
Mckailey,33
Talayna,33
Machayla,33
Fatouma,33
Jashonna,33
Juliessa,33
Tailah,33
Areyon,33
Aleycia,33
Tyriel,33
Teaja,33
Waad,33
Eireann,33
Milenia,33
Tatianya,33
Shemya,33
Kiren,33
Aletse,33
Almedina,33
Dakotta,33
Aley,33
Kaliea,33
Lanaysha,33
Skylla,33
Imagen,33
Janyssa,33
Rickya,33
Jaedon,33
Gabbriel,33
Neharika,33
Zacoria,33
Vashanti,33
Areyonna,33
Arelli,33
Anaiis,33
Aaniah,33
Ahmaria,33
Dioni,33
Heavynn,33
Hibaq,33
Azenet,33
Spiritual,33
Zubaida,33
Chanyah,33
Tamilore,33
Valeriya,33
Hannya,33
Jilliyn,33
Keyala,33
Tyiona,33
Aniiyah,33
Leaya,33
Gilana,33
Yaneiry,33
Yaneira,33
Jalayshia,33
Jalyla,33
Jazly,33
Kieleigh,33
Lajla,33
Niari,33
Jolett,33
Yaribeth,33
Romya,33
Tramiya,33
Yoeli,33
Soniah,33
Dashiya,33
Anirah,33
Nasyah,33
Maryelle,33
Malakai,33
Mamediarra,33
Yoselynn,33
Yeneisy,33
Saiyuri,33
Cheza,33
Janovia,33
Johniyah,33
Keymari,33
Lundin,33
Zyiona,33
Julianie,33
Lylli,33
Quiniyah,33
Taelin,33
Izibella,33
Rahab,33
Serynity,33
Irihanna,33
Aaziyah,33
Irelynne,33
Jayva,33
Jihanna,33
Suli,33
Abernathy,33
Eseosa,33
Zaryn,33
Addicyn,33
Ebenezer,33
Ecrin,33
Hamsika,33
Joliette,33
Leanni,33
Zaniyha,33
Rimas,33
Zoryana,33
Charny,33
Kelaia,33
Milahn,33
Okalani,33
Avera,33
Blakelie,33
Kinlei,33
Kyi,33
Pareesa,33
Portlynn,33
Raaya,33
Coralina,33
Pahal,33
Luelle,33
Shiny,33
Sofiagrace,33
Azaila,33
Cairi,33
Somi,33
Haddi,33
Daelani,33
Jermanie,33
Koralie,33
Shivanshi,33
Zeyneb,33
Zixi,33
Azayliah,33
Kinsli,33
Troian,33
Azylah,33
Catalya,33
Aadrika,33
Analah,33
Castiel,33
Chikamso,33
Karielys,33
Nalaiyah,33
Skylette,33
Kessley,33
Ravya,33
Wyleigh,33
Charlestyn,33
Zendeya,33
Addlyn,33
Aishleen,33
Kalypso,33
Chaarvi,33
Zinachimdi,33
Waverlee,33
Inori,33
Khylar,33
Aafiyah,33
Aranea,33
Aloy,33
Elanese,33
Nehlani,33
Perley,32
Jencie,32
Louva,32
Tossie,32
Aleine,32
Relma,32
Hilton,32
Lucymae,32
Madlin,32
Marguret,32
Loriane,32
Phronia,32
Totsie,32
Vauna,32
Deveda,32
Hulene,32
Maydean,32
Orea,32
Sayoko,32
Ocelia,32
Generose,32
Myrtlene,32
Januita,32
Mayble,32
Basilisa,32
Lucian,32
Jincy,32
Kazumi,32
Treba,32
Wylodine,32
Nellia,32
Josina,32
Shirleyan,32
Carleene,32
Gracye,32
Thaddeus,32
Rollene,32
Marsie,32
Radene,32
Bonnielou,32
Karenlee,32
Norrie,32
Sherren,32
Synovia,32
Sheryal,32
Glennetta,32
Ceceila,32
Shermane,32
Christye,32
Cornetta,32
Les,32
Marypatricia,32
Cherrel,32
Kimalee,32
Delsey,32
Rhondia,32
Tambrey,32
Gerrilyn,32
Periann,32
Lorrianne,32
Normalinda,32
Kippie,32
Ibet,32
Likita,32
Malesa,32
Elainea,32
Krisanna,32
Sheley,32
Rossalyn,32
Beatrize,32
Josett,32
Diahanna,32
Lashonn,32
Sharmell,32
Charmell,32
Daneil,32
Shewanna,32
Shellina,32
Saby,32
Arnessa,32
Celida,32
Chie,32
Shavna,32
Terron,32
Uhura,32
Tameica,32
Antina,32
Cherrice,32
Naticia,32
Renica,32
Niria,32
Shandrica,32
Shelea,32
Charnissa,32
Denyel,32
Syreta,32
Algeria,32
Unborn,32
Timikia,32
Saquana,32
Erich,32
Kanetha,32
Lladira,32
Marquitia,32
Taresha,32
Shakonda,32
Shamonda,32
Katosha,32
Aresha,32
Sommar,32
Tyshema,32
Aleacia,32
Shmeka,32
Stefane,32
Sujin,32
Shola,32
Teeya,32
Darnika,32
Genay,32
Lizamarie,32
Katiuska,32
Tamaris,32
Trene,32
Toccora,32
Ahlea,32
Dashaun,32
Shakenia,32
Kalynda,32
Maeghen,32
Kyrstle,32
Nhia,32
Shealene,32
Chauntia,32
Crystalrose,32
Mareshah,32
Keeyana,32
Shardey,32
Angeliqua,32
Cyria,32
Ashelly,32
Jelessa,32
Jaleese,32
Shinice,32
Kaleshia,32
Azusa,32
Naquesha,32
Ashleyrose,32
Aquilah,32
Kirstee,32
Darrica,32
Quasha,32
Isamari,32
Mareah,32
Tyleisha,32
Marangely,32
Schelby,32
Shavante,32
Arooj,32
Devonte,32
Antinique,32
Teague,32
Minelly,32
Shakierra,32
Yoandra,32
Alexanne,32
Mursal,32
Imana,32
Jorian,32
Akara,32
Tkiyah,32
Alyxa,32
Aniecia,32
Jasi,32
Michalah,32
Adeeba,32
Dacotah,32
Diamonte,32
Jeanelly,32
Teianna,32
Danazia,32
Hima,32
Desyree,32
Ashka,32
Cedriana,32
Jailan,32
Ladestiny,32
Cateria,32
Kainani,32
Aryon,32
Jewlia,32
Rasika,32
Mariadelrosari,32
Taylea,32
Citalli,32
Millennium,32
Leksi,32
Oluwafunmilayo,32
Armonni,32
Kalaysha,32
Ruchoma,32
Machenzie,32
Nyha,32
Skyela,32
Jareth,32
Keertana,32
Iyonia,32
Mikaylie,32
Amahri,32
Danajia,32
Kadijatou,32
Kobee,32
Nakayah,32
Suley,32
Serendipity,32
Manaswini,32
Anagrace,32
Anaie,32
Heyam,32
Hyland,32
Kadiatu,32
Luul,32
Motunrayo,32
Sesen,32
Steelie,32
Yerin,32
Sreeya,32
Danaejah,32
Jakaiyah,32
Aryauna,32
Bithiah,32
Janyria,32
Zykirah,32
Betzayra,32
Kaybri,32
Alyciana,32
Amerra,32
Carden,32
Jesalynn,32
Lyani,32
Shamyla,32
Azzareya,32
Kaydience,32
Yolany,32
Ayram,32
Mahita,32
Anslea,32
Leahana,32
Tanmayi,32
Vian,32
Aleyshka,32
Ishya,32
Massey,32
Bania,32
Shrinidhi,32
Abryelle,32
Danayla,32
Amierah,32
Kailina,32
Kezaria,32
Natylee,32
Rayniya,32
Teagann,32
Evilyn,32
Koey,32
Lillyin,32
Harmanie,32
Sahni,32
Naiyeli,32
Dariyana,32
Leighna,32
Mariaines,32
Sevaeh,32
Zariyha,32
Zohie,32
Adysyn,32
Alyiana,32
Markenzie,32
Neylin,32
Sristi,32
Wareesha,32
Aia,32
Krosby,32
Tenli,32
Malaun,32
Phoenixx,32
Anistynn,32
Breighlynn,32
Ellesyn,32
Zyrielle,32
Taymar,32
Ellys,32
Kathalia,32
Jayanni,32
Katelina,32
Paizly,32
Aelynn,32
Aurellia,32
Avishka,32
Ameyaa,32
Kynnlee,32
Mirola,32
Makenzlee,32
Ezekiel,32
Greylyn,32
Laklynn,32
Light,32
Dalany,32
Rozalee,32
Brightly,32
Zeppelyn,32
Million,32
Averiella,32
Aylanni,32
Haysley,32
Evryn,32
Jlani,32
Khailani,32
Wynnter,32
Delima,31
Musa,31
Kikuyo,31
Renner,31
Alto,31
Clarsie,31
Derna,31
Bertille,31
Alzie,31
Aurella,31
Laurabel,31
Ludora,31
Josiphine,31
Alameda,31
Saleta,31
Eleda,31
Armilla,31
Onnalee,31
Wildred,31
Reber,31
Leaetta,31
Dorthella,31
Future,31
Gennieve,31
Emelene,31
Marth,31
Lavola,31
Melvene,31
Ellajean,31
Elvita,31
Louvella,31
Sista,31
Beebe,31
Clester,31
Leddie,31
Constantine,31
Silvestra,31
Imagean,31
Jerelean,31
Jurlean,31
Nyle,31
Maretha,31
Uneeda,31
Benito,31
Ronnye,31
Danis,31
Molinda,31
Arenda,31
Lillette,31
Richarda,31
Zinda,31
Jineen,31
Benjie,31
Revae,31
Perdita,31
Kande,31
Marianella,31
Velveeta,31
Lesvia,31
Cecelie,31
Shariann,31
Illya,31
Kalpana,31
Sharrone,31
Michellie,31
Trichia,31
Chanty,31
Nolana,31
Twanette,31
Shonnon,31
Shely,31
Chalena,31
Katine,31
Shamea,31
Tarmara,31
Leketa,31
Vasudha,31
Tycie,31
Kersha,31
Demekia,31
Keola,31
Sharnel,31
Chrissey,31
Tarana,31
Temaka,31
Asalia,31
Shanalee,31
Natira,31
Ednita,31
Etoya,31
Shauntai,31
Nikida,31
Ineshia,31
Shaunelle,31
Shanet,31
Jacquana,31
Scarlotte,31
Semiko,31
Cielita,31
Laquila,31
Kaite,31
Randilee,31
Iaisha,31
Latedra,31
Matoya,31
Crystalin,31
Latoni,31
Iffany,31
Sevan,31
Airin,31
Jahan,31
Kane,31
Suong,31
Taydra,31
Adree,31
Dorrian,31
Nekoda,31
Shatari,31
Ryne,31
Ahslee,31
Diandria,31
Maryia,31
Sarde,31
Whitnei,31
Debony,31
Shequana,31
Brittine,31
Brany,31
Jamaka,31
Darshae,31
Jlisa,31
Nicolett,31
Martica,31
Aeriell,31
Alitzah,31
Giorgina,31
Jaquese,31
Lyandra,31
Marshawna,31
Kiristen,31
Jericah,31
Kieria,31
Shaylia,31
Nalley,31
Tristany,31
Keyawna,31
Andriel,31
Esteban,31
Latiara,31
Leosha,31
Sundas,31
Jazmane,31
Oniesha,31
Aquasia,31
Connar,31
Lahana,31
Izamary,31
Jocely,31
Urooj,31
Yanise,31
Aneissa,31
Asialyn,31
Cebrina,31
Juliamarie,31
Kiaunna,31
Zanah,31
Samirra,31
Raevan,31
Sigal,31
Temera,31
Teriona,31
Engie,31
Haliee,31
Kayhla,31
Teaunna,31
Anitza,31
Yaireth,31
Amonee,31
Jabreia,31
Kailye,31
Tahreem,31
Tyaja,31
Zeana,31
Risako,31
Arykah,31
Jateria,31
Jadaisha,31
Khristiana,31
Areion,31
Vyktoria,31
Jakirra,31
Nayia,31
Brooklan,31
Corielle,31
Devinity,31
Emyia,31
Madysn,31
Daphni,31
Darrianna,31
Jahlea,31
Kawther,31
Lamani,31
Camyrn,31
Nataiya,31
Yorleni,31
Devyani,31
Denija,31
Kylana,31
Aldyn,31
Deztini,31
Dioselin,31
Jadien,31
Mallak,31
Oumy,31
Vaibhavi,31
Dshanti,31
Adai,31
Abigel,31
Hazal,31
Jadiah,31
Kashi,31
Taziya,31
Naydeli,31
Sundari,31
Shermya,31
Gwendylan,31
Armanni,31
Genesiss,31
Maylasia,31
Nyobi,31
Sinae,31
Dalli,31
Jamariona,31
Jayia,31
Jadora,31
Keilen,31
Pavani,31
Yazira,31
Aryss,31
Lillynn,31
Lillieanne,31
Azarea,31
Damyria,31
Davyne,31
Jhaniyah,31
Aleska,31
Kamelah,31
Avelin,31
Feyza,31
Jazzlynne,31
Mojolaoluwa,31
Lizmari,31
Angelinah,31
Annelis,31
Khaleya,31
Vanae,31
Zaidyn,31
Dariely,31
Dlyla,31
Karalena,31
Kemoria,31
Layleen,31
Nivaya,31
Reyn,31
Eera,31
Khamyah,31
Phoebee,31
Amelyah,31
Myar,31
Paxten,31
Aubreylynn,31
Khouri,31
Aliyna,31
Tramiyah,31
Josenid,31
Dannaly,31
Noriana,31
Aidalyn,31
Eliotte,31
Zoely,31
Jocell,31
Macii,31
Abbriella,31
Elsee,31
Keza,31
Adaliene,31
Elliauna,31
Rinad,31
Soryn,31
Kinsler,31
Ayela,31
Krimsyn,31
Aylie,31
Robiya,31
Brynnlea,31
Gatlynn,31
Raelah,31
Riyann,31
Samyla,31
Miamore,31
Aretzi,31
Nyemiah,31
Rilah,31
Naylaa,31
Darasimi,31
Elanni,31
Kynzlei,31
Paisleyann,31
Alori,31
Luziana,31
Xamira,31
Kailahni,31
Lazuli,31
Pryor,31
Yulani,31
Prosper,31
Laiani,31
Fabeha,31
Shaarvi,31
Lunamae,31
Beck,31
Yahri,31
Mauda,30
Nervie,30
Ermon,30
Clovie,30
Girlee,30
Fanie,30
Olgie,30
Percie,30
Alveretta,30
Idellar,30
Tempy,30
Agnita,30
Osia,30
Annunziata,30
Garna,30
Ilar,30
Erene,30
Liler,30
Berthel,30
Genrose,30
Yoshimi,30
Birdine,30
Burnita,30
Florece,30
Lauretha,30
Freta,30
Rosebell,30
Clauda,30
Verone,30
Bunia,30
Garnita,30
Nihla,30
Guyneth,30
Ermer,30
Alleane,30
Freyda,30
Loeva,30
Idessa,30
Lilien,30
Chrysanthe,30
Nelrose,30
Moonyeen,30
Lavila,30
Bethine,30
Columbine,30
Lamarr,30
Lougene,30
Ellender,30
Claudelle,30
Wyomia,30
Nannetta,30
Midgie,30
Cellestine,30
Rozalind,30
Darlane,30
Waltina,30
Cathay,30
Ersula,30
Terrylee,30
Jeanella,30
Gillermina,30
Patriciajo,30
Teina,30
Danon,30
Malke,30
Joa,30
Glendoria,30
Lolanda,30
Bunni,30
Donel,30
Kathry,30
Orfelinda,30
Delain,30
Kendis,30
Tary,30
Clintona,30
Dollinda,30
Dawnella,30
Metra,30
Tersia,30
Felechia,30
Leashia,30
Meichelle,30
Saly,30
Charleta,30
Marysia,30
Jamette,30
Adilia,30
Casundra,30
Dorca,30
Nechole,30
Shun,30
Jeannet,30
Charrissa,30
Ciaran,30
Kenra,30
Malise,30
Mekeba,30
Monise,30
Miste,30
Erice,30
Fanya,30
Leticha,30
Natusha,30
Areti,30
Curtisa,30
Tomecka,30
Yakita,30
Lashawanda,30
Udana,30
Brecca,30
Kasinda,30
Candase,30
Eilzabeth,30
Nakesia,30
Teneeshia,30
Bandy,30
Shenetra,30
Teather,30
Carshena,30
Shekema,30
Mahria,30
Sekina,30
Lakenda,30
Semika,30
Shashawna,30
Sadina,30
Curran,30
Demelza,30
Kaliska,30
Sharida,30
Arinn,30
Kellymarie,30
Lakiea,30
Rebekan,30
Marshana,30
Shaketia,30
Kija,30
Ching,30
Shavetta,30
Tierny,30
Orenda,30
Shamesha,30
Deliza,30
Kanitha,30
Kiel,30
Clerissa,30
Khou,30
Jacleen,30
Kanasha,30
Shoko,30
Salicia,30
Savanaha,30
Koty,30
Michea,30
Diandrea,30
Janeika,30
Kassandre,30
Kenan,30
Cyndle,30
Shardell,30
Endea,30
Lonnisha,30
Shanleigh,30
Calesha,30
Charnisha,30
Dezerea,30
Quanique,30
Shateara,30
Jilisa,30
Tashee,30
Gelissa,30
Kelseyann,30
Bisan,30
Blakeney,30
Marquiesha,30
Porshae,30
Jamarra,30
Kaitlain,30
Shakilah,30
Tearza,30
Giovanny,30
Hui,30
Macauley,30
Tirah,30
Shaqunda,30
Elexcia,30
Mirisa,30
Torilyn,30
Devanne,30
Dyandra,30
Briasha,30
Kristella,30
Nakera,30
Ajae,30
Jobana,30
Breonah,30
Quanae,30
Meleigha,30
Keshuna,30
Shiyan,30
Opeyemi,30
Shyleen,30
Vyvian,30
Danaisa,30
Toriona,30
Adejah,30
Anoosha,30
Aurion,30
Breashia,30
Aliaya,30
Deaveon,30
Annagail,30
Aubren,30
Dessence,30
Jaraya,30
Jatyra,30
Tamiia,30
Victoriarose,30
Alieya,30
Daneja,30
Shamoni,30
Ziaira,30
Mikira,30
Cassiah,30
Merab,30
Rayannah,30
Bhargavi,30
Nameera,30
Yakelyn,30
Alhana,30
Jahkayla,30
Raegin,30
Destinny,30
Jestiny,30
Sumya,30
Anistasia,30
Dmani,30
Kyniah,30
Yanilet,30
Klowie,30
Vianni,30
Assa,30
Dyanni,30
Dylyn,30
Ganiya,30
Ilayna,30
Jeydy,30
Kimira,30
Macaylee,30
Nykhia,30
Oriane,30
Riahna,30
Nejra,30
Maylan,30
Jewelissa,30
Julieonna,30
Danieliz,30
Nolawit,30
Tashyia,30
Iraima,30
Anacamila,30
Kaleaha,30
Ayniah,30
Eire,30
Raelei,30
Dila,30
Harveen,30
Layanne,30
Mckinly,30
Secora,30
Jd,30
Nilynn,30
Britzel,30
Kristabelle,30
Myasiah,30
Angielina,30
Diary,30
Kallissa,30
Poorvi,30
Symora,30
Kaylann,30
Jazirah,30
Jainaba,30
Jalya,30
Jayse,30
Kaeda,30
Naavah,30
Zyriana,30
Aidsa,30
Madelis,30
Rhiyanna,30
Ambreal,30
Ghianna,30
Jazya,30
Ariahnna,30
Afrin,30
Amielia,30
Jitzel,30
Maybeline,30
Musiq,30
Pragathi,30
Talei,30
Zavanna,30
Dayamy,30
Promize,30
Leonah,30
Jakiyla,30
Julez,30
Breslynn,30
Izzibella,30
Kiersyn,30
Ahmara,30
Haygen,30
Mckinlie,30
Galiyah,30
Ahonesti,30
Sadeem,30
Petal,30
Allieanna,30
Nabella,30
Xinyu,30
Ameeyah,30
Avlyn,30
Medley,30
Taryiah,30
Zylynn,30
Zoeey,30
Arianys,30
Zinachidi,30
Aubreeana,30
Jazzilyn,30
Quinnlynn,30
Sarynity,30
Alizayah,30
Righteous,30
Zatanna,30
Zuhur,30
Brely,30
Addiley,30
Avenleigh,30
Leylanni,30
Katilaya,30
Itzuri,30
Rodas,30
Jernei,30
Mileya,30
Kaliannah,30
Jaiannah,30
Sirine,30
Kaliee,30
Lynnly,30
Coralai,30
Kinsely,30
Graycelynn,30
Laykyn,30
Pauleth,30
Zandaya,30
Bareerah,30
Samay,30
Shahzoda,30
Varna,30
Braxley,30
Ellyanah,30
Joules,30
Loyaltee,30
Mylayah,30
Zoelys,30
Veira,30
Aeiress,30
Blessence,30
Chisimdi,30
Omi,30
Ailanni,30
Eleven,30
Kalyla,30
Knoxlee,30
Aryabella,30
Nivi,30
Avreen,30
Kueen,30
Enzleigh,30
Amavi,30
Ayzal,30
Azilda,29
Zura,29
Enga,29
Pricie,29
Zylphia,29
Nondas,29
Alvida,29
Loreane,29
Volena,29
Tincy,29
Methyl,29
Alicemarie,29
Leonita,29
Kathalyn,29
Rua,29
Genara,29
Marydell,29
Natsue,29
Refujia,29
Elline,29
Lyola,29
Willodeen,29
Arthena,29
Beanna,29
Melma,29
Bernadeen,29
Koneta,29
Bettelou,29
Morley,29
Willidean,29
Girlene,29
Donalene,29
King,29
Marvalee,29
Gwynette,29
Donah,29
Coleman,29
Aliceann,29
Loydene,29
Raydene,29
Merrilynn,29
Jonatha,29
Marylinda,29
Tobe,29
Sherryle,29
Elfredia,29
Pennee,29
Chaneta,29
Vevelyn,29
Kathileen,29
Kathyren,29
Sunnye,29
Carolette,29
Sioux,29
Melloney,29
Teree,29
Charel,29
Linne,29
Shonie,29
Vanesse,29
Darri,29
Lajeune,29
Mitze,29
Voncia,29
Sebrenia,29
Treasea,29
Lawona,29
Tammylynn,29
Joanelle,29
Shawnalee,29
Kynda,29
Micelle,29
Tammia,29
Kisten,29
Javita,29
Tomaka,29
Necol,29
Lesandra,29
Heida,29
Montressa,29
Tyease,29
Melantha,29
Hakima,29
Natachia,29
Djenaba,29
Tamishia,29
Maleika,29
Shauntrell,29
Lakeysia,29
Danieal,29
Marisia,29
Wadiya,29
Lazandra,29
Tinishia,29
Tiaa,29
Chasitity,29
Panya,29
Shelana,29
Danesa,29
Laguanda,29
Zarifa,29
Trasha,29
Bethia,29
Tanyka,29
Lakessa,29
Markeitha,29
Shawonna,29
Rahni,29
Catessa,29
Jenniferanne,29
Kwanda,29
Martinez,29
Yudelka,29
Kissey,29
Shawntea,29
Maredith,29
Nikeeta,29
Alnisha,29
Efrain,29
Kaarina,29
Kashika,29
Mandalynn,29
Yoon,29
Chenin,29
Deavon,29
Cherub,29
Yakia,29
Reynelda,29
Jovanne,29
Xue,29
Sequena,29
Allysun,29
Shatonna,29
Aschley,29
Shakerah,29
Taquia,29
Tarna,29
Trashawn,29
Asheena,29
Tyrice,29
Marquida,29
Jaie,29
Jontia,29
Laroya,29
Tranese,29
Cacee,29
Thien,29
Kanise,29
Rahwa,29
Demarcus,29
Ieashia,29
Kriselda,29
Cartney,29
Chadae,29
Tierica,29
Vidhya,29
Whiteny,29
Akeena,29
Jakesha,29
Wittney,29
Antiqua,29
Pessie,29
Shakarra,29
Jennesa,29
Laquandria,29
Gerika,29
Jellisa,29
Tianca,29
Joleesa,29
Maianh,29
Jalysia,29
Laquaya,29
Shakeara,29
Johnesia,29
Korianne,29
Lananh,29
Seychelle,29
Chelseaann,29
Keiyonna,29
Khrysten,29
Shantez,29
Sunna,29
Tishauna,29
Angellea,29
Bijan,29
Devinee,29
Jasmere,29
Milira,29
Katylin,29
Charniqua,29
Kwanzaa,29
Kymesha,29
Brinesha,29
Quartney,29
Xuxa,29
Angelicamarie,29
Hyatt,29
Jewelya,29
Chazz,29
Fantazia,29
Ardita,29
Dajonae,29
Desarey,29
Janais,29
Jermeisha,29
Mystical,29
Capresha,29
Celsea,29
Khadisha,29
Alexyz,29
Annajo,29
Ciomara,29
Tenaja,29
Mashiya,29
Meshayla,29
Yoseli,29
Mekyla,29
Abgail,29
Tonasia,29
Jonnah,29
Vanely,29
Diajah,29
Lexas,29
Yeymi,29
Melike,29
Simranpreet,29
Simrun,29
Tajane,29
Jonnay,29
Chaslynn,29
Dahja,29
Gyllian,29
Saija,29
Emyle,29
Aleksandria,29
Selest,29
Aajah,29
Jaylisa,29
Shaileen,29
Tyyana,29
Abriya,29
Arleni,29
Karelis,29
Kristasia,29
Maaria,29
Myleena,29
Moniya,29
Abbigayl,29
Remya,29
Akerah,29
Alynne,29
Arjanae,29
Betzabet,29
Lizbeht,29
Madhumitha,29
Meabh,29
Mehnaz,29
Neneh,29
Abihail,29
Brysa,29
Joselene,29
Keayla,29
Alajha,29
Shniya,29
Sindhuja,29
Khanya,29
Shamaree,29
Yaneisi,29
Annesley,29
Delali,29
Jniah,29
Mckennzie,29
Reeghan,29
Shwetha,29
Pranjal,29
Anissah,29
Raynia,29
Demyra,29
Jaliyha,29
Ayshah,29
Thienan,29
Natajha,29
Samaura,29
Giavona,29
Naely,29
Shylan,29
Aleighia,29
Jayauna,29
Mahkenzie,29
Amija,29
Emmalyse,29
Jenyah,29
Kasani,29
Amilian,29
Alyasia,29
Amanti,29
Aremy,29
Haviland,29
Syeira,29
Zharick,29
Caeden,29
Leayah,29
Myauna,29
Yatana,29
Alijandra,29
Branya,29
Keilei,29
Ninive,29
Rien,29
Leshly,29
Yeiri,29
Cyrenity,29
Madalie,29
Maddex,29
Meiyah,29
Paedyn,29
Daeonna,29
Escarleth,29
Faylee,29
Harmany,29
Israela,29
Maali,29
Akeilah,29
Shaelan,29
Armony,29
Jahiya,29
Audrei,29
Damayah,29
Nisi,29
Paitin,29
Alaziah,29
Aranya,29
Divija,29
Ramsi,29
Kahmora,29
Bevyn,29
Aribel,29
Dlila,29
Kamariona,29
Laurianna,29
Tanzila,29
Yaindhi,29
Sylviana,29
Pranaya,29
Aylina,29
Brenli,29
Inarah,29
Kamiylah,29
Kayoni,29
Mckenlie,29
Myella,29
Narayani,29
Nelina,29
Zuli,29
Akshadha,29
Arijah,29
Laynah,29
Ishaanvi,29
Jahzarah,29
Giyanna,29
Averylynn,29
Colbee,29
Erianny,29
Nakoa,29
Sulaf,29
Romeesa,29
Hadly,29
Makhari,29
Kesslyn,29
Anavae,29
Avalia,29
Brynnli,29
Solenn,29
Bhuvi,29
Athens,29
Kataliya,29
Ezmariah,29
Shahina,29
Ayverie,29
Oluwajomiloju,29
Zady,29
Faraday,29
Adithri,29
Brentleigh,29
Braeya,29
Daciana,29
Miori,29
Jaasritha,29
Raeyah,29
Azelya,29
Irelia,29
Adaleia,29
Aliaa,29
Chlo,29
Harvi,29
North,29
Crew,29
Muska,29
Yurany,29
Osinachi,29
Anakin,29
Haddon,29
Knightly,29
Jiraiya,29
Goldyn,29
Aaleiya,29
Arev,29
Dhanvika,29
Kayzleigh,29
Ablakat,29
Kardi,29
Mylarose,29
Naomika,29
Hendryx,29
Melanii,29
Xaila,29
Sereia,29
Steeley,29
Stormii,29
Kehlanni,29
Brixxon,29
Auguste,28
Luta,28
Floss,28
Lillain,28
Bevie,28
Melissie,28
Nicoline,28
Vione,28
Eythel,28
Lovia,28
Roselma,28
Dosie,28
Cloye,28
Everetta,28
Shizu,28
Elve,28
Veryle,28
Erminda,28
Lazetta,28
Idia,28
Cosma,28
Byrle,28
Estanislada,28
Francelle,28
Rubymae,28
Bonifacia,28
Reberta,28
Bille,28
Onolee,28
Nonia,28
Audell,28
Winogene,28
Gwyndolin,28
Leander,28
Overa,28
Jeannedarc,28
Eillen,28
Elrita,28
Verga,28
Tereatha,28
Loubertha,28
Carryl,28
Rocelia,28
Gerane,28
Arethia,28
Gertrudis,28
Lutitia,28
Charlia,28
Kum,28
Menda,28
Charlynne,28
Ondra,28
Rietta,28
Loanna,28
Lannis,28
Trudith,28
Meridy,28
Daureen,28
Doranna,28
Chareen,28
Paterica,28
Chyrell,28
Melene,28
Terilee,28
Raedene,28
Terise,28
Wendye,28
Prissy,28
Devena,28
Kimera,28
Tracine,28
Ceresa,28
Pamie,28
Maricelda,28
Lishia,28
Marylisa,28
Renitta,28
Arethea,28
Gwendoly,28
Amby,28
Jeantte,28
Lanel,28
Nory,28
Marietherese,28
Arhonda,28
Patrise,28
Yulinda,28
Dennell,28
Yovonne,28
Shellane,28
Xina,28
Tynette,28
Tarasa,28
Julana,28
Leshon,28
Tyleen,28
Kerryanne,28
Marilia,28
Kerre,28
Wyndy,28
Shanni,28
Bridgete,28
Tany,28
Satanya,28
Mirasol,28
Mishon,28
Cherida,28
Latissha,28
Leshaun,28
Montrell,28
Sherease,28
Natonia,28
Ramiro,28
Catena,28
Chalita,28
Laguisha,28
Sharima,28
Shawndale,28
Soojin,28
Lakeba,28
Chauntee,28
Lakeeshia,28
Anjum,28
Contessia,28
Jahaida,28
Latefa,28
Minica,28
Rashaan,28
Travina,28
Meldoy,28
Lakieta,28
Limor,28
Amanoa,28
Nonya,28
Josha,28
Jonas,28
Jamiela,28
Vernika,28
Jannica,28
Landria,28
Taiasha,28
Tamilia,28
Baseemah,28
Chantrelle,28
Chyrstal,28
Nikkea,28
Zujey,28
Moniquea,28
Senika,28
Shunita,28
Bahareh,28
Starlight,28
Crystine,28
Lorimar,28
Tabethia,28
Enjolie,28
Lakelia,28
Manesha,28
Nalin,28
Ternisha,28
Shambrica,28
Krishonda,28
Sheona,28
Taber,28
Mariadelosangel,28
Hieu,28
Elizaeth,28
Sabrian,28
Marqita,28
Samnang,28
Chavonna,28
Crystan,28
Tiela,28
Keather,28
Sheneice,28
Tyniece,28
Cheslie,28
Garcelle,28
Fiera,28
Fashionette,28
Jaqua,28
Samijo,28
Thuyvi,28
Whitny,28
Annarosa,28
Brittoni,28
Katiemarie,28
Colbey,28
Doua,28
Gaitlin,28
Lakedria,28
Codey,28
Narelle,28
Ronneshia,28
Sabriana,28
Roniece,28
Ansa,28
Darnecia,28
Lilibet,28
Shaquonna,28
Yewande,28
Cheyney,28
Shaqua,28
Cedrika,28
Jessalin,28
Ashleymae,28
Khrysta,28
Mykale,28
Avianca,28
Ebonnie,28
Shamarah,28
Rykia,28
Waynisha,28
Abilgail,28
Chasie,28
Curissa,28
Dashira,28
Donshay,28
Tashanique,28
Travon,28
Alaetra,28
Brehana,28
Shakeelah,28
Ayrian,28
Mishaela,28
Natsuki,28
Amneh,28
Eimile,28
Shayvon,28
Tynasha,28
Yasamine,28
Jameliah,28
Jameesha,28
Elaini,28
Raeesah,28
Jassel,28
Quadasha,28
Capree,28
Deserey,28
Dijonnaise,28
Gabrialle,28
Aliceia,28
Tiffaniamber,28
Esthefani,28
Marlenie,28
Ariena,28
Chasidee,28
Jahnice,28
Jessinia,28
Narumi,28
Noehmi,28
Ajanique,28
Jahasia,28
Janiecia,28
Nytia,28
Shaelah,28
Dejanna,28
Kendrianna,28
Mychala,28
Shalayla,28
Maribi,28
Schuylar,28
Caitie,28
Rayauna,28
Aleksi,28
Krislin,28
Obianuju,28
Rija,28
Samaris,28
Zarian,28
Ulissa,28
Tahjai,28
Kasity,28
Kassidey,28
Nyjia,28
Tiayana,28
Tmia,28
Myaisha,28
Cyonna,28
Nataysia,28
Yovanka,28
Maggee,28
Makaiyla,28
Synae,28
Danaeja,28
Nuzhat,28
Karelin,28
Asjha,28
Jahda,28
Meilynn,28
Noellia,28
Solie,28
Minaya,28
Ahnia,28
Alassandra,28
Anayjah,28
Janeiry,28
Jimmya,28
Josline,28
Nyamal,28
Tyina,28
Jakaira,28
Aridai,28
Aubreonna,28
Bhumika,28
Dayeli,28
Jadden,28
Mahdia,28
Pacie,28
Annyka,28
Jardyn,28
Meilan,28
Jessiana,28
Mariapaz,28
Gethsemani,28
Sakhia,28
Dazzlyn,28
Jademarie,28
Aichatou,28
Aleidy,28
Janellys,28
Kekeli,28
Kimmya,28
Maithili,28
Nakaiyah,28
Trevi,28
Mukta,28
Anylia,28
Havin,28
Tamyla,28
Amariyanna,28
Elleson,28
Henesis,28
Samaree,28
Joleth,28
Ameriya,28
Brielee,28
Maribela,28
Adanelly,28
Hayaa,28
Kamaira,28
Keelah,28
Leyona,28
Timora,28
Acey,28
Alai,28
Lamariah,28
Ridgely,28
Zaidah,28
Zanijah,28
Yudany,28
Yaitza,28
Callianne,28
Maylena,28
Adraya,28
Asialynn,28
Dlilah,28
Ilinca,28
Jiada,28
Abiel,28
Keirrah,28
Makhila,28
Xymena,28
Aiyahna,28
Cambrielle,28
Jaymeson,28
Gwenevieve,28
Anahly,28
Avee,28
Bijoux,28
Leahrose,28
Leeyana,28
Joelis,28
Jazlee,28
Anjelah,28
Breilyn,28
Reylee,28
Esley,28
Liva,28
Solanch,28
Sahanna,28
Attalia,28
Kaymani,28
Ayriah,28
Jaiylah,28
Jiavanna,28
Nilayah,28
Rinka,28
Sofee,28
Kiyan,28
Kylenn,28
Heartley,28
Kharmen,28
Stellamarie,28
Zenayah,28
Zaylaa,28
Ahmyra,28
Adylan,28
Blakesley,28
Ayten,28
Sutten,28
Jonylah,28
Renezmee,28
Prezlee,28
Aliliana,28
Avreet,28
Josielynn,28
Miura,28
Zaelia,28
Jaxlynn,28
Breyer,28
Alannys,28
Hasanat,28
Leelani,28
Adecyn,28
Addlynn,28
Willah,28
Elliston,28
Midna,28
Ezria,28
Testimony,28
Harpergrace,28
Kashton,28
Lilieth,28
Jyn,28
Eliyannah,28
Maristella,28
Yostina,28
Aera,28
Kehlany,28
Jentree,28
Townes,28
Gurmehar,28
Hadicha,28
Qira,28
Ibbie,27
Rushia,27
Leacy,27
Evarista,27
Lettye,27
Relia,27
Sissie,27
Corabel,27
Eulalee,27
Juniata,27
Kermit,27
Estellene,27
Margrethe,27
Nunziata,27
Olwen,27
Reo,27
Coyla,27
Virl,27
Getrude,27
Burnadine,27
Hartense,27
Willola,27
Cather,27
Vema,27
Brucie,27
Chlorene,27
Madlyne,27
Lapreal,27
Satoko,27
Glenadine,27
Ervina,27
Brunell,27
Trilba,27
Mavel,27
Clementene,27
Margarida,27
Annajean,27
Elwillie,27
Marinel,27
Barbetta,27
Genovia,27
Prue,27
Tomas,27
Alphonso,27
Luray,27
Leilia,27
Merelene,27
Roetta,27
Caril,27
Rosalyne,27
Veniece,27
Llona,27
Bonnette,27
Arcilia,27
Maryline,27
Cathee,27
Lennetta,27
Darce,27
Clestine,27
Chyrle,27
Corlyn,27
Gudalupe,27
Lender,27
Roxianne,27
Guadlupe,27
Venette,27
Donnajo,27
Valenda,27
Janeanne,27
Doe,27
Markay,27
Darletha,27
Melonia,27
Gineen,27
Demeta,27
Dawnne,27
Rebba,27
Devy,27
Pattianne,27
Hee,27
Jacueline,27
Lorrieann,27
Cymantha,27
Tampatha,27
Heleen,27
Miechelle,27
Sondrea,27
Marixsa,27
Tassy,27
Annissia,27
Mellinda,27
Twan,27
Laurah,27
Demetriss,27
Sirita,27
Kwan,27
Tabaitha,27
Chez,27
Desmona,27
Shenan,27
Adrienn,27
Chalyce,27
Lusila,27
Melisaa,27
Pnina,27
Shandia,27
Crystl,27
Laguita,27
Trevina,27
Daniellie,27
Kibibi,27
Shally,27
Melica,27
Romika,27
Salama,27
Okima,27
Caprica,27
Karmesha,27
Kwanna,27
Lislie,27
Rebcca,27
Jaimelynn,27
Primavera,27
Tyshonda,27
Lakinya,27
Senica,27
Brehan,27
Aran,27
Kanesia,27
Alissha,27
Charlana,27
Aba,27
Desirree,27
Nikela,27
Claudio,27
Natessa,27
Senequa,27
Kitzie,27
Keshanda,27
Jenecia,27
Amecia,27
Keesa,27
Lerissa,27
Souad,27
Chinelle,27
Satasha,27
Brandylee,27
Kainoa,27
Kamini,27
Raashida,27
Rupali,27
Sarahjo,27
Countney,27
Rossella,27
Shinequa,27
Takeena,27
Yoshida,27
Keyanda,27
Tashenna,27
Katiann,27
Sra,27
Laprincess,27
Nkiruka,27
Chasney,27
Disiree,27
Trysha,27
Tember,27
Ashala,27
Calicia,27
Jamayra,27
Kandus,27
Lindasy,27
Tonnisha,27
Ivane,27
Conesha,27
Marleina,27
Krisztina,27
Lizzieann,27
Dequisha,27
Arilene,27
Chamira,27
Kurtisha,27
Lacoria,27
Shalya,27
Marquie,27
Alyese,27
Deaudra,27
Shaniquea,27
Trevonna,27
Amilyn,27
Kynna,27
Tabresha,27
Westley,27
Jaleasa,27
Jasmien,27
Audrianne,27
Anayancy,27
Carlecia,27
Danilee,27
Jazzi,27
Kashala,27
Katlan,27
Lajasmine,27
Nandy,27
Ronicia,27
Jerrah,27
Chaylene,27
Kaleesha,27
Quaniece,27
Sirah,27
Dalin,27
Isai,27
Karneisha,27
Keeona,27
Keontae,27
Keyiana,27
Lakaysha,27
Latierra,27
Shanygne,27
Shykela,27
Elishah,27
Jomanda,27
Rubab,27
Ashay,27
Claiborne,27
Jordian,27
Nakirah,27
Timmesha,27
Xotchil,27
Jenson,27
Mikali,27
Monteria,27
Taitiana,27
Quayla,27
Stevanna,27
Kaline,27
Radwa,27
Sivana,27
Ajha,27
Anney,27
Nakeira,27
Dezarey,27
Donshae,27
Jakeyla,27
Keyeria,27
Koryna,27
Tyeler,27
Alexanna,27
Gizela,27
Lillibeth,27
Dezarea,27
Katline,27
Keambria,27
Leslian,27
Natajia,27
Yuly,27
Ixayana,27
Lynnaya,27
Ranim,27
Zatoria,27
Derykah,27
Ninti,27
Aunye,27
Khadijat,27
Chamique,27
Kilian,27
Paigelyn,27
Shealin,27
Cian,27
Darnasia,27
Surbhi,27
Anautica,27
Camiryn,27
Riayn,27
Jamai,27
Aleha,27
Nubian,27
Taionna,27
Chaylen,27
Dekyra,27
Iliah,27
Madeira,27
Shravani,27
Alieza,27
Khaiya,27
Atzhiri,27
Ciya,27
Jeileen,27
Kamarea,27
Lexxy,27
Mazee,27
Tekiyah,27
Yalixa,27
Ysa,27
Anashia,27
Nijaya,27
Kyjah,27
Abigaille,27
Yasmeena,27
Eshanti,27
Cayton,27
Vindhya,27
Abrienne,27
Areiana,27
Ayleene,27
Damaiya,27
Dylanne,27
Renasia,27
Santi,27
Tanijha,27
Kamilly,27
Sammara,27
Hermonie,27
Quinnlan,27
Saqqara,27
Shyannah,27
Takyrah,27
Alaizah,27
Hadden,27
Lazaya,27
Lucija,27
Mariauna,27
Naviana,27
Caedance,27
Dagen,27
Aminatou,27
Inasia,27
Oluwatomi,27
Abira,27
Emanee,27
Sadhika,27
Tayde,27
Tyasiah,27
Dareli,27
Ololade,27
Yosan,27
Bethsy,27
Dayleigh,27
Miyanah,27
Zariha,27
Jaydalis,27
Kahmiyah,27
Radia,27
Suah,27
Yaraliz,27
Leileen,27
Kat,27
Enayah,27
Lillieana,27
Breylynn,27
Kalayia,27
Mayren,27
Teygan,27
Anailah,27
Jaelei,27
Jalexy,27
Kashlee,27
Nyarie,27
Umu,27
Viany,27
Irsa,27
Milei,27
Elliann,27
Lyli,27
Kaeliana,27
Layra,27
Metzi,27
Rahini,27
Jarieliz,27
Avamaria,27
Khalayah,27
Makailynn,27
Ahlayla,27
Akriti,27
Khani,27
Leiyana,27
Lilani,27
Mithila,27
Norrah,27
Perseus,27
Nechy,27
Sajda,27
Aydrianna,27
Tenly,27
Addlee,27
Bentlei,27
Endsley,27
Escarlett,27
Irah,27
Jayonni,27
Jnyla,27
Natiley,27
Tessalyn,27
Zealand,27
Zulie,27
Anelie,27
Jayleanna,27
Willoe,27
Mayarose,27
Aubryella,27
Dahliah,27
Nahlah,27
Sadiee,27
Azaliya,27
Jionni,27
Elyannah,27
Emilyah,27
Yaqeen,27
Mckynley,27
Ibtihaj,27
Ranezmae,27
Trejure,27
Naiovy,27
Yixuan,27
Khi,27
Lumin,27
Emmilou,27
Vayah,27
Mansirat,27
Jaxx,27
Marjona,27
Aseda,27
Noree,27
Mahera,27
Hazlie,27
Xiah,27
Husaina,27
Rias,27
Kaizlynn,27
Macklin,27
Vaia,27
Alilet,27
Delahni,27
Greeicy,27
Kayslin,27
Akyli,27
Nurvi,27
Marsai,27
Naimal,27
Otillie,26
Austa,26
Dedie,26
Mimmie,26
Alexandrine,26
Hilder,26
Zanie,26
Irby,26
Truman,26
Esmer,26
Eldra,26
Byrnece,26
Clesta,26
Leonida,26
Wintress,26
Zuella,26
Waive,26
Birchie,26
Kikuko,26
Maedelle,26
Marguerete,26
Mearle,26
Tomiye,26
Calogera,26
Jeune,26
Corabell,26
Giselda,26
Narvell,26
Vilena,26
Juliaette,26
Audean,26
Azaline,26
Myree,26
Trenidad,26
Berthamae,26
Maetta,26
Cennie,26
Domingo,26
Inus,26
Hesta,26
Vernamae,26
Johny,26
Febbie,26
Many,26
Dolphine,26
Douglass,26
Elrene,26
Erlyne,26
Lolene,26
Mardine,26
Learlean,26
Ivadean,26
Luigina,26
Socorra,26
Winsome,26
Fadra,26
Lovis,26
Nilla,26
Vernadean,26
Novalene,26
Haroldene,26
Audrienne,26
Juventina,26
Wyvonna,26
Jewelean,26
Lewana,26
Jerrel,26
Madra,26
Caryol,26
Henrene,26
Adelmira,26
Kayrene,26
Juneann,26
Karran,26
Dwala,26
Georgan,26
Donza,26
Georgett,26
Sherlean,26
Vinda,26
Marcenia,26
Bunita,26
Drenna,26
Janilyn,26
Catana,26
Janlyn,26
Pauli,26
Theresita,26
Glenise,26
Donnett,26
Patresa,26
Sherylyn,26
Denesa,26
Narcedalia,26
Tabbie,26
Constant,26
Mischel,26
Valire,26
Marykaye,26
Johnene,26
Weena,26
Kindy,26
Cybelle,26
Deadria,26
Tongia,26
Triss,26
Gela,26
Thonda,26
Jonnita,26
Neia,26
Traca,26
Litonya,26
Marueen,26
Stevette,26
Windee,26
Tijuanna,26
Lashaune,26
Zobeida,26
Leshell,26
Gidgett,26
Caprecia,26
Dyonne,26
Chereen,26
Shain,26
Hydi,26
Adabel,26
Chyvonne,26
Latechia,26
Latrinia,26
Shuwanda,26
Vernique,26
Karensa,26
Khisha,26
Tanyeka,26
Anquenette,26
Keedra,26
Akeba,26
Daniece,26
Moneke,26
Syeeda,26
Saresa,26
Chiqueta,26
Rececca,26
Earth,26
Cecili,26
Cowanda,26
Jevonne,26
Nashelle,26
Shalesha,26
Lakeicha,26
Nakisa,26
Chastina,26
Ishea,26
Maryluz,26
Semeka,26
Sharvon,26
Shata,26
Takishia,26
Shalitha,26
Teshawn,26
Arkesha,26
Kieva,26
Toral,26
Lavondra,26
Phenicia,26
Shanean,26
Bisceglia,26
Jatasha,26
Chalina,26
Carisse,26
Giovonna,26
Lanicia,26
Sharli,26
Nykeba,26
Renoda,26
Martini,26
Nieka,26
Cedrina,26
Jaqueta,26
Kaimi,26
Savonne,26
Arkeisha,26
Camill,26
Chatney,26
Lluliana,26
Bobbiesue,26
Tineisha,26
Brittian,26
Chatherine,26
Jekia,26
Christinemarie,26
Shaqunna,26
Dionte,26
Kenyota,26
Charlicia,26
Karleena,26
Sheenamarie,26
Stevanie,26
Domineque,26
Arifa,26
Cacia,26
Jamisa,26
Kateisha,26
Destri,26
Beeta,26
Rickea,26
Shadora,26
Yanine,26
Emperatriz,26
Sanantha,26
Anoush,26
Dyeisha,26
Elzbieta,26
Khrystyn,26
Beunka,26
Smanatha,26
Donsha,26
Navid,26
Synquis,26
Abrigail,26
Kelton,26
Shalecia,26
Latianna,26
Shatiera,26
Chardonae,26
Shauntice,26
Trinesha,26
Cierre,26
Kirstien,26
Ryeisha,26
Solmarie,26
Shantise,26
Secoya,26
Genesha,26
Shanade,26
Tathiana,26
Carleisha,26
Kentara,26
Yleana,26
Annecia,26
Shardonnay,26
Jasmonique,26
Annaelizabeth,26
Devion,26
Jonnisha,26
Kylisha,26
Angelyca,26
Danesia,26
Jimisha,26
Mayuko,26
Mollyanne,26
Quaniqua,26
Qunesha,26
Cortisha,26
Shaqueen,26
Trenay,26
Antonise,26
Darean,26
Jamaika,26
Andresha,26
Roseli,26
Yudi,26
Kiare,26
Lyubov,26
Real,26
Khadajah,26
Aimme,26
Christinejoy,26
Kadashia,26
Acura,26
Chardonnae,26
Kaidy,26
Maraina,26
Nethania,26
Desja,26
Lilandra,26
Tyshara,26
Yulma,26
Mackinzi,26
Monye,26
Accacia,26
Jarlene,26
Axa,26
Banelly,26
Hannahmae,26
Alainnah,26
Dayza,26
Tamija,26
Trania,26
Ladaria,26
Natea,26
Yasmean,26
Thaina,26
Emelyne,26
Lemia,26
Tyaisa,26
Quest,26
Mauren,26
Adonijah,26
Kyila,26
Alyisa,26
Anastaysia,26
Talayshia,26
Najay,26
Yuleisy,26
Danajha,26
Salmai,26
Aveonna,26
Daveona,26
Kiayla,26
Magdiel,26
Malayka,26
Masani,26
Mylina,26
Onyinye,26
Rabiya,26
Talianna,26
Tanaisa,26
Brycen,26
Mattigan,26
Naairah,26
Denaria,26
Karyzma,26
Kazmira,26
Makhaila,26
Xavianna,26
Yozelin,26
Ices,26
Maesa,26
Nadyia,26
Shadiamon,26
Rashanti,26
Namari,26
Janeira,26
Kailer,26
Alasiah,26
Saana,26
Semaje,26
Manaya,26
Jhani,26
Neydelin,26
Delaiah,26
Imaria,26
Angelynne,26
Denayah,26
Nandhini,26
Rubiana,26
Somtochukwu,26
Srushti,26
Tanyjah,26
Quinya,26
Ashita,26
Kinnidi,26
Aubrieanna,26
Chloye,26
Jassidy,26
Kateleigh,26
Naaz,26
Serentiy,26
Itzela,26
Sakyra,26
Breseis,26
Jesabel,26
Kahlynn,26
Iyunna,26
Jadyne,26
Cedrianna,26
Haileymarie,26
Irany,26
Parmida,26
Semajah,26
Sarela,26
Dannan,26
Anyka,26
Siannah,26
Jadaliz,26
Jaretsy,26
Marinn,26
Amarely,26
Annastin,26
Kayten,26
Kimore,26
Leorah,26
Syri,26
Thierry,26
Ziniyah,26
Neveaha,26
Yanitzia,26
Suzu,26
Jalexi,26
Janala,26
Anaili,26
Dayva,26
Hayah,26
Niranjana,26
Pearce,26
Reileigh,26
Velouria,26
Yanielis,26
Berra,26
Ellivia,26
Hailen,26
Kyriel,26
Moukthika,26
Zacara,26
Jakylee,26
Brittlynn,26
Finna,26
Vaelyn,26
Zyrie,26
Rhyon,26
Addelina,26
Jennabelle,26
Marlii,26
Ezzah,26
Ayusha,26
Ahlayna,26
Sylas,26
Teagin,26
Xinyan,26
Abishai,26
Adeley,26
Casyn,26
Joyful,26
Mckinzley,26
Yuan,26
Enara,26
Shaam,26
Laundyn,26
Brezlynn,26
Fiore,26
Mayer,26
Kemely,26
Eriyan,26
Jayceonna,26
Paridhi,26
Bowyn,26
Catelaya,26
Genisys,26
Mackynzi,26
Shammah,26
Urielle,26
Ellodie,26
Findlay,26
Nouf,26
Riha,26
Hadarah,26
Raavi,26
Kamellia,26
Royel,26
Vihaa,26
Cyrus,26
Elanny,26
Raylenn,26
Rafif,26
Veeha,26
Brexlie,26
Oluwafikayomi,26
Rhone,26
Ihsan,26
Roseleigh,26
Elliani,26
Jazbel,26
Kloni,26
Krishvi,26
Novahlee,26
Eleia,26
Hazeley,26
Luxley,26
Knoxley,26
Sithara,26
Kayari,26
Maislee,26
Aveera,26
Miraal,26
Rittie,25
Alwine,25
Greeta,25
Drucie,25
Angelus,25
Mabeth,25
Colista,25
Ursuline,25
Wynola,25
Arsie,25
Conrada,25
Ganell,25
Perlean,25
Tsurue,25
Edytha,25
Perfecta,25
Fennie,25
Evabelle,25
Utahna,25
Suzuko,25
Junne,25
Athlene,25
Hisaye,25
Irna,25
Maudena,25
Weldon,25
Longina,25
Arsula,25
Margeurite,25
Lauraetta,25
Ulysses,25
Carmeleta,25
Marienne,25
Clorice,25
Rogelia,25
Joycelene,25
Clairice,25
Joal,25
Mablene,25
Paulann,25
Irita,25
Merridee,25
Judean,25
Charlice,25
Barnette,25
Claren,25
Darrylin,25
Hermalinda,25
Carlan,25
Keran,25
Andrene,25
Delvia,25
Taide,25
Dawnie,25
Hollister,25
Ddnna,25
Pamler,25
Triena,25
Elizabe,25
Corenna,25
Ken,25
Shelee,25
Ute,25
Lolisa,25
Talona,25
Dujuana,25
Chrystyna,25
Flory,25
Kollette,25
Marjori,25
Tanjala,25
Luanda,25
Shannone,25
Barbarella,25
Demetrise,25
Kurtis,25
Trinese,25
Carice,25
Detrick,25
Genya,25
Haleh,25
Marliese,25
Shayvonne,25
Shulonda,25
Tristana,25
Schronda,25
Sherlita,25
Katenia,25
Taifa,25
Deria,25
Kisty,25
Schnell,25
Tristi,25
Liduvina,25
Falonda,25
Demond,25
Tammica,25
Tatanya,25
Lanesia,25
Shavonia,25
Tomya,25
Ineke,25
Minday,25
Shashona,25
Kandrea,25
Territa,25
Danyalle,25
Tenile,25
Niger,25
Netisha,25
Suhail,25
Jahnna,25
Tuesdae,25
Muslimah,25
Litasha,25
Tashuna,25
Shashanna,25
Kamal,25
Lakitta,25
Miatta,25
Sharenda,25
Simeon,25
Waukesha,25
Kinna,25
Antronette,25
Arceli,25
Olisha,25
Zaviera,25
Niyoka,25
Shenitra,25
Kennon,25
Savitri,25
Shaunetta,25
Chrsitina,25
Sepideh,25
Sevasti,25
Treneka,25
Yelissa,25
Rehab,25
Akevia,25
Chakera,25
Corren,25
Fateema,25
Nalisha,25
Riquel,25
Chaisty,25
Glenny,25
Shamille,25
Shadava,25
Brijette,25
Aleashia,25
Canei,25
Sequia,25
Aquia,25
Brittant,25
Erena,25
Annaalicia,25
Shaneia,25
Taeisha,25
Jatanna,25
Nakitta,25
Jakea,25
Randel,25
Tasheanna,25
Deresha,25
Marrianna,25
Tiffanymarie,25
Allexandra,25
Shonterria,25
Atenas,25
Cansas,25
Coua,25
Jeniva,25
Shanicia,25
Titana,25
Shaniequa,25
Terrencia,25
Reagon,25
Shaquail,25
Danequa,25
Latiera,25
Azita,25
Talysha,25
Champaine,25
Hardeep,25
Kelisa,25
Shaniqa,25
Biancca,25
Frania,25
Nichollette,25
Antoinique,25
Natazia,25
Khelsey,25
Lakken,25
Memoree,25
Rukmini,25
Uniquia,25
Rodericka,25
Aidaliz,25
Marshala,25
Lakeiya,25
Shakaira,25
Mistica,25
Alaini,25
Trionna,25
Benecia,25
Dajonna,25
Kadejia,25
Chayne,25
Jorey,25
Khadedra,25
Trevon,25
Branesha,25
Katleyn,25
Shaparis,25
Khadesha,25
Khadesia,25
Hadil,25
Paying,25
Jharline,25
Tyshai,25
Annanicole,25
Darbey,25
Kelen,25
Mkenna,25
Ashanae,25
Tyshera,25
Briaja,25
Berina,25
Cheylee,25
Dymonique,25
Ladejah,25
Odessey,25
Rwan,25
Coralis,25
Ashai,25
Khaylah,25
Shamsa,25
Janaja,25
Kentasia,25
Cyaira,25
Jaterria,25
Kouri,25
Chynia,25
Amajah,25
Gursimran,25
Jakila,25
Tateum,25
Kerriana,25
Kiria,25
Lanadia,25
Tiferet,25
Zanab,25
Mariali,25
Jansyn,25
Angellena,25
Dallyn,25
Ingry,25
Tamiracle,25
Givanna,25
Leelee,25
Shanza,25
Sisi,25
Dnaya,25
Zahrya,25
Angelese,25
Annaelise,25
Keerti,25
Teyonce,25
Caricia,25
Aalycia,25
Ayrionna,25
Jahya,25
Alyxia,25
Dasany,25
Kristiona,25
Emellie,25
Kaytin,25
Ajaylah,25
Shanila,25
Dairyn,25
Saynab,25
Adlih,25
Akailah,25
Enyia,25
Ezgi,25
Kaory,25
Elainy,25
Keileen,25
Shyrah,25
Tanvee,25
Arwynn,25
Kyelee,25
Alidia,25
Krisalynn,25
Kyleia,25
Peiton,25
Jakayah,25
Armelle,25
Pashance,25
Briceidy,25
Nazyah,25
Rhoslyn,25
Anneliz,25
Eimaan,25
Keilie,25
Khaleigh,25
Mireia,25
Pacience,25
Maecee,25
Nelah,25
Ahva,25
Daneah,25
Malanna,25
Morgandy,25
Tarajah,25
Meilee,25
Tzipa,25
Carlaysia,25
Dannapaola,25
Nivaeh,25
Saiah,25
Marelis,25
Kinberli,25
Aitza,25
Keylei,25
Saleisha,25
Yatzel,25
Ahmi,25
Kdynce,25
Laylla,25
Mayleah,25
Milen,25
Dayamin,25
Cardin,25
Sanaria,25
Allizzon,25
Aye,25
Masiela,25
Jahliya,25
Camori,25
Gilliana,25
Mahalakshmi,25
Nyllah,25
Shyli,25
Kaylii,25
Kharmyn,25
Makynley,25
Merjem,25
Norra,25
Haydenn,25
Kinli,25
Paysli,25
Khaleia,25
Malinah,25
Shasmeen,25
Skilah,25
Lianys,25
Maciee,25
Annalya,25
Deliylah,25
Ojasvi,25
Annaleya,25
Himari,25
Annyston,25
Reef,25
Aisleigh,25
Aoibheann,25
Eleyah,25
Zixuan,25
Kannyn,25
Niyeli,25
Kausar,25
Annalayah,25
Kinzli,25
Drelynn,25
Calirae,25
Lucyna,25
Aljawhara,25
Excel,25
Jessamae,25
Nyleigh,25
Abigailrose,25
Ariadny,25
Insley,25
Khaleesy,25
Leyre,25
Rianshi,25
Zellah,25
Rainier,25
Selihom,25
Orianthi,25
Eslyn,25
Adesire,25
Henzlee,25
Jekalyn,25
Naeva,25
Ziyla,25
Aadhvika,25
Mishita,25
Kiiara,25
Ziani,25
Waylin,25
Zaleia,25
Alaeya,25
Mahani,25
Milarae,25
Eliena,25
Elliyanah,25
Rylnn,25
Sianney,25
Brexlynn,25
Daloni,25
Koah,25
Arzoi,25
Khleo,25
Maizlee,25
Saiyr,25
Malisia,24
Vie,24
Lucye,24
Corenne,24
Ledra,24
Zelva,24
Orphie,24
Plumer,24
Madelle,24
Norvelle,24
Leberta,24
Estefanita,24
Yva,24
Rollie,24
Perrine,24
Ivadelle,24
Argyle,24
Eilean,24
Clotene,24
Ursa,24
Donnabell,24
Georgea,24
Sherlee,24
Eunita,24
Bettsy,24
Ruthine,24
Vondalee,24
Jeneanne,24
Phronsie,24
Gyla,24
Jerrolyn,24
Lundy,24
Vann,24
Bendetta,24
Brender,24
Celeta,24
Estrelita,24
Noli,24
Cecilla,24
Debro,24
Larke,24
Shirletta,24
Williams,24
Cyenthia,24
Dita,24
Isabelita,24
Edi,24
Lorijo,24
Dollicia,24
Charvette,24
Raynita,24
Taska,24
Lisi,24
Ladrena,24
Titia,24
Cassander,24
Richael,24
Shondel,24
Genel,24
Barclay,24
Cantrece,24
Almitra,24
Fleshia,24
Marcinda,24
Anathea,24
Jeanea,24
Tiese,24
Mashona,24
Ronise,24
Sherette,24
Maquel,24
Tatasha,24
Dawnyelle,24
Tamesa,24
Candle,24
Deshelia,24
Katresa,24
Ralna,24
Dinelle,24
Quantella,24
Timeca,24
Scotia,24
Laciana,24
Shavanda,24
Tycee,24
Tegra,24
Tiffy,24
Russchelle,24
Rashetta,24
Letosha,24
Dakita,24
Lashundria,24
Basheba,24
Lachaka,24
Adilah,24
Suyapa,24
Kizzey,24
Shaheerah,24
Kerian,24
Shermica,24
Cheresse,24
Mikhail,24
Shamequa,24
Tenielle,24
Tieesha,24
Shaherah,24
Ju,24
Shakida,24
Ashonta,24
Lakeila,24
Shawnequa,24
Swapna,24
Teadra,24
Murjani,24
Ullanda,24
Rennata,24
Chua,24
Jesha,24
Jhovana,24
Naadira,24
Silpa,24
Viky,24
Shiona,24
Mykisha,24
Drystal,24
Marshanna,24
Tenasha,24
Jenniferlee,24
Jamiemarie,24
Dary,24
Thuytrang,24
Mahagany,24
Mikkel,24
Angelicamaria,24
Yagaira,24
Devonie,24
Samanthe,24
Sharesse,24
Crisel,24
Shawntaya,24
Foua,24
Charlisse,24
Porcsha,24
Faran,24
Jessicarose,24
Sammyjo,24
Sovanna,24
Aneela,24
Charnea,24
Lakreshia,24
Shanethia,24
Tawatha,24
Krystalann,24
Shawda,24
Kandyse,24
Lauraanne,24
Keyshawn,24
Lauron,24
Apiffany,24
Anjelicia,24
Deleshia,24
Shanny,24
Diasy,24
Juleesa,24
Leor,24
Cessily,24
Devana,24
Flormaria,24
Shanisa,24
Tacoria,24
Ysatis,24
Lacree,24
Alon,24
Saquoya,24
Aungelique,24
Edid,24
Kallin,24
Janiris,24
Kanishia,24
Sharayne,24
Shinique,24
Tanira,24
Deashley,24
Kelah,24
Dalecia,24
Shambre,24
Yomari,24
Quatavia,24
Eriqa,24
Dijonna,24
Dijonae,24
Jenitza,24
Ironesha,24
Autumnn,24
Kadiesha,24
Syndney,24
Keunna,24
Shainah,24
Elaney,24
Raquelin,24
Elexsis,24
Jacelin,24
Zanea,24
Amythest,24
Breshawna,24
Mekalah,24
Tihani,24
Kemira,24
Tramanh,24
Balee,24
Jaleel,24
Shayenne,24
Tytana,24
Yocelyne,24
Kaisee,24
Lency,24
Mckaylyn,24
Nalijah,24
Shaydee,24
Sidnei,24
Ollivia,24
Aerion,24
Alexondria,24
Caetlin,24
Deajia,24
Tymeria,24
Ahlexis,24
Callaghan,24
Makalla,24
Ajanai,24
Ganna,24
Nataija,24
Mailinh,24
Rosicela,24
Arreon,24
Jahnell,24
Anias,24
Dailene,24
Searria,24
Uchechukwu,24
Yume,24
Abish,24
Markya,24
Sonique,24
Mileny,24
Lakaila,24
Teaghen,24
Aeryal,24
Alyea,24
Kyianna,24
Lessli,24
Lisbed,24
Rubith,24
Takaria,24
Elizia,24
Trinyti,24
Elenamarie,24
Javiona,24
Marlett,24
Nadeya,24
Dinasia,24
Ialiyah,24
Janaija,24
Teani,24
Nafia,24
Annahy,24
Asharee,24
Emmelie,24
Amelea,24
Juleana,24
Khadidiatou,24
Lizbhet,24
Monsserrat,24
Chaelynn,24
Joyah,24
Solangie,24
Eldina,24
Keyashia,24
Mkya,24
Aahliyah,24
Dekiya,24
Djenabou,24
Mitzel,24
Ragad,24
Raziel,24
Kanye,24
Chaliyah,24
Nimsy,24
Niyasia,24
Zenae,24
Anyston,24
Madsion,24
Annyah,24
Holyn,24
Sanay,24
Saniaya,24
Lileah,24
Perseis,24
Abbott,24
Kamoree,24
Kimorra,24
Lanikai,24
Mauriyah,24
Nashiyah,24
Nihitha,24
Sanniyah,24
Aliyonna,24
Jarethzy,24
Kayl,24
Lyiah,24
Ziarra,24
Akaria,24
Avariella,24
Orlaith,24
Zofie,24
Aniyjah,24
Breeleigh,24
Elee,24
Emerey,24
Keimoni,24
Kihana,24
Mattox,24
Nasteha,24
Janaii,24
Jasleene,24
Maryeli,24
Kayri,24
Kahmiya,24
Kerionna,24
Madee,24
Milaan,24
Zuzana,24
Aneila,24
Cayliana,24
Kahlina,24
Khennedi,24
Maybellene,24
Kamiera,24
Deairah,24
Jaylana,24
Audriena,24
Averyonna,24
Braeli,24
Filsan,24
Jovianna,24
Keimari,24
Nevaiah,24
Atena,24
Jaidalynn,24
Jovial,24
Greydi,24
Romiyah,24
Devaya,24
Seleah,24
Madisonrose,24
Evalet,24
Khyle,24
Lealah,24
Learah,24
Tahliah,24
Milaun,24
Oluwaferanmi,24
Zynae,24
Afina,24
Aquetzalli,24
Carmynn,24
Nieva,24
Radiya,24
Braylynne,24
Atreya,24
Braela,24
Heartlee,24
Jaryia,24
Kendallynn,24
Lisabella,24
Myaa,24
Nalana,24
Persephany,24
Alchemy,24
Alzahra,24
Kharsyn,24
Larsa,24
Layke,24
Lelianna,24
Lylarose,24
Truely,24
Zaraiyah,24
Carliana,24
Sebella,24
Imri,24
Amilla,24
Enylah,24
Sofiarose,24
Avakate,24
Keilanie,24
Taniylah,24
Zikora,24
Maebri,24
Maicyn,24
Zanilah,24
Riyaan,24
Amoure,24
Aelani,24
Analeiah,24
Daliylah,24
Klark,24
Adelinn,24
Elionna,24
Ettalyn,24
Myer,24
Ro,24
Eisele,24
Aransa,24
Adeliah,24
Daleysha,24
Noire,24
Gurkirat,24
Nael,24
Elizabethgrace,24
Elysian,24
Kamor,24
Violetrose,24
Ayslee,24
Yessia,24
Maggiemae,24
Nuna,24
Eilany,24
Fynlie,24
Zephora,24
Frayah,24
Lowyn,24
Weylyn,24
Kylo,24
Euri,24
Harleyrose,24
Hestia,24
Aadriti,24
Artist,24
Eddison,24
Khallie,24
Reylyn,24
Aleissa,24
Aroyal,24
Dylani,24
Zahlee,24
Kodah,24
Lanova,24
Vea,24
Mayze,24
Radhya,24
Revy,24
Orabella,24
Hosna,24
Zanova,24
Malauni,24
Sakani,24
Aarnika,24
Solar,24
Deller,23
Appie,23
Arrilla,23
Belzora,23
Perna,23
Cleophas,23
Lecie,23
Elgia,23
Cosby,23
Panzie,23
Welcome,23
Lottye,23
Aldia,23
Rosezell,23
Willabelle,23
Madlen,23
Essiemae,23
Venona,23
Michiye,23
Alnora,23
Loena,23
Erdene,23
Raffie,23
Eua,23
Euella,23
Bernida,23
Lasca,23
Mignonette,23
Reca,23
Cleve,23
Girdie,23
Carmetta,23
Crispina,23
Almetia,23
Donzell,23
Gertis,23
Lorese,23
Cardell,23
Ladislava,23
Lonell,23
Magdline,23
Ihla,23
Utha,23
Waunell,23
Norrene,23
Aleita,23
Loette,23
Mageline,23
Annalene,23
Gereldine,23
Wylda,23
Verdena,23
Winnette,23
Dainty,23
Wylodene,23
Epimenia,23
Eufracia,23
Makiko,23
Murlee,23
Aslean,23
Nelvia,23
Gaudalupe,23
Delphinia,23
Marliene,23
Barara,23
Durelle,23
Williene,23
Janilee,23
Charleszetta,23
Wray,23
Gearlean,23
Rozita,23
Pamalla,23
Zonna,23
Cloretta,23
Aleasa,23
Troylene,23
Birute,23
Deborahh,23
Loletia,23
Vidette,23
Ronnah,23
Loritta,23
Sharree,23
Theres,23
Sharn,23
Brenette,23
Tambre,23
Jennean,23
Wyn,23
Lessia,23
Genece,23
Jaque,23
Julye,23
Kimmey,23
Laronna,23
Kayanne,23
Redena,23
Dorcia,23
Deidree,23
Yowanda,23
Angiela,23
Demitri,23
Lisann,23
Cherilee,23
Walesca,23
Corenthia,23
Quentella,23
Wynde,23
Lauralea,23
Natrice,23
Shelane,23
Tineke,23
Charnessa,23
Richella,23
Tress,23
Kelinda,23
Tannette,23
Shamane,23
Chemaine,23
Loey,23
Tabiatha,23
Tilisa,23
Moneeka,23
Reynaldo,23
Shamelle,23
Valeka,23
Decia,23
Jenn,23
Leal,23
Marianthi,23
Tejuana,23
Latinya,23
Michonne,23
Alcia,23
Friday,23
Teronica,23
Lashasta,23
Sumita,23
Tiva,23
Baraka,23
Lekesia,23
Montessa,23
Timitra,23
Minde,23
Tavares,23
Lashunna,23
Samica,23
Olajumoke,23
Wakita,23
Reesheda,23
Nekeidra,23
Ain,23
Ashanda,23
Clancey,23
Jajuana,23
Tameesha,23
Chenda,23
Efstathia,23
Geetha,23
Masheka,23
Neeli,23
Sujei,23
Aderonke,23
Umika,23
Lenika,23
Kushana,23
Tekeema,23
Ambi,23
Caisha,23
Leiha,23
Tiquana,23
Esi,23
Shakeima,23
Rikesha,23
Lieba,23
Najiyyah,23
Nickesha,23
Shanekwa,23
Tyena,23
Lareka,23
Rasheeta,23
Amberdawn,23
Starlisha,23
Shureka,23
Starleigh,23
Ambor,23
Nakecia,23
Quiyana,23
Candias,23
Shakkia,23
Amandra,23
Bhavini,23
Cassandrea,23
Oreal,23
Camerina,23
Corisha,23
Kattrina,23
Marques,23
Talesia,23
Valerieann,23
Ashalee,23
Karise,23
Marquila,23
Olicia,23
Thida,23
Amannda,23
Jesska,23
Rekeisha,23
Shrena,23
Monchell,23
Rachelmarie,23
Kametria,23
Laurenmarie,23
Ream,23
Takendra,23
Tanera,23
Ashi,23
Merav,23
Sheyda,23
Fahren,23
Janill,23
Nasheema,23
Kayala,23
Yachi,23
Sagen,23
Kendralyn,23
Sesley,23
Charnesha,23
Lismarie,23
Shawdae,23
Timmeka,23
Brittinay,23
Kascha,23
Khrystine,23
Seria,23
Tahera,23
Typhani,23
Kerrian,23
Jelesia,23
Marneisha,23
Alyssaann,23
Ambernicole,23
Anqunette,23
Shanquilla,23
Chenea,23
Devonn,23
Kurston,23
Kwanesha,23
Nardia,23
Shamirra,23
Champaign,23
Joshlin,23
Felisity,23
Jeovanna,23
Brytnie,23
Catara,23
Nahid,23
Qwanisha,23
Sakile,23
Shakaila,23
Brianica,23
Tatayanna,23
Tekeria,23
Vannida,23
Nekaybaw,23
Kadijha,23
Dariyan,23
Falcon,23
Israh,23
Dache,23
Gretell,23
Jonecia,23
Oreana,23
Tayzia,23
Shardasia,23
Zhanee,23
Alundra,23
Mickaila,23
Gensis,23
Prabhjot,23
Betsua,23
Destene,23
Shawnessy,23
Adahli,23
Meryssa,23
Kalon,23
Daejha,23
Mykyla,23
Tyshira,23
Tanajia,23
Yamilez,23
Jahniece,23
Khailah,23
Kestra,23
Bhavani,23
Dajour,23
Distiny,23
Eneyda,23
Komalpreet,23
Hannaha,23
Matisen,23
Shadaisha,23
Mckalyn,23
Takerria,23
Aiah,23
Diba,23
Khiabet,23
Loranna,23
Manvir,23
Natyia,23
Orionna,23
Tanah,23
Tavin,23
Jylene,23
Eleesa,23
Kriselle,23
Siane,23
Affinity,23
Graceson,23
Jalice,23
Carington,23
Kendraya,23
Alexeia,23
Skylia,23
Allysah,23
Arlethe,23
Bibian,23
Julliet,23
Kiaura,23
Nashalee,23
Sravani,23
Taianna,23
Blerta,23
Caslyn,23
Julienna,23
Chiya,23
Gessel,23
Jasonna,23
Abegayle,23
Alexana,23
Bineta,23
Shamarria,23
Victorie,23
Sakora,23
Beloved,23
Emilin,23
Gwenavere,23
Imala,23
Jasminerose,23
Kynsey,23
Skylea,23
Aryiel,23
Ayaa,23
Bryden,23
Darlenne,23
Esabel,23
Poleth,23
Aana,23
Banner,23
Aaishah,23
Suzet,23
Vionna,23
Ailina,23
Akshata,23
Archisha,23
Breazia,23
Jazmari,23
Maddigan,23
Trinati,23
Camlyn,23
Evenie,23
Agostina,23
Haarika,23
Samanthanicole,23
Srinithi,23
Chetana,23
Dayanah,23
Greeley,23
Mariacamila,23
Susej,23
Uriana,23
Braydon,23
Mckaya,23
Canya,23
Delimar,23
Dioselyn,23
Kambrya,23
Kyden,23
Tashiyah,23
Aliyaha,23
Anieyah,23
Makirah,23
Marleth,23
Rubyanne,23
Vyshnavi,23
Demariah,23
Fayeth,23
Kadidiatou,23
Kerlyn,23
Myniah,23
Rishitha,23
Brinya,23
Adlen,23
Danapaola,23
Jamirrah,23
Mireily,23
Prithika,23
Deilyn,23
Geriyah,23
Jaeya,23
Jahmaya,23
Joanah,23
Kanaria,23
Leairah,23
Lynnia,23
Phallyn,23
Saahithi,23
Khamara,23
Bar,23
Getzemani,23
Jaliayah,23
Leamarie,23
Lehanna,23
Zyera,23
Annecy,23
Faridah,23
Jarya,23
Lailanee,23
Lamaiya,23
Niarah,23
Serianna,23
Suhaani,23
Talaijah,23
Simyah,23
Yariely,23
Azyra,23
Jaileah,23
Maylana,23
Seryn,23
Jingyi,23
Evalani,23
Naeli,23
Aricella,23
Baeley,23
Emauri,23
Evangeleen,23
Kassydi,23
Mahlon,23
Myleigha,23
Rydia,23
Annalys,23
Bitanya,23
Juwairiyah,23
Kiomi,23
Laiyana,23
Laylaann,23
Onyinyechukwu,23
Serenitey,23
Kamore,23
Sevda,23
Dzaria,23
Fiamma,23
Xiani,23
Arieli,23
Geordyn,23
Jaini,23
Kexin,23
Lyneah,23
Meriwether,23
Tishya,23
Juiliana,23
Mehjabeen,23
Dannely,23
Evlin,23
Ghaida,23
Zafina,23
Zaraiah,23
Breckynn,23
Hutton,23
Jalanni,23
Kleah,23
Addielynn,23
Covey,23
Lillybelle,23
Mahliyah,23
Katalayah,23
Daveney,23
Haram,23
Saffiya,23
Anuska,23
Ellynor,23
Azailya,23
Bae,23
Chenxi,23
Gynesis,23
Islynn,23
Khamilah,23
Lynnlea,23
Lyrix,23
Merola,23
Oluwalonimi,23
Rosalei,23
Soe,23
Yuleimi,23
Rahf,23
Aaliana,23
Stellamae,23
Tobyn,23
Henly,23
Raida,23
Zirel,23
Adirah,23
Zayliah,23
Lais,23
Payzley,23
Khoi,23
Kholee,23
Lateen,23
Synnove,23
Emslie,23
Xareny,23
Laylen,23
Athenarose,23
Aloe,23
Bridger,23
Fira,23
Hazlyn,23
Lakshana,23
Lynx,23
Azeemah,23
Richlynn,23
Emberlynne,23
Laniakea,23
Reighna,23
Royalte,23
Amilliah,23
Camillah,23
Emreigh,23
Gatlyn,23
Myarose,23
Novaley,23
Tesley,23
Rufta,23
Sabali,23
Amaiia,23
Quinzel,23
Renli,23
Waylen,23
Birdy,23
Drithi,23
Jalyrica,23
Lunara,23
Adalayah,23
Reyla,23
Winn,23
Alula,23
Zhaviah,23
Jalonni,23
Novareign,23
Kaavia,23
Nalaia,23
Clennie,22
Ocea,22
Parlie,22
Phebie,22
Ferrol,22
Ezora,22
Elitha,22
Voda,22
Decima,22
Cloda,22
Annas,22
Elizadeth,22
Emilda,22
Edmae,22
Buleah,22
Gioconda,22
Leella,22
Malvine,22
Delilia,22
Estelline,22
Francese,22
Junerose,22
Pollye,22
Readie,22
Yachiyo,22
Addine,22
Wilhelminia,22
Chesterine,22
Johnson,22
Lodell,22
Ferrel,22
Lovera,22
Maxiene,22
Trecie,22
Deta,22
Berthine,22
Bettijane,22
Carnie,22
Cordilia,22
Maerene,22
Maynard,22
Theria,22
Wyvetta,22
Maratha,22
Bernelda,22
Genevea,22
Lavee,22
Mavin,22
Phyllys,22
Benilde,22
Bettylu,22
Elizeabeth,22
Reno,22
Lionor,22
Angia,22
Colina,22
Idalina,22
Revie,22
Annalouise,22
Arleda,22
Ailean,22
Delaphine,22
Armande,22
Malvenia,22
Bertia,22
Ignacio,22
Charsie,22
Gerelene,22
Antonita,22
Gracemary,22
Amadita,22
Brunhilda,22
Coralene,22
Gere,22
Liria,22
Huguette,22
Shirli,22
Rowenna,22
Loueen,22
Marleene,22
Thanna,22
Merrilie,22
Vaughan,22
Charlis,22
Chun,22
Caroyl,22
Cherryle,22
Sandral,22
Charolet,22
Pearlette,22
Florastine,22
Hollice,22
Randine,22
Chryel,22
Patericia,22
Gyda,22
Paulanne,22
Winette,22
Wyetta,22
Ymelda,22
Jonine,22
Loring,22
Jernell,22
Sharrion,22
Derrie,22
Troye,22
Gerie,22
Gindy,22
Jaretta,22
Stanna,22
Renetha,22
Aquanette,22
Alvinia,22
Joandra,22
Calisse,22
Lavett,22
Arnel,22
Pollyanne,22
Threase,22
Angelete,22
Lawonna,22
Nicolee,22
Pattyann,22
Dynetta,22
Monnette,22
Regeina,22
Suanna,22
Denetrice,22
Tunja,22
Zinna,22
Rosaida,22
Shire,22
Demetrus,22
Lale,22
Lashel,22
Shondi,22
Dawnel,22
Lyrissa,22
Tangila,22
Leighan,22
Montrese,22
Danyette,22
Tangella,22
Valenica,22
Jamellah,22
Kawanis,22
Kristey,22
Antoinnette,22
Chelene,22
Kristn,22
Sharette,22
Sharlita,22
Siobhain,22
Toyya,22
Lacricia,22
Keshea,22
Shonelle,22
Hawanya,22
Patrika,22
Tikki,22
Tomico,22
Chadwick,22
Karsha,22
Valesha,22
Anana,22
Shlanda,22
Lamecia,22
Shontal,22
Taiwanna,22
Pashen,22
Lameca,22
Bahia,22
Telana,22
Thasha,22
Curtrina,22
Azuredee,22
Maiysha,22
Kenyell,22
Rustina,22
Letrisha,22
Onawa,22
Tomeki,22
Elpida,22
Javetta,22
Lamecca,22
Latres,22
Latreva,22
Riena,22
Sauda,22
Yasheika,22
Tristaca,22
Rashona,22
Anibal,22
Lakida,22
Latarya,22
Roshena,22
Wing,22
Delvin,22
Hillory,22
Kinyata,22
Crystral,22
Mehan,22
Rakhee,22
Tamiqua,22
Sherona,22
Anansa,22
Qunita,22
Shawndrika,22
Tiawna,22
Tranita,22
Renotta,22
Deesha,22
Alyssum,22
Jollene,22
Mistique,22
Lelsie,22
Shontrice,22
Jametra,22
Jimika,22
Natoyia,22
Sajdah,22
Share,22
Tashekia,22
Vallon,22
Maran,22
Jillion,22
Emilyjo,22
Jamere,22
Lavesha,22
Maryemma,22
Shelicia,22
Vicotria,22
Ebru,22
Ni,22
Randelle,22
Rozalin,22
Santoya,22
Shareema,22
Keanne,22
Requita,22
Triona,22
Zong,22
Lacandice,22
Bittany,22
Kystal,22
Shunteria,22
Sumera,22
Jarrell,22
Larren,22
Phylecia,22
Brendon,22
Lashayna,22
Mirelys,22
Dieu,22
Jennarose,22
Keley,22
Keshondra,22
Lendsey,22
Shantaria,22
Yanika,22
Mitchel,22
Nghi,22
Tekara,22
Yanill,22
Brittnany,22
Fatmah,22
Kentrice,22
Mie,22
Neiba,22
Apiphany,22
Cheisea,22
Kayeloni,22
Latigra,22
Shernice,22
Taleesa,22
Padee,22
Alexanda,22
Alysan,22
Champale,22
Charneice,22
Charnique,22
Clairese,22
Denysha,22
Janeeka,22
Shadreka,22
Anastasi,22
Jacquisha,22
Tawnni,22
Chiaki,22
Yasameen,22
Selamawit,22
Leny,22
Priscylla,22
Caitlynd,22
Kyly,22
Osheanna,22
Ronneka,22
Shaneqwa,22
Traneisha,22
Atasia,22
Symmone,22
Jacobie,22
Shamonte,22
Deprise,22
Deshira,22
Devian,22
Janacia,22
Kendriana,22
Leaundra,22
Victorialynn,22
Willesha,22
Shakiela,22
Tiosha,22
Burgandi,22
Kiairra,22
Mashala,22
Carryn,22
Keishona,22
Shaniesha,22
Talisia,22
Blessy,22
Carlesia,22
Chantice,22
Krystalee,22
Taylorrae,22
Kadiedra,22
Euniqua,22
Majerle,22
Verenisse,22
Kiersta,22
Leeda,22
Savona,22
Brishae,22
Corea,22
Lyndsea,22
Peris,22
Rajae,22
Shatorria,22
Rajene,22
Raegene,22
Tyranny,22
Brayton,22
Desmonique,22
Malkah,22
Nakeyah,22
Noy,22
Ylana,22
Deshai,22
Arlandria,22
Infantgirl,22
Auzhane,22
Kinsee,22
Kasady,22
Tonii,22
Alexicia,22
Arcely,22
Gabreil,22
Geneses,22
Kiaralee,22
Arianda,22
Kadison,22
Bristen,22
Nadjah,22
Alston,22
Isbel,22
Jawaher,22
Khaley,22
Mckayle,22
Nanaama,22
Shaynia,22
Naibe,22
Dayshawna,22
Jaret,22
Kaytlinn,22
Kolbey,22
Kyiara,22
Yesenya,22
Deoveon,22
Keannah,22
Rakyia,22
Adaysia,22
Cailynne,22
Coi,22
Dnaja,22
Ebby,22
Ijahnae,22
Mahailey,22
Velicity,22
Zacharia,22
Kearrah,22
Christiyana,22
Kekoa,22
Khyara,22
Mateah,22
Mykailah,22
Naailah,22
Nytasia,22
Derrionna,22
Enajah,22
Firdaws,22
Illeanna,22
Keagen,22
Micaya,22
Nishitha,22
Nouran,22
Ceona,22
Eshita,22
Ilaya,22
Jyah,22
Sabelle,22
Ajala,22
Alyvea,22
Atzin,22
Brekken,22
Kaitley,22
Lakaia,22
Taviona,22
Anggie,22
Nayelle,22
Abigeal,22
Anyce,22
Britthany,22
Henessey,22
Ivree,22
Jnia,22
Kawailani,22
Makylia,22
Noreli,22
Saribel,22
Abbeygale,22
Deenah,22
Sheriyah,22
Jackelinne,22
Jahia,22
Karinah,22
Kency,22
Laliah,22
Anujin,22
Zade,22
Gunnar,22
Sumaia,22
Aylinne,22
Christany,22
Dylen,22
Life,22
Lilika,22
Mireyna,22
Moniyah,22
Aniiya,22
Anahya,22
Kayleighann,22
Rosselin,22
Zuliana,22
Ciyanna,22
Guinivere,22
Samaire,22
Avienda,22
Delaya,22
Elenny,22
Jamyri,22
Kahniya,22
Keity,22
Makiyha,22
Nierra,22
Nyiema,22
Osmary,22
Raigyn,22
Samanthagrace,22
Sheniyah,22
Siclaly,22
Sunem,22
Tabassum,22
Zyniya,22
Yuraima,22
Kaliyha,22
Rohana,22
Ellyonna,22
Mahawa,22
Skylaar,22
Yasmim,22
Akon,22
Alivyah,22
Crisbel,22
Janii,22
Tanaiyah,22
Raengel,22
Caridee,22
Jenniyah,22
Avva,22
Aamia,22
Aeowyn,22
Ahliana,22
Analey,22
Kalieah,22
Leanie,22
Nyalise,22
Syrae,22
Tasiyah,22
Azaree,22
Jaeci,22
Janavi,22
Jaylis,22
Lilea,22
Mirena,22
Nylla,22
Adrihanna,22
Kemarie,22
Leihla,22
Andalasia,22
Awbree,22
Betanya,22
Laziya,22
Addelin,22
Annalecia,22
Connolly,22
Ellasandra,22
Macari,22
Maiden,22
Mialyn,22
Miera,22
Persayis,22
Tatelynn,22
Youstina,22
Myleene,22
Demariyah,22
Yamiley,22
Eralyn,22
Janielis,22
Kamauria,22
Makaelynn,22
Mayani,22
Sawdah,22
Stevierae,22
Chrissette,22
Abela,22
Addelyne,22
Arionah,22
Corabella,22
Karmann,22
Niveyah,22
Caraleigh,22
Anilyah,22
Diyala,22
Paelynn,22
Safiye,22
Davinee,22
Eibhleann,22
Jazzabella,22
Zulai,22
Hessa,22
Amabelle,22
Galaxie,22
Aarabella,22
Adiley,22
Elliyanna,22
Evalia,22
Laylanii,22
Liyanah,22
Jayciana,22
Xyra,22
Arieah,22
Emilliana,22
Marleyann,22
Adelais,22
Charlierae,22
Gracilynn,22
Graycelyn,22
Heylen,22
Jaise,22
Kayzlie,22
Lyndan,22
Mazarine,22
Taraf,22
Thang,22
Jhenae,22
Musfirah,22
Xi,22
Zuriana,22
Ariadnne,22
Charliemae,22
Ellieanne,22
Eylah,22
Hayzlie,22
Izalea,22
Jaxlyn,22
Penn,22
Dahliana,22
Chiziterem,22
Saelor,22
Wellesley,22
Iselis,22
Ameliamae,22
Ahviana,22
Ameyali,22
Kastyn,22
Zafreen,22
Noveah,22
Bhuvika,22
Akhari,22
Anayat,22
Iyra,22
Odeya,22
Tehlani,22
Deava,22
Amalah,22
Aviani,22
Cardi,22
Emereigh,22
Chevel,22
Peach,22
Kynd,22
Novaa,22
Halstyn,22
Tokyo,22
Sannie,21
Francisquita,21
Tobitha,21
Gettie,21
Philippine,21
Antonie,21
Pencie,21
Sella,21
Elezabeth,21
Alouise,21
Michalena,21
Alvern,21
Estes,21
Generosa,21
Oceola,21
Uarda,21
Avinell,21
Virene,21
Bissie,21
Kinue,21
Nobia,21
Ah,21
Areather,21
Cordula,21
Golie,21
Ganelle,21
Martella,21
Merilda,21
Katherne,21
Lenabelle,21
Rosebelle,21
Uta,21
Wealtha,21
Autrey,21
Cleatis,21
Waveline,21
Zabelle,21
Loreine,21
Mayona,21
Macle,21
Oteria,21
Ailleen,21
Robertia,21
Arrah,21
Athaleen,21
Elneta,21
Lafayette,21
Ruthmae,21
Virginialee,21
Irona,21
Doreathea,21
Daise,21
Carmello,21
Earna,21
Ledell,21
Goldene,21
Saline,21
Emajean,21
Gonzala,21
Marggie,21
Ninon,21
Rosarie,21
Athelia,21
Remel,21
Vennetta,21
Rogers,21
Katherline,21
Normie,21
Leath,21
Theretha,21
Clata,21
Floralee,21
Fostine,21
Geanne,21
Jaris,21
Fabia,21
Harmon,21
Burnestine,21
Rovella,21
Mablean,21
Arthuree,21
Louwana,21
Windell,21
Elizabath,21
Lisle,21
Nonda,21
Georgieann,21
Carolea,21
Radine,21
Sheren,21
Ruthan,21
Sandye,21
Cherel,21
Shyrel,21
Melisande,21
Rugenia,21
Florestela,21
Juantia,21
Karyne,21
Cathalene,21
Doyla,21
Graice,21
Sadra,21
Yvonnda,21
In,21
Joquita,21
Thereas,21
Treca,21
Rannah,21
Marlese,21
Migna,21
Janyne,21
Pamm,21
Vickilynn,21
Dorin,21
Darrie,21
Litsa,21
Novena,21
Annettie,21
Dellena,21
Lajeanna,21
Lanet,21
Thearsa,21
Daralynn,21
Dawni,21
Grindle,21
Geannine,21
Temi,21
Chevell,21
Mecia,21
Joele,21
Neshell,21
Valanda,21
Annesia,21
Engrid,21
Lareese,21
Nikkii,21
Olinka,21
Shondia,21
Noraida,21
Virjinia,21
Shwana,21
Karriann,21
Tomeco,21
Amissa,21
Biatriz,21
Cheryse,21
Shulanda,21
Melynie,21
Tannika,21
Tatina,21
Ladedra,21
Notasha,21
Sherna,21
Jonikka,21
Anton,21
Chryssa,21
Latosia,21
Lassandra,21
Melandie,21
Miquelle,21
Stephiane,21
Hariklia,21
Lekeesha,21
Myndee,21
Phara,21
Sheneta,21
Turkesha,21
Agustin,21
Lakicia,21
Kishara,21
Nikishia,21
Seniqua,21
Nyeasha,21
Tikeisha,21
Tnisha,21
Noralba,21
Lukesha,21
Jamalia,21
Kiesa,21
Lasharra,21
Nassim,21
Olufunke,21
Tansey,21
Nakila,21
Reachel,21
Ladrina,21
Lakeyda,21
Sheenia,21
Shukura,21
Shatonga,21
Shanada,21
Jamessa,21
Marciela,21
Shannikia,21
Arren,21
Dewayna,21
Latya,21
Toshina,21
Nashana,21
Japera,21
Chelynne,21
Tasheia,21
Kathyria,21
Tarneshia,21
Tekeyla,21
Diep,21
Farina,21
Nephateria,21
Quashonda,21
Shakiea,21
Sharrah,21
Taranika,21
Hai,21
Moshe,21
Donesia,21
Chasidi,21
Laqueda,21
Kehly,21
Rashundra,21
Saraanne,21
Karlesha,21
Latece,21
Mallari,21
Caitin,21
Raedawn,21
Shaquonda,21
Deshaundra,21
Pesha,21
Shaquania,21
Trechelle,21
Corian,21
Deangelo,21
Lashaunte,21
Ralisha,21
Shyesha,21
Wynesha,21
Decora,21
Annum,21
Denequa,21
Pryscilla,21
Shaquise,21
Cabrielle,21
Shawnisha,21
Laporshe,21
Toshiana,21
Agigail,21
Alaxandra,21
Averyl,21
Kamarin,21
Narges,21
Shanquia,21
Brichelle,21
Jelecia,21
Mercedee,21
Sinea,21
Broghan,21
Liliam,21
Samisha,21
Chelseamarie,21
Juhee,21
Malieka,21
Prianna,21
Rayshawna,21
Shykia,21
Tylecia,21
Arreanna,21
Shelbylyn,21
Annam,21
Ragini,21
Rakelle,21
Shameya,21
Victorea,21
Arrian,21
Kerrah,21
Mccauley,21
Nashai,21
Shartavia,21
Berenisse,21
Dashaya,21
Jelyssa,21
Niesa,21
Samanntha,21
Zykeia,21
Kadeidre,21
Keyonte,21
Nielah,21
Phatima,21
Chantasia,21
Haben,21
Heyley,21
Quadirah,21
Tamariah,21
Teshauna,21
Abigayil,21
Fatmeh,21
Jealousy,21
Kenteria,21
Macye,21
Shale,21
Simy,21
Mikalee,21
Sabian,21
Taeylor,21
Arshdeep,21
Dazah,21
Dekira,21
Mackay,21
Mckaley,21
Alaza,21
Jeliah,21
Khyree,21
Mircle,21
Nikaila,21
Somia,21
Areisy,21
Reilee,21
Yuneisy,21
Destinymarie,21
Havan,21
Kymberleigh,21
Quenia,21
Stav,21
Zakera,21
Dejanelle,21
Caetlyn,21
Alexandriah,21
Laurn,21
Saharrah,21
Tremia,21
Diamani,21
Madelinne,21
Sheny,21
Zobia,21
Maraiah,21
Sevanah,21
Ziporah,21
Ajsa,21
Debrianna,21
Franey,21
Hemma,21
Kayman,21
Rieanna,21
Quantaya,21
Areyona,21
Aaliyaha,21
Jakelyne,21
Najaya,21
Roniah,21
Shecid,21
Evening,21
Onye,21
Aamaya,21
Adlemi,21
Anielka,21
Elizamarie,21
Fajar,21
Ileyah,21
Lavaria,21
Marim,21
Najayah,21
Natalle,21
Zyianna,21
Ashantii,21
Assetou,21
Tenzing,21
Aliciah,21
Angelrose,21
Breajah,21
Davasia,21
Dylaney,21
Iyiana,21
Jennaveve,21
Keyley,21
Tanyra,21
Taylorrose,21
Yoli,21
Americas,21
Denaija,21
Meirav,21
Alilia,21
Anyha,21
Mahlea,21
Campbelle,21
Ija,21
Jynia,21
Kelea,21
Nev,21
Noon,21
Omariana,21
Yaren,21
Annaleece,21
Janiha,21
Nadeline,21
Simryn,21
Yohali,21
Lamariya,21
Myara,21
Denize,21
Fardosa,21
Geriah,21
Iayana,21
Jenalis,21
Maliana,21
Yukina,21
Zahmya,21
Yoshigei,21
Jaici,21
Nayima,21
Grasyn,21
Aalanah,21
Laighla,21
Nino,21
Nyel,21
Tayliana,21
Tayton,21
Aveona,21
Azion,21
Aryhanna,21
Ellsa,21
Nyveah,21
Cheznie,21
Janirah,21
Jazzelyn,21
Jenalynn,21
Kheira,21
Kily,21
Paigelynn,21
Rashya,21
Reyhana,21
Zahiya,21
Yasline,21
Zamyriah,21
Adaleine,21
Maysaa,21
Seraph,21
Vivyanna,21
Barakah,21
Envee,21
Janaeh,21
Khenadi,21
Mianicole,21
Shuri,21
Shyera,21
Srihita,21
Zyauna,21
Paizli,21
Yanexi,21
Alohi,21
Amahya,21
Avori,21
Elisiana,21
Malonnie,21
Alhia,21
Paesyn,21
Rayleah,21
Ahlena,21
Aleahya,21
Eveanna,21
Jeveah,21
Kaylisa,21
Myaire,21
Pessi,21
Zylia,21
Adrialys,21
Brilea,21
Allianah,21
Areeya,21
Karleah,21
Kaydree,21
Sephina,21
Zanique,21
Zophie,21
Aubriannah,21
Dhruthi,21
Elleny,21
Jazabella,21
Morgynn,21
Sophialynn,21
Sophieann,21
Rozay,21
Zayiah,21
Alarah,21
Adelaina,21
Bellissa,21
Celaya,21
Christlynn,21
Otylia,21
Sirin,21
Heartlynn,21
Khalei,21
Maebrie,21
Nahya,21
Vyanna,21
Yuni,21
Yura,21
Sofiamarie,21
Marseille,21
Jurie,21
Harlequinn,21
Midhuna,21
Rayelyn,21
Zoyah,21
Zuleikha,21
Hannaley,21
Addalin,21
Avahlynn,21
Sehej,21
Credence,21
Korbynn,21
Cataliya,21
Elleanora,21
Kenz,21
Yami,21
Zazil,21
Aishvi,21
Breelan,21
Kyelynn,21
Evanora,21
Adorable,21
Arieya,21
Avenlee,21
Bailor,21
Brinnlee,21
Edengrace,21
Elilta,21
Elliegrace,21
Milanee,21
Safreen,21
Chaithra,21
Melianna,21
Avajoy,21
Franklynn,21
Mazelynn,21
Dilnura,21
Hylia,21
Roa,21
Arale,21
Decklynn,21
Sador,21
Afruza,21
Elaiyah,21
Everlyrose,21
Marchesa,21
Maezlyn,21
Elyria,21
Aadhyasri,21
Kezlyn,21
Truleigh,21
Neslihan,21
Arzoyi,21
Meadie,20
Duella,20
Elvire,20
Edolia,20
Elthea,20
Whilma,20
Glinnie,20
Theoda,20
Ludwina,20
Elvine,20
Genive,20
Hosea,20
Dilys,20
Earmer,20
Oramae,20
Walcie,20
Doye,20
Emly,20
Idele,20
Louette,20
Adolph,20
Methel,20
Elzia,20
Euple,20
Evadell,20
Nann,20
Tayeko,20
Genevee,20
Alvania,20
Catherline,20
Elmar,20
Loueva,20
Twilah,20
Arvena,20
Balvina,20
Faris,20
Pelma,20
Willeta,20
Arveta,20
Evadine,20
Marcetta,20
Phoeba,20
Modenia,20
Petty,20
Dorthay,20
Lon,20
Meril,20
Lieselotte,20
Floyda,20
Freedia,20
Geneiva,20
Etelvina,20
Seta,20
Mentha,20
Daralene,20
Earleane,20
Marthanne,20
Rieta,20
Floretha,20
Arbedella,20
Jerrene,20
Bernitta,20
Nellwyn,20
Wallene,20
Dureen,20
Loxi,20
Sondria,20
Stanlee,20
Shulamith,20
Thoma,20
Condra,20
Andriette,20
Chyral,20
Jyme,20
Shirlon,20
Lindajo,20
Caroletta,20
Jalane,20
Deyanne,20
Suzzanna,20
Sherriel,20
Debrann,20
Cardella,20
Jennis,20
Elydia,20
Suzelle,20
Vannetta,20
Debhra,20
Maritha,20
Malora,20
Tanger,20
Dennia,20
Marriann,20
Karenn,20
Terral,20
Janear,20
Kimily,20
Marysusan,20
Charlon,20
Kaethe,20
Tereas,20
Annazette,20
Jodianne,20
Ylanda,20
Tarie,20
Echelle,20
Bethina,20
Dondee,20
Ralanda,20
Evet,20
Tarron,20
Davilyn,20
Malette,20
Jandra,20
Cossandra,20
Tousha,20
Lacresa,20
Sorena,20
Catrenia,20
Dannel,20
Vedra,20
Mikko,20
Ra,20
Dedric,20
Andrean,20
Faleshia,20
Robia,20
Shelon,20
Kotina,20
Yoni,20
Kantina,20
Chinetta,20
Shavella,20
Yumika,20
Nakeba,20
Kowana,20
Delacy,20
Dimetra,20
Guinnevere,20
Kimeko,20
Meike,20
Tamarin,20
Willamena,20
Baretta,20
Zendra,20
Michelin,20
Talaia,20
Gaudy,20
Dennielle,20
Dekesha,20
Shumeka,20
Anaida,20
Chasitiy,20
Kishon,20
Nikina,20
Shwanna,20
Shelika,20
Nekea,20
Lakeyla,20
Elizabel,20
Jaywana,20
Catoya,20
Crissey,20
Marieka,20
Shamella,20
Jenesia,20
Tamikah,20
Shaghayegh,20
Elizabeta,20
Idesha,20
Caseyann,20
Rubisela,20
Delandra,20
Lecresha,20
Suna,20
Wykeisha,20
Chardon,20
Articia,20
Xai,20
Heleana,20
Josianne,20
Ryoko,20
Sotheary,20
Airial,20
Charmae,20
Chelcia,20
Marquilla,20
Donishia,20
Timbre,20
Natassha,20
Alicai,20
Nadera,20
Cushena,20
Yaneris,20
Jontel,20
Janesse,20
Sarath,20
Cayse,20
Kace,20
Calan,20
Fairen,20
Jaimelee,20
Magean,20
Ohara,20
Saraelizabeth,20
Allishia,20
Madoka,20
Dannesha,20
Keristen,20
Sheraya,20
Austi,20
Caithlin,20
Lynlea,20
Annalisha,20
Britannica,20
Britteni,20
Inbar,20
Laterrika,20
Raenesha,20
Sesily,20
Sieda,20
Tramesha,20
Yenis,20
Talysa,20
Tanzia,20
Illyssa,20
Jalishia,20
Keishanna,20
Nahomie,20
Rikkie,20
Yalisa,20
Kaniqua,20
Daleisha,20
Kirstian,20
Olvia,20
Ronea,20
Raenisha,20
Anneisha,20
Bijon,20
Cellina,20
Traniqua,20
Dashawnna,20
Kubra,20
Myshell,20
Wilnesha,20
Drewcilla,20
Slone,20
Tkeyha,20
Breshey,20
Dinahlee,20
Caylene,20
Esbeidi,20
Malachia,20
Nashell,20
Takiara,20
Diante,20
Yasmaine,20
Darrisha,20
Ottavia,20
Kyrston,20
Markira,20
Patterson,20
Sabira,20
Shadasha,20
Shydae,20
Tilar,20
Mccaela,20
Cadeja,20
Ixcel,20
Daizhane,20
Ryneisha,20
Anike,20
Tailar,20
Dayanera,20
Johnea,20
Erini,20
Daeshia,20
Demery,20
Raianne,20
Selana,20
Trayanna,20
Akeera,20
Jonaye,20
Kamery,20
Madeson,20
Jonbenet,20
Keahi,20
Mycayla,20
Tyzhane,20
Aalexis,20
Abriona,20
Alenis,20
Aliciya,20
Anayanci,20
Junae,20
Harkiran,20
Mikara,20
Myja,20
Tatyonna,20
Tyteonna,20
Bailly,20
Mercedeez,20
Tayzha,20
Jamir,20
Mackinzy,20
Teyha,20
Wajeeha,20
Wakana,20
Mikaylia,20
Aveon,20
Astraya,20
Deaysha,20
Itzanami,20
Michia,20
Sashi,20
Tolani,20
Yamiah,20
Adashia,20
Ailaina,20
Dejanea,20
Bracey,20
Daeshawna,20
Destannie,20
Jaydia,20
Kerrianna,20
Mikyia,20
Nekiyah,20
Nyell,20
Tynaisha,20
Daejanay,20
Nagely,20
Albanie,20
Kryslin,20
Aajaylah,20
Wuendy,20
Arrissa,20
Benet,20
Brainna,20
Nelsi,20
Paishence,20
Quinna,20
Sakurako,20
Terionna,20
Kaiona,20
Jiwon,20
Mailei,20
Alahnna,20
Cliona,20
Kaycia,20
Kiziah,20
Michiya,20
Kamily,20
Endiah,20
Amariea,20
Alectra,20
Kreindy,20
Niviah,20
Zahnya,20
Dnyah,20
Jozilyn,20
Millana,20
Arawyn,20
Lain,20
Eseta,20
Makhyia,20
Betsabeth,20
Denaijah,20
Juniyah,20
Meraly,20
Subhana,20
Trelynn,20
Yuria,20
Lul,20
Alektra,20
Tauren,20
Lashyia,20
Analice,20
Anastin,20
Jashyra,20
Kalaila,20
Azaia,20
Sanieya,20
Liasia,20
Ariss,20
Bryasia,20
Kilei,20
Adamina,20
Anousha,20
Araiza,20
Lanayia,20
Rihannah,20
Suriana,20
Carmya,20
Giya,20
Kahlei,20
Keiari,20
Mayliah,20
Rowdy,20
Zyliyah,20
Riahnna,20
Saani,20
Lilyin,20
Abiela,20
Aleezay,20
Jaazaniah,20
Mayka,20
Somaiya,20
Thaliana,20
Bryhanna,20
Cyasia,20
Brinlie,20
Dayzie,20
Kiyari,20
Adielle,20
Ahmarie,20
Davaeh,20
Jameerah,20
Amillie,20
Gennesys,20
Dahlilah,20
Zarihanna,20
Iceland,20
Kalayiah,20
Karabella,20
Nazariyah,20
Tisya,20
Geleah,20
Yaila,20
Kiralee,20
Muniba,20
Tenlie,20
Annalin,20
Inci,20
Ailena,20
Brooksley,20
Sophiyah,20
Temidayo,20
Tha,20
Zyonnah,20
Somiyah,20
Yorlei,20
Aaleahya,20
Dlylah,20
Avonni,20
Bright,20
Charleeann,20
Mythri,20
Saegan,20
Zoegrace,20
Yandy,20
Kaylannie,20
Arrihanna,20
Kemyiah,20
Aalayiah,20
Cataliyah,20
Joumana,20
Kymbella,20
Mirabell,20
Xylee,20
Karyah,20
Aralee,20
Brighley,20
Kavayah,20
Kayleeana,20
Zolee,20
Gursirat,20
Kimimela,20
Loah,20
Darshi,20
Japnoor,20
Karmani,20
Vaishvi,20
Penelopie,20
Oracle,20
Yadelin,20
Anthem,20
Brinslee,20
Siahna,20
Amyrical,20
Jalanie,20
Paxley,20
Xaela,20
Kelayah,20
Kaysleigh,20
Khalees,20
Yusrah,20
Mazlynn,20
Yvie,20
Rayhan,20
Dvorah,20
Kaionna,20
Arwaa,20
Jakhari,20
Kenjal,20
Lunamia,20
Sahab,20
Elroi,20
Rosaleena,20
Yasma,20
Noriella,20
Stoni,20
Lys,20
Jhalani,20
Hayzley,20
Raylani,20
Aarunya,20
Waverleigh,20
Willowmae,20
Grayli,20
Axara,20
Halime,20
Kayomi,20
Birdee,20
Mazelee,20
Elzadie,19
Vertice,19
Matsuyo,19
Aldyth,19
Cleophus,19
Lealo,19
Miye,19
Junis,19
Bertis,19
Tazuko,19
Eudene,19
Dorether,19
Narvis,19
Cletha,19
Miguela,19
Masumi,19
Burl,19
Saramae,19
Hazeleen,19
Reada,19
Pagie,19
Omeda,19
Dorline,19
Gwili,19
Koleta,19
Birta,19
Nancylou,19
Loistene,19
Eduvina,19
Sherla,19
Jojean,19
Gailann,19
Sherrylee,19
Cherelyn,19
Levorn,19
Marciann,19
Jannene,19
Mardeen,19
Brendell,19
Simonetta,19
Calamity,19
Lesi,19
Sherrylyn,19
Lynmarie,19
Semantha,19
Traciann,19
Camaro,19
Turina,19
Densie,19
Veronic,19
Patrinia,19
Lucecita,19
Ifetayo,19
Turi,19
Anganette,19
Omaida,19
Shewana,19
Urica,19
Lerhonda,19
Teronda,19
Triscia,19
Riqui,19
Cateena,19
Carmia,19
Sheronne,19
Chawana,19
Lacrista,19
Sheryce,19
Kasonya,19
Kiwanis,19
Maridith,19
Bisa,19
Temicka,19
Cawanda,19
Shafonda,19
Joyl,19
Joyal,19
Latress,19
Aprell,19
Kimberlina,19
Mandria,19
Takecia,19
Timekia,19
Efia,19
Hilaire,19
Kishina,19
Kimetra,19
Brandia,19
Falona,19
Chinika,19
Aseelah,19
Benika,19
Tamaika,19
Jondrea,19
Ladessa,19
Philina,19
Chavonda,19
Nickea,19
Martisa,19
Turkesa,19
Kenethia,19
Jennylynn,19
Lakila,19
Mecole,19
Lakimberly,19
Jamiel,19
Jigna,19
Zulekha,19
Teneika,19
Criston,19
Niclole,19
Sharaye,19
Amande,19
Shawndreka,19
Candess,19
Chatia,19
Reshawnda,19
Mirlande,19
Tashaunda,19
Tenisa,19
Lashenna,19
Linsdey,19
Icole,19
Ninja,19
Arrika,19
Careese,19
Nasheena,19
Lusiana,19
Amicia,19
Carressa,19
Shundrika,19
Nadeige,19
Chatoya,19
Reggina,19
Thyda,19
Leamber,19
Naquana,19
Raneesha,19
Charrell,19
Dessarae,19
Darylann,19
Marquell,19
Merli,19
Sashe,19
Shiomara,19
Tonecia,19
Chaneice,19
Bryttanie,19
Felycia,19
Shawneice,19
Stefaney,19
Shalai,19
Francesc,19
Seslie,19
Kursty,19
Lyzeth,19
Mikeal,19
Audrienna,19
Shinead,19
Laquaysha,19
Tekera,19
Shenai,19
Keishara,19
Raeisha,19
Rubit,19
Sacoria,19
Uniquea,19
Hillaree,19
Shauniqua,19
Zuhal,19
Nayirah,19
Jacquilynn,19
Johnnesha,19
Dijonnae,19
Gizem,19
Breania,19
Audresha,19
Zahna,19
Darryan,19
Mallely,19
Itzhel,19
Najea,19
Shampayne,19
Krishma,19
Daizia,19
Suset,19
Tymera,19
Akashia,19
Jinal,19
Adayshia,19
Alexey,19
Brijae,19
Ronnia,19
Dejour,19
Jatori,19
Taijha,19
Tahsin,19
Natae,19
Tynashia,19
Deavionne,19
Avionne,19
Tityanna,19
Jahnari,19
Gicel,19
Madajah,19
Kashya,19
Yamia,19
Shiyanne,19
Madasen,19
Shelcy,19
Ciannah,19
Shimya,19
Tasiah,19
Tynajah,19
Chailey,19
Mashia,19
Sushmita,19
Kennise,19
Aalyha,19
Jasenya,19
Namitha,19
Nikerria,19
Jadai,19
Jaded,19
Jalivia,19
Neelia,19
Ade,19
Areianna,19
Jazabel,19
Mckylee,19
Shamauri,19
Abaigael,19
Erissa,19
Kirianna,19
Maimoona,19
Teija,19
Amareya,19
Madely,19
Clowey,19
Dawsen,19
Eyra,19
Jarielle,19
Dulaney,19
Cynae,19
Fadima,19
Harsha,19
Anajia,19
Jontasia,19
Thailia,19
Amonni,19
Sanjita,19
Lukas,19
Nikyia,19
Brisayda,19
Luseane,19
Anelyse,19
Damarria,19
Jasyah,19
Kaicey,19
Josellyn,19
Yarelys,19
Attoria,19
Abiona,19
Daviah,19
Floresita,19
Acelin,19
Travionna,19
Keyarie,19
Mahee,19
Marbely,19
Emaleah,19
Liriel,19
Si,19
Zyarah,19
Journy,19
Nasma,19
Samarri,19
Corrianna,19
Jaylien,19
Sajani,19
Anjelia,19
Assiatou,19
Daneida,19
Jaydis,19
Yazuri,19
Adly,19
Emmakay,19
Ezperanza,19
Isavella,19
Lilarose,19
Nevaehmarie,19
Ahlai,19
Aliva,19
Arellys,19
Keimyah,19
Sidalee,19
Tayvin,19
Tyley,19
Vallyn,19
Zykeira,19
Kimayah,19
Nanaakua,19
Zariyana,19
Eirinn,19
Jizell,19
Myabella,19
Yaslynn,19
Zhyon,19
Alezae,19
Alysianna,19
Jazariya,19
Lizah,19
Nayli,19
Aybrie,19
Danelys,19
Malinalli,19
Sopheya,19
Aylynn,19
Jenisys,19
Lynli,19
Emmelin,19
Britlynn,19
Khloeann,19
Nikte,19
Vamika,19
Jaydelynn,19
Mylania,19
Rozilyn,19
Seely,19
Zakariyah,19
Khailynn,19
Nakenzie,19
Crawford,19
Saanchi,19
Avalyne,19
Nazeli,19
Arrya,19
Emmorie,19
Layanah,19
Sanavi,19
Vaila,19
Elliekate,19
Pistol,19
Ngawang,19
Spriha,19
Jourdynn,19
Averiee,19
Marleigha,19
Nooriya,19
Yailynn,19
Tessanne,19
Mayzi,19
Divyanshi,19
Geissie,19
Hennley,19
Kaliyanei,19
Laylan,19
Yanetzi,19
Avajane,19
Lavie,19
Alegacy,19
Chloegrace,19
Ikra,19
Leihlani,19
Quinleigh,19
Ayzah,19
Geysha,19
Ahdia,19
Izarra,19
Rominna,19
Ruthvika,19
Aarza,19
Ariyella,19
Darlenys,19
Milanii,19
Modesireoluwa,19
Annlynn,19
Aurabella,19
Fischer,19
Harland,19
Anqi,19
Pelia,19
Sochikaima,19
Ahmora,19
Brilliance,19
Kemma,19
Zamina,19
Bayoleth,19
Curie,19
Kaiser,19
Lozen,19
Miraclle,19
Aydelin,19
Sutherlyn,19
Kwyn,19
Charlirose,19
Odesza,19
Aashriya,19
Anura,19
Balqees,19
Kleio,19
Maella,19
Zarnish,19
Laureline,19
Khalesi,19
Viaana,19
Farisha,19
Mikasa,19
Khylani,19
Noir,19
Bloom,19
Truu,19
Wysdom,19
Chozyn,19
Thanvika,19
Wrynlee,19
Brixleigh,19
Kazleigh,19
Yoatzi,19
Alwina,18
Adolphine,18
Lethie,18
Ozelma,18
Saimi,18
Ceolia,18
Mercides,18
Alter,18
Nesbit,18
Winafred,18
Altia,18
Gregorita,18
Vula,18
Beatta,18
Cardie,18
Matsuye,18
Midred,18
Idel,18
Jennieve,18
Kazuye,18
Elrena,18
Birder,18
Nerene,18
Eloine,18
Iole,18
Louelle,18
Louese,18
Vincentine,18
Reble,18
Vilate,18
Nellis,18
Jarmila,18
Lotis,18
Ollia,18
Laurabell,18
Masue,18
Ethelynn,18
Leonides,18
Misae,18
Wilkie,18
Claribell,18
Levena,18
Bartola,18
Eulean,18
Dores,18
Orange,18
Vasilike,18
Immaculata,18
Monell,18
Elbira,18
Lettice,18
Ivagene,18
Luce,18
Syril,18
Almon,18
Corenia,18
Mutsuko,18
Armelda,18
Nello,18
Willian,18
Elowise,18
Winell,18
Roselean,18
Margerine,18
Barbro,18
Eveyln,18
Fredine,18
Arthurene,18
Darlee,18
Vonnell,18
Arbra,18
Bettejean,18
Joyace,18
Eyvone,18
Rosezina,18
Ellyne,18
Charol,18
Cenaida,18
Lindasue,18
Suz,18
Cherrye,18
Virgena,18
Kathylene,18
Lindajean,18
Lynet,18
Mevelyn,18
Randolyn,18
Ulana,18
Paule,18
Darise,18
Inta,18
Dace,18
Vanesta,18
Ketha,18
Jymme,18
Gwendylon,18
Pala,18
Linora,18
Deba,18
Sarene,18
Cee,18
Kathllen,18
Debaroh,18
Tamblyn,18
Kimary,18
Darena,18
Rynda,18
Varinia,18
Paricia,18
Subrenia,18
Chelley,18
Loressa,18
Sherritta,18
Trona,18
Ingred,18
Kimann,18
Michalyn,18
Antonnette,18
Kimberlei,18
Yolandia,18
Deidria,18
Marialisa,18
Melanne,18
Charmarie,18
Gaelen,18
Angilique,18
Antje,18
Ursla,18
Atonia,18
Joesette,18
Teel,18
Dionnie,18
Lawanza,18
Ozlem,18
Ilysa,18
Treka,18
Daydra,18
Mania,18
Sheletta,18
Anjonette,18
Michelli,18
Nicolia,18
Sahnnon,18
Schlonda,18
Toinetta,18
Mico,18
Dichelle,18
Minika,18
Desheila,18
Latachia,18
Lynice,18
Shalome,18
Sherrese,18
Yameka,18
Akiesha,18
Britte,18
Charro,18
Latecha,18
Tysie,18
Brand,18
Melesha,18
Pei,18
Shikina,18
Tajauna,18
Lekeitha,18
Franchesska,18
Kiawana,18
Rashun,18
Coya,18
Amysue,18
Tishona,18
Jamaca,18
Taniel,18
Torrye,18
Tanikqua,18
Tarajee,18
Brein,18
Jameel,18
Ahmad,18
Allisun,18
Cristena,18
Krishanda,18
Siddeeqah,18
Telethia,18
Twilight,18
Ayneka,18
Seante,18
Chiquila,18
Shu,18
Genika,18
Shaconna,18
Shiffon,18
Shahera,18
Tieka,18
Jovanda,18
Wykisha,18
Aubray,18
Charmonique,18
Mong,18
Selica,18
Shoshawna,18
Talethia,18
Tyffanie,18
Tralana,18
Eliset,18
Shundrea,18
Dipa,18
Jaqualine,18
Kendrell,18
Marzena,18
Sochil,18
Tijwana,18
Cherena,18
Brandel,18
Shaneva,18
Phalen,18
Shamikka,18
Tikara,18
Thrisha,18
Toyin,18
Bethony,18
Cotie,18
Kerbie,18
Mariquita,18
Chassy,18
Ebbony,18
Shenequia,18
Jennee,18
Brenton,18
Amdanda,18
Lachante,18
Lashieka,18
Rolisha,18
Shavita,18
Leteshia,18
Nichel,18
Teaundra,18
Chardee,18
Ferran,18
Karesse,18
Dakeisha,18
Lashaina,18
Sanisha,18
Chalia,18
Tempress,18
Ashleey,18
Labrittney,18
Chauncie,18
Sovanny,18
Chantol,18
Deshera,18
Jeneca,18
Jieun,18
Brittlee,18
Carmeisha,18
Galisa,18
Kryston,18
Alishya,18
Breiann,18
Catey,18
Kachiri,18
Cashea,18
Jaliesa,18
Leteisha,18
Rachae,18
Shemira,18
Chealse,18
Rosanny,18
Vinesha,18
Devoney,18
Jasmone,18
Shanerica,18
Kassee,18
Joneka,18
Laquitia,18
Talhia,18
Tyleshia,18
Britleigh,18
Jesstina,18
Rickeshia,18
Maxiel,18
Yesnia,18
Mytia,18
Shawnece,18
Charay,18
Kieyana,18
Rashayla,18
Gabrieal,18
Kellsi,18
Marquessa,18
Shykila,18
Tazmin,18
Yaasmeen,18
Kiandrea,18
Tonysha,18
Patricka,18
Kyeria,18
Hikaru,18
Dazmine,18
Darrean,18
Dejona,18
Meyana,18
Nicala,18
Yazzmine,18
Cadeshia,18
Hayoung,18
Daquanna,18
Adiam,18
Chaila,18
Daonna,18
Jessuly,18
Lajae,18
Takierra,18
Khaina,18
Davika,18
Djenne,18
Taqueria,18
Celeena,18
Deontra,18
Medinah,18
Teaona,18
Anastatia,18
Aniyyah,18
Daquasha,18
Isenia,18
Nichaela,18
Teairah,18
Teyler,18
Victoriamarie,18
Tajanea,18
Jesikah,18
Mairah,18
Shinia,18
Joesha,18
Kessandra,18
Kirkland,18
Keragan,18
Maquela,18
Silia,18
Amoi,18
Angeleana,18
Mycha,18
Sayeh,18
Maylis,18
Richlyn,18
Immani,18
Jie,18
Shalma,18
Deepthi,18
Giselly,18
Keyshauna,18
Rayvan,18
Riel,18
Taahirah,18
Taijae,18
Allysan,18
Nyteria,18
Tyania,18
Kerrion,18
Coreyana,18
Tanaejah,18
Tykara,18
Zykiah,18
Aakilah,18
Enyce,18
Kyaria,18
Maleehah,18
Yukino,18
Brania,18
Desyrae,18
Hevan,18
Maxeen,18
Traviona,18
Sheradyn,18
Danait,18
Annacatherine,18
Nyani,18
Rashmika,18
Trinatee,18
Yaniece,18
Ayreonna,18
Yacqueline,18
Caziah,18
Breyonce,18
Nahida,18
Nakara,18
Zhariya,18
Brayan,18
Dakarai,18
Madysan,18
Shaymaa,18
Suchita,18
Ziera,18
Janeria,18
Keyonnie,18
Maleina,18
Tatiauna,18
Zaniyyah,18
Bleona,18
Lehana,18
Donaji,18
Annasia,18
Aynsleigh,18
Neleigh,18
Nijai,18
Ceyonna,18
Jahirah,18
Spandana,18
Markhia,18
Myazia,18
Tiniyah,18
Viani,18
Allicen,18
Camran,18
Kedzie,18
Nekiya,18
Tamijah,18
Tzurty,18
Caymen,18
Johnaya,18
Kinberlin,18
Nakhya,18
Ralee,18
Kieayla,18
Toluwalase,18
Arni,18
Azaneth,18
Malazia,18
Geidy,18
Cristell,18
Judeah,18
Jyselle,18
Karlah,18
Majayla,18
Shanijah,18
Tavishi,18
Anyja,18
Marjae,18
Sniya,18
Tranya,18
Icsis,18
Maryorie,18
Rahmo,18
Sanija,18
Dianaliz,18
Divany,18
Jamely,18
Summerrain,18
Syler,18
Widad,18
Bethzi,18
Kyrrah,18
Mearah,18
Addesyn,18
Aeryanna,18
Jermyah,18
Skyelin,18
Zimri,18
Kayedence,18
Khayden,18
Laicey,18
Persaius,18
Rhiannah,18
Cyniya,18
Saniy,18
Eneri,18
Abriyah,18
Ahrya,18
Giannella,18
Jaeyla,18
Jliyah,18
Samaj,18
Saniia,18
Lillya,18
Shiloah,18
Zoelie,18
Jeslene,18
Alisiana,18
Dehlila,18
Janelise,18
Zyiana,18
Alecxa,18
Avasophia,18
Celiyah,18
Tileah,18
Dibanhi,18
Jahiyah,18
Jaleana,18
Jayannah,18
Rudra,18
Tahliya,18
Aleanah,18
Aulelei,18
Davani,18
Jacianna,18
Kiniyah,18
Taveah,18
Tinashe,18
Jocalynn,18
Zamarie,18
Abbiegayle,18
Abbylynn,18
Kahana,18
Kait,18
Kanilah,18
Savaeh,18
Zyllah,18
Londonmarie,18
Lyniyah,18
Abigailgrace,18
Leviah,18
Malaila,18
Mariannah,18
Cymphony,18
Naiyla,18
Brently,18
Nesia,18
Ahnalee,18
Emellia,18
Khaelyn,18
Andalynn,18
Ariyani,18
Avilee,18
Dmyah,18
Eliyahna,18
Giavannah,18
Zoli,18
Navaiah,18
Zaybree,18
Makiylah,18
Nahyeli,18
Emmalinn,18
Harkirat,18
Jahziyah,18
Jenivieve,18
Jermanii,18
Leabella,18
Paytynn,18
Aeyla,18
Ariha,18
Arniyah,18
Caliee,18
Oluwatumininu,18
Sriyah,18
Karmoni,18
Emmalani,18
Graciee,18
Nahliyah,18
Rhyland,18
Blithe,18
Callalily,18
Dixielynn,18
Livinia,18
Raaina,18
Reason,18
Terralynn,18
Zaleigha,18
Alanood,18
Trinley,18
Carlyrose,18
Hartlie,18
Renezmay,18
Thisbe,18
Annayeli,18
Chizitere,18
Danielis,18
Skailar,18
Khylynn,18
Mylaa,18
Pashyn,18
Skylarrae,18
Arnavi,18
Iryna,18
Emmielou,18
Enzlie,18
Natalierose,18
Taizlee,18
Yarianny,18
Yuchen,18
Zurina,18
Bellani,18
Dalaylah,18
Jraya,18
Maesen,18
Oluwadabira,18
Oluwatise,18
Ridleigh,18
Yahna,18
Avaeah,18
Adelline,18
Edalyn,18
Jahlayah,18
Lynox,18
Pennington,18
Lynex,18
Naseeb,18
Aishini,18
Emmeryn,18
Evaleena,18
Kenayah,18
Keylanie,18
Melaniee,18
Ronza,18
Zitong,18
Skaii,18
Zaylea,18
Demyla,18
Avellana,18
Bareera,18
Mirakel,18
Nyaomi,18
Eastlynn,18
Kyaire,18
Nefertary,18
Rocki,18
Hanaya,18
Moanna,18
Rinlee,18
Dellarae,18
Doba,18
Eviee,18
Mehnoor,18
Paighten,18
Ayvianna,18
Bellen,18
Kalylah,18
Kartyr,18
Oya,18
Renlie,18
Riziki,18
Wynterrose,18
Alishka,18
Katyayani,18
Xaiya,18
Brexli,18
Graylen,18
Raynn,18
Royaltii,18
Universe,18
Jatzibe,18
Marleyrae,18
Amiko,18
Demirose,18
Esmeray,18
Zoellie,18
Slater,18
Braven,18
Maisel,18
Rhaella,18
Marz,18
Lousia,17
Cenie,17
Fan,17
Vere,17
Aloysia,17
Ulma,17
Beddie,17
Alza,17
Willar,17
Topsy,17
Rener,17
Alphild,17
Nodie,17
Izell,17
Zoma,17
Commie,17
Elbertha,17
Luciell,17
Blandine,17
Druzella,17
Rusha,17
Willavene,17
Arloene,17
Arthemise,17
Burdetta,17
Burnelle,17
Oneil,17
Tomacita,17
Ivia,17
Gerta,17
Ardina,17
Ather,17
Lefa,17
Marceda,17
Meleta,17
Eldie,17
Francise,17
Francelina,17
Darthea,17
Lueella,17
Cledia,17
Mercile,17
Mernie,17
Sueno,17
Arquilla,17
Gold,17
Avenelle,17
Weta,17
Coma,17
Sotera,17
Myrie,17
Tsugie,17
Lylas,17
Orinda,17
Cleoria,17
Ireen,17
Marzette,17
Enith,17
Rhudine,17
Toledo,17
Mildren,17
Oneeda,17
Diolinda,17
Hipolita,17
Denotra,17
Gerd,17
Gloriette,17
Arbutis,17
Auther,17
Sixta,17
Earnice,17
Ermadean,17
Eurma,17
Kather,17
Ruthelle,17
Virignia,17
Esterline,17
Carmaletta,17
Lubov,17
Marthel,17
Ilomay,17
Althena,17
Valaida,17
Jakie,17
Narva,17
Saralou,17
Deluvina,17
Georgieanna,17
Glo,17
Maudrey,17
Noreda,17
Clementeen,17
Monterey,17
Benette,17
Phyllisann,17
Rodena,17
Sherridan,17
Daryll,17
Glennell,17
Barsha,17
Francey,17
Lanelda,17
Rhana,17
Evern,17
Lacreta,17
Marlyin,17
Maryjeanne,17
Deleen,17
Janci,17
Gee,17
Wendellyn,17
Margena,17
Rennetta,17
Unk,17
Gaal,17
Senoria,17
Debborrah,17
Gwendol,17
Lavinda,17
Debooah,17
Narita,17
Beri,17
Denie,17
Venessia,17
Tobbie,17
Theonita,17
Zeline,17
Armelinda,17
Flori,17
Nanett,17
Ede,17
Marvita,17
Kimlee,17
Cherol,17
Cyinthia,17
Gloriane,17
Aleata,17
Verenda,17
Deenie,17
Delrita,17
Lagreta,17
Louria,17
Gennine,17
Sherrl,17
Shurla,17
Carsandra,17
Robinann,17
Neina,17
Down,17
Jaynette,17
Pheadra,17
Katinka,17
Michellene,17
Gerise,17
Laynette,17
Tereska,17
Monico,17
Shami,17
Janeta,17
Jeneene,17
Ulisa,17
Milette,17
Charemon,17
Cretia,17
Marette,17
Rhoni,17
Shinell,17
Justi,17
Tamilla,17
Zsa,17
Juile,17
Layle,17
Philisa,17
Tammitha,17
Carmenita,17
Deannia,17
Jataun,17
Tondelayo,17
Chemene,17
Aliesa,17
Licette,17
Tiffni,17
Umeki,17
Felicea,17
Lashanya,17
Latunia,17
Laurea,17
Leshelle,17
Mariliz,17
Shalone,17
Shindana,17
Shontea,17
Joela,17
Shontai,17
Biatris,17
Giuseppa,17
Bryon,17
Tyhessia,17
Catinia,17
Shontella,17
Catrese,17
Nsombi,17
Tarcha,17
Veonica,17
Keeba,17
Tunisa,17
Trenicia,17
Tyeast,17
Kenetta,17
Audreya,17
Charece,17
Chawanda,17
Katrica,17
Erike,17
Lashondia,17
Demetrie,17
Nikeesha,17
Brigita,17
Deshane,17
Emeka,17
Madria,17
Sadiga,17
Tyhisha,17
Cherra,17
Maari,17
Mariadelourdes,17
Temiko,17
Tadzia,17
Tilesha,17
Cherea,17
Lashaundria,17
Ralena,17
Altouise,17
Jeneil,17
Lakenia,17
Laksha,17
Tanyel,17
Chaketa,17
Heathermarie,17
Latousha,17
Trinise,17
Bernnadette,17
Dashanda,17
Issac,17
Shawann,17
Yukia,17
Atosha,17
Comeka,17
Daaimah,17
Doan,17
Shanida,17
Lafarrah,17
Talarisha,17
Alonya,17
Kakisha,17
Laquanza,17
Nacola,17
Shanike,17
Latoyta,17
Quionna,17
Tequesta,17
Yakeisha,17
Java,17
Karalynne,17
Charessa,17
Demario,17
Kristinna,17
Rikisha,17
Shervonne,17
Brancy,17
Christalle,17
Fawnia,17
Keresa,17
Nikila,17
Glendaliz,17
Rajeeni,17
Breezi,17
Ehren,17
Nausheen,17
Rajni,17
Chira,17
Laqwanda,17
Clarisha,17
Franka,17
Linnzi,17
Lisamaria,17
Rekesha,17
Shanreka,17
Shirika,17
Afsaneh,17
Kishauna,17
Latoyria,17
Melissasue,17
Rokesha,17
Sanchez,17
Kapiolani,17
Jineane,17
Ryon,17
Aimara,17
Chontae,17
Dontae,17
Nykeia,17
Rhonisha,17
Tamiesha,17
Pinar,17
Shequetta,17
Teisa,17
Atheana,17
Besa,17
Jamileh,17
Latay,17
Shalynda,17
Teshana,17
Jenece,17
Keystal,17
Hemali,17
Jaqui,17
Lindsae,17
Meagin,17
Nakieta,17
Taniece,17
Jaquella,17
Shanari,17
Fadwa,17
Jacquelline,17
Jennilynn,17
Zer,17
Deleena,17
Thavy,17
Jehna,17
Alsion,17
Anik,17
Eliscia,17
Otavia,17
Sateria,17
Shundreka,17
Quindara,17
Linze,17
Lionela,17
Monchelle,17
Lutece,17
Shakeithia,17
Shardaye,17
Veridiana,17
Yurie,17
Brittneyann,17
Maisah,17
Mieasha,17
Sharmonique,17
Theresamarie,17
Angleica,17
Tranette,17
Chaniel,17
Estacia,17
Arezo,17
Audreyrose,17
Jaiza,17
Rudee,17
Sharyce,17
Jaleesia,17
Alexandia,17
Krisia,17
Quateria,17
Sharnece,17
Lyndley,17
Tatiania,17
Cecilly,17
Cemone,17
Cynteria,17
Erneshia,17
Evemarie,17
Mainhia,17
Shaleesa,17
Aszia,17
Daynisha,17
Karneshia,17
Sequoria,17
Beunca,17
Joniesha,17
Nilufer,17
Sueling,17
Shinea,17
Caritina,17
Charlsea,17
Sarahlyn,17
Sthephanie,17
Tabrea,17
Delyssa,17
Jeanessa,17
Kaeyla,17
Larresha,17
Randisha,17
Ashanique,17
Austria,17
Esthefania,17
Ilesha,17
Jerrisha,17
Kamiesha,17
Caleesha,17
Antwanisha,17
Coryna,17
Jaynesha,17
Michah,17
Shaquill,17
Uniqueka,17
Kathiana,17
Raniqua,17
Shaunese,17
Teilor,17
Adedoyin,17
Ellisia,17
Kylara,17
Lisbel,17
Marymichael,17
Strange,17
Kadidra,17
Kaitie,17
Bansari,17
Kedesha,17
Kelsia,17
Relina,17
Riho,17
Seanice,17
Alsatia,17
Breyanne,17
Cadijah,17
Keanda,17
Chaveli,17
Allandra,17
Ellexus,17
Synclair,17
Mehvish,17
Pader,17
Destinay,17
Karenza,17
Keausha,17
Keshunna,17
Mcayla,17
Myresha,17
Kourteney,17
Damecia,17
Wanya,17
Kashley,17
Kierin,17
Lyudmila,17
Tiamara,17
Anza,17
Caysee,17
Dystinee,17
Emauni,17
Kyashia,17
Tyshiana,17
Vivana,17
Ambriehl,17
Jadeann,17
Akeyia,17
Charielle,17
Gentiana,17
Kevana,17
Mohagany,17
Mylesha,17
Naudica,17
Vibiana,17
Nazaneen,17
Dessiah,17
Tamiria,17
Tytiauna,17
Daylie,17
Denira,17
Justess,17
Micaelah,17
Odalyz,17
Donnasia,17
Kanah,17
Merima,17
Ronyae,17
Sabriyya,17
Sati,17
Tynea,17
Alonzia,17
Ahjanay,17
Ariagna,17
Devonee,17
Kagen,17
Nieya,17
Rajaa,17
Terrielle,17
Christion,17
Daycia,17
Fayza,17
Madchen,17
Salamasina,17
Sireena,17
Ajiana,17
Kyja,17
Antanay,17
Aryell,17
Jmaya,17
Karysma,17
Kionah,17
Leesly,17
Medeline,17
Savion,17
Silviana,17
Taylur,17
Valicity,17
Armana,17
Avionce,17
Briance,17
Dalys,17
Jaicie,17
Jakaela,17
Timani,17
Asalah,17
Nashyra,17
Prissila,17
Alyzia,17
Brandasia,17
Kisara,17
Miryan,17
Sagarika,17
Tahleah,17
Ayreanna,17
Ayreona,17
Maclayne,17
Moncerath,17
Nayha,17
Nyzeria,17
Sajah,17
Yisselle,17
Ymari,17
Zakoria,17
Angelyka,17
Darrionna,17
Fariah,17
Marcasia,17
Ashonna,17
Aubreyonna,17
Aymen,17
Braidy,17
Eriyona,17
Ladaya,17
Saanika,17
Seiry,17
Sismai,17
Tairyn,17
Tanaria,17
Tigerlilly,17
Tymya,17
Zianya,17
Jenneh,17
Alayjha,17
Amaryia,17
Cailean,17
Matyson,17
Rielee,17
Terryonna,17
Xaia,17
Yazzmin,17
Zariea,17
Analeesa,17
Anazia,17
Arinna,17
Chakiya,17
Jairah,17
Nor,17
Rayvyn,17
Tiliyah,17
Deajanae,17
Arisai,17
Tzivya,17
Abey,17
Arysa,17
Sheilly,17
Wriley,17
Angellyn,17
Aranzazu,17
Debanhy,17
Jathziry,17
Jeyline,17
Jocylin,17
Josielyn,17
Kashyia,17
Malliyah,17
Mireyda,17
Yamelin,17
Zhi,17
Delaia,17
Jnyia,17
Absidy,17
Aliina,17
Arowyn,17
Shadyn,17
Abiyah,17
Angelyssa,17
Auviana,17
Branasia,17
Carliegh,17
Eleany,17
Jazmariah,17
Nadaly,17
Paley,17
Sinya,17
Tnyah,17
Tsunami,17
Zuhey,17
Antonasia,17
Aalaysha,17
Iryana,17
Nashyia,17
Sonai,17
Gyana,17
Keenyah,17
Kendylle,17
Adynn,17
Damariya,17
Hiwot,17
Kaeliegh,17
Memarie,17
Nasiha,17
Seidi,17
Sareli,17
Cyriana,17
Joyana,17
Ryniah,17
Aniyan,17
Azriah,17
Blain,17
Jazyia,17
Seriana,17
Tessalynn,17
Alekza,17
Casen,17
Damirah,17
Elannah,17
Heavenley,17
Ilianah,17
Ilianis,17
Jakilah,17
Janelee,17
Jizzel,17
Kaityn,17
Kalayshia,17
Kamayia,17
Lillianrose,17
Nataliz,17
Nevaehly,17
Marfil,17
Jassiah,17
Mailie,17
Jaanna,17
Kaygen,17
Naariah,17
Nenah,17
Sailyn,17
Semaiah,17
Aubreyona,17
Dzire,17
Evonny,17
Hindel,17
Joelliane,17
Lajaya,17
Leionna,17
Linayah,17
Nahila,17
Natylie,17
Rahniyah,17
Semyah,17
Marelie,17
Cardyn,17
Ramielle,17
Amriel,17
Jasyiah,17
Kany,17
Alinson,17
Aralynne,17
Fawzia,17
Jazyria,17
Kahmani,17
Mylla,17
Niyara,17
Parvati,17
Raiyna,17
Anyri,17
Audrinah,17
Eleya,17
Garren,17
Kayjah,17
Myionna,17
Nayaliz,17
Nazneen,17
Tazmeen,17
Tybee,17
Yaima,17
Ziel,17
Amoriana,17
Maziya,17
Priyasha,17
Sinem,17
Amonii,17
Anfisa,17
Harjas,17
Iselin,17
Jozzlynn,17
Kazariah,17
Kendrie,17
Nalayna,17
Siraya,17
Zadee,17
Rossibell,17
Ellye,17
Arielyz,17
Hudsen,17
Ilhaan,17
Jahziah,17
Luxx,17
Nayloni,17
Sophiaann,17
Swasti,17
Anvesha,17
Aunisti,17
Aylanna,17
Coralynne,17
Dah,17
Eileigh,17
Kiptyn,17
Lauralai,17
Madisongrace,17
Orya,17
Sophiee,17
Langstyn,17
Sahaira,17
Jenevi,17
Rosealina,17
Samayiah,17
Vanora,17
Allyannah,17
Aneah,17
Demariya,17
Iksha,17
Ketziah,17
Mahliya,17
Naihla,17
Saada,17
Sanilah,17
Nahyla,17
Maximus,17
Nashlie,17
Swayzi,17
Ahleigha,17
Brayelle,17
Emalise,17
Emeliah,17
Ezara,17
Music,17
Tayma,17
Zalaiyah,17
Ayria,17
Clairity,17
Katalynna,17
Namaya,17
Nermin,17
Oliviaann,17
Phia,17
Saviah,17
Eylul,17
Josianna,17
Yitong,17
Abryella,17
Kailanny,17
Omotara,17
Remley,17
Alleigha,17
Coralea,17
Hajara,17
Imisioluwa,17
Mayssa,17
Mijoy,17
Noraleigh,17
Ruqaiya,17
Sadeigh,17
Verah,17
Aljohara,17
Bryten,17
Jaylarose,17
Moyosoreoluwa,17
Kynslea,17
Rosaliyah,17
Samanvita,17
Serenityrose,17
Ailiana,17
Aubrelle,17
Dor,17
Hadilyn,17
Ranylah,17
Veyah,17
Nadyalee,17
Aari,17
Meba,17
Ahnalia,17
Maizlyn,17
Raifa,17
Azaiyah,17
Kenzlynn,17
Lailanni,17
Namyah,17
Aarabhi,17
Ayvia,17
Drisha,17
Ford,17
Kasima,17
Norianna,17
Omina,17
Similoluwa,17
Skyland,17
Yahli,17
Oluwatishe,17
Remyngton,17
Nihara,17
Zhoemi,17
Akhira,17
Emmerly,17
Kalki,17
Marliana,17
Miila,17
Niniola,17
Flourish,17
Huxleigh,17
Maiella,17
Maxlynn,17
Novaya,17
Waelynn,17
Cersei,17
Isleigh,17
Mankirat,17
Ylva,17
Zoah,17
Ajourney,17
Ifza,17
Iskra,17
Maheera,17
Mave,17
Royaltie,17
Stellamaris,17
Ivvy,17
Iwinosa,17
Journni,17
Raylon,17
Elitza,17
Ayara,17
Camylah,17
Given,17
Janhvi,17
Korii,17
Nalahni,17
Ezmia,17
Dreux,17
Keilanny,17
Brida,17
Kross,17
Yiseth,17
Lurley,16
Zelle,16
Lellie,16
Oca,16
Pruda,16
Elizabeath,16
Dewie,16
Ennie,16
Leolar,16
Leenora,16
Sular,16
Locie,16
Shizuyo,16
Malzie,16
Armer,16
Lerah,16
Berchie,16
Leafa,16
Cleavie,16
Voila,16
Willmetta,16
Albirdia,16
Gerdie,16
Lenner,16
Beaula,16
Leary,16
Lunda,16
Buela,16
Cleoda,16
Gartha,16
Eulee,16
Lovice,16
Idena,16
Margaet,16
Zdenka,16
Zelmer,16
Juddie,16
Oka,16
Pasqualine,16
Roser,16
Ursel,16
Addiemae,16
Dester,16
Elmeta,16
Geo,16
Louiese,16
Luada,16
Masuko,16
Northa,16
Virginnia,16
Harriot,16
Henerietta,16
Stanislava,16
Vidella,16
Wilmar,16
Agnese,16
Allah,16
Arba,16
Bambina,16
Estele,16
Vaudis,16
Almeater,16
Brunelle,16
Delmer,16
Olwyn,16
Rosemay,16
Arrietta,16
Ravenell,16
Clodie,16
Lavaune,16
Pasqua,16
Thedis,16
Thyrza,16
Winiferd,16
Alfair,16
Herline,16
Leuna,16
Levolia,16
Nathalene,16
Ivel,16
Addell,16
Aneva,16
Atsuko,16
Jereldine,16
Luell,16
Narvie,16
Phillys,16
Rupert,16
Warnell,16
Alpharetta,16
Eudine,16
Helan,16
Marifrances,16
Rubenia,16
Wavelene,16
Alfia,16
Conrad,16
Glenva,16
Ynes,16
Dreda,16
Marthajane,16
Vernece,16
Bacilia,16
Lorrainne,16
Narcie,16
Oceal,16
Bernadyne,16
Clothilda,16
Margey,16
Wyoming,16
Antonett,16
Fosteen,16
Marcilene,16
Marymae,16
Tincie,16
Leverna,16
Tiburcia,16
Loreto,16
Clady,16
Clote,16
Willadine,16
Norna,16
Selestina,16
Joyzelle,16
Lavetra,16
Jenora,16
Evalou,16
Jhonnie,16
Artherine,16
Lindel,16
Valette,16
Tretha,16
Murleen,16
Myretta,16
Luebertha,16
Avelia,16
Marthenia,16
Marelene,16
Selvia,16
Norrita,16
Lorrita,16
Marierose,16
Marthalee,16
Clione,16
Jeaniene,16
Mellow,16
Peggyanne,16
Sharlane,16
Earletta,16
Bitsy,16
Daralee,16
Carlann,16
Gloryann,16
Barbaranne,16
Laurean,16
Estralita,16
Maryla,16
Dorry,16
Sandre,16
Sheryel,16
Cherin,16
Loranne,16
Kaffie,16
Vilinda,16
Geradette,16
Medra,16
Ronnelle,16
Alamar,16
Alarice,16
Cynthi,16
Inese,16
Jequita,16
Katri,16
Jea,16
Kathyn,16
Louwanna,16
Marlenia,16
Terice,16
Delica,16
Deboraa,16
Derrell,16
Lanni,16
Rosemaire,16
Roxeann,16
Tereca,16
Jackilynn,16
Donitta,16
Lorii,16
Vikie,16
Anetia,16
Barbarette,16
Duffy,16
Leissa,16
Sharal,16
Tearesa,16
Rubin,16
Deridre,16
Dovetta,16
Carlotte,16
Kalleen,16
Renel,16
Shoran,16
Verdina,16
Maryesther,16
Talara,16
Perette,16
Lestina,16
Roxsanne,16
Tammarra,16
Tarolyn,16
Antionett,16
Deldra,16
Ginell,16
Lorria,16
Remonda,16
Kaui,16
Marceia,16
Patarica,16
Thomasin,16
Dienna,16
Lawna,16
Chrisi,16
Dinese,16
Rajeana,16
Dahn,16
Franciska,16
Rikke,16
Macheal,16
Kelleye,16
Veronice,16
Amdrea,16
Antonitte,16
Lagenia,16
Vadra,16
Chontell,16
Franchell,16
Leshan,16
Shounda,16
Dewan,16
Tameco,16
Sieglinde,16
Sonnya,16
Stanya,16
Taree,16
Tonyette,16
Chelette,16
Jamaine,16
Trasa,16
Lucelenia,16
Aindrea,16
Fitima,16
Kilolo,16
Saudah,16
Tetra,16
Tonnetta,16
Katinia,16
Bindy,16
Lasalle,16
Marivic,16
Ametra,16
Latischa,16
Micol,16
Coffy,16
Eurica,16
Juwanda,16
Latarisha,16
Salana,16
Teika,16
Charone,16
Kerilee,16
Kutana,16
Lawandra,16
Laytona,16
Quovadis,16
Shalette,16
Sherlanda,16
Walisha,16
Zorica,16
Latracia,16
Lytisha,16
Minden,16
Tamicha,16
Trinket,16
Sangria,16
Jenara,16
Kalonda,16
Nayo,16
Tyron,16
Adrieanne,16
Dedrick,16
Iselda,16
Latocha,16
Latoisha,16
Tacita,16
Norlisha,16
Ametria,16
Baranda,16
Bobijo,16
Falena,16
Heriberto,16
Kametra,16
Lakeshi,16
Mistyann,16
Richenda,16
Shajuanna,16
Shaneda,16
Shawntai,16
Kashka,16
Ahisha,16
Chinue,16
Ganesa,16
Shaneek,16
Yatasha,16
Chelena,16
Dontrell,16
Frica,16
Kijafa,16
Saleana,16
Shanene,16
Deonca,16
Kameika,16
Aliki,16
Ancy,16
Estibaliz,16
Kenyarda,16
Rashandra,16
Deshandra,16
Fayga,16
Lakedia,16
Latrishia,16
Layota,16
Milini,16
Tarria,16
Vanika,16
Nathena,16
Quenita,16
Shanaka,16
Sheneque,16
Arati,16
Crisha,16
Dashiell,16
Inbal,16
Jaronda,16
Karaann,16
Keonya,16
Lakeeya,16
Lanedra,16
Mandelyn,16
Shakeemah,16
Taana,16
Tashie,16
Jacina,16
Laquista,16
Davonia,16
Kanedra,16
Keyshonda,16
Reshawna,16
Shereeta,16
Lakaii,16
Choya,16
Krister,16
Yashia,16
Hristine,16
Indrani,16
Kiayana,16
Mariadelrosario,16
Mirabai,16
Raewyn,16
Shamecia,16
Shymeka,16
Xong,16
Brendalis,16
Irazema,16
Marlanna,16
Nikkeya,16
Jannina,16
Kameia,16
Manique,16
Shimira,16
Shamair,16
Marquieta,16
Charysse,16
Dalenna,16
Echoe,16
Laurien,16
Letara,16
Rokeshia,16
Latira,16
Megnan,16
Nayyirah,16
Shpresa,16
Chanielle,16
Darshini,16
Kendl,16
Dalen,16
Lynse,16
Markeyda,16
Mital,16
Shatanna,16
Miceala,16
Santania,16
Lieren,16
Marison,16
Alxis,16
Crystella,16
Davalyn,16
Ineisha,16
Juanesha,16
Lenamarie,16
Leneisha,16
Shardi,16
Ashden,16
Charrelle,16
Daniellemarie,16
Dipali,16
Jameice,16
Lashari,16
Shermia,16
Bristy,16
Annee,16
Elaheh,16
Kionte,16
Lacreisha,16
Meahgan,16
Armisha,16
Jernae,16
Leeor,16
Albani,16
Caludia,16
Charnai,16
Dionca,16
Lashey,16
Desting,16
Shaneah,16
Arkia,16
Asian,16
Eryne,16
Janishia,16
Kristah,16
Misael,16
Raelina,16
Sedricka,16
Senja,16
Jakkia,16
Shawnic,16
Quameisha,16
Shannay,16
Baotran,16
Caniesha,16
Danaca,16
Davonya,16
Isamarie,16
Kaitlind,16
Kianie,16
Giustina,16
Lyndze,16
Mckinsie,16
Mekel,16
Montisha,16
Tysheema,16
Sheraine,16
Karent,16
Alyncia,16
Kaylinda,16
Moryah,16
Tiante,16
Timeisha,16
Ayja,16
Breahnna,16
Breaun,16
Deirra,16
Gaberial,16
Jazimine,16
Jerrin,16
Quashana,16
Queenasia,16
Rebeccaann,16
Shadricka,16
Shambreka,16
Luceli,16
Shaleese,16
Taloria,16
Jovanny,16
Jullianne,16
Niamani,16
Nyshea,16
Shantiana,16
Tyrissa,16
Yovani,16
Abisag,16
Addrianna,16
Akiela,16
Alainey,16
Brinisha,16
Caitline,16
Deambra,16
Dejarae,16
Dominesha,16
Iraiz,16
Jamiece,16
Letavia,16
Lyndzey,16
Megna,16
Shadey,16
Shalease,16
Uroosa,16
Jessicamae,16
Shakel,16
Armesha,16
Chances,16
Delandria,16
Jabri,16
Jonnesha,16
Jourdon,16
Mahin,16
Teylar,16
Ashantis,16
Dejenae,16
Jadian,16
Jernisha,16
Kadjah,16
Katiera,16
Lakala,16
Moena,16
Quinterria,16
Shaqualia,16
Tamai,16
Terranisha,16
Zakkiyah,16
Limayri,16
Keiauna,16
Imon,16
Alenka,16
Dantasia,16
Jamayka,16
Jarnae,16
Jhanee,16
Lezah,16
Monasha,16
Nouchee,16
Rayjean,16
Takevia,16
Shalexis,16
Anthonique,16
Dajaha,16
Elexas,16
Kevelyn,16
Mekkah,16
Quadaisha,16
Seinna,16
Chanse,16
Chinwendu,16
Gaozong,16
Jhanelle,16
Marlyssa,16
Ndya,16
Raija,16
Shaiana,16
Shailin,16
Mylashia,16
Tait,16
Daezha,16
Jameera,16
Kadaysha,16
Saraly,16
Shayln,16
Tynique,16
Yenitza,16
Yuuki,16
Alecsandra,16
Jeilene,16
Kaetlynn,16
Onyekachi,16
Apria,16
Devrie,16
Mikalla,16
Sevina,16
Tajea,16
Teiya,16
Tyquashia,16
Xenna,16
Rosaicela,16
Kassedy,16
Alizette,16
Raymi,16
Tyrelle,16
Brenia,16
Dyman,16
Eyona,16
Jaimeson,16
Jakiara,16
Ladajia,16
Mckella,16
Rodjanae,16
Ukari,16
Daveon,16
Samihah,16
Trew,16
Aneia,16
Azah,16
Briyanah,16
Cy,16
Dalijah,16
Dellaney,16
Divia,16
Iraj,16
Nyona,16
Shnya,16
Skylr,16
Thomia,16
Tyonne,16
Ye,16
Diavionne,16
Tion,16
Leslyann,16
Keaisa,16
Amisa,16
Kaylanicole,16
Aleyha,16
Katrien,16
Najya,16
Sumin,16
Trinitty,16
Viance,16
Carris,16
Kaycey,16
Keazia,16
Kessia,16
Nickiya,16
Tanajha,16
Aliye,16
Dakeria,16
Deaijah,16
Emeril,16
Gillyan,16
Hayllie,16
Independence,16
Jaidlyn,16
Kylissa,16
Makieya,16
Maslyn,16
Zoemarie,16
Ajiyah,16
Gideon,16
Jenniya,16
Kinnedi,16
Kyha,16
Maissa,16
Minhchau,16
Monserrad,16
Alaejah,16
Alizeya,16
Allysyn,16
Anosha,16
Aranxa,16
Cameria,16
Dahana,16
Damianna,16
Ekene,16
Layssa,16
Minhthu,16
Rickyah,16
Ridah,16
Romiah,16
Shakyria,16
Shinya,16
Stefhany,16
Tanushri,16
Tashani,16
Thalita,16
Yahel,16
Yaleska,16
Ahnaya,16
Ameara,16
Areena,16
Daviya,16
Farwa,16
Justyse,16
Kaelana,16
Landin,16
Anayha,16
Anyanka,16
Ayia,16
Britza,16
Chailee,16
Doniyah,16
Kidist,16
Mennah,16
Merielle,16
Rakaya,16
Lyneth,16
Mugdha,16
Nykeira,16
Teralynn,16
Vishwa,16
Analin,16
Angelinamarie,16
Aolany,16
Arunima,16
Cadin,16
Dazya,16
Itamar,16
Iyonah,16
Jasmari,16
Jomaris,16
Nadaya,16
Nyauna,16
Tamarria,16
Tamayah,16
Thailynn,16
Tullia,16
Shamayah,16
Amruta,16
Aubrin,16
Jemily,16
Aksa,16
Genessys,16
Hassanatou,16
Jhia,16
Jimyah,16
Joslen,16
Kelsyn,16
Kyliejo,16
Menah,16
Myanah,16
Noalani,16
Pariz,16
Takaylah,16
Zaine,16
Vianette,16
Ayantu,16
Cashlin,16
Darelys,16
Idalyz,16
Ileena,16
Marcail,16
Ryhana,16
Surayah,16
Vanessah,16
Aadi,16
Antalya,16
Creighton,16
Cynne,16
Elyze,16
Erianah,16
Iryanna,16
Jaritzy,16
Jezzel,16
Kael,16
Kamiaya,16
Karamia,16
Niliyah,16
Noelis,16
Ryelin,16
Zikira,16
Addisan,16
Leaja,16
Dilayla,16
Issabell,16
Jamoria,16
Kyeleigh,16
Madielyn,16
Rahama,16
Abiella,16
Afrodita,16
Anayshia,16
Annaluiza,16
Asaiya,16
Ashirah,16
Aubrieana,16
Belah,16
Dakhia,16
Itayetzi,16
Jadalyse,16
Keagyn,16
Kiree,16
Lahni,16
Saviana,16
Zamaira,16
Zarahy,16
Zyree,16
Zheneavia,16
Aadyn,16
Anilya,16
Bitia,16
Jamiyha,16
Jasley,16
Maleana,16
Nikylah,16
Theryn,16
Tulah,16
Aileny,16
Andalucia,16
Deztyni,16
Dilany,16
Hawaii,16
Hildana,16
Jaciyah,16
Jarayah,16
Jovianne,16
Loreyna,16
Peyden,16
Sainabou,16
Skylir,16
Xaniah,16
Jazyriah,16
Katiemae,16
Safoora,16
Aaleya,16
Amielle,16
Emna,16
Evannah,16
Jaylein,16
Jaymiah,16
Kaleece,16
Maelia,16
Maidelyn,16
Peytynn,16
Sannidhi,16
Sanura,16
Silvi,16
Yaselin,16
Zyriel,16
Imar,16
Aydree,16
Ayvrie,16
Emelya,16
Enalina,16
Jenessis,16
Omiyah,16
Sadora,16
Zyriyah,16
Breylee,16
Brookyln,16
Clarah,16
Jianah,16
Kaedynn,16
Kamsiyochi,16
Khileigh,16
Lailiana,16
Laylanna,16
Malayha,16
Naiylah,16
Parishay,16
Polaris,16
Reinna,16
Marriyah,16
Mylaya,16
Skyee,16
Addisun,16
Alelia,16
Annley,16
Jlayah,16
Kebron,16
Kemariah,16
Nevaehlynn,16
Alliyana,16
Azeeza,16
Caaliyah,16
Dezariyah,16
Eilen,16
Emayah,16
Hamidah,16
Jaseena,16
Jeilianys,16
Kaimani,16
Kassiana,16
Kaymoni,16
Kyndalyn,16
Lyela,16
Mileyah,16
Mkenzi,16
Tahlya,16
Tynlie,16
Yuxuan,16
Zakhari,16
Marypaz,16
Ayami,16
Jabrayah,16
Jayliannie,16
Khalisa,16
Orin,16
Vainavi,16
Ziley,16
Catilaya,16
Delancy,16
Diyaa,16
Eyram,16
Laylyn,16
Lizabelle,16
Nishma,16
Torynn,16
Tzivi,16
Uswa,16
Zoeygrace,16
Akemy,16
Elliemarie,16
Emmasofia,16
Aemelia,16
Calimarie,16
Carlaya,16
Mabelyn,16
Zendaiya,16
Alae,16
Aubryelle,16
Brantlie,16
Gunner,16
Kemarii,16
Lariel,16
Moxxi,16
Seerit,16
Sehajpreet,16
Skylarmarie,16
Zaely,16
Zuriela,16
Ruoxi,16
Carliee,16
Evina,16
Jazzabelle,16
Jerzei,16
Kenari,16
Korilynn,16
Mariacecilia,16
Talayiah,16
Azayleah,16
Elizajane,16
Emeilia,16
Kwinn,16
Lanylah,16
Makenzly,16
Marliee,16
Tyndall,16
Zeenah,16
Zilynn,16
Adailyn,16
Aliss,16
Dax,16
Dheeksha,16
Ellalee,16
Kaslynn,16
Laylonni,16
Leelyn,16
Yulema,16
Aamanee,16
Averlie,16
Carmani,16
Eliorah,16
Eveah,16
Hanvitha,16
Ikhlaas,16
Milyana,16
Pranvi,16
Riplee,16
Navisha,16
Jeamileth,16
Yailem,16
Bellemy,16
Myreen,16
Hurain,16
Jalylah,16
Khadi,16
Yeyetzi,16
Iyali,16
Jadarose,16
Paisleymae,16
Ryman,16
Solveigh,16
Avajade,16
Alisanne,16
Adaiya,16
Amaara,16
Oluwafifehanmi,16
Adeliza,16
Oktavia,16
Quill,16
Pravya,16
Takshvi,16
Khadicha,16
Ahraya,16
Watson,16
Alayaa,16
Ayoni,16
Majestee,16
Samairah,16
Aruvi,16
Chozen,16
Pure,16
Jovy,16
Morwenna,16
Merta,15
Sarepta,15
Murtie,15
Missouria,15
Otilla,15
Thilda,15
Golde,15
Lisetta,15
Olah,15
Lizie,15
Rodie,15
Cecele,15
Zeddie,15
Arlevia,15
Lilliebell,15
Clota,15
Ernstine,15
Oleita,15
Tenner,15
Orda,15
Asunta,15
Erda,15
Pirl,15
Flaura,15
Ophilia,15
Arlein,15
Dessel,15
Edria,15
Falba,15
Gula,15
Jensie,15
Loreita,15
Muril,15
Elvada,15
Floreda,15
Isbell,15
Lamora,15
Maynette,15
Rositta,15
Thedra,15
Viginia,15
Vinna,15
Lecta,15
Arlice,15
Aver,15
Consiglia,15
Elethia,15
Ethelind,15
Fernetta,15
Katherlene,15
Leneta,15
Levis,15
Quessie,15
Donnabel,15
Druecilla,15
Esperance,15
Moree,15
Olline,15
Stefie,15
Tamae,15
Tensie,15
Wilburn,15
Alamae,15
Elizabethe,15
Laverl,15
Alby,15
Dorles,15
Eulojia,15
Gelsomina,15
Ireatha,15
Lodean,15
Omalee,15
Plummie,15
Wiona,15
Bernace,15
Philomenia,15
Almo,15
Delean,15
Dilla,15
Dorlas,15
Evanelle,15
Rowana,15
Lennell,15
Roszella,15
Shyrlee,15
Arene,15
Derith,15
Jananne,15
Morella,15
Aldo,15
Arona,15
Cleatrice,15
Corintha,15
Elsiemae,15
Ledonia,15
Magdelina,15
Orita,15
Pawnee,15
Sylvene,15
Wyla,15
Bettejo,15
Cathreen,15
Evelee,15
Saraphine,15
Georgialee,15
Florann,15
Maezell,15
Maomi,15
Prestine,15
Delouise,15
Luckie,15
Murrie,15
Farol,15
Lew,15
Wuanita,15
Albesa,15
Myrlin,15
Morlene,15
Nomia,15
Quay,15
Jalna,15
Dorelle,15
Glenell,15
Jacquin,15
Zerlene,15
Claranne,15
Marieda,15
Cobina,15
Barbaralee,15
Ronaele,15
Jocarol,15
Cherle,15
Maureene,15
Vilia,15
Derryl,15
Charlan,15
Dayl,15
Franciene,15
Jaynne,15
Mynette,15
Tampa,15
Clarenda,15
Linnetta,15
Conne,15
Curlene,15
Orfa,15
Delice,15
Jerona,15
Katheran,15
Renaee,15
Cathyleen,15
Franzetta,15
Sherwin,15
Vickiann,15
Allynn,15
Edelina,15
Derise,15
Jeanel,15
Loleatha,15
Sulinda,15
Syndie,15
Vernessia,15
Lorreen,15
Sherdina,15
Paulia,15
Bernitha,15
Darita,15
Demona,15
Kayne,15
Joedy,15
Lorett,15
Darleane,15
Crys,15
Darine,15
Lawrene,15
Meriann,15
Schenita,15
Tamson,15
Rapunzel,15
Mancy,15
Bonniejo,15
Charri,15
Magarita,15
Anga,15
Granada,15
Macia,15
Rosalua,15
Chyrisse,15
Deitre,15
Deneil,15
Ladeanna,15
Lelana,15
Lowry,15
Shauneen,15
Terenia,15
Morag,15
Schelley,15
Candria,15
Evelinda,15
Kerren,15
Lurinda,15
Duwana,15
Patrenia,15
Vontina,15
Cindyann,15
Machella,15
Raenee,15
Agena,15
Lorencita,15
Sudha,15
Tamathy,15
Valesia,15
Chrisine,15
Crissandra,15
Georgy,15
Joymarie,15
Julynn,15
Michaelynn,15
Ondina,15
Mistye,15
Kerrilee,15
Letrece,15
Lettica,15
Shanton,15
Dameron,15
Tuesdee,15
Betrina,15
Careyann,15
Enise,15
Indu,15
Jadeen,15
Kava,15
Minique,15
Mria,15
Reanee,15
Roshun,15
Tracylynn,15
Treisa,15
Sonta,15
Deshell,15
Jadean,15
Lamesa,15
Lasanya,15
Latundra,15
Mariola,15
Marshon,15
Phadra,15
Tangier,15
Terrice,15
Kiann,15
Kish,15
Lucritia,15
Natricia,15
Nicohle,15
Parminder,15
Reshea,15
Tiffonie,15
Umekia,15
Zenetta,15
Kattina,15
Cattina,15
Jynell,15
Kawan,15
Martice,15
Trenece,15
Tylina,15
Chali,15
Chawanna,15
Deanah,15
Latreasa,15
Lotonya,15
Makeeba,15
Meshonda,15
Mortisha,15
Rocheal,15
Sadiqua,15
Showanda,15
Taissa,15
Tashon,15
Tawayna,15
Tesse,15
Tywan,15
Yakini,15
Walidah,15
Bahiya,15
Camiel,15
Chekita,15
Keanya,15
Laqueeta,15
Leshunda,15
Makeva,15
Shelese,15
Tash,15
Ureka,15
Conchata,15
Lenina,15
Tomeaka,15
Brandise,15
Kandia,15
Lareshia,15
Marquea,15
Trenette,15
Norlishia,15
Erron,15
Akida,15
Asmahan,15
Carise,15
Chalandra,15
Chimeka,15
Dannyell,15
Lotasha,15
Masika,15
Najeebah,15
Narisa,15
Nency,15
Roshida,15
Senada,15
Teon,15
Zeneida,15
Suhaill,15
Asiha,15
Kellian,15
Moneek,15
Dachia,15
Ismeralda,15
Jenner,15
Kennitha,15
Teeka,15
Tikiya,15
Tishea,15
Danyielle,15
Davone,15
Kalishia,15
Katyria,15
Khedra,15
Latovia,15
Nakosha,15
Shilow,15
Rashina,15
Addrienne,15
Beret,15
Janvier,15
Lindsley,15
Ronesia,15
Shamil,15
Shauntal,15
Tamille,15
Renauda,15
Gitana,15
Herica,15
Keywanda,15
Laquanya,15
Latiah,15
Reannen,15
Ristina,15
Teaka,15
Timbra,15
Wakeisha,15
Walkiria,15
Atyia,15
Nekedra,15
Brandiss,15
Toccaro,15
Shequitta,15
Cherette,15
Leandre,15
Nealey,15
Octavius,15
Phan,15
Shibani,15
Belon,15
Anneelizabeth,15
Endy,15
Erinmarie,15
Fallin,15
Genica,15
Jontay,15
Kristyle,15
Thaisha,15
Ceji,15
Caleshia,15
Carissia,15
Faylyn,15
Jenneffer,15
Lanishia,15
Laurne,15
Miosoti,15
Nateesha,15
Nazish,15
Nitaya,15
Olatokunbo,15
Schanel,15
Shamese,15
Shateema,15
Adreinne,15
Andreamarie,15
Aprilann,15
Jackielyn,15
Jehnna,15
Nicaela,15
Tassia,15
Loreana,15
Rebella,15
Roche,15
Taleasha,15
Cashara,15
Chentel,15
Cyle,15
Danit,15
Dinae,15
Gissette,15
Jacolby,15
Marnique,15
Shaquette,15
Talese,15
Sheida,15
Britane,15
Bioleta,15
Carrianna,15
Eliazbeth,15
Keyshanna,15
Maikia,15
Nache,15
Nasasha,15
Rittney,15
Shakethia,15
Shanille,15
Tieria,15
Tyandra,15
Riesha,15
Shaneise,15
Allory,15
Annelizabeth,15
Jalita,15
Jennisa,15
Katrinamarie,15
Kennyetta,15
Laramee,15
Larelle,15
Marbel,15
Polett,15
Saranna,15
Suada,15
Tranecia,15
Vantrice,15
Yescenia,15
Dominiqu,15
Centeria,15
Teaire,15
Alexendria,15
Babie,15
Dashanta,15
Jacquell,15
Javoni,15
Kerrissa,15
Latajia,15
Nikolas,15
Tashawnna,15
Kierstie,15
Lashavia,15
Preanna,15
Diandre,15
Jaboa,15
Vilmarie,15
Quaneka,15
Alexaundra,15
Corsha,15
Jalencia,15
Katylyn,15
Keaire,15
Marrisha,15
Negeen,15
Nkiru,15
Raeshelle,15
Roneesha,15
Tiania,15
Ulises,15
Macaulay,15
Fanci,15
Shanecqua,15
Amandarose,15
Andriah,15
Brynesha,15
Cheyenn,15
Dalanna,15
Dilma,15
Ireon,15
Iyeshia,15
Kionne,15
Laurenne,15
Shytavia,15
Taneria,15
Terrae,15
Trishanna,15
Typhanie,15
Virdiana,15
Cheltzie,15
Keoisha,15
Antaneisha,15
Breisha,15
Breonka,15
Breyonia,15
Chasadie,15
Jeinny,15
Marvi,15
Rumana,15
Taiyanna,15
Tomeisha,15
Zoyla,15
Solmaira,15
Tyreeka,15
Tailyr,15
Kevanna,15
Kadezia,15
Kadeedra,15
Alexe,15
Bonnibel,15
Jezika,15
Marliz,15
Valentia,15
Verenize,15
Khadidra,15
Cadesia,15
Deshanique,15
Kadeijah,15
Karolin,15
Deondre,15
Destney,15
Dystanie,15
Jaquashia,15
Jebria,15
Kaitly,15
Keyondria,15
Keyvonna,15
Khrystian,15
Myrisa,15
Onyae,15
Raylina,15
Surayyah,15
Zaena,15
Daizsa,15
Aailiyah,15
Abagaile,15
Alexxandria,15
Chambria,15
Chyeanne,15
Destinei,15
Ilsy,15
Jahana,15
Jenyce,15
Nabia,15
Niaimani,15
Taytiana,15
Tylen,15
Irian,15
Daejia,15
Hanen,15
Zaneb,15
Shakuria,15
Dominae,15
Lamisa,15
Llareli,15
Marnay,15
Mikail,15
Nakiera,15
Omri,15
Teoni,15
Wellsley,15
Zenah,15
Sirenna,15
Talazia,15
Daisjah,15
Alexisia,15
Brayonna,15
Marenna,15
Shahreen,15
Sharik,15
Yennhi,15
Zahiyah,15
Zarena,15
Tayha,15
Atheer,15
Brynnen,15
Hennesey,15
Ilenia,15
Jewelee,15
Kendalle,15
Maariyah,15
Maho,15
Martajah,15
Meanna,15
Tykiara,15
Abrianne,15
Atoria,15
Celyne,15
Dajiana,15
Graeson,15
Halema,15
Jalaycia,15
Jessell,15
Oxana,15
Safah,15
Seonna,15
Shymia,15
Ushna,15
Zene,15
Arame,15
Czaria,15
Damne,15
Denazia,15
Heavon,15
Kaviya,15
Keaura,15
Kellynn,15
Madaya,15
Mikai,15
Mirical,15
Narai,15
Nyome,15
Onnah,15
Suchi,15
Timyia,15
Tione,15
Zamanta,15
Nakiaya,15
Davaria,15
Harliegh,15
Melynna,15
Alazea,15
Annalice,15
Assitan,15
Astry,15
Citali,15
Danelis,15
Jerikah,15
Keyonie,15
Sayli,15
Vaneeza,15
Yariliz,15
Yissell,15
Mashyia,15
Jamerah,15
Abiegail,15
Alala,15
Janitzy,15
Klarysa,15
Lienna,15
Nalyssa,15
Samayia,15
Nasiriyah,15
Alizaye,15
Camilly,15
Rehma,15
Jhanya,15
Abreonna,15
Afifah,15
Ajeya,15
Buse,15
Emanni,15
Hallei,15
Jahziel,15
Jennelyn,15
Jewliana,15
Kalyia,15
Laika,15
Lameria,15
Lexly,15
Medelyn,15
Mehakpreet,15
Nalissa,15
Nitalia,15
Rumina,15
Sakya,15
Terriyana,15
Trenya,15
Variah,15
Yeleina,15
Yadeliz,15
Cmya,15
Devree,15
Gwendalin,15
Jamaiah,15
Jelia,15
Jermyra,15
Lenasia,15
Nareen,15
Rahmya,15
Semirah,15
Xeniah,15
Yansi,15
Jolet,15
Leajah,15
Kabreyia,15
Luzdary,15
Aeleen,15
Almudena,15
Amorae,15
Anjely,15
Annacarolina,15
Erieanna,15
Greenlea,15
Hadiatou,15
Haseena,15
Jannay,15
Joelia,15
Natyra,15
Nirja,15
Paree,15
Samijah,15
Sayali,15
Shaniyla,15
Snezhana,15
Sohni,15
Tanaeja,15
Yanetzy,15
Yazmarie,15
Zenai,15
Annalesia,15
Ismary,15
Ivelyn,15
Mileidi,15
Avarielle,15
Brodee,15
Calese,15
Cyprus,15
Deyli,15
Eres,15
Hefziba,15
Imena,15
Jaelinn,15
Jaydalin,15
Jaylese,15
Kdence,15
Kemariya,15
Mian,15
Myriana,15
Nevaehlee,15
Rakyla,15
Rilan,15
Solaya,15
Xiomary,15
Yabsera,15
Yaretza,15
Yocelynn,15
Kamijah,15
Zymal,15
Leiara,15
Tuula,15
Jennesy,15
Arisela,15
Aylianna,15
Azarae,15
Azurie,15
Coleigh,15
Finnly,15
Hinckley,15
Jabriya,15
Jasaya,15
Joelina,15
Larayna,15
Layliah,15
Lensa,15
Naaliyah,15
Nisma,15
Praylee,15
Ritvika,15
Saedi,15
Sahyra,15
Shamso,15
Dayanari,15
Alessya,15
Neeyah,15
Aileigh,15
Alynnah,15
Ansha,15
Dangel,15
Desmariah,15
Giahnna,15
Izavella,15
Jaelina,15
Jahmyah,15
Jazleene,15
Kendelyn,15
Leilaney,15
Nishta,15
Saile,15
Sheikh,15
Terryana,15
Tylajah,15
Xamara,15
Zanaa,15
Zarhia,15
Kameira,15
Neliyah,15
Elinah,15
Oluwabukunmi,15
Aamoni,15
Addieson,15
Akoya,15
Avenlea,15
Aziel,15
Batula,15
Dixee,15
Emee,15
Ghena,15
Jazaiah,15
Keymi,15
Lucea,15
Myaira,15
Rainer,15
Sumeja,15
Yanay,15
Zakharia,15
Zamaiya,15
Saraji,15
Aylena,15
Dilylah,15
Emmariah,15
Evelinn,15
Evra,15
Kairyn,15
Kylise,15
Leilamarie,15
Mariaantonia,15
Par,15
Pariis,15
Rasiyah,15
Simarpreet,15
Zmiyah,15
Ahzariah,15
Liliuokalani,15
Ahlaysia,15
Arusha,15
Ashriya,15
Avaelizabeth,15
Avrora,15
Dayzi,15
Ilanie,15
Laetyn,15
Miavictoria,15
Sayah,15
Xalia,15
Akadia,15
Khamilla,15
Adlei,15
Abriannah,15
Albee,15
Ataly,15
Aubriyana,15
Eilonwy,15
Eliciana,15
Jayliz,15
Mayeda,15
Miraj,15
Peshy,15
Rowann,15
Surrey,15
Vivienna,15
Yetzaly,15
Zayani,15
Zeinah,15
Jennicka,15
Ellika,15
Ameeya,15
Arahbella,15
Ezariyah,15
Lal,15
Leriyah,15
Makynlei,15
Malaisia,15
Oluwadunmininu,15
Vaira,15
Yaalini,15
Zoeymarie,15
Sochi,15
Clairabelle,15
Aketzaly,15
Harliee,15
Canyla,15
Delilahrose,15
Hudsynn,15
Jeniveve,15
Kharley,15
Meenah,15
Neemah,15
Remey,15
Tsunade,15
Whitten,15
Elshaddai,15
Fathi,15
Yaleyza,15
Aarilynn,15
Adelaya,15
Choice,15
Clarajane,15
Ludovica,15
Viviani,15
Xaelah,15
Yuzu,15
Ziyi,15
Danahe,15
Laibah,15
Yaz,15
Adianey,15
Amirya,15
Athulya,15
Avalyna,15
Avelene,15
Blaykleigh,15
Hanika,15
Ritvi,15
Shivi,15
Versailles,15
Zhen,15
Kaniyla,15
Rishvi,15
Williow,15
Hadilynn,15
Kalel,15
Karslynn,15
Kyza,15
Leiyani,15
Senara,15
Zariella,15
Khlo,15
Mazuri,15
Andrra,15
Daenarys,15
Yosra,15
Kaislei,15
Kalesi,15
Myrcella,15
Aliia,15
Ediany,15
Haukea,15
Jayoni,15
Ximora,15
Zynlee,15
Ivelle,15
Cereza,15
Dennhi,15
Iyanu,15
Sailah,15
Luxury,15
Azorah,15
Jind,15
Kriva,15
Magizhini,15
Mykie,15
Syven,15
Cynniah,15
Eloa,15
Motley,15
Siaani,15
Zeynet,15
Crete,14
Lallah,14
Eltis,14
Etoyle,14
Vilas,14
Chiyono,14
Luthera,14
Tatsue,14
Nata,14
Melzie,14
Dotha,14
Eurith,14
Arlillian,14
Elree,14
Cleata,14
Melville,14
Claudy,14
Sachie,14
Dulcia,14
Ivera,14
Nerita,14
Dewilla,14
Gleora,14
Rawnie,14
Shielda,14
Suezanne,14
Jerralyn,14
Dannye,14
Diretha,14
Barbaa,14
Jodeane,14
Marietha,14
Marlan,14
Dainette,14
Centhia,14
Zarita,14
Carilee,14
Pandy,14
Marj,14
Corletta,14
Leica,14
Deatria,14
Dannita,14
Koretta,14
Demian,14
Seanda,14
Wannette,14
Dardi,14
Yolaunda,14
Dancy,14
Shantra,14
Shondale,14
Chamisa,14
Kiska,14
Angelque,14
Kandida,14
Jenohn,14
Libya,14
Lakischa,14
Deonza,14
Kimaree,14
Havala,14
Xaveria,14
Anka,14
Sobeida,14
Kimaka,14
Kinta,14
Tiaisha,14
Latricha,14
Trineka,14
Shaunah,14
Karenina,14
Shafeqah,14
Tamarisk,14
Myeka,14
Roshondra,14
Sumeka,14
Cheriese,14
Ayofemi,14
Nydra,14
Katima,14
Ansonia,14
Taccarra,14
Shakeeka,14
Yesemia,14
Heahter,14
Tristia,14
Nkauj,14
Myhanh,14
Aamber,14
Deleon,14
Chaning,14
Lauramarie,14
Jarhonda,14
Jante,14
Stephon,14
Piffany,14
Jessico,14
Annemari,14
Jannika,14
Lanaye,14
Audriona,14
Kritzia,14
Llesica,14
Angellia,14
Jalessia,14
Jherika,14
Labree,14
Samanthalee,14
Callison,14
Lytia,14
Mor,14
Shanesia,14
Shikela,14
Andreniki,14
Miyisha,14
Bronti,14
Deerika,14
Keahna,14
Alleshia,14
Anaysa,14
Daryen,14
Kellsy,14
Breesha,14
Darriane,14
Starquasia,14
Tyranisha,14
Brialle,14
Orlandra,14
Santara,14
Casmir,14
Shieda,14
Sadeja,14
Reshay,14
Quashawna,14
Chizoba,14
Dezia,14
Tyshianna,14
Diabolique,14
Jantzen,14
Keele,14
Shantazia,14
Daizja,14
Shalexus,14
Mclain,14
Micheyla,14
Nybria,14
Giordan,14
Lachyna,14
Tanautica,14
Rosisela,14
Hale,14
Nayarit,14
Gilian,14
Teaonna,14
Zarrea,14
Mekena,14
Tahis,14
Odera,14
Shykemmia,14
Kalysia,14
Noelya,14
Hallah,14
Zareia,14
Destinyrose,14
Manijah,14
Jastin,14
Maelina,14
Jewelian,14
Hennah,14
Tavania,14
Alexz,14
Keidi,14
Karissia,14
Aneeza,14
Ysabell,14
Saaliyah,14
Ethany,14
Khushpreet,14
Karolena,14
Adonya,14
Rhayna,14
Audreyann,14
Damayanti,14
Ganajah,14
Janaih,14
Qualiyah,14
Aariyanna,14
Cnya,14
Deviana,14
Lexsey,14
Breyawna,14
Joshelin,14
Tanilah,14
Anneliesse,14
Paycee,14
Kagome,14
Maithe,14
Nariana,14
Jetzibe,14
Olaya,14
Suheidy,14
Yazareth,14
Zaniaya,14
Janiaha,14
Jumalay,14
Mariamne,14
Micel,14
Ahriel,14
Auriyana,14
Breyannah,14
Florecita,14
Hadessa,14
Haleena,14
Kaygan,14
Xelha,14
Jennely,14
Taviah,14
Abryl,14
Aireyana,14
Euphoria,14
Isibeal,14
Kennasia,14
Reigha,14
Branyah,14
Amauriah,14
Dannalee,14
Keasiah,14
Kaibree,14
Mackennah,14
Kiahnna,14
Carmah,14
Zoribel,14
Bryhana,14
Daleyah,14
Damariana,14
Rinah,14
Zamyla,14
Kayleeanna,14
Celiana,14
Maielle,14
Rayanah,14
Sukhleen,14
Mckenzii,14
Ivyunna,14
Kayleeanne,14
Nayonika,14
Ziannah,14
Aalaiya,14
Magabi,14
Sophieanne,14
Oliyah,14
Sohanny,14
Jazabelle,14
Chyles,14
Aubreeann,14
Mckinli,14
Jaeliyah,14
Kenzlea,14
Rylieann,14
Kashaf,14
Laylanee,14
Chiemela,14
Junah,14
Kylierose,14
Anayaa,14
Ellynn,14
Jurnii,14
Lwren,14
Memphys,14
Payzli,14
Londynne,14
Myraa,14
Andelynn,14
Everdeen,14
Kaleila,14
Ademide,14
Lucchese,14
Ahinara,14
Soraia,14
Zixin,14
Keissy,14
Jasreen,14
Brynzlee,14
Joliee,14
Siersha,14
Tillee,14
Rahmat,14
Lemmy,14
Maklyn,14
Cemile,14
Addleigh,14
Gryffin,14
Sayora,14
Amaliyah,14
Idhika,14
Maise,14
Loujain,14
Nayva,14
Roop,14
Elegance,14
Eliannys,14
Layonni,14
Keior,14
Leahni,14
Ahveya,14
Jhazelle,14
Elihana,14
Crisbell,14
Coast,14
Elahi,14
Novarose,14
Yahra,14
Lolar,13
Fola,13
Arax,13
Lucene,13
Nelliemae,13
Nolda,13
Shigeno,13
Wilmah,13
Luevinia,13
Emilienne,13
Earsel,13
Leoner,13
Bernardita,13
Lucena,13
Dorrit,13
Vay,13
Genett,13
Hillis,13
Olma,13
Clemontine,13
Edd,13
Agnella,13
Tinny,13
Veral,13
Olen,13
Wardie,13
Aneda,13
Norvis,13
Prebble,13
Arwilla,13
Burla,13
Newana,13
Corris,13
Esterine,13
Maycle,13
Milford,13
Isobell,13
Loisjean,13
Alwyn,13
Calletana,13
Narice,13
Omagene,13
Estherlene,13
Vondella,13
Ladeane,13
Lindola,13
Jerilynne,13
Michaleen,13
Darlia,13
Inia,13
Karlyne,13
Acquanette,13
Deonn,13
Vanester,13
Lilette,13
Tirrell,13
Cindey,13
Daretta,13
Debb,13
Sylia,13
Vel,13
Velerie,13
Denett,13
Polli,13
Tianda,13
Wina,13
Peppi,13
Alaida,13
Daffie,13
Pataricia,13
Angeleta,13
Jodonna,13
Kellyjean,13
Ingram,13
Revina,13
Kaara,13
Keica,13
Vhonda,13
Deneta,13
Bernay,13
Melette,13
Ronisue,13
Kartika,13
Adrainne,13
Olivera,13
Rayeann,13
Temre,13
Trinisa,13
Twaina,13
Juandalynn,13
Dianthe,13
Maronica,13
Miyosha,13
Traice,13
Rondelle,13
Cardia,13
Henrika,13
Skeeter,13
Latichia,13
Brijin,13
Antwinette,13
Katinna,13
Kiisha,13
Yoruba,13
Conswala,13
Deiana,13
Erical,13
Moneak,13
Natashi,13
Schantel,13
Arnetria,13
Latrail,13
Satonia,13
Kalimba,13
Kioka,13
Tameiko,13
Anasa,13
Turiya,13
Michelly,13
Azur,13
Keyisha,13
Jenneifer,13
Luchina,13
Tamita,13
Sajata,13
Tennielle,13
Tennell,13
Joakima,13
Londie,13
Keyanta,13
Nicosia,13
Shameen,13
Lekenya,13
Shakitha,13
Keante,13
Jacquay,13
Nafeesha,13
Latosca,13
Sharnique,13
Ineka,13
Shevone,13
Terasha,13
Kayatana,13
Jeneka,13
Shamim,13
Ranarda,13
Shaleia,13
Lateasa,13
Natlaie,13
Tishonda,13
Yin,13
Falishia,13
Genina,13
Lateena,13
Termaine,13
Yira,13
Meissa,13
Siu,13
Chrishanda,13
Atrina,13
Chutney,13
Shaquanah,13
Syreena,13
Caramie,13
Clarra,13
Kenedra,13
Marguitta,13
Altaira,13
Sheene,13
Yanderi,13
Curtissa,13
Shaquenta,13
Nieasha,13
Britlany,13
Nieisha,13
Shannda,13
Chelea,13
Helsea,13
Donmonique,13
Shatoyia,13
Ibette,13
Nurul,13
Ratha,13
Zelenia,13
Rathana,13
Tesheena,13
Shieka,13
Jelica,13
Mami,13
Britinee,13
Kassandr,13
Marnika,13
Romeshia,13
Vereniz,13
Arelle,13
Laquavia,13
Miari,13
Reatta,13
Seantae,13
Shakendria,13
Ambere,13
Samanthaann,13
Deviny,13
Latalya,13
Marquishia,13
Rodrica,13
Traneshia,13
Ladacia,13
Naquasha,13
Sharneka,13
Camee,13
Amandajean,13
Rashaundra,13
Alarie,13
Pashia,13
Shantasha,13
Teysha,13
Deangelis,13
Jeniqua,13
Iashia,13
Justinne,13
Lacreesha,13
Nykeshia,13
Vasthi,13
Ravene,13
Robinique,13
Shenoah,13
Keyontae,13
Elenia,13
Amnesty,13
Anjanique,13
Chalyse,13
Devki,13
Jaquandra,13
Tashanae,13
Mynisha,13
Alainie,13
Bashirah,13
Corryne,13
Daquasia,13
Erycka,13
Jabrina,13
Kasea,13
Yaricsa,13
Andreyna,13
Jakema,13
Dj,13
Sabrah,13
Tylo,13
Tyissha,13
Khadeidra,13
Kyrsha,13
Shawntasia,13
Shaydie,13
Titeanna,13
Moona,13
Lynaya,13
Mykeal,13
Shaquon,13
Briyit,13
Deeva,13
Derria,13
Jahnique,13
Keaundria,13
Laderrica,13
Shontasia,13
Hydea,13
Imperia,13
Kellsea,13
Airicka,13
Dajanea,13
Yanela,13
Autunm,13
Dasjah,13
Sicely,13
Summerlee,13
Zaakira,13
Sidea,13
Akeyah,13
Dejan,13
Monyea,13
Zairia,13
Alexendra,13
Deshawnna,13
Kalifornia,13
Kaymen,13
Keshundra,13
Menley,13
Mickia,13
Ahlexus,13
Lizel,13
Mataia,13
Zuleyca,13
Baile,13
Baillee,13
Belsy,13
Llulisa,13
Micailah,13
Desjah,13
Tayari,13
Soline,13
Ziane,13
Chandlyr,13
Lakeeva,13
Kissiah,13
Courtlin,13
Myshayla,13
Daishanae,13
Diamyn,13
Janaisia,13
Jadasha,13
Raeyonna,13
Yahilin,13
Daebreon,13
Jadakiss,13
Bariah,13
Brisamar,13
Cania,13
Trenedy,13
Trinety,13
Ajalae,13
Nayele,13
Chamberlyn,13
Mynia,13
Tavion,13
Litza,13
Tauryn,13
Nashari,13
Jas,13
Minako,13
Reyona,13
Yarilis,13
Alimatou,13
Leaisha,13
Vianeth,13
Yoselyne,13
Emmilie,13
Taasia,13
Antoniyah,13
Emijah,13
Enija,13
Chanyia,13
Doniya,13
Esbeydy,13
Iciss,13
Mikinzi,13
Thalina,13
Frenesi,13
Jahkira,13
Yasari,13
Litzie,13
Jaysia,13
Meryah,13
Arundhati,13
Dayann,13
Isara,13
Jissela,13
Mahkaylah,13
Meng,13
Paikea,13
Maddax,13
Sanaaya,13
Yassin,13
Ziraili,13
Jabriyah,13
Sree,13
Aurionna,13
Emmalisa,13
Enaiya,13
Jaecee,13
Maddee,13
Reyli,13
Ahylin,13
Mackaylee,13
Zechariah,13
Atyanna,13
Keymia,13
Lamariana,13
Serriah,13
Zaysha,13
Annaliesse,13
Dalet,13
Jasarah,13
Madylen,13
Nanditha,13
Temilade,13
Attiana,13
Linoy,13
Snya,13
Dimya,13
Nyjeria,13
Regginae,13
Jazalle,13
Misel,13
Sanjaya,13
Aydenn,13
Cael,13
Deriya,13
Joryn,13
Kareny,13
Kikyo,13
Lizy,13
Rianah,13
Vanaya,13
Zymaria,13
Dristi,13
Jamillette,13
Jazahria,13
Leahla,13
Marabel,13
Naily,13
Nayomee,13
Talayjah,13
Albrey,13
Aroara,13
Brelle,13
Derielle,13
Eidel,13
Ixzel,13
Perfect,13
Sahrai,13
Thandie,13
Jaslenne,13
Kardyn,13
Dianney,13
Farhiyo,13
Gabriyel,13
Jalae,13
Jameriya,13
Jizele,13
Karidee,13
Luzmary,13
Mezmariah,13
Olachi,13
Onisty,13
Sakayla,13
Abygaile,13
Aires,13
Angellie,13
Kimarah,13
Kitzya,13
Myliana,13
Serrenity,13
Addysun,13
Emeliana,13
Kaylis,13
Raihanna,13
Symirah,13
Alirah,13
Izabelah,13
Everlyse,13
Samiyha,13
Jashiyah,13
Jayiah,13
Syreniti,13
Adylenne,13
Mayrelin,13
Agrima,13
Baiya,13
Dieynaba,13
Kadira,13
Adalayde,13
Isabelah,13
Zykayla,13
Dahnya,13
Jaylamarie,13
Mafata,13
Rehan,13
Cadhla,13
Daviney,13
Hartly,13
Izybella,13
Nayalis,13
Serafima,13
Kunga,13
Laneyah,13
Lanieya,13
Paison,13
Saphina,13
Saryniti,13
Yannel,13
Aulbrey,13
Jiuliana,13
Nurto,13
Syaire,13
Anyeline,13
Evalett,13
Pazley,13
Anahii,13
Maizah,13
Yandi,13
Breiah,13
Kenslea,13
Mabyn,13
Gurman,13
Hiyam,13
Meerah,13
Rauri,13
Levian,13
Narae,13
Yuika,13
Alesiram,13
Macilyn,13
Rosellie,13
Zakylah,13
Zmaya,13
Khyri,13
Marillany,13
Millah,13
Abry,13
Annzlee,13
Merolla,13
Niyelle,13
Syonna,13
Raeliegh,13
Xendaya,13
Arliz,13
Kailand,13
Nadilyn,13
Ahnalise,13
Aunah,13
Elovie,13
Karder,13
Avanicole,13
Delyza,13
Kacei,13
Nagisa,13
Oluwaseyifunmi,13
Annelyn,13
Avae,13
Mofiyinfoluwa,13
Aleinah,13
Hadalyn,13
Alreem,13
Eisleigh,13
Ezoza,13
Zaleena,13
Aketzali,13
Azhari,13
Dilreet,13
Gazal,13
Masah,13
Serel,13
Aada,13
Gracelinn,13
Worthy,13
Dalaysa,13
Naileth,13
Raeleah,13
Alifa,13
Anayalee,13
Israt,13
Makenlei,13
Mihrimah,13
Yeabsira,13
Oliviamae,13
Reyleigh,13
Ritanya,13
Addelaide,13
Julianis,13
Liorah,13
Mazelyn,13
Osiyo,13
Tzofia,13
Mohana,13
Joori,13
Amayarose,13
Amine,13
Imela,13
Kehloni,13
Kulani,13
Niamyah,13
Devanni,13
Divi,13
Hialeah,13
Khilani,13
Mirana,13
Sublime,13
Avaeya,13
Awtumn,13
Eevi,13
Navani,13
Nyri,13
Olliana,13
Tylani,13
Yemaryam,13
Emryss,13
Essi,13
Meliani,13
Seraphima,13
Zavayah,13
Javiyah,13
Pera,13
Alouette,13
Lovanna,13
Nacari,13
Naielle,13
Nalaiya,13
Nalanii,13
Ozlynn,13
Rheign,13
Xahlia,13
Zel,13
Enzo,13
Jakylie,13
Videlle,13
Ahmelia,13
Atlanna,13
Elleanore,13
Kaiva,13
Marleyrose,13
Smyra,13
Ziylah,13
Azal,13
Emerlie,13
Loxleigh,13
Luah,13
Kind,13
Dreamy,13
Tovi,13
Vaela,13
Dassie,12
Achsa,12
Guthrie,12
Clysta,12
Ollive,12
Alberdia,12
Enice,12
Azena,12
Alverne,12
Audy,12
Ovada,12
Arveda,12
Coreta,12
Martelle,12
Annadell,12
Lorayn,12
Adis,12
Euzelia,12
Narma,12
Anzie,12
Cecyle,12
Lovilla,12
Elizebth,12
Filamena,12
Leonne,12
Ernice,12
Mauline,12
Oveline,12
Villie,12
Wahneeta,12
Emerline,12
Irwin,12
Ore,12
Ethyleen,12
Olema,12
Orlie,12
Fujiye,12
Hallene,12
Orval,12
Pressie,12
Evonia,12
Zenoba,12
Esthel,12
Margherite,12
Russel,12
Almaree,12
Madalon,12
Escolastica,12
Burneice,12
Chrystene,12
Nobue,12
Donaldine,12
Assie,12
Perma,12
Elester,12
Malvin,12
Perlena,12
Lyndol,12
Toki,12
Minor,12
Shyrle,12
Utako,12
Jossiephine,12
Luegenia,12
Emo,12
Girlean,12
Gen,12
Hal,12
Luster,12
Solidad,12
Aravella,12
Oneva,12
Ednar,12
Onzell,12
Darthie,12
Emmo,12
Wandalea,12
Marcelaine,12
Murlie,12
Robenia,12
Delors,12
Glorice,12
Irmagene,12
Juell,12
Thenia,12
Wardean,12
Dixiana,12
Lureatha,12
Lajeanne,12
Cloudia,12
Ardala,12
Eloris,12
Kittye,12
Rozzie,12
Merilou,12
Wyonne,12
Jacquolyn,12
Karroll,12
Carolen,12
Royanna,12
Clarette,12
Marselina,12
Junellen,12
Altonette,12
Sharynn,12
Garen,12
Glories,12
Vickilee,12
Marihelen,12
Veloria,12
Cherylan,12
Lovita,12
Evonnie,12
Kaleta,12
Sonseeahray,12
Wendeline,12
Korla,12
Contance,12
Valleria,12
Dawyn,12
Dorienne,12
Patriciaa,12
Conie,12
Jarma,12
Marinella,12
Rosolyn,12
Edwana,12
Korby,12
Tamzen,12
Robette,12
Zanthia,12
Hildie,12
Reeca,12
Crol,12
Dorese,12
Carmelitta,12
Terrlyn,12
Loi,12
Babbi,12
Marshel,12
Perriann,12
Janenne,12
Lynthia,12
Valeire,12
Gino,12
Shyrell,12
Darsie,12
Sandrah,12
Tinalouise,12
Lavoria,12
Venesta,12
Lagail,12
Toika,12
Chrysanne,12
Annmary,12
Camalla,12
Deeneen,12
Deniene,12
Dorn,12
Dagne,12
Dywana,12
Whendy,12
Canita,12
Demetre,12
Djuanna,12
Symanthia,12
Domina,12
Jodina,12
Kicia,12
Vonzetta,12
Corbie,12
Detrina,12
Joesph,12
Tracylee,12
Twiggy,12
Sobrina,12
Derena,12
Wendra,12
Lohoma,12
Franchette,12
Channan,12
Ghana,12
Hiede,12
Tamyko,12
Trcy,12
Jillynn,12
Sharmyn,12
Toosdhi,12
Ailisa,12
Jawan,12
Korry,12
Mercedita,12
Torino,12
Kinita,12
Luzviminda,12
Malanda,12
Vanisa,12
Lationa,12
Omyra,12
Pedra,12
Keecha,12
Adrin,12
Marhonda,12
Menyon,12
Nalo,12
Chandar,12
Najuma,12
Shiwanda,12
Immacolata,12
Janiese,12
Kathina,12
Marquietta,12
Shondala,12
Lawander,12
Myoshia,12
Sossity,12
Tywona,12
Aqila,12
Demeteria,12
Sancha,12
Delmonica,12
Deshan,12
Meleka,12
Nawana,12
Danillie,12
Zuwena,12
Heatherlee,12
Laytonya,12
Sundown,12
Omekia,12
Tomecca,12
Manju,12
Mekeisha,12
Nikeita,12
Shanegua,12
Tekoah,12
Azurdee,12
Sharema,12
Tamkio,12
Amyann,12
Auralee,12
Carilynn,12
Demethra,12
Trishawn,12
Mecha,12
Narkita,12
Sacajawea,12
Deedgra,12
Resheda,12
Taneca,12
Tenneil,12
Timiki,12
Amylyn,12
Chiquta,12
Sapana,12
Sujeiry,12
Charu,12
Katashia,12
Baisha,12
Kinte,12
Fonta,12
Mirandy,12
Sharitha,12
Tandie,12
Tansha,12
Verronica,12
Kendee,12
Khayriyyah,12
Rekiya,12
Shukriyyah,12
Tamba,12
Titus,12
Davenia,12
Knisha,12
Shawntaye,12
Shellise,12
Shinelle,12
Hafeeza,12
Latova,12
Shamita,12
Shetika,12
Lehuanani,12
Likesha,12
Seneka,12
Nodia,12
Quila,12
Ramone,12
Sheonna,12
Yokasta,12
Lanequia,12
Lanica,12
Laquieta,12
Miaisha,12
Shanana,12
Tolisha,12
Glendalys,12
Latreisha,12
Raemi,12
Swiyyah,12
Anrea,12
Chaqueta,12
Niama,12
Tonesia,12
Faheemah,12
Fariba,12
Itasha,12
Krishawn,12
Nathina,12
Jer,12
Kalandria,12
Renardo,12
Shavonya,12
Sheleah,12
Eftihia,12
Kalae,12
Lakosha,12
Shoneen,12
Cherline,12
Jenal,12
Nathanael,12
Cynequa,12
Dristin,12
Monyca,12
Nychole,12
Risten,12
Ti,12
Fanessa,12
Lieu,12
Starshema,12
Marqutia,12
Ayeshah,12
Sharoya,12
Shynika,12
Stefaine,12
Ternesha,12
Janess,12
Luisiana,12
Margita,12
Parvaneh,12
Chelia,12
Glendalis,12
Mervat,12
Shakieta,12
Sharease,12
Danyail,12
Mahnaz,12
Layoya,12
Merete,12
Nirva,12
Pegan,12
Ricketa,12
Shamae,12
Socheata,12
Taneishia,12
Lacarla,12
Shamire,12
Sheenna,12
Thary,12
Shin,12
Sokhom,12
Theary,12
Asleigh,12
Chikara,12
Jennylyn,12
Jillia,12
Lachasity,12
Leeandrea,12
Dawnee,12
Sareth,12
Cristalina,12
Markila,12
Mikiela,12
Sheira,12
Tysheika,12
Aliciamarie,12
Amer,12
Elziabeth,12
Fana,12
Ferron,12
Jerelle,12
Jessena,12
Wanesha,12
Condola,12
Shayeeda,12
Aprillynn,12
Cordney,12
Janieka,12
Juliaanne,12
Lacrissa,12
Laquay,12
Rashidat,12
Ammber,12
Shontoria,12
Amandarae,12
Cesarina,12
Krystallynn,12
Raichelle,12
Alician,12
Belgica,12
Jakeshia,12
Kathlin,12
Khrystin,12
Shandice,12
Terreka,12
Garbrielle,12
Se,12
Brittiani,12
Cesalie,12
Anaelisa,12
Brttany,12
Jelana,12
Katriena,12
Kt,12
Lashandria,12
Nykeemah,12
Areille,12
Dequanna,12
Fenisha,12
Mecedes,12
Sharnea,12
Teaera,12
Ardiana,12
Gislaine,12
Jacinth,12
Meganelizabeth,12
Nateria,12
Steffy,12
Teshima,12
Tyricka,12
Yoo,12
Giang,12
Hassanah,12
Kelvisha,12
Omeshia,12
Shalethia,12
Shantrece,12
Jamequa,12
Jhasmine,12
Quintesha,12
Quynhnhu,12
Shantalle,12
Shaque,12
Shynese,12
Terresha,12
Jacquesha,12
Mahwish,12
Maricka,12
Rakeia,12
Sharniqua,12
Yexenia,12
Beonica,12
Darae,12
Neethu,12
Syndal,12
Andrenique,12
Calsey,12
Chelseay,12
Estafania,12
Jimmesha,12
Montesha,12
Rayneshia,12
Silken,12
Endesha,12
Jazmun,12
Emmalouise,12
Kavona,12
Shamoria,12
Dharti,12
Mirina,12
Quiesha,12
Shanissa,12
Sydnea,12
Shakeyah,12
Chasmin,12
Dimesha,12
Doraly,12
Lajerrica,12
Shanythia,12
Stevonna,12
Aleczandria,12
Chanille,12
Chrishonna,12
Enny,12
Kadejha,12
Keighla,12
Nayiri,12
Nilofar,12
Ivyanne,12
Kaella,12
Quameshia,12
Rukhsar,12
Cadeidra,12
Kadedria,12
Khadeshia,12
Jasimen,12
Raygene,12
Ahsia,12
Caylon,12
Kanysha,12
Treauna,12
Ajea,12
Maegann,12
Osvaldo,12
Shaquara,12
Sheldyn,12
Carlianne,12
Ceandra,12
Mckall,12
Mireida,12
Arkeria,12
Delexus,12
Keishonna,12
Oksanna,12
Tupou,12
Tysheanna,12
Mysia,12
Savasia,12
Caprial,12
Casiana,12
Jaqualla,12
Karagen,12
Katylynn,12
Kenberly,12
Shelbyann,12
Aleksei,12
Asriel,12
Mikkala,12
Shauntasia,12
Ginelie,12
Jaquelline,12
Alesea,12
Ganessa,12
Jaileene,12
Marialaura,12
Marixza,12
Netania,12
Sydeny,12
Briajah,12
Daijsha,12
Dajona,12
Tadasia,12
Danela,12
Danye,12
Dazhanae,12
Dehja,12
Gicell,12
Sunia,12
Ladaesha,12
Savoy,12
Jacori,12
Yoaly,12
Ajanea,12
Celestte,12
Kadriana,12
No,12
Chrishae,12
Destyny,12
Diavione,12
Gysel,12
Keshyra,12
Keyrra,12
Monaya,12
Nseya,12
Svannah,12
Daijana,12
Mykaya,12
Nineth,12
Ravion,12
Zithlaly,12
Arrieanna,12
Asfia,12
Dawnae,12
Deajha,12
Datavia,12
Jaqueria,12
Naydia,12
Tziah,12
Coreyanna,12
Deayra,12
Jmia,12
Maraia,12
Saamia,12
Sorayda,12
Syleste,12
Aionna,12
Leiasia,12
Joharis,12
Alleana,12
Anjolee,12
Dafnne,12
Dinasty,12
Izabele,12
Jayre,12
Jelyn,12
Kealeigh,12
Kelijah,12
Kenija,12
Tyjana,12
Abigai,12
Baliegh,12
Dakara,12
Emilyne,12
Gwynith,12
Jakierra,12
Libna,12
Makayley,12
Trintiy,12
Emeria,12
Guendi,12
Medelin,12
Ajalon,12
Kylian,12
Solmari,12
Ijanay,12
Keyhla,12
Krishi,12
Lashaunti,12
Llenifer,12
Shdiamond,12
Trishell,12
Zakaiyah,12
Eridani,12
Ishanti,12
Kaitryn,12
Tulasi,12
Tyshanti,12
Kiyasha,12
Dashya,12
Daynna,12
Madesen,12
Nakaria,12
Nikhia,12
Semara,12
Semaria,12
Shamyria,12
Takhiya,12
Anastaja,12
Taliayah,12
Tyaunna,12
Jaleria,12
Naudya,12
Omarie,12
Shamariona,12
Janayra,12
Aritzi,12
Kiamani,12
Laissa,12
Omariah,12
Sarakate,12
Serenaty,12
Aaliha,12
Aidin,12
Kaniece,12
Kayleejo,12
Mckailyn,12
Paryss,12
Romiya,12
Yathziry,12
Deaija,12
Deymi,12
Kaigan,12
Keori,12
Madisynne,12
Nakyrah,12
Natellie,12
Joemy,12
Ahniah,12
Chrisalyn,12
Jostyn,12
Aneea,12
Anyelis,12
Kulia,12
Mikayia,12
Sayeeda,12
Saylar,12
Sisley,12
Aashiyana,12
Angelysse,12
Kyralee,12
Mesiyah,12
Sayri,12
Shouana,12
Anasol,12
Alaris,12
Aletza,12
Cariel,12
Dajea,12
Davany,12
Gariella,12
Jermyia,12
Jerniah,12
Jesmin,12
Minya,12
Nyangel,12
Yacquelin,12
Anabeatriz,12
Caleia,12
Caniah,12
Cyarah,12
Gniya,12
Heymi,12
Jasalin,12
Jerlin,12
Jozlynne,12
Jyniah,12
Mariangeliz,12
Reyce,12
Aeryana,12
Alexiyana,12
Arniya,12
Chylah,12
Danicah,12
Hayleah,12
Jelany,12
Jeneya,12
Jersy,12
Lehna,12
Lenci,12
Mahkenna,12
Rashyia,12
Samiaya,12
Leyni,12
Madeliz,12
Mahkya,12
Bielka,12
Cemiyah,12
Danytza,12
Davanie,12
Moraya,12
Naiima,12
Salmo,12
Tavyn,12
Zamarria,12
Znyah,12
Zykierra,12
Carriana,12
Darilynn,12
Dekyla,12
Fatu,12
Jaaziah,12
Jolien,12
Lasiyah,12
Natalise,12
Nickiyah,12
Rhaniyah,12
Zamera,12
Elsah,12
Hyleigh,12
Rayva,12
Rickiah,12
Saura,12
Ylan,12
Zahniah,12
Aidelis,12
Asira,12
Izzabela,12
Kayleemarie,12
Marelli,12
Mykena,12
Zyonah,12
Alayana,12
Angeliese,12
Durriyah,12
Dvyne,12
Feben,12
Lailene,12
Madelyngrace,12
Makyleigh,12
Mayden,12
Nassiah,12
Poem,12
Rheyna,12
Syia,12
Viktorija,12
Yeleni,12
Yhoalibeth,12
Ahziyah,12
Akaiyah,12
Ixchell,12
Jamarya,12
Janieliz,12
Mckeyla,12
Unyque,12
Yonah,12
Zakhya,12
Abbilyn,12
Anariyah,12
Brithanny,12
Ilanah,12
Jasirah,12
Lihi,12
Lilyane,12
Niyanah,12
Saniyaa,12
Temmy,12
Alessondra,12
Auryanna,12
Damariona,12
Desiya,12
Eterniti,12
Jaidelyn,12
Kermina,12
Mckaylynn,12
Naelah,12
Natalei,12
Samyriah,12
Alyrah,12
Kellia,12
Meikah,12
Rubylynn,12
Sahmiyah,12
Teagon,12
Terriya,12
Zyien,12
Kealynn,12
Kerlin,12
Keylli,12
Luxi,12
Marayla,12
Sanchi,12
Bixby,12
Ealyn,12
Jasilynn,12
Lexanie,12
Ruaa,12
Sukie,12
Zarihya,12
Ahmyiah,12
Aleara,12
Annibella,12
Arys,12
Awbrey,12
Brilei,12
Dayanie,12
Graysie,12
Janahla,12
Kamielle,12
Kayzia,12
Rouguiatou,12
Satyana,12
Solarah,12
Tinnley,12
Kennlee,12
Lotti,12
Ruka,12
Saaliha,12
Salara,12
Annabele,12
Brecklin,12
Daryiah,12
Joshitha,12
Lasiah,12
Lyanni,12
Maileigh,12
Orlagh,12
Somayah,12
Xyana,12
Amalyah,12
Annaliya,12
Birklee,12
Brystle,12
Chrisiyah,12
Evelyse,12
Janelisse,12
Ruca,12
Tavery,12
Tayln,12
Jeiza,12
Avonlee,12
Corniyah,12
Diti,12
Jeilynn,12
Aubriela,12
Haajar,12
Kesar,12
Leelou,12
Anjola,12
Bayliegh,12
Bristin,12
Catileya,12
Cymphonique,12
Kavi,12
Leilla,12
Loreina,12
Aenea,12
Alizabella,12
Annelee,12
Azria,12
Boe,12
Envie,12
Fadak,12
Harvin,12
Jenabelle,12
Lovea,12
Aroha,12
Balqis,12
Derriyah,12
Jeylen,12
Kaalyn,12
Kailayah,12
Nasly,12
Siba,12
Umamah,12
Adylina,12
Aeri,12
Aleighana,12
Aubreella,12
Carielle,12
Elsabeth,12
Faylin,12
Irani,12
Jaydeliz,12
Jazilynn,12
Kleopatra,12
Nayna,12
Persephony,12
Quora,12
Ramzie,12
Anyliah,12
Inshirah,12
Lay,12
Leahnna,12
Nalyah,12
Ranezmay,12
Coralline,12
Faiha,12
Kamsi,12
Madrona,12
Melodyrose,12
Toltu,12
Anzlie,12
Giahan,12
Ibtihal,12
Kalonie,12
Lorilai,12
Wimberley,12
Xaylie,12
Xea,12
Yazayra,12
Adey,12
Ayomiposi,12
Braxlee,12
Johileny,12
Mckenzlie,12
Mclaren,12
Rumaysah,12
Alhena,12
Aynur,12
Charlotteann,12
Leonnie,12
Mckenzlee,12
Olamiposi,12
Parkyr,12
Rhowyn,12
Steisy,12
Deegan,12
Esmia,12
Lyleigh,12
Mavyn,12
Wrylee,12
Thatcher,12
Nialynn,12
Arielah,12
Dliyah,12
Edaline,12
Hrisha,12
Kaylauni,12
Keelani,12
Kemet,12
Milleigh,12
Ruger,12
Sitora,12
Aazeen,12
Anllely,12
Ayvee,12
Becklyn,12
Hazlynn,12
Juwayriya,12
Kireina,12
Pakhi,12
Reyanshi,12
Savine,12
Srikruthi,12
Summitt,12
Awesome,12
Cassius,12
Evaley,12
Maddelena,12
Pau,12
Adrielys,12
Hermosa,12
Knovah,12
Navii,12
Octaviah,12
Adori,12
Alahya,12
Damylah,12
Dlani,12
Elessia,12
Evayah,12
Everson,12
Gnesis,12
Zalah,12
Alyani,12
Avajean,12
Azhara,12
Iry,12
Kinnsley,12
Lolade,12
Mckinnleigh,12
Savvi,12
Xael,12
Zyna,12
Elidi,12
Haseya,12
Kathaleia,12
Kyanni,12
Niyelli,12
Rawdah,12
Thyri,12
Zaviyah,12
Abhaya,12
Aihnoa,12
Azahara,12
Cyn,12
Embersyn,12
Ezralynn,12
Houstyn,12
Jhelani,12
Lehani,12
Zonaira,12
Paizlynn,12
Phoibe,12
Praisley,12
Ariat,12
Deauri,12
Emorii,12
Erys,12
Zolani,12
Amahle,12
Amourah,12
Ayonni,12
Blesyn,12
Embrii,12
Giannis,12
Izla,12
Kaizen,12
Legacey,12
Maxlyn,12
Senua,12
Zavaya,12
Marlani,12
Marsali,12
Nahbi,12
Sanova,12
Xari,12
Byrde,11
Mag,11
Bah,11
Bunie,11
Lizetta,11
Lecy,11
Tenie,11
Lolo,11
Lepha,11
Julianita,11
Osee,11
Arrena,11
Endie,11
Dissie,11
Ladie,11
Arville,11
Ramoncita,11
Almeada,11
Thalma,11
Esper,11
Plina,11
Weeda,11
Willanna,11
Maravene,11
Stell,11
Vava,11
Audna,11
Dolorita,11
Ednamay,11
Elosia,11
Lucele,11
Rillia,11
Colon,11
Conjetta,11
Velmon,11
Aldie,11
Chiye,11
Emley,11
Hasseltine,11
Kazimiera,11
Luvine,11
Rafela,11
Rubelle,11
Sadell,11
Treasie,11
Latane,11
Lealia,11
Lennora,11
Margueritt,11
Mourine,11
Ovedia,11
Providenza,11
Arzola,11
Avanel,11
Flores,11
Marylois,11
Milred,11
Rovilla,11
Eoline,11
Ladema,11
Madel,11
Myrtlee,11
Nette,11
Thada,11
Gwelda,11
Michiyo,11
Philomine,11
Teruyo,11
Vincenzia,11
Akie,11
Claudis,11
Comelia,11
Hanayo,11
Haruno,11
Jozefa,11
Loyette,11
Momoyo,11
Muguette,11
Owena,11
Yayeko,11
Adelphia,11
Aulene,11
Elvyn,11
Emerine,11
Fernie,11
Jula,11
Zaddie,11
Berle,11
Golena,11
Illinois,11
Inah,11
Orabell,11
Tex,11
Theatus,11
Theopal,11
Chizue,11
Lozelle,11
Lunnie,11
Oradee,11
Viviette,11
Gladyne,11
Hanner,11
Leonara,11
Loberta,11
Loene,11
Luethel,11
Qunnie,11
Seiko,11
Uda,11
Voneta,11
Julette,11
Misayo,11
Oleavia,11
Rivian,11
Ruthey,11
Wilta,11
Aire,11
Brenice,11
Dealia,11
Ineva,11
Jettye,11
Namie,11
Parthina,11
Garnelle,11
Adoline,11
Luecille,11
Margaritte,11
Nevel,11
Vandelia,11
Amilda,11
Darathy,11
Gerthie,11
Glades,11
Luerene,11
Olvie,11
Roslie,11
Sigrun,11
Almenia,11
Loriece,11
Marjolaine,11
Sadelle,11
Sophrona,11
Vencie,11
Leeila,11
Montra,11
Senetta,11
Triny,11
Arcangela,11
Berneil,11
Erelene,11
Noveta,11
Rava,11
Sherwood,11
Arcella,11
Dessia,11
Joephine,11
Malvery,11
Valaire,11
Alfonsa,11
Alien,11
Bettilou,11
Valgene,11
Wilodene,11
Altee,11
Claytie,11
Leada,11
Louies,11
Margare,11
Milbra,11
Olgia,11
Arnelia,11
Bloneva,11
Kazuyo,11
Lavoyce,11
Margetta,11
Octaviana,11
Yayoi,11
Carrel,11
Loismae,11
Elden,11
Everleen,11
Marchie,11
Neloise,11
Wilfreda,11
Ersell,11
Eusevia,11
Nether,11
Melbalene,11
Murlyn,11
Carmena,11
Dalpha,11
Devola,11
Ianthia,11
Roba,11
Rubey,11
Saeko,11
Montene,11
Ormah,11
Shirlye,11
Hosie,11
Christenia,11
Rodell,11
Valoy,11
Wilber,11
Eduviges,11
Billa,11
Darma,11
Loudean,11
Edieth,11
Roline,11
Madene,11
Myrleen,11
Earthalee,11
Merrian,11
Lovesta,11
Nancilee,11
Earstine,11
Blondean,11
Raymell,11
Louvonia,11
Verree,11
Jerldean,11
Earlina,11
Rosel,11
Lafay,11
Delcy,11
Melvalene,11
Veneita,11
Glenese,11
Illah,11
Marthana,11
Senobia,11
Velmarie,11
Bardara,11
Judtih,11
Berthella,11
Arleeta,11
Janath,11
Ralpha,11
Sharann,11
Carolsue,11
Warna,11
Harolene,11
Rethea,11
Doristeen,11
Shayron,11
Yvonia,11
Barbarba,11
Lauana,11
Lill,11
Rejetta,11
Rudeen,11
Donese,11
Rhondda,11
Ronelda,11
Lorelyn,11
Cheryllee,11
Delphenia,11
Lloydene,11
Sharold,11
Cirila,11
Myung,11
Orysia,11
Wyvonnia,11
Iristine,11
Paulie,11
Loujean,11
Danute,11
Meritta,11
Duretta,11
Evyonne,11
Judalon,11
Ea,11
Ranaye,11
Ceann,11
Delann,11
Glynes,11
Marsh,11
Norann,11
Darvi,11
Debraha,11
Jackqulin,11
Arlethea,11
Deboarh,11
Debrajo,11
Beta,11
Blyth,11
Sheriee,11
Jimette,11
Terece,11
Wyvette,11
Brendetta,11
Dalerie,11
Derba,11
Glorida,11
Wendla,11
Marsheela,11
Candye,11
Cath,11
Ernette,11
Nenia,11
Philene,11
Terrijo,11
Venica,11
Dianie,11
Ruthena,11
Sybille,11
Lorez,11
Patracia,11
Sheryln,11
Dellareese,11
Galinda,11
Ginetta,11
Seaneen,11
Therea,11
Kanella,11
Keleen,11
Lakay,11
Scot,11
Bevery,11
Leca,11
Bethy,11
Cyntheia,11
Jacklon,11
Kimely,11
Maryke,11
Gerrilynn,11
Rosilind,11
Saberina,11
Tanoa,11
Lyndra,11
Tonora,11
Dedi,11
Shirlann,11
Karetha,11
Relonda,11
Teesa,11
Krin,11
Toyka,11
Tamarya,11
Charade,11
Chaun,11
Duwanna,11
Stephne,11
Carye,11
Willisa,11
Nitsa,11
Detrich,11
Johneen,11
Kimbereley,11
Leasie,11
Sunja,11
Tynese,11
Sulyn,11
Varonda,11
Yanire,11
Annmaria,11
Mimma,11
Sharo,11
Amgela,11
Deangelia,11
Lavonnia,11
Tinaka,11
Vangela,11
Jozetta,11
Virma,11
Delethia,11
Killeen,11
Reinalda,11
Reshelle,11
Shelline,11
Artricia,11
Clarica,11
Cristee,11
Dushawn,11
Tondia,11
Alecha,11
Chrstine,11
Lucesita,11
Renina,11
Tangerla,11
Travette,11
Aletra,11
Cassand,11
Derina,11
Deyon,11
Leangela,11
Margurita,11
Tarja,11
Angelicque,11
Aaronette,11
Dianetta,11
Kier,11
Latrenia,11
Magalis,11
Marnia,11
Michellle,11
Mundy,11
Quintonia,11
Stracy,11
Yocasta,11
Dipti,11
Dwyla,11
Fancie,11
Heatherlyn,11
Marideth,11
Saronda,11
Tarrell,11
Darrick,11
Lashella,11
Orlantha,11
Seanette,11
Shalean,11
Tylette,11
Alischa,11
Asimina,11
Chalette,11
Darshan,11
Keisher,11
Pertina,11
Roechelle,11
Sheresse,11
Tifinie,11
Tojuana,11
Tonaya,11
Yulunda,11
Katyna,11
Valency,11
Annessia,11
Caryann,11
Farisa,11
Karrianne,11
Orisha,11
Sharnett,11
Jajuan,11
Keish,11
Kerrey,11
Shannondoah,11
Shoronda,11
Watisha,11
Catinna,11
Chy,11
Cidalia,11
Deleana,11
Kasundra,11
Leketha,11
Nathasa,11
Tammeka,11
Tanyette,11
Taranda,11
Watasha,11
Agila,11
Andela,11
Artrina,11
Juawana,11
Ricia,11
Tonilyn,11
Akeesha,11
Carilla,11
Dartanya,11
Jeanete,11
Kweli,11
Minerba,11
Sundara,11
Tumika,11
Hasani,11
Keshi,11
Kito,11
Latryce,11
Mosi,11
Nickell,11
Shawauna,11
Sheketha,11
Sherille,11
Takesia,11
Telli,11
Vontressa,11
Anitrice,11
Camica,11
Cerelia,11
Cura,11
Demitrius,11
Dionza,11
Lakicha,11
Lessette,11
Lukeshia,11
Moniquie,11
Shaline,11
Wakesha,11
Alondrea,11
Cheketa,11
Jevonna,11
Keneta,11
Lasunda,11
Malenda,11
Shatica,11
Shelice,11
Tinica,11
Tonyell,11
Towonda,11
Tureka,11
Viet,11
Suehay,11
Chakina,11
Chevonda,11
Jamiylah,11
Karana,11
Lakesiha,11
Shamiko,11
Shreen,11
Siti,11
Solomon,11
Tamaica,11
Taquetta,11
Tarik,11
Tenniel,11
Tyshon,11
Vernoica,11
Babita,11
Cheska,11
Falanda,11
Keetra,11
Lacher,11
Lakisia,11
Latiasha,11
Nequita,11
Nimat,11
Quwanda,11
Shawnett,11
Tarlisha,11
Tawasha,11
Lakizzy,11
Alike,11
Jennille,11
Kateshia,11
Keywana,11
Laneika,11
Lashada,11
Lavonta,11
Ninotchka,11
Nirmala,11
Raushana,11
Selinna,11
Shallin,11
Shantrese,11
Steffenie,11
Trishonda,11
Wysteria,11
Cammille,11
Eveliz,11
Jacylyn,11
Kamekia,11
Majida,11
Mashika,11
Shoney,11
Suja,11
Sumitra,11
Tikila,11
Tranee,11
Turia,11
Eronda,11
Ageliki,11
Annielaurie,11
Arkeshia,11
Deseret,11
Faaizah,11
Khaleedah,11
Kimona,11
Lachrisa,11
Latoyo,11
Lavar,11
Lucricia,11
Shiobhan,11
Taminka,11
Fasha,11
Karhonda,11
Mashawna,11
Mendee,11
Mikkia,11
Nakysha,11
Niketta,11
Tenicka,11
Vineeta,11
Tante,11
Baheejah,11
Brannan,11
Chasaty,11
Dayon,11
Demeca,11
Hather,11
Lizaida,11
Markina,11
Melian,11
Natrina,11
Selecia,11
Shaheeda,11
Sharmine,11
Tesheka,11
Yanita,11
Yuisa,11
Aricca,11
Attiyya,11
Chevone,11
Chung,11
Jeanique,11
Lekeia,11
Lija,11
Quwana,11
Reanetta,11
Takeita,11
Tan,11
Tifiny,11
Renorda,11
Shanndolyn,11
Sumika,11
Chevis,11
Decola,11
Doneka,11
Jasminda,11
Musheerah,11
Solitaire,11
Toshima,11
Chimira,11
Chinere,11
Crystil,11
Ileia,11
Jandee,11
Moneik,11
Raynika,11
Rokeya,11
Shamala,11
Bobbisue,11
Cie,11
Danet,11
Javone,11
Kristne,11
Ladia,11
Nishia,11
Pleasure,11
Porcher,11
Shua,11
Syndy,11
Corrida,11
Detoya,11
Jodanna,11
Lastasha,11
Latoye,11
Matesha,11
Shatesha,11
Shatondra,11
Sheereen,11
Takiea,11
Vang,11
Ebelina,11
Areeg,11
Candrice,11
Mahriah,11
Menika,11
Naquanda,11
Suze,11
Takena,11
Tiquita,11
Cristobal,11
Kanan,11
Maber,11
Moire,11
Nay,11
Nerlande,11
Cassanora,11
Chiketa,11
Colt,11
Karalea,11
Queana,11
Sarahlee,11
Sheen,11
Starisha,11
Tikira,11
Bridjette,11
Chineka,11
Cne,11
Elixabeth,11
Jovanie,11
Pristina,11
Ronicka,11
Rosheka,11
Chrsitine,11
Kanethia,11
Katybeth,11
Kevi,11
Linsee,11
Maysha,11
Miketa,11
Norrisa,11
Shiquana,11
Shirena,11
Ashiley,11
Ceilia,11
Chrystan,11
Domanic,11
Edrica,11
Eliesha,11
Goldi,11
Keshandra,11
Lakoya,11
Lynnisha,11
Naheed,11
Olubukola,11
Sophany,11
Taishia,11
Catya,11
Corvetta,11
Marichelle,11
Nachole,11
Njideka,11
Tempess,11
Anniemarie,11
Candrea,11
Dakesha,11
Jssica,11
Lapria,11
Shaneaka,11
Shavina,11
Shenisha,11
Marlesa,11
Randyl,11
Tereva,11
Candic,11
Chardell,11
Maesha,11
Pascal,11
Seteria,11
Sophorn,11
Bradly,11
Breianne,11
Britnye,11
Chantrel,11
Charney,11
Desean,11
Fauzia,11
Gaberielle,11
Laurenn,11
Markiea,11
Resheena,11
Sacia,11
Shaquena,11
Shqipe,11
Teeanna,11
Teeara,11
Yenta,11
Dorisha,11
Ebonii,11
Jeccica,11
Kathlina,11
Killashandra,11
Natashua,11
Natay,11
Phyllisha,11
Sarne,11
Alexadra,11
Brioni,11
Casidhe,11
Dequesha,11
Larasha,11
Malysa,11
Mariaangelica,11
Melissaanne,11
Newborn,11
Phylica,11
Saudi,11
Shetia,11
Vashonda,11
Solida,11
Camra,11
Kaiti,11
Kirsy,11
Reeba,11
Shacarla,11
Tifanni,11
Anngelica,11
Brittainey,11
Fidelina,11
Jacquitta,11
Jennaleigh,11
Lajoi,11
Shiniece,11
Tequoia,11
Adreina,11
Ashleh,11
Britan,11
Brittanylee,11
Celleste,11
Cesilee,11
Chantle,11
Dasheena,11
Lynnsay,11
Nelisa,11
Nikohl,11
Shanquella,11
Shaunece,11
Williesha,11
Antwoinette,11
Chanity,11
Charea,11
Darelle,11
Falencia,11
Iriz,11
Jovany,11
Katielee,11
Latrevia,11
Letycia,11
Marcisha,11
Mickael,11
Paj,11
Samoan,11
Tieanna,11
Ismar,11
Latiffa,11
Brittana,11
Brytany,11
Janeesha,11
Kerstine,11
Keyonnia,11
Luzero,11
Marcedez,11
Niloofar,11
Shalani,11
Shamilla,11
Shatice,11
Shealeen,11
Alely,11
Arit,11
Chelbe,11
Jalyssia,11
Jazamine,11
Jovannie,11
Kahyla,11
Krisstina,11
Latijera,11
Lisbett,11
Mikecia,11
Minesha,11
Quatia,11
Shadrika,11
Shanque,11
Shoshone,11
Teoshia,11
Shyniqua,11
Starleana,11
Taqiyya,11
Cynamon,11
Dami,11
Klorissa,11
Lynnesha,11
Mareisha,11
Rukayat,11
Shanaira,11
Taime,11
Andrenika,11
Angelleah,11
Brindi,11
Carleshia,11
Charvae,11
Crea,11
Devry,11
Erlin,11
Jaterra,11
Lapresha,11
Lavonte,11
Nansy,11
Quantesha,11
Ravensimone,11
Rodneka,11
Shacoyia,11
Tonnesha,11
Cashala,11
Bryttnie,11
Caprise,11
Edricka,11
Jakendra,11
Karelia,11
Keerra,11
Maraih,11
Marlenee,11
Natiana,11
Phillisha,11
Quanasha,11
Teiah,11
Cirena,11
Efua,11
Jarina,11
Jordania,11
Khyati,11
Klarrisa,11
Raevon,11
Shynece,11
Tiffanique,11
Fonisha,11
Andranique,11
Beca,11
Darresha,11
Esmerald,11
Jakeena,11
Jakora,11
Jaqualyn,11
Jeovana,11
Login,11
Mahtab,11
Oshia,11
Shaakirah,11
Suvanna,11
Tajmah,11
Telor,11
Tore,11
Ciaria,11
Esmaralda,11
Farihah,11
Frumie,11
Khadejia,11
Kyersten,11
Machela,11
Rajdeep,11
Shaqura,11
Shontice,11
Stevona,11
Ambresha,11
Aubin,11
Cherakee,11
Gavi,11
Issel,11
Johnecia,11
Kailla,11
Kevinisha,11
Rayshelle,11
Rynisha,11
Samuelle,11
Syed,11
Tilynn,11
Tyrin,11
Tyrra,11
Andrelle,11
Anjli,11
Courtneyann,11
Daneeka,11
Daryian,11
Deshonta,11
Hitzel,11
Jonicia,11
Kapresha,11
Marriam,11
Payne,11
Shadan,11
Lanikki,11
Aleighsha,11
Jozelle,11
Kirstynn,11
Maray,11
Norelis,11
Tearney,11
Temira,11
Toren,11
Tychina,11
Vontese,11
Amonnie,11
Andranae,11
Breeyana,11
Cassiday,11
Chumani,11
Daynesha,11
Dayzah,11
Demaree,11
Fiama,11
Jhori,11
Kodey,11
Mahoghany,11
Mirannda,11
Paradice,11
Prutha,11
Rhiannen,11
Rosaliz,11
Shaderrica,11
Shaquashia,11
Shatiana,11
Shinaya,11
Talasha,11
Tashaye,11
Mariby,11
Yulemni,11
Dejsha,11
Duncan,11
Hilla,11
Isiah,11
Kenara,11
Marlenn,11
Nadasia,11
Sabrinamarie,11
Sindhura,11
Taley,11
Victorria,11
Jahnel,11
Jair,11
Jakoria,11
Jaterrica,11
Malique,11
Queanna,11
Taylorjo,11
Tristain,11
Tykerra,11
Alijha,11
Angelamae,11
Aquaria,11
Axia,11
Casadi,11
Cendra,11
Genessee,11
Joria,11
Katasia,11
Maitlin,11
Dezja,11
Emel,11
Imany,11
Kaiyanna,11
Mierra,11
Morghann,11
Naterria,11
Osheana,11
Zenzele,11
Djimon,11
Alecsa,11
Allyssah,11
Embrya,11
Keonni,11
Kytana,11
Lyta,11
Majda,11
Mclean,11
Naadirah,11
Raynique,11
Rayon,11
Yerika,11
Caile,11
Chandley,11
Coryne,11
Ikera,11
Kadrian,11
Karrena,11
Khyana,11
Kirya,11
Maclay,11
Makaylea,11
Marquala,11
Marshaya,11
Mashaya,11
Oreanna,11
Jicel,11
Mckinnah,11
Angelann,11
Aurian,11
Chamberlain,11
Corban,11
Diellza,11
Enfinity,11
Genesse,11
Hanady,11
Harmeet,11
Keyora,11
Kymbria,11
Mckensy,11
Micalyn,11
Najada,11
Tynaja,11
Abla,11
Alikah,11
Alyssanicole,11
Demetriona,11
Frederique,11
Janaee,11
Javion,11
Jimiya,11
Katerinne,11
Khendra,11
Lyrie,11
Miajah,11
Mykera,11
Nydirah,11
Sahvana,11
Sarahkate,11
Tatiyanah,11
Torrian,11
Tristiana,11
Tyshayla,11
Valeriana,11
Wayneshia,11
Belmaris,11
Hopemarie,11
Autmn,11
Baelie,11
Bryianna,11
Camerynn,11
Chrystiana,11
Eleesia,11
Elnaz,11
Ikira,11
Jarie,11
Jatorria,11
Jelah,11
Kaitleen,11
Kyya,11
Lanashia,11
Mcallister,11
Natalieann,11
Nittaya,11
Odett,11
Sharidan,11
Tays,11
Tykiria,11
Aujane,11
Clairemarie,11
Davione,11
Denaeja,11
Edisa,11
Jashanna,11
Jisoo,11
Kawtar,11
Machiah,11
Mariarosa,11
Myjah,11
Nelcy,11
Ninasimone,11
Parinita,11
Takaia,11
Talie,11
Tyteona,11
Zorya,11
Zykiera,11
Najeli,11
Akura,11
Aleyse,11
Anaejah,11
Areonia,11
Chayanna,11
Damla,11
Dazlyn,11
Isaira,11
Jaea,11
Jarlin,11
Jennaka,11
Joahna,11
Kaitelynn,11
Kyhia,11
Mekhya,11
Nowshin,11
Ophelie,11
Shaniaya,11
Tenajah,11
Tyenna,11
Chidima,11
Chrishayla,11
Cittlali,11
Corriana,11
Delci,11
Dezaraye,11
Heavenlei,11
Jaquoia,11
Jastyn,11
Kahia,11
Kiden,11
Shaimaa,11
Shrishti,11
Talla,11
Tasani,11
Teajah,11
Trinite,11
Umayma,11
Zhanya,11
Ashauntee,11
Carisia,11
Mallerly,11
Aliyan,11
Angeliq,11
Annabela,11
Ashlly,11
Auryana,11
Bianeth,11
Dechen,11
Gaosheng,11
Heiry,11
Jazive,11
Johnnessa,11
Keriona,11
Kinadee,11
Lazarria,11
Maraja,11
Monsserat,11
Mykenzee,11
Oluwapelumi,11
Serinah,11
Sonye,11
Talbot,11
Tiembra,11
Tkaia,11
Wendolee,11
Anastaisha,11
Arisleidy,11
Braydin,11
Dalee,11
Dekoda,11
Denyia,11
Franccesca,11
Jarlyn,11
Jiaya,11
Jossy,11
Julitsa,11
Katiyah,11
Lanaria,11
Machia,11
Marlenis,11
Michyla,11
Naisa,11
Niyona,11
Ronnasia,11
Takyiah,11
Yna,11
Ashariah,11
Nayseth,11
Tranyce,11
Amayha,11
Anyshia,11
Arryonna,11
Aydyn,11
Caralyne,11
Cenya,11
Lamarea,11
Lissbeth,11
Lyanah,11
Makaili,11
Mckalynn,11
Mikasia,11
Rayce,11
Rialey,11
Ryssa,11
Tymirah,11
Tyniyah,11
Arreonna,11
Autume,11
Aynia,11
Danyra,11
Hailye,11
Helaena,11
Madelayne,11
Maeleah,11
Mailia,11
Sayer,11
Shawnti,11
Shelyn,11
Shionna,11
Sulekha,11
Tkya,11
Zulimar,11
Salette,11
Anahie,11
Cadense,11
Chinonye,11
Eymy,11
Galatea,11
Hinano,11
Leilannie,11
Mickenzy,11
Neeraja,11
Neshama,11
Raenna,11
Shawnnessy,11
Verniya,11
Addey,11
Aerowyn,11
Ajianna,11
Anshita,11
Areiona,11
Aviyonna,11
Bethzabel,11
Bhavi,11
Getzemany,11
Iffat,11
Iyssis,11
Jakel,11
Jalay,11
Jessmarie,11
Kahmia,11
Lilliaunna,11
Maliza,11
Mekhiah,11
Milasia,11
Ny,11
Saania,11
Shamariya,11
Silja,11
Tithi,11
Yency,11
Krisily,11
Ciasia,11
Gennesy,11
Jadelynne,11
Jaylann,11
Jeraldi,11
Jmyah,11
Kahlin,11
Kaidin,11
Karmya,11
Kiearah,11
Leeaira,11
Mackanzie,11
Nazarah,11
Nijayah,11
Niriah,11
Niyae,11
Sunidhi,11
Taycie,11
Tikayla,11
Yahara,11
Zaneya,11
Adyanna,11
Alaunna,11
Angeliza,11
Aniyja,11
Atzhiry,11
Blane,11
Celebrity,11
Dalayni,11
Fayte,11
Karlia,11
Madhura,11
Rayiona,11
Serenety,11
Sohani,11
Tahmya,11
Tanihya,11
Teyani,11
Yanesa,11
Ghislane,11
Jakeelah,11
Jarexy,11
Adalid,11
Aglaia,11
Artiana,11
Ayled,11
Azairah,11
Breez,11
Celis,11
Delayney,11
Enasia,11
Feryal,11
Idahlia,11
Jasmely,11
Keyilah,11
Kyoka,11
Mairene,11
Makamae,11
Nattalee,11
Omotola,11
Sameeksha,11
Sibora,11
Yaritzia,11
Yurely,11
Amythyst,11
Anneliesa,11
Breniah,11
Chloemae,11
Dahabo,11
Dalaynee,11
Demauria,11
Ebanie,11
Georgiaann,11
Heisy,11
Jahnyia,11
Jayahna,11
Jissele,11
Kahleia,11
Kamaurie,11
Karionna,11
Laneigh,11
Liliona,11
Lincey,11
Mariaeduard,11
Meina,11
Racie,11
Rhiauna,11
Syuri,11
Tatiannah,11
Tesslynn,11
Tremaya,11
Yathziri,11
Saaphyri,11
Carleigha,11
Chelssy,11
Damayia,11
Iannah,11
Irieana,11
Jakyriah,11
Jasyia,11
Jeylene,11
Joaneliz,11
Kayenne,11
Kharla,11
Kiniya,11
Kiomy,11
Laeloni,11
Laniyha,11
Makayda,11
Marieanna,11
Riniya,11
Rochely,11
Salise,11
Somaria,11
Tatiyona,11
Tehilah,11
Ziniya,11
Allyria,11
Amareah,11
Blissany,11
Darihanna,11
Dishita,11
Djamila,11
Elyvia,11
Jakhyla,11
Jamauri,11
Jealyn,11
Jenaliz,11
Kayella,11
Kemilly,11
Kimoree,11
Klariza,11
Meea,11
Riece,11
Tanari,11
Yanari,11
Zarhiya,11
Janayshia,11
Keyniah,11
Sinceer,11
Aibhilin,11
Amarelys,11
Iroha,11
Jayela,11
Jeselyn,11
Jeziyah,11
Jozephine,11
Kaydenze,11
Koley,11
Kymorra,11
Nandhana,11
Niia,11
Sidona,11
Srikari,11
Tairy,11
Yanichel,11
Zadi,11
Zamirra,11
Camariyah,11
Darriyah,11
Eriny,11
Fiori,11
Hasita,11
Iralyn,11
Isavela,11
Ismah,11
Itzury,11
Jaleyiah,11
Kariyana,11
Karoleena,11
Kyliemarie,11
Marlianna,11
Miriel,11
Roxxi,11
Ryasia,11
Strella,11
Vierra,11
Chasteline,11
Aadison,11
Adaneli,11
Allyanah,11
Ataliah,11
Azoriah,11
Elayshia,11
Greydy,11
Hasika,11
Janayiah,11
Johniah,11
Keygan,11
Kmyah,11
Kylaa,11
Liannie,11
Niaylah,11
Parvathy,11
Pela,11
Saamya,11
Serani,11
Stratton,11
Symari,11
Talis,11
Violeth,11
Vriti,11
Amazen,11
Audrynna,11
Evaine,11
Evangely,11
Izzabellah,11
Josmarie,11
Kameil,11
Lyia,11
Maliaya,11
Maylinn,11
Mille,11
Millia,11
Reyse,11
Shubhi,11
Soleya,11
Vishva,11
Zeal,11
Name,11
Aiyani,11
Amyliah,11
Bellasophia,11
Breelee,11
Jasya,11
Jayliany,11
Kamyrie,11
Lillyaunna,11
Mckynli,11
Nayome,11
Rajana,11
Ruslana,11
Sachika,11
Sharleez,11
Xyliah,11
Zairy,11
Abigailmarie,11
Ameleah,11
Anyria,11
Aveda,11
Ayishah,11
Azaryia,11
Dhanna,11
Jessiyah,11
Leeland,11
Maylet,11
Narin,11
Oluwatomilola,11
Saaniyah,11
Tomoka,11
Yarieli,11
Ilitia,11
Ardynn,11
Bissan,11
Kokoro,11
Lanaeya,11
Laylannie,11
Leayla,11
Lolani,11
Mahleah,11
Mazari,11
Rhylinn,11
Rimi,11
Seveah,11
Thayli,11
Adylinn,11
Anessah,11
Annaise,11
Brevyn,11
Derriah,11
Ekamjot,11
Elynna,11
Emmelyne,11
Hannabelle,11
Heron,11
Ikraan,11
Jakzenny,11
Jazzmarie,11
Jenyla,11
Kaianne,11
Keiliany,11
Lamariyah,11
Mijoi,11
Rawa,11
Rell,11
Shahrazad,11
Sirayah,11
Starlah,11
Valentinna,11
Adellynn,11
Avaani,11
Azleigh,11
Bashy,11
Beautyful,11
Brynlin,11
Esmerie,11
Hunnie,11
Jeylianis,11
Kaimarie,11
Macynn,11
Mckinlea,11
Millyana,11
Prezleigh,11
Sadika,11
Safeerah,11
Sahriyah,11
Sohpia,11
Syrinity,11
Vanille,11
Yufei,11
Zalyn,11
Adelinah,11
Ariamarie,11
Cahlia,11
Cemre,11
Detzani,11
Edlynn,11
Eniylah,11
Jabrielle,11
Jadeah,11
Jovienne,11
Kaison,11
Kameyah,11
Kaniylah,11
Kinnidy,11
Lah,11
Lamyla,11
Mariyan,11
Raynne,11
Reiny,11
Sophiaisabelle,11
Sorella,11
Tlalli,11
Win,11
Zayia,11
Mayalen,11
Aalimah,11
Aaniylah,11
Aarolyn,11
Agnessa,11
Aibileen,11
Anavaeh,11
Aubreerose,11
Avareigh,11
Beighley,11
Carabelle,11
Emalynne,11
Haileyrose,11
Kaithleen,11
Kamilyah,11
Kataleiya,11
Keimiyah,11
Mariyani,11
Nicasia,11
Raheemah,11
Reetal,11
Ryel,11
Snowy,11
Airabelle,11
Angelith,11
Durva,11
Dyuti,11
Eizabella,11
Emyrie,11
Feride,11
Ilihia,11
Jleah,11
Kailiah,11
Kimura,11
Manogna,11
Mckenziee,11
Nyahlee,11
Peighten,11
Rainne,11
Sarahbella,11
Siqi,11
Truli,11
Zuheyla,11
Xairexis,11
Akenzie,11
Annapaula,11
Arbrielle,11
Audriel,11
Barkot,11
Chizitelu,11
Fadila,11
Haddley,11
Ivymarie,11
Jailiyah,11
Kaiann,11
Kinsington,11
Laylagrace,11
Lingyi,11
Mahjabeen,11
Marliah,11
Mumtas,11
Niyahlee,11
Venellope,11
Wyndsor,11
Aayusha,11
Amzee,11
Anashe,11
Asil,11
Eirian,11
Elison,11
Harpyr,11
Hridya,11
Izzybella,11
Kendree,11
Lorde,11
Masal,11
Millan,11
Morah,11
Nahari,11
Penelopea,11
Petunia,11
Poe,11
Renezme,11
Savya,11
Sheikha,11
Theophilia,11
Varshika,11
Yunxi,11
Zeily,11
Kylierae,11
Aafia,11
Adalyse,11
Anarae,11
Annapurna,11
Ariaa,11
Aviree,11
Avynlee,11
Briyith,11
Eriss,11
Khalynn,11
Maclin,11
Moxley,11
Nerriah,11
Paizlyn,11
Yuliani,11
Zymiah,11
Aaliyanna,11
Amiyiah,11
Asfiya,11
Azaleyah,11
Collynn,11
Heysel,11
Krisslyn,11
Kymiyah,11
Leianah,11
Naomigrace,11
Ramlah,11
Yaleni,11
Zalaiya,11
Adau,11
Ariaha,11
Catalayah,11
Emmaleen,11
Emmori,11
Evagrace,11
Greycen,11
Harliv,11
Hirva,11
Kamiyla,11
Noorulain,11
Ralayah,11
Rileymae,11
Rilo,11
Rosalyna,11
Syiah,11
Yasmely,11
Zoanna,11
Aamora,11
Akali,11
Amaranth,11
Aneeksha,11
Brinlei,11
Caliber,11
Chiamanda,11
Coriyah,11
Dallace,11
Habsa,11
Hazelmae,11
Jazuri,11
Lulwa,11
Mariasofia,11
Miriella,11
Oaklynd,11
Redding,11
Tessley,11
Umrah,11
Asaya,11
Beauti,11
Chleo,11
Fala,11
Greyleigh,11
Hayeslee,11
Kerenza,11
Luminara,11
Mayalee,11
Mercee,11
Raimy,11
Rovan,11
Royality,11
Safwana,11
Siman,11
Valaya,11
Xahria,11
Yelani,11
Adelynna,11
Ahloni,11
Amogha,11
Areina,11
Dilani,11
Elodi,11
Emberlei,11
Emberrose,11
Emmajoy,11
Hayaat,11
Hayzen,11
Kharri,11
Klementine,11
Lavin,11
Leliani,11
Nylarose,11
Razaan,11
Rumaan,11
Rwby,11
Saanvireddy,11
Stetson,11
Vylett,11
Zarish,11
Acari,11
Ahrie,11
Anfa,11
Avaeyah,11
Avighna,11
Charlieanne,11
Chimbusomma,11
Esmira,11
Evelyngrace,11
Hayzleigh,11
Ikora,11
Kaelahni,11
Kennsley,11
Menorah,11
Novae,11
Presha,11
Pyrrha,11
Rynley,11
Saaral,11
Solani,11
Abiya,11
Aurya,11
Ayarie,11
Eileithyia,11
Elinna,11
Feyre,11
Krew,11
Lennen,11
Madiana,11
Melaher,11
Milagrace,11
Mj,11
Semma,11
Xamora,11
York,11
Zhoemy,11
Azahra,11
Noorseen,11
Ramoni,11
Alealani,11
Casper,11
Clove,11
Dalyza,11
Dira,11
Elonnie,11
Jalahni,11
Meisa,11
Meva,11
Nyori,11
Palwasha,11
Waylan,11
Ahyoka,11
Aleali,11
Azariella,11
Deily,11
Eisla,11
Eislyn,11
Elanii,11
Keevah,11
Khalanie,11
Krue,11
Livienne,11
Nelinha,11
Oceann,11
Revi,11
Stetsyn,11
Truee,11
Xora,11
Yaliah,11
Zuhri,11
Danileigh,11
Kouvr,11
Zailani,11
Zepplyn,11
Zohemy,11
Franc,10
Spicy,10
Daisye,10
Minne,10
Atta,10
Stena,10
Sopha,10
Berte,10
Austie,10
Hettye,10
Lunie,10
Pet,10
Zimmie,10
Rosilda,10
Safronia,10
Leavie,10
Artee,10
Telesfora,10
Delie,10
Izena,10
Mimia,10
Lueller,10
Clister,10
Yolan,10
Arnettie,10
Clorie,10
Melster,10
Ozite,10
Azalene,10
Erbie,10
Lapriel,10
Lector,10
Malda,10
Reubena,10
Arguster,10
Thordis,10
Arbelle,10
Domicella,10
Eliner,10
Erah,10
Evylen,10
Hasty,10
Josehine,10
Laurentina,10
Viora,10
Zenona,10
Agnus,10
Annieruth,10
Flona,10
Hazeltine,10
Jocile,10
Leokadya,10
Lurla,10
Marcelena,10
Pernia,10
Peryl,10
Tabea,10
Vanella,10
Andreita,10
Corma,10
Ell,10
Eltra,10
Floice,10
Floral,10
Leller,10
Luegene,10
Margarat,10
Onah,10
Tamaye,10
Thusnelda,10
Vadah,10
Vernada,10
Walton,10
Arnelda,10
Artimese,10
Asae,10
Cleao,10
Clematine,10
Cornia,10
Delore,10
Deotha,10
Dolena,10
Eudean,10
Gennevieve,10
Georgietta,10
Girolama,10
Haskell,10
Helvie,10
Leura,10
Luecinda,10
Maragaret,10
Marylue,10
Merrel,10
Merwyn,10
Ogle,10
Ometa,10
Patrocinia,10
Picola,10
Rosemma,10
Selmer,10
Theophila,10
Albertie,10
Amo,10
Ansel,10
Arlien,10
Armistice,10
Augustus,10
Berthia,10
Drusella,10
Fanniemae,10
French,10
Inona,10
Itaska,10
Lovern,10
Magel,10
Margreet,10
Mattielee,10
Mirtle,10
Plumie,10
Vurla,10
Bearnice,10
Chas,10
Chlorine,10
Ellawese,10
Ethele,10
Florince,10
Gerladine,10
Heneretta,10
Leonilla,10
Lucreta,10
Myrdis,10
Netter,10
Salomea,10
Susia,10
Umeno,10
Uretta,10
Vernet,10
Beauford,10
Bonnelle,10
Collis,10
Domie,10
Elestine,10
Georgeina,10
Lafon,10
Lagatha,10
Madgline,10
Myrtise,10
Nelvina,10
Oakie,10
Oweta,10
Rhodella,10
Volina,10
Alvertia,10
Catheren,10
Catherne,10
Clarena,10
Edithmae,10
Eleise,10
Ernistine,10
Francell,10
Fredina,10
Georgiamae,10
Glyndon,10
Guynelle,10
Iceola,10
Ikuko,10
Ivena,10
Jissie,10
Joenell,10
Lelamae,10
Marthia,10
Marthie,10
Merley,10
Ozellar,10
Sybal,10
Teny,10
Theolia,10
Arloween,10
Armena,10
Berlena,10
Corinth,10
Ermajean,10
Eunia,10
Eutimia,10
Every,10
Hoyt,10
Juretta,10
Leveria,10
Louell,10
Marjorine,10
Marthy,10
Mayoma,10
Nevis,10
Opalee,10
Verneeda,10
Virley,10
Burtha,10
Ertis,10
Lylis,10
Madena,10
Marjoree,10
Moina,10
Remilda,10
Sedelia,10
Thala,10
Vaughna,10
Klyda,10
Almae,10
Donaciana,10
Efigenia,10
Louree,10
Ludine,10
Luvera,10
Melzina,10
Pernetta,10
Romalda,10
Selwyn,10
Seymour,10
Uldean,10
Bernella,10
Biddy,10
Cathaline,10
Evylin,10
Helenmae,10
Icelean,10
Joicy,10
Lavesta,10
Lenona,10
Lerlean,10
Lorinne,10
Margrate,10
Miram,10
Nelita,10
Noema,10
Olly,10
Rudelle,10
Versey,10
Zulene,10
Celedonia,10
Earmie,10
Elmore,10
Fausta,10
Girty,10
Kathelean,10
Lovonia,10
Naioma,10
Uleta,10
Videll,10
Vinell,10
Ygnacia,10
Donaleen,10
Estelee,10
Filomina,10
Gaythel,10
Greathel,10
Hardy,10
Lorise,10
Ramola,10
Vernelda,10
Eretta,10
Lydell,10
Malindia,10
Raydell,10
Eljean,10
Melvyn,10
Syma,10
Lanta,10
Larane,10
Lavernia,10
Margett,10
Marlus,10
Natoma,10
Nelvin,10
Rinette,10
Zelmodene,10
Marcalene,10
Marceleen,10
Mareda,10
Soveida,10
Wera,10
Willodine,10
Almarine,10
Janetlee,10
Marthell,10
Wannell,10
Carmeletta,10
Lulubell,10
Vallee,10
Clareatha,10
Ethelrine,10
Georg,10
Wyonda,10
Lavay,10
Wanema,10
Woody,10
Bethenia,10
Selba,10
Wylean,10
Bonieta,10
Carrolle,10
Ethelrene,10
Leathea,10
Vernola,10
Ethelann,10
Noralie,10
Vereen,10
Darle,10
Marjane,10
Netia,10
Sidna,10
Wini,10
Jerol,10
Wadine,10
Bobbee,10
Byra,10
Jeaniece,10
Jura,10
Rayda,10
Rolaine,10
Sametta,10
Shairon,10
Bene,10
Margreta,10
Winetta,10
Diedri,10
Jonalee,10
Robinetta,10
Rosaire,10
Cherryll,10
Clydetta,10
Dollena,10
Jeral,10
Juelene,10
Wilnette,10
Allayne,10
Avemaria,10
Bernistine,10
Clydeen,10
Glyndia,10
Gwenell,10
Rubystine,10
Weida,10
Charilyn,10
Darrellyn,10
Earlynn,10
Kitsy,10
Padgett,10
Rejeania,10
Sharey,10
Shearl,10
Corraine,10
Duann,10
Jannan,10
Jerdean,10
Patrician,10
Quincella,10
Bobbetta,10
Darliss,10
Davee,10
Geradine,10
Lawayne,10
Riesa,10
Zorita,10
Dianalynn,10
Kathyrne,10
Muzette,10
Ppatricia,10
Rosane,10
Rwanda,10
Tinka,10
Cathirine,10
Evaughn,10
Fayla,10
Ferry,10
Jamesena,10
Bonnitta,10
Chata,10
Daye,10
Frenda,10
Kathleeen,10
Lyndelle,10
Cal,10
Charme,10
Gerlyn,10
Laurale,10
Lutrica,10
Senda,10
Vickilyn,10
Bettiann,10
Cerese,10
Coraleen,10
Derby,10
Josann,10
Jovette,10
Kimilee,10
Melindy,10
Melonye,10
Romella,10
Roxeanne,10
Tinker,10
Vergina,10
Wan,10
Charlottee,10
Cherrilyn,10
Deboroh,10
Fayann,10
Jocasta,10
Larain,10
Loralea,10
Trevis,10
Galynn,10
Ingrida,10
Joannette,10
Joycene,10
Ladale,10
Ladonn,10
Linnett,10
Mariclare,10
Ravena,10
Stanette,10
Susaa,10
Deanise,10
Debrorah,10
Delite,10
Deobrah,10
Godiva,10
Joyette,10
Laurae,10
Laurilyn,10
Madona,10
Normaa,10
Panthea,10
Sand,10
Shirrel,10
Yollanda,10
Dietta,10
Enita,10
Kimette,10
Lorilie,10
Norri,10
Qwendolyn,10
Revena,10
Sandera,10
Sherli,10
Annelouise,10
Beate,10
Danta,10
Denel,10
Joanita,10
Kimlyn,10
Ladenna,10
Leresa,10
Lorrae,10
Maryeileen,10
Runda,10
Sindie,10
Veeta,10
Andrenette,10
Bente,10
Carlus,10
Gerette,10
Joquetta,10
Laur,10
Leise,10
Lugina,10
Valiere,10
Vernesa,10
Yonda,10
Angenita,10
Deora,10
Dorren,10
Jeffry,10
Lisajo,10
Schelle,10
Tammeria,10
Tonua,10
Angelar,10
Cheli,10
Chonna,10
Diena,10
Gitta,10
Lacynthia,10
Loir,10
Michone,10
Mlisa,10
Shenda,10
Tawnja,10
Velvetta,10
Cenith,10
Thedy,10
Arinda,10
Arlesa,10
Dinnia,10
Lovanda,10
Lynnise,10
Nurit,10
Patrea,10
Secunda,10
Terene,10
Damona,10
Delaura,10
Evalinda,10
Kimbler,10
Lorilea,10
Threse,10
Zanette,10
Coleena,10
Lachel,10
Ladonnia,10
Marcello,10
Tamathia,10
Traycee,10
Tini,10
Antrina,10
Cardine,10
Charlote,10
Cynita,10
Dawndra,10
Gwana,10
Lovi,10
Roiann,10
Wytina,10
Zaundra,10
Jeninne,10
Jerena,10
Joo,10
Lasheila,10
Latonjia,10
Latonza,10
Ljiljana,10
Mellisia,10
Ptosha,10
Tinamaria,10
Veronicia,10
Juila,10
Anthoula,10
Arlynda,10
Cathlena,10
Chama,10
Cherianne,10
Deida,10
Elefteria,10
Jerhonda,10
Jocqueline,10
Lachone,10
Lacynda,10
Latetia,10
Latongia,10
Latonnia,10
Letisa,10
Loronda,10
Neshelle,10
Robertina,10
Shennon,10
Stefeni,10
Tamijo,10
Tselane,10
Ursulla,10
Yulander,10
Anite,10
Brijida,10
Erikia,10
Feleicia,10
Jadonna,10
Jennifere,10
Juwan,10
Kee,10
Key,10
Krish,10
Ledawn,10
Marfa,10
Monina,10
Niccola,10
Shayni,10
Shilla,10
Taffney,10
Tanzi,10
Wendyann,10
Brant,10
Charlanda,10
Denetrius,10
Jillinda,10
Justy,10
Kellylynn,10
Latinia,10
Shandal,10
Shellea,10
Sonnette,10
Sukina,10
Tear,10
Terase,10
Tertia,10
Trellany,10
Tyrona,10
Kontina,10
Aldrena,10
Camisa,10
Cita,10
Contenia,10
Dasa,10
Dawny,10
Kamey,10
Kika,10
Kristna,10
Lateresa,10
Lesean,10
Mariechristine,10
Nikiki,10
Shawntella,10
Spiridoula,10
Taffani,10
Tamisa,10
Tiwan,10
Trenetta,10
Tyece,10
Vernise,10
Vidal,10
Shanrika,10
Calondra,10
Cedrick,10
Chenese,10
Dashan,10
Fransica,10
Katedra,10
Keke,10
Lafonya,10
Latashua,10
Marey,10
Martel,10
Mawiyah,10
Missty,10
Salathia,10
Seeta,10
Shenikwa,10
Shonnell,10
Tamekio,10
Taynia,10
Teketa,10
Zubaidah,10
Niamalika,10
Andranette,10
Apache,10
Artishia,10
Chree,10
Clesha,10
Dannille,10
Daveta,10
Dekeshia,10
Evelis,10
Farley,10
Ijnanya,10
Jolen,10
Makiesha,10
Neshawn,10
Ratonya,10
Sawana,10
Sharella,10
Tikeshia,10
Tomicia,10
Tusha,10
Voronica,10
Wyconda,10
Lashond,10
Aril,10
Chakka,10
Chrysoula,10
Evaggelia,10
Jancey,10
Lakeska,10
Luicana,10
Makida,10
Malecia,10
Merenda,10
Nerrissa,10
Nicketa,10
Omotayo,10
Pui,10
Sooner,10
Tashan,10
Tralena,10
Tysen,10
Adale,10
Alodie,10
Aneika,10
Cherrica,10
Devia,10
Evdokia,10
Evdoxia,10
Farrar,10
Kerl,10
Komeka,10
Lafoya,10
Lalisha,10
Latronya,10
Mandisha,10
Mesina,10
Ping,10
Sanetra,10
Shenaye,10
Shinise,10
Shundria,10
Tahsha,10
Tamarind,10
Tamecha,10
Tolonda,10
Trixi,10
Yatta,10
Wilona,10
Brain,10
Chaska,10
Chervon,10
Chrisina,10
Dandi,10
Januarie,10
Jocinda,10
Kinika,10
Kryste,10
Lachanta,10
Lakika,10
Lashanette,10
Meme,10
Nakeea,10
Nekeda,10
Nixaliz,10
Rashieda,10
Schmeka,10
Sundance,10
Takesa,10
Tanyelle,10
Teguila,10
Torree,10
Vaneesa,10
Akimi,10
Daniale,10
Dennetta,10
Denyell,10
Devaki,10
Elizabete,10
Fadeelah,10
Folami,10
Giner,10
Golnaz,10
Kawonna,10
Kiea,10
Kuiana,10
Lekethia,10
Maaike,10
Magee,10
Mashawnda,10
Nateasha,10
Nathasia,10
Nekishia,10
Quian,10
Qwanda,10
Sulie,10
Taaliba,10
Traneice,10
Tyesia,10
Yakina,10
Almanda,10
Camen,10
Chairity,10
Chantill,10
Daneika,10
Darniece,10
Domonica,10
Gemia,10
Gladiz,10
Hakimah,10
Humberto,10
Janicka,10
Korren,10
Lachaundra,10
Lakey,10
Laquenda,10
Laqunita,10
Lashawda,10
Lequetta,10
Leshaunda,10
Leslianne,10
Ltoya,10
Marlenea,10
Melissamarie,10
Monikia,10
Santonia,10
Serica,10
Shah,10
Sharareh,10
Shekeitha,10
Tyrita,10
Wydia,10
Yashekia,10
Lencola,10
Tao,10
Amarillis,10
Ashunta,10
Beranda,10
Cheisa,10
Denamarie,10
Denekia,10
Jacquis,10
Jaemie,10
Jasna,10
Jomeka,10
Kandria,10
Ketisha,10
Kinyada,10
Kristilynn,10
Lanequa,10
Latraya,10
Marlaena,10
Mohammad,10
Nerisa,10
Rigel,10
Rishona,10
Santricia,10
Shakeenah,10
Shereca,10
Sherrena,10
Shovonne,10
Sunie,10
Tiffiani,10
Wykeshia,10
Zahida,10
Aleishia,10
Arathi,10
Caesare,10
Chrisna,10
Cristinia,10
Hannon,10
Hearther,10
Katarra,10
Keadra,10
Keion,10
Kinder,10
Kineshia,10
Kristiina,10
Kristil,10
Latorrie,10
Latoyer,10
Manjit,10
Maurika,10
Ndrea,10
Randon,10
Shanka,10
Sheara,10
Shenkia,10
Shreeta,10
Caline,10
Chenia,10
Colyn,10
Crystyl,10
Donniece,10
Emelita,10
Gilliam,10
Heang,10
Idalmis,10
Jerrod,10
Jessianne,10
Kennyatta,10
Laquala,10
Laqueen,10
Laquoia,10
Lequesha,10
Naderge,10
Nosheen,10
Olivier,10
Rajeeyah,10
Rchel,10
Sea,10
Shakeyta,10
Shareca,10
Taliesha,10
Timaree,10
Vinh,10
Zenida,10
Anorea,10
Arquita,10
Deise,10
Diseree,10
Jillan,10
Kamaron,10
Kula,10
Kyeesha,10
Latieka,10
Lorisha,10
Megghan,10
Naiyma,10
Sanquenetta,10
Selika,10
Shareeda,10
Sukhjit,10
Yemisi,10
Zulaika,10
Ecaterina,10
Laqueita,10
Cerrissa,10
Curtia,10
Jacqlene,10
Kehley,10
Laneeka,10
Roshea,10
Sanquita,10
Sarrina,10
Shameerah,10
Shaquea,10
Shiena,10
Shynell,10
Stehpanie,10
Sureena,10
Tabrisha,10
Tavona,10
Aamanda,10
Ambr,10
Candyse,10
Dnaielle,10
Ishah,10
Jerria,10
Lindse,10
Mecaela,10
Nanisha,10
Pratima,10
Rany,10
Shantail,10
Shantivia,10
Sharkia,10
Sheilamarie,10
Sophanna,10
Tamare,10
Tamoya,10
Tj,10
Trenea,10
Tyshelle,10
Racel,10
Adolfo,10
Araba,10
Athryn,10
Collete,10
Darell,10
Dineshia,10
Ferin,10
Fritzy,10
Jennalea,10
Jeseca,10
Kahea,10
Kenyeta,10
Krystallyn,10
Latrea,10
Meagann,10
Melanieann,10
Melorie,10
Naura,10
Roshika,10
Shabrika,10
Shadera,10
Shawday,10
Tinasha,10
Veneshia,10
Adebisi,10
Britannia,10
Cecellia,10
Chennelle,10
Dineisha,10
Elishea,10
Jennaca,10
Jhanna,10
Kendral,10
Kernisha,10
Maegon,10
Mareesha,10
Nashwa,10
Quanecia,10
Sangeetha,10
Sannah,10
Shatila,10
Tmara,10
Travona,10
Tshara,10
Deleesa,10
Lectoria,10
Amberjo,10
Ameesha,10
Annastashia,10
Caysi,10
Clarion,10
Collena,10
Cornesia,10
Delorian,10
Genai,10
Jelisia,10
Jherrica,10
Kaamilah,10
Ko,10
Malekia,10
Maquisha,10
Monali,10
Montoria,10
Mychel,10
Mykeshia,10
Phelisha,10
Phyllisia,10
Shaska,10
Shavia,10
Shawntice,10
Shyneice,10
Tigra,10
Cesilie,10
Jazmond,10
Alair,10
Ambrosha,10
Anneelise,10
Beyanka,10
Braina,10
Breyan,10
Briannan,10
Brytanni,10
Bryttnee,10
Cassandera,10
Chatavia,10
Chavaughn,10
Dassy,10
Dekia,10
Doresha,10
Dornisha,10
Jacquilla,10
Jenniferrose,10
Jhanel,10
Julessa,10
Kayesha,10
Keambra,10
Kerstein,10
Krystalina,10
Laricia,10
Lylybell,10
Lyneshia,10
Mianca,10
Naadia,10
Sadara,10
Shacari,10
Shapree,10
Shaterrika,10
Shonae,10
Stanesha,10
Sumeet,10
Tuongvy,10
Tuyetnhi,10
Mystee,10
Adalinda,10
Anbria,10
Aneida,10
Besma,10
Brytne,10
Caitria,10
Chalie,10
Chanai,10
Chandrell,10
Daquesha,10
Dekara,10
Emilianne,10
Gerrika,10
Gianinna,10
Gipsy,10
Icee,10
Jaquis,10
Jaynice,10
Jiovana,10
Joahnna,10
Johneka,10
Karanda,10
Katieanne,10
Keisey,10
Kiyoshi,10
Krishanna,10
Krystah,10
Lavia,10
Majd,10
Meganmarie,10
Melenaite,10
Nalisa,10
Pomaikai,10
Quinshay,10
Quintia,10
Ronishia,10
Santrell,10
Shaleigha,10
Shanquel,10
Shantania,10
Shavae,10
Syntia,10
Tanavia,10
Taquoia,10
Yolimar,10
Andraia,10
Arpine,10
Breegan,10
Eunika,10
Fontana,10
Imesha,10
Jacobia,10
Jemi,10
Johnai,10
Jonnika,10
Kearria,10
Khirsten,10
Laeisha,10
Lashanay,10
Malikka,10
Manveer,10
Marielos,10
Mariss,10
Milesha,10
Mirsha,10
Murissa,10
Nagwa,10
Quala,10
Rashael,10
Shaneqa,10
Shaqulia,10
Sohaila,10
Symon,10
Synthea,10
Talaina,10
Taz,10
Te,10
Tianamarie,10
Tychell,10
Vananh,10
Xanadu,10
Shaunique,10
Alaxandria,10
Ambernique,10
Antwanae,10
Arlaina,10
Biancamarie,10
Cearah,10
Crisma,10
Darlesha,10
Darniesha,10
Dashawnda,10
Desiri,10
Destinea,10
Dnisha,10
Dyona,10
Esprit,10
Ikeyia,10
Imaani,10
Jannalyn,10
Jashona,10
Javonnie,10
Jorri,10
Kiava,10
Kymisha,10
Kyosha,10
Lynh,10
Martiqua,10
Melodia,10
Naajia,10
Natifah,10
Oshai,10
Raychele,10
Reahna,10
Rodnecia,10
Shanbria,10
Stephanieanne,10
Tashyana,10
Tyranesha,10
Yanais,10
Yomaly,10
Tahler,10
Abrille,10
Alah,10
Alaundra,10
Alexuss,10
Amba,10
Andreena,10
Annysa,10
Antwanesha,10
Banna,10
Brenea,10
Brye,10
Charlecia,10
Chelseaanne,10
Clinesha,10
Darmesha,10
Darsy,10
Elitania,10
Estevan,10
Jabre,10
Janessia,10
Jarren,10
Justeena,10
Kyonia,10
Labreshia,10
Natani,10
Paayal,10
Quashay,10
Reaiah,10
Rosaangelica,10
Seleina,10
Shacorra,10
Shadale,10
Shadarria,10
Shakir,10
Shivana,10
Steevie,10
Taylorlynn,10
Tyleia,10
Wintana,10
Aurieona,10
Cadejah,10
Dairian,10
Kadeija,10
Khadjiah,10
Alaynie,10
Antone,10
Aureanna,10
Champane,10
Chardanay,10
Dalas,10
Desray,10
Imira,10
Kaliesha,10
Kasmine,10
Keshawnda,10
Kishawn,10
Koran,10
Kyndrah,10
Laquincia,10
Malica,10
Margoth,10
Markeyia,10
Mashae,10
Mikeyia,10
Nashelly,10
Neshay,10
Nyasa,10
Regen,10
Richae,10
Sassy,10
Shakell,10
Shaonna,10
Shaquria,10
Tayshawna,10
Tyhira,10
Wesli,10
Dainara,10
Maiyer,10
Ykeisha,10
Akena,10
Amberlynne,10
Antionna,10
Antonay,10
Araxi,10
Atzimba,10
Ayeh,10
Breaira,10
Dajauna,10
Dajee,10
Dayanaira,10
Dayzhane,10
Dejahna,10
Deysia,10
Eriqua,10
Janeeva,10
Kajia,10
Kaylar,10
Keeaira,10
Khalya,10
Kymbra,10
Lacei,10
Lakotah,10
Mariaalejandra,10
Marielisa,10
Marlyna,10
Masuma,10
Mylana,10
Nathale,10
Quinsha,10
Rikako,10
Ryce,10
Seton,10
Shabri,10
Shiho,10
Silvya,10
Sydia,10
Takeyra,10
Tatiara,10
Daasia,10
Jamiles,10
Marivy,10
Aleksey,10
Alexisa,10
Alissabeth,10
Arikka,10
Attiya,10
Brealle,10
Breneisha,10
Breshonna,10
Charmecia,10
Daisya,10
Dakera,10
Destinni,10
Dianalaura,10
Ecstasy,10
Jacenda,10
Joeisha,10
Masooma,10
Mattlyn,10
Meltem,10
Nooreen,10
Sabia,10
Saleste,10
Shaista,10
Sukhdeep,10
Tamarea,10
Tyquan,10
Zahrea,10
Zyesha,10
Jachai,10
Ajasia,10
Anee,10
Arlyssa,10
Desseray,10
Emmoni,10
Jakeela,10
Keann,10
Keyiona,10
Macailyn,10
Macheala,10
Mckalee,10
Monira,10
Nadaja,10
Nikkolette,10
Olliyah,10
Ranjani,10
Sarahjoy,10
Sereana,10
Shantaja,10
Shaynie,10
Tannar,10
Yosmely,10
Aareon,10
Aideth,10
Ailiyah,10
Aldijana,10
Ammaarah,10
Armone,10
Arreona,10
Aureon,10
Chardanae,10
Chassady,10
Coryana,10
Dayasia,10
Daylon,10
Dazhia,10
Goretty,10
Jannai,10
Jazemine,10
Jelynn,10
Jhai,10
Katyanna,10
Lijah,10
Mikailyn,10
Mycaela,10
Norea,10
Nyria,10
Pryia,10
Rienna,10
Rifa,10
Rutu,10
Serrah,10
Shazaria,10
Shealey,10
Tahtianna,10
Tahtyana,10
Talee,10
Temani,10
Tryston,10
Yalexis,10
Yaresi,10
Shayal,10
Adera,10
Akhirah,10
Angyl,10
Anterria,10
Arieta,10
Aureana,10
Breyauna,10
Casadee,10
Chakeria,10
Charmi,10
Diamondique,10
Ele,10
Elysiana,10
Ireonna,10
Jatiana,10
Jelsy,10
Jemmy,10
Jynae,10
Keiajah,10
Langdon,10
Mahoganey,10
Phelicity,10
Quynhanh,10
Sakhi,10
Sarinna,10
Tajay,10
Tamoni,10
Tsega,10
Yary,10
Abney,10
Akenya,10
Benae,10
Dagan,10
Dairra,10
Daishana,10
Dhivya,10
Diocelina,10
Eriyon,10
Ezabelle,10
Hanai,10
Hodalis,10
Jalycia,10
Jatiya,10
Jermanee,10
Kadaija,10
Kamran,10
Kenyan,10
Kenze,10
Kielah,10
Mahali,10
Maylina,10
Monce,10
Myanni,10
Nastasja,10
Niaisha,10
Nikolett,10
Nishay,10
Oshen,10
Reaganne,10
Rehgan,10
Sabrielle,10
Semhal,10
Shadin,10
Skylair,10
Starrlynn,10
Taelee,10
Tanayjah,10
Tiyanah,10
Zorriah,10
Aukievah,10
Dabne,10
Aakanksha,10
Abdi,10
Alysta,10
Amilleon,10
Anayelis,10
Arzoo,10
Autom,10
Ayooluwa,10
Brilie,10
Britian,10
Casiah,10
Daizjah,10
Dariell,10
Dasianae,10
Denalia,10
Easha,10
Eujin,10
Gabrialla,10
Geetanjali,10
Hateya,10
Hawah,10
Jacilynn,10
Jadiyah,10
Jadynne,10
Jahde,10
Jahkia,10
Jalasha,10
Jessalynne,10
Jhasmin,10
Keiora,10
Khiari,10
Kiali,10
Laakea,10
Maleri,10
Mattelynn,10
Mekya,10
Mkiyah,10
Myann,10
Nikaiya,10
Osirys,10
Raqiya,10
Reionna,10
Shiyana,10
Sonte,10
Sumerlyn,10
Tanayja,10
Teadora,10
Thaliya,10
Tioni,10
Tnaya,10
Tralynn,10
Vanicia,10
Yaliyah,10
Yannie,10
Yosalin,10
Yurisa,10
Yuuka,10
Zacora,10
Zephania,10
Ashantai,10
Amrin,10
Aneecia,10
Antaja,10
Atiyyah,10
Aujah,10
Ayannia,10
Braydan,10
Chaiya,10
Chakya,10
Chrishay,10
Dashani,10
Deziraye,10
Dianela,10
Dreona,10
Eliandra,10
Erickah,10
Everlin,10
Gefen,10
Hosannah,10
Jalyna,10
Kiersen,10
Kirtana,10
Kristabel,10
Larianna,10
Lelanie,10
Lizzbeth,10
Mackinzey,10
Maliayah,10
Melanney,10
Myel,10
Najaah,10
Neidi,10
Oluwatoyosi,10
Onyah,10
Pazong,10
Sephia,10
Sheliyah,10
Taily,10
Terryona,10
Yanaiza,10
Zaret,10
Alazaya,10
Ashauria,10
Naideline,10
Aaryona,10
Albiona,10
Allexys,10
Amitha,10
Ashaiya,10
Ashalyn,10
Butterfly,10
Caite,10
Chyana,10
Dekotah,10
Denajia,10
Emman,10
Jaaziel,10
Jahel,10
Jakerah,10
Jakeyah,10
Jasella,10
Jazanae,10
Jeweliet,10
Jimiyah,10
Kanajah,10
Keile,10
Madalinn,10
Mailene,10
Mykiya,10
Nasaya,10
Nore,10
Nuran,10
Poorna,10
Reasia,10
Takaila,10
Talayja,10
Tejaswini,10
Viririana,10
Dexiree,10
Alayzah,10
Anisse,10
Annaliece,10
Aricel,10
Arinola,10
Auniya,10
Brynia,10
Camberly,10
Cattibrie,10
Charliyah,10
Cuyler,10
Dalhia,10
Gouri,10
Gracianne,10
Gracielle,10
Haiely,10
Ireona,10
Isabellia,10
Jadalin,10
Jahdae,10
Jalashia,10
Jalis,10
Jannia,10
Jaona,10
Jiromi,10
Juliaunna,10
Kadrianna,10
Kalesa,10
Kiliyah,10
Kiyanni,10
Madilen,10
Mirianna,10
Mkyla,10
Nashyah,10
Samerra,10
Shiniya,10
Tahany,10
Tayshaun,10
Yasmiin,10
Yedid,10
Zakerria,10
Zimya,10
Milay,10
Abyade,10
Addeson,10
Akerria,10
Aniyaha,10
Anlly,10
Annelys,10
Anyhia,10
Aribeth,10
Atong,10
Averionna,10
Brisseyda,10
Camaiya,10
Charlay,10
Chaynee,10
Christyonna,10
Cianny,10
Dalyssa,10
Deavyn,10
Desaraye,10
Diyanna,10
Ellissia,10
Eygpt,10
Fatyma,10
Fiala,10
Harshi,10
Issela,10
Jacely,10
Janyha,10
Jeanaya,10
Jenavy,10
Jernya,10
Kaliha,10
Kenndy,10
Krischelle,10
Lanyjah,10
Laureana,10
Leiona,10
Lynnasia,10
Myianna,10
Mykiyah,10
Nadelie,10
Nahjai,10
Nalya,10
Naudiya,10
Neilyn,10
Nikaiyah,10
Nissy,10
Rodrianna,10
Rubianna,10
Saakshi,10
Saaniya,10
Sanjitha,10
Saraswati,10
Shaniyha,10
Shanze,10
Shyaira,10
Strawberry,10
Sumehra,10
Surely,10
Tashyla,10
Trennedy,10
Tyazia,10
Yaniz,10
Shamayia,10
Abaigail,10
Abianna,10
Aisah,10
Alyciah,10
Anesty,10
Annaruth,10
Antoniah,10
Balery,10
Bethzaira,10
Daely,10
Dalaynie,10
Deianna,10
Deimy,10
Delannie,10
Dianeliz,10
Elmedina,10
Esmerai,10
Funmilayo,10
Gabriely,10
Hemani,10
Hezekiah,10
Icysis,10
Janiza,10
Jaydamarie,10
Jesli,10
Jessely,10
Jewl,10
Jinnah,10
Juleny,10
Kambel,10
Kefira,10
Keimy,10
Keymaya,10
Khaylie,10
Kiyrah,10
Kymori,10
Lasia,10
Leaunna,10
Lilliyan,10
Makhiyah,10
Mariahna,10
Minhanh,10
Mumtahina,10
Nadilee,10
Nazaya,10
Niamora,10
Niveditha,10
Niyat,10
Nykiera,10
Prina,10
Ryleeanne,10
Sahniyah,10
Sameyah,10
Shiyah,10
Sieana,10
Surraya,10
Syani,10
Syrene,10
Tahlea,10
Terriauna,10
Tylasha,10
Wedad,10
Yamiyah,10
Yuleydi,10
Zanajah,10
Zowey,10
Yudani,10
Aamena,10
Aeries,10
Alexiona,10
Alysin,10
Amariyae,10
Amaryss,10
Arbay,10
Auni,10
Ayunna,10
Biftu,10
Brookelyne,10
Brookly,10
Chamiyah,10
Charliese,10
Ciauna,10
Damiracle,10
Daylinn,10
Dellana,10
Deshiya,10
Dezya,10
Dihanna,10
Dzejla,10
Evelie,10
Hayliee,10
Jariely,10
Jaycia,10
Jazyra,10
Jireth,10
Kaddy,10
Kaileeann,10
Kamaiah,10
Kenaria,10
Khamauri,10
Kloye,10
Kolee,10
Laliana,10
Laziah,10
Leilane,10
Lexci,10
Lyllyan,10
Malaeka,10
Mattyson,10
Mckenli,10
Mclaine,10
Messiyah,10
Montanah,10
Naralie,10
Natalii,10
Olexa,10
Olyvea,10
Ozaria,10
Pal,10
Presslie,10
Prestley,10
Promyss,10
Reyan,10
Rhianah,10
Riahanna,10
Sahmiya,10
Sanyu,10
Seray,10
Syrie,10
Tamauri,10
Trenitee,10
Ualani,10
Xyanna,10
Yanahi,10
Yazline,10
Yovela,10
Ziyanah,10
Zuheily,10
Zykaria,10
Kimoralee,10
Ramiele,10
Yazel,10
Aayanah,10
Ammerie,10
Amolika,10
Annalease,10
Aubriann,10
Cambriah,10
Cely,10
Daneisy,10
Danyca,10
Dariyon,10
Demiracle,10
Deonnie,10
Diny,10
Edyta,10
Eliara,10
Evonie,10
Feodora,10
Geraldi,10
Haniel,10
Imiyah,10
Iryss,10
Ishmeet,10
Itzely,10
Jainiya,10
Jareliz,10
Jasyra,10
Jayslin,10
Jazabell,10
Jesleen,10
Joriah,10
Kaylieann,10
Keida,10
Maeda,10
Mckinnon,10
Mikylee,10
Mirei,10
Muireann,10
Remia,10
Saedee,10
Saleyah,10
Sumiah,10
Sylee,10
Thailand,10
Tristianna,10
Tylaisha,10
Uzuri,10
Yubin,10
Zeza,10
Zynaria,10
Jameele,10
Kelisia,10
Yastelin,10
Aaiyana,10
Adalya,10
Aesa,10
Ahnaleigh,10
Ahvianna,10
Alexionna,10
Amiriya,10
Amyha,10
Ariunna,10
Aunaleigh,10
Aurey,10
Avreigh,10
Ayeleen,10
Ciyana,10
Damarea,10
Eastin,10
Elyah,10
Evaney,10
Gella,10
Gursimar,10
Hayam,10
Integrity,10
Ishwaq,10
Ixtzel,10
Jameiah,10
Jasaiah,10
Jenalyse,10
Kamylla,10
Kenyari,10
Kyliann,10
Kymarie,10
Lainah,10
Meghyn,10
Meraya,10
Merely,10
Nahayla,10
Narielle,10
Narriah,10
Noelli,10
Rahanna,10
Taeghan,10
Triniya,10
Waliyah,10
Yariel,10
Yayra,10
Zariona,10
Zeinabou,10
Addington,10
Alixa,10
Amiia,10
Amilliona,10
Amorrah,10
Anaisabella,10
Arainna,10
Azaniah,10
Azariea,10
Azyrah,10
Brenner,10
Brilynne,10
Carlianna,10
Dannay,10
Dekiyah,10
Denaiya,10
Elishka,10
Eyani,10
Haddasah,10
Haylan,10
Ishbel,10
Izaiah,10
Jamiley,10
Janalise,10
Jannali,10
Jiyanna,10
Josalina,10
Khylia,10
Kmiya,10
Lyka,10
Madaly,10
Makinlie,10
Malany,10
Malyha,10
Mikenley,10
Naissa,10
Naoki,10
Naryia,10
Nesma,10
Rashiyah,10
Reeselyn,10
Sahitya,10
Sakthi,10
Savannahlynn,10
Suhailey,10
Tahel,10
Tremiyah,10
Yanali,10
Yaroslava,10
Yeilen,10
Yukti,10
Zaionna,10
Zihanna,10
Zuleymi,10
Dennesly,10
Mariyha,10
Addylan,10
Araylia,10
Audee,10
Breidy,10
Brekkyn,10
Bricelynn,10
Ceeanna,10
Corrah,10
Ellyona,10
Fairyn,10
Graye,10
Hasya,10
Hrithika,10
Iah,10
Ilianny,10
Imia,10
Izahbella,10
Izobel,10
Jahzell,10
Jalaylah,10
Janahi,10
Jazeera,10
Jennalyse,10
Jennavee,10
Jeremia,10
Kamarianna,10
Kellise,10
Koen,10
Markai,10
Meyra,10
Nariman,10
Noorhan,10
Parvina,10
Rosilynn,10
Rozaria,10
Ruhamah,10
Shyloe,10
Sihara,10
Simreet,10
Sophiamae,10
Sudeeksha,10
Taybree,10
Temprynce,10
Tsubaki,10
Vanelly,10
Virsaviya,10
Yarleth,10
Yifan,10
Yuliette,10
Zahri,10
Zanaiah,10
Zeel,10
Zory,10
Ahniyla,10
Jeevika,10
Mathai,10
Adalye,10
Ahbree,10
Alaana,10
Annabellelee,10
Ansal,10
Arahi,10
Ashalina,10
Aubrilyn,10
Ayzlin,10
Azilyn,10
Beyah,10
Bralynne,10
Cadrian,10
Camoya,10
Chinemerem,10
Driyah,10
Elanur,10
Eleigha,10
Ellyot,10
Gaurika,10
Jahanara,10
Jakori,10
Jayliyah,10
Jayvionna,10
Jewlz,10
Jlaya,10
Jyelle,10
Khadence,10
Khloii,10
Lakeley,10
Leahgrace,10
Lingxi,10
Lionna,10
Loveya,10
Maddylynn,10
Navroop,10
Ramzi,10
Ryeli,10
Ryma,10
Sajidah,10
Stonie,10
Tayyibah,10
Thira,10
Tinzleigh,10
Vladislava,10
Vritika,10
Yeisy,10
Aleciram,10
Eribella,10
Aarie,10
Ahlanie,10
Alhanouf,10
Aljoharah,10
Amaleah,10
Arrabelle,10
Aryane,10
Aveana,10
Azilynn,10
Braxtynn,10
Brinnly,10
Cahya,10
Eizley,10
Ellajo,10
Ellyza,10
Esohe,10
Eziyah,10
Fayha,10
Gillianna,10
Jezebell,10
Kateleya,10
Kayleeonna,10
Khairi,10
Kundana,10
Leighlynn,10
Leonnah,10
Leven,10
Londonn,10
Lucya,10
Mahirah,10
Makanalei,10
Melanya,10
Myair,10
Nivayah,10
Olianna,10
Phalynn,10
Pranitha,10
Priella,10
Ransom,10
Realyn,10
Retag,10
Sarani,10
Shaikha,10
Tennasyn,10
Tynzlee,10
Versavia,10
Vitani,10
Winrey,10
Yahani,10
Yahari,10
Adelya,10
Alaunah,10
Amzi,10
Anavay,10
Aryela,10
Athenamarie,10
Atifa,10
Avanah,10
Avellina,10
Brinlea,10
Brooklynrose,10
Chavah,10
Daliyla,10
Daylanie,10
Devayah,10
Ellaya,10
Elssa,10
Emmelene,10
Gwenyvere,10
Hazelmarie,10
Iralynn,10
Jaylianiz,10
Jelanie,10
Julep,10
Kamayla,10
Karaya,10
Kenzye,10
Luxanna,10
Maahira,10
Matteo,10
Miamour,10
Ran,10
Reyelle,10
Rittal,10
Romia,10
Rozzlyn,10
Savannahgrace,10
Taizley,10
Valaysia,10
Yaely,10
Zahro,10
Zayanah,10
Zayriah,10
Zoja,10
Addallee,10
Adelilah,10
Aniyahlee,10
Annaline,10
Antheia,10
Ariayah,10
Ariyiah,10
Auroura,10
Aviary,10
Ayzaria,10
Beckette,10
Carsten,10
Elannie,10
Elauna,10
Greylin,10
Habon,10
Heartlyn,10
Heeya,10
Huai,10
Hynleigh,10
Jhett,10
Journae,10
Karslyn,10
Kayslie,10
Khairah,10
Lizbella,10
Lordina,10
Lyndyn,10
Maiyana,10
Maleficent,10
Mehjabin,10
Mialuna,10
Paylee,10
Scarletrose,10
Siddhiksha,10
Stuthi,10
Vaiga,10
Wila,10
Yalaina,10
Yazbeth,10
Zizi,10
Amiina,10
Bellamee,10
Brixten,10
Cambriella,10
Cylia,10
Daleyzza,10
Genevi,10
Hael,10
Hasnaa,10
Konley,10
Leiliani,10
Lesedi,10
Lex,10
Leyanni,10
Maryamawit,10
Meixi,10
Miaamor,10
Milauni,10
Naliana,10
Novalise,10
Rizwana,10
Rosmely,10
Royall,10
Sadiegrace,10
Safana,10
Safura,10
Sanara,10
Sayeda,10
Shanvitha,10
Shiera,10
Taalia,10
Taislee,10
Vishika,10
Whynter,10
Yohanan,10
Yolandi,10
Zavaeh,10
Zerayah,10
Zing,10
Mayuka,10
Ning,10
Aaheli,10
Adae,10
Agnia,10
Aireen,10
Anavia,10
Aramide,10
Arlia,10
Arris,10
Astor,10
Caslynn,10
Eadlyn,10
Ecclesia,10
Eniko,10
Falaq,10
Haislyn,10
Hazellynn,10
Islamae,10
Janvika,10
Jarielyz,10
Kalirae,10
Kaysyn,10
Keshvi,10
Kmoni,10
Koto,10
Liannys,10
Llewelyn,10
Lucyanne,10
Lynnora,10
Maisynn,10
Malaylah,10
Maximiliana,10
Mishri,10
Myrielle,10
Novaeh,10
Novaleah,10
Rook,10
Sayat,10
Scylla,10
Signy,10
Tahli,10
Tiwalade,10
Vaydah,10
Veah,10
Xella,10
Zarii,10
Zarwa,10
Ziyue,10
Annifer,10
Adaiyah,10
Ahlanni,10
Anifa,10
Becklynn,10
Bellanova,10
Cloud,10
Daleia,10
Damila,10
Deloni,10
Edrielle,10
Emrynn,10
Gianelli,10
Haislynn,10
Hatteras,10
Hyab,10
Jhara,10
Jiaying,10
Josalee,10
Kayoir,10
Kayzlynn,10
Kyarie,10
Malilah,10
Mattel,10
Paesley,10
Promisee,10
Raeni,10
Rhealee,10
Rhyian,10
Rithvi,10
Sereyah,10
Shrija,10
Sohvi,10
Theya,10
Vyana,10
Waelyn,10
Zehlani,10
Rileyrose,10
Sihana,10
Aathira,10
Adelani,10
Azina,10
Brazos,10
Caloni,10
Cru,10
Dharvi,10
Elaph,10
Ethereal,10
Evanshi,10
Hadalynn,10
Ivanshika,10
Jailoni,10
Kourage,10
Levanna,10
Lofton,10
Nakova,10
Niv,10
Palace,10
Shirina,10
Sylvee,10
Truvy,10
Welles,10
Xiyan,10
Yachy,10
Zaleya,10
Ahinoa,10
Blessynn,10
Darlett,10
Kearri,10
Zeyneth,10
Zilpah,9
Maine,9
Florenz,9
Lutrelle,9
Johnniemae,9
Dardenella,9
Hellene,9
Miladeen,9
Dolorese,9
Rheeta,9
Melsa,9
Chyleen,9
Gwyned,9
Jerrilyne,9
Gladystine,9
Glenalee,9
Lynnis,9
Jerilou,9
Sheere,9
Nedenia,9
Djana,9
Duuna,9
Timolyn,9
Rommy,9
Donzaleigh,9
Theon,9
Anjanet,9
Tonnica,9
Conquista,9
Eumeka,9
Kertrina,9
Tomeica,9
Aneitra,9
Chendra,9
Twanetta,9
Okemia,9
Comaneci,9
Tamka,9
Kezzy,9
Levar,9
Corrinda,9
Barika,9
Nahtanha,9
Wakina,9
Carenda,9
Neshanta,9
Ranoda,9
Renarta,9
Shenitta,9
Tshwanda,9
Bjana,9
Stefoni,9
Cordero,9
Enchantee,9
Aitlin,9
Daleesa,9
Bernadet,9
Chalsie,9
Geneviev,9
Jealisa,9
Kiata,9
Cheniece,9
Kaneeshia,9
Latifia,9
Shalesa,9
Ieishia,9
Iyisha,9
Matracia,9
Priscilia,9
Shinese,9
Wynisha,9
Ilish,9
Jaritsa,9
Kynara,9
Queenisha,9
Sharvae,9
Biranna,9
Latayshia,9
Yannery,9
Rajane,9
Widline,9
Chaneyra,9
Hydiea,9
Jomira,9
Keandre,9
Shainia,9
Desjambra,9
Shakur,9
Zakeea,9
Atiyya,9
Jabreena,9
Nekaya,9
Rahneisha,9
Teliea,9
Yalimar,9
Zakeia,9
Aigne,9
Elondra,9
Hydiah,9
Jaimaya,9
Jocelene,9
Juleisy,9
Ksha,9
Alancia,9
Beonce,9
Karisia,9
Tiaura,9
Camili,9
Jasandra,9
Skyller,9
Talaja,9
Void,9
Dayris,9
Ellexa,9
Nilyne,9
Silence,9
Kaymin,9
Miniyah,9
Yandel,9
Annexie,9
Aylet,9
Bradey,9
Jewelyssa,9
Jocylyn,9
Mackynze,9
Mayonna,9
Saahiti,9
Yo,9
Angelline,9
Danayshia,9
Jenavicia,9
Tricity,9
Dezira,9
Niveya,9
Evelet,9
Juleena,9
Janaeyah,9
Truley,9
Yanisley,9
Avoree,9
Habeeba,9
Lielah,9
Yorlet,9
Kabri,9
Maewyn,9
Pragati,9
Yailenys,9
Amalina,9
Keyrah,9
Khorie,9
Mantasha,9
Averielle,9
Dawsynn,9
Acelia,9
Averyann,9
Harsirat,9
Kylahni,9
Laylany,9
Yanah,9
Aadaya,9
Aisel,9
Ajourni,9
Amaaya,9
Attley,9
Ayvie,9
Coralena,9
Elieth,9
Maiar,9
Aarvika,9
Ayshe,9
Cameila,9
Jadior,9
Maev,9
Oluwashindara,9
Rayyona,9
Suede,9
Xyah,9
Ailahni,9
Anayka,9
Iniko,9
Izley,9
Kayonni,9
Keyomi,9
Khione,9
Kovie,9
Raila,9
Soulene,9
Yariyah,9
Yennefer,9
Modeste,8
Vica,8
Desda,8
Vonie,8
Verdun,8
Exia,8
Maudeline,8
Elmerine,8
Kinuko,8
Arzell,8
Wortha,8
Giovina,8
Varena,8
Feloniz,8
Laline,8
Ivaline,8
Valoyce,8
Elizbeath,8
Genena,8
Milarain,8
Seroba,8
Loyse,8
Duna,8
Garnieta,8
Ieda,8
Noreeta,8
Noreita,8
Noritta,8
Torchy,8
Louene,8
Terrylea,8
Dereth,8
Olha,8
Nadolyn,8
Rondallyn,8
Deedy,8
Lanor,8
Carmelyn,8
Lovann,8
Marpessa,8
Verlane,8
Daffy,8
Carlet,8
Dedera,8
Michelann,8
Julyn,8
Sharianne,8
Francellia,8
Landee,8
Lashune,8
Detricia,8
Darchell,8
Rotonya,8
Tangle,8
Karona,8
Nicko,8
Seandee,8
Ulrika,8
Olaiya,8
Kimwana,8
Nakie,8
Neilie,8
Cherhonda,8
Dawneen,8
Antria,8
Tannille,8
Tenneal,8
Tiniki,8
Bienvenida,8
Kunta,8
Mandey,8
Toyah,8
Betony,8
Carinda,8
Enchantra,8
Jaywanna,8
Sawanda,8
Tamona,8
Wadeeah,8
Jeran,8
Tonta,8
Jerico,8
Neecy,8
Reneda,8
Shemecka,8
Carmesa,8
Imee,8
Nahema,8
Phaidra,8
Tachaka,8
Astrin,8
Karinn,8
Leshawna,8
Shyreeta,8
Sok,8
Suhad,8
Xica,8
Asten,8
Ekco,8
Neelisha,8
Chaely,8
Marquetia,8
Sophear,8
Domonigue,8
Jillmarie,8
Meyosha,8
Sitha,8
Calizza,8
Chiquitia,8
Jarred,8
Sothea,8
Ashleyelizabeth,8
Chritine,8
Lakeea,8
Leroya,8
Nna,8
Rahila,8
Franchessca,8
Kymbre,8
Neyba,8
Alexnadra,8
Andreona,8
Antoinet,8
Cassondr,8
Chavez,8
Constanc,8
Dejoire,8
Justien,8
Lisete,8
Ronnice,8
Sequila,8
Sharale,8
Celeny,8
Jacquelen,8
Konesha,8
Malakia,8
Manouchka,8
Shanteal,8
Shaunteria,8
Shentel,8
Tantanea,8
Zenani,8
Knesha,8
Mikhael,8
Shanikque,8
Kiersty,8
Shanequah,8
Shatifah,8
Taire,8
Danetria,8
Indasia,8
Itiana,8
Kedisha,8
Qwanesha,8
Silina,8
Silk,8
Suleica,8
Yamaya,8
Anadela,8
Chermeka,8
Kahdejah,8
Khadijia,8
Noehly,8
Rejean,8
Travisha,8
Corteney,8
Jerelly,8
Raeneisha,8
Roshae,8
Rubicelia,8
Lakeyah,8
Orlandrea,8
Ajaycia,8
Ajenae,8
Dejone,8
Lesliee,8
Macalla,8
Yulizza,8
Lasette,8
Montera,8
Breazae,8
Caytlynn,8
Kadraya,8
Kaleinani,8
Nyquasia,8
Shakaylah,8
Shankeria,8
Tanejah,8
Tapainga,8
Christyle,8
Hadel,8
Iuma,8
Marileysis,8
Taishima,8
Yelixa,8
Anassa,8
Bionce,8
Nagelly,8
Nhya,8
Nijeria,8
Alexcya,8
Gleice,8
Mirracle,8
Mykila,8
Tkaiya,8
Uzoma,8
Aliceyn,8
Amarye,8
Kine,8
Leisy,8
Tylese,8
Wanjiru,8
Yoshira,8
Deshya,8
Mazzi,8
Naana,8
Saleth,8
Talaisha,8
Taniyia,8
Tsitsiki,8
Kamyl,8
Midnight,8
Rasia,8
Autianna,8
Azlan,8
Betzhy,8
Ivelin,8
Karlysia,8
Kemarah,8
Nahaven,8
Oriona,8
Srinitya,8
Takarah,8
Uniyah,8
Akierra,8
Alexzandrya,8
Kaniyha,8
Kenah,8
Mauli,8
Neavah,8
Neci,8
Nyvaeh,8
Persaus,8
Sanniah,8
Sumyah,8
Tashyah,8
Yoleth,8
Yveth,8
Boey,8
Byata,8
Coreyona,8
Dashyia,8
Kahniyah,8
Kamarrah,8
Kellyanna,8
Lanaijah,8
Marelys,8
Montserat,8
Ramatou,8
Shylea,8
Tanila,8
Tazariah,8
Varshitha,8
Yaindhy,8
Anindita,8
Chastelyne,8
Diliana,8
Greydys,8
Hiiaka,8
Karylle,8
Kylasia,8
Nhuy,8
Nicayla,8
Tavaya,8
Yolaine,8
Aliiyah,8
Bentlea,8
Enajiah,8
Jamilyah,8
Koli,8
Tarijah,8
Adrialis,8
Jahziya,8
Lamarianna,8
Oumie,8
Raashi,8
Darriah,8
Elinam,8
Lilynn,8
Lyzah,8
Nayelii,8
Nazayah,8
Tasiya,8
Xoi,8
Yadieliz,8
Cariya,8
Cleary,8
Emyree,8
Jacionna,8
Jahriah,8
Rubyjane,8
Sahiry,8
Sinit,8
Yalexia,8
Audraya,8
Avalanna,8
Jeyshangelise,8
Knylah,8
Persephoni,8
Saminah,8
Xzariah,8
Yaileny,8
Ayrie,8
Gloricely,8
Lasiya,8
Leyann,8
Mayve,8
Mikynlee,8
Revyn,8
Zalaysia,8
Durrani,8
Evleen,8
Furiosa,8
Maroska,8
Rayia,8
Yuranni,8
Aiven,8
Aniso,8
Madeleina,8
Renessmae,8
Yunet,8
Zayva,8
Zenley,8
Adeliene,8
Amoha,8
Dilnoor,8
Eimie,8
Ginevieve,8
Kairos,8
Kassaia,8
Treslyn,8
Xyleena,8
Yamilah,8
Amaru,8
Arjana,8
Aryzona,8
Fenleigh,8
Gamora,8
Hili,8
Ishaana,8
Jua,8
Kahlo,8
Kaiani,8
Karya,8
Leiza,8
Melodii,8
Naveigh,8
Nyza,8
Rhylyn,8
Skylarose,8
Sondor,8
Almaas,8
Amayalee,8
Anavah,8
Asel,8
Breyleigh,8
Brixx,8
Caislee,8
Chozynn,8
Crue,8
Dreame,8
Enzi,8
Ezriella,8
Haizyl,8
Ilwaad,8
Khelsi,8
Kridha,8
Leianni,8
Leviana,8
Novalynne,8
Oaklen,8
Ozlyn,8
Remiel,8
Riverlin,8
Sailey,8
Sareyah,8
Scarrlett,8
Skailynn,8
Vallolet,8
Vriha,8
Zalaia,8
Hedwige,7
Isal,7
Pheobie,7
Leneve,7
Berther,7
Kiku,7
Estilla,7
Monzelle,7
Tessibel,7
Winonah,7
Getha,7
Howardine,7
Momie,7
Refa,7
Walline,7
Atheline,7
Darcas,7
Ennice,7
Ewell,7
Fyrn,7
Lavert,7
Lovel,7
Minnielee,7
Olice,7
Ovalee,7
Rauha,7
Alpine,7
Estill,7
Minneola,7
Aner,7
Ivadel,7
Lodia,7
Malvene,7
Ruella,7
Vermont,7
Chrystell,7
Coreatha,7
Espie,7
Adgie,7
Aves,7
Bethea,7
Clellie,7
Feddie,7
Madis,7
Derelys,7
Olivett,7
Ovia,7
Annil,7
Ferma,7
Garneta,7
Melverine,7
Berdyne,7
Burnese,7
Monez,7
Iyone,7
Jobita,7
Oveida,7
Savada,7
Theoria,7
Boneva,7
Geane,7
Lenard,7
Loeda,7
Louvene,7
Hoover,7
Dixianna,7
Vergean,7
Grethe,7
Haroldean,7
Dorylee,7
Patsyann,7
Perilla,7
Arolyn,7
Verilea,7
Donnalou,7
Mearlene,7
Wadena,7
Bobra,7
Darles,7
Shirey,7
Jerdine,7
Arey,7
Dirinda,7
Genneth,7
Marvalyn,7
Loisanne,7
Beleta,7
Gearleen,7
Claristine,7
Corless,7
Doristene,7
Gloristeen,7
Miralee,7
Trudence,7
Judaline,7
Susian,7
Gwendel,7
Desnee,7
Sali,7
Charliss,7
Carlla,7
Daviette,7
Earlette,7
Lurean,7
Vincene,7
Ufemia,7
Belvin,7
Rowrenia,7
Leabeth,7
Zanda,7
Candes,7
Delfreda,7
Jannean,7
Marguerit,7
Patrricia,7
Sobra,7
Jovetta,7
Vernesta,7
Claudinette,7
Doty,7
Dree,7
Lavelda,7
Audette,7
Doraelia,7
Wendey,7
Wynna,7
Deddie,7
Dedrie,7
Sheelagh,7
Maylon,7
Milynda,7
Celynn,7
Deneena,7
Dennen,7
Djuan,7
Dorain,7
Ernetta,7
Glynne,7
Gwendoyln,7
Ingar,7
Lyvette,7
Marialaina,7
Marschell,7
Robann,7
Dinene,7
Leaser,7
Lish,7
Devara,7
Sabrenna,7
Tandeka,7
Edmond,7
Lynnai,7
Delinia,7
Faedra,7
Ketsy,7
Shander,7
Traie,7
Tron,7
Twina,7
Eina,7
Gianetta,7
Kistin,7
Latunja,7
Lytonya,7
Rigina,7
Rolunda,7
Tondalayo,7
Leshun,7
Marchand,7
Toisha,7
Arlonda,7
Cherone,7
Comisha,7
Kereen,7
Kicha,7
Prisicilla,7
Sridevi,7
Tajuan,7
Tieshka,7
Tonay,7
Contrella,7
Doniel,7
Gin,7
Jenniferr,7
Morica,7
Mundi,7
Ronessa,7
Ahnjayla,7
Duewa,7
Latrissa,7
Phillisa,7
Sydonna,7
Uronda,7
Honie,7
Jabina,7
Lekisa,7
Sybill,7
Temikia,7
Tobiann,7
Denyelle,7
Flesha,7
Keyan,7
Magdalia,7
Paraskeve,7
Shafina,7
Tankia,7
Tarkesha,7
Temecka,7
Tennillie,7
Thyais,7
Tikina,7
Debraca,7
Johndrea,7
Kizi,7
Lakyna,7
Latshia,7
Lavatrice,7
Lorrell,7
Mitsi,7
Ramee,7
Sheteka,7
Sommers,7
Temaria,7
Tica,7
Cheilon,7
Guisela,7
Hassan,7
Jaimmie,7
Jauwana,7
Kowanda,7
Myesheia,7
Phanta,7
Rekina,7
Sakisha,7
Sequetta,7
Shakiesha,7
Shamena,7
Shonee,7
Taaffe,7
Tenina,7
Un,7
Yaisha,7
Arasele,7
Breinne,7
Cynarra,7
Lachic,7
Lakee,7
Lauressa,7
Neelima,7
Onekki,7
Schavon,7
Shantha,7
Shastity,7
Someeka,7
Timicka,7
Tymekia,7
Waheedah,7
Yajaida,7
Beige,7
Chervonne,7
Desireah,7
Ghadah,7
Lakeitra,7
Lakesh,7
Monyetta,7
Narada,7
Natesa,7
Sameko,7
Semico,7
Simeko,7
Sumeko,7
Sunrise,7
Velvette,7
Ativa,7
Basiliki,7
Brekke,7
Fame,7
Ifeyinwa,7
Ireka,7
Khalika,7
Shekeena,7
Jande,7
Jaquata,7
Laquatta,7
Lashinda,7
Latreice,7
Nikiea,7
Nixzaliz,7
Sareeta,7
Senchal,7
Shnika,7
Trunetta,7
Wilnelia,7
Contesa,7
Jermonica,7
Sandrell,7
Tannesha,7
Tomyra,7
Tra,7
Adaku,7
Adreann,7
Chary,7
Etoshia,7
Jeseka,7
Kashondra,7
Pavi,7
Trakeila,7
Vallene,7
Brannigan,7
Elessa,7
Keystle,7
Kristylee,7
Lathisa,7
Meggi,7
Phuc,7
Poua,7
Quanette,7
Sanquetta,7
Satyra,7
Sherkia,7
Teenamarie,7
Tenell,7
Vinyette,7
Yentel,7
Applonia,7
Chaquitta,7
Cindal,7
Cyndil,7
Dominice,7
Ericalynn,7
Jesssica,7
Krustal,7
Mavra,7
Meahan,7
Phalla,7
Randle,7
Samartha,7
Shande,7
Shardia,7
Vikita,7
Caltlin,7
Jessielynn,7
Laquania,7
Lataura,7
Lequinta,7
Nesren,7
Rikkilee,7
Sarda,7
Shaqita,7
Adhley,7
Andrieka,7
Bianaca,7
Callin,7
Crustal,7
Crysany,7
Jillesa,7
Nikyta,7
Quintin,7
Shamisha,7
Shayon,7
Shetera,7
Audreauna,7
Cassendra,7
Chanavia,7
Dequandra,7
Fatia,7
Jerryca,7
Jilissa,7
Jylisa,7
Keaghlan,7
Olutosin,7
Priscill,7
Rici,7
Shelissa,7
Angeleia,7
Anniesha,7
Britttany,7
Brytanie,7
Callye,7
Canishia,7
Chantise,7
Denishea,7
Jacquelle,7
Jerikka,7
Jerlisha,7
Johntae,7
Khiry,7
Konisha,7
Marshaye,7
Porchae,7
Shinece,7
Synetra,7
Tasherra,7
Thomisha,7
Trupti,7
Tyfani,7
Aeshia,7
Cyrielle,7
Darnishia,7
Dessica,7
Jasiman,7
Katyann,7
Kristela,7
Miyoka,7
Nakela,7
Rayisha,7
Rhonesha,7
Sabeena,7
Shanquell,7
Shantora,7
Shatae,7
Tranessa,7
Triscilla,7
Valancia,7
Wachovia,7
Aglae,7
Akebia,7
Alexanndra,7
Andrekia,7
Arielmarie,7
Brynisha,7
Cassietta,7
Chancee,7
Hillarey,7
Jashonda,7
Kaitlon,7
Kelcea,7
Kurissa,7
Lacorsha,7
Morina,7
Rigoberto,7
Shakelah,7
Shakella,7
Shaquil,7
Sharnaye,7
Shekerra,7
Shoniece,7
Tanjanique,7
Tatania,7
Teirney,7
Tiaundra,7
Tikeyah,7
Zackary,7
Crysania,7
Eleazar,7
Jameese,7
Jermeshia,7
Krissinda,7
Marishia,7
Philesha,7
Rodnesia,7
Shaquile,7
Shenille,7
Alixx,7
Danieka,7
Dareka,7
Darrein,7
Delmis,7
Kadejiah,7
Khadeijah,7
Khadejha,7
Kimmika,7
Kyndl,7
Limairy,7
Nkemdilim,7
Quanesia,7
Rajeen,7
Shantonia,7
Shardasha,7
Shawnteria,7
Yanibel,7
Breandra,7
Cailon,7
Chambre,7
Chassiti,7
Dainera,7
Dezhanae,7
Dezree,7
Drewann,7
Ivonn,7
Jaqueisha,7
Kabresha,7
Kailon,7
Krishuna,7
Majenta,7
Melaniece,7
Mylika,7
Saquan,7
Shantierra,7
Tacorra,7
Yarida,7
Aided,7
Aizha,7
Dejonna,7
Dija,7
Keshun,7
Krynn,7
Kyshawna,7
Nydasia,7
Soyoung,7
Tailore,7
Tiandrea,7
Akeda,7
Alneisha,7
Jarena,7
Marivelle,7
Matlin,7
Mechaela,7
Nastaja,7
Oshiana,7
Regin,7
Terykah,7
Zikeya,7
Anabeli,7
Dazza,7
Jamaicia,7
Jaymesha,7
Jolesha,7
Kiuna,7
Koyasha,7
Lelandra,7
Maleisha,7
Meshalia,7
Phajja,7
Rosaysela,7
Shameah,7
Sonje,7
Tariq,7
Tautiana,7
Trayona,7
Tyrion,7
Amidala,7
Angelicamae,7
Brezae,7
Callisa,7
Camrynne,7
Deivion,7
Irmani,7
Izhane,7
Janeigh,7
Jesiree,7
Jkira,7
Kianalee,7
Maivy,7
Mickyla,7
Quanterra,7
Sarilyn,7
Yaylin,7
Alyca,7
Branwyn,7
Dayse,7
Freesia,7
Jatava,7
Kaeleah,7
Lidija,7
Millenium,7
Mirium,7
Montse,7
Nakasia,7
Quashia,7
Quintaya,7
Shadajah,7
Shaunia,7
Takirra,7
Tiahja,7
Umayah,7
Xing,7
Yessel,7
Adaisia,7
Blaney,7
Estefhany,7
Jekiah,7
Jhovanna,7
Johnah,7
Kanchan,7
Nekira,7
Nihya,7
Nkosi,7
Odet,7
Raquela,7
Shadestiny,7
Tanvir,7
Tyrianne,7
Alexeya,7
Amathyst,7
Angelyce,7
Bianny,7
Brejae,7
Cashanti,7
Dejahnay,7
Deyssi,7
Djellza,7
Dreyanna,7
Gabryele,7
Havilland,7
Kianti,7
Lanease,7
Mashanti,7
Milvia,7
Pacha,7
Rund,7
Sacaria,7
Tshanti,7
Tyneasha,7
Xitlalith,7
Yanesha,7
Yarali,7
Yaxaira,7
Zakiria,7
Arisdelsy,7
Bivian,7
Bralie,7
Deslie,7
Dyoni,7
Iyuna,7
Jiapsi,7
Kanira,7
Madhumita,7
Naizeth,7
Prinsesa,7
Saalihah,7
Shimaya,7
Tenyia,7
Thailee,7
Torica,7
Alexisrose,7
Allejah,7
Bryndee,7
Cerridwen,7
Janascia,7
Rayane,7
Tamaree,7
Zaleth,7
Alazah,7
Aliyssa,7
Angelynna,7
Anjaly,7
Arieyonna,7
Awo,7
Elimar,7
Janiayah,7
Kadan,7
Keimara,7
Lizzi,7
Magalli,7
Mollykate,7
Mystik,7
Nabeelah,7
Nataria,7
Reice,7
Shaelen,7
Tranaya,7
Ziraily,7
Abery,7
Adysan,7
Aeona,7
Aji,7
Akeeyla,7
Analeece,7
Austeja,7
Behtzy,7
Bisleidy,7
Daeyonna,7
Dnijah,7
Harmanpreet,7
Iasiah,7
Jahonna,7
Jenilca,7
Lemaya,7
Mariagabriela,7
Marialys,7
Mikaylyn,7
Omaris,7
Qorianka,7
Raehanna,7
Riliegh,7
Suban,7
Sumeyye,7
Syndel,7
Tinyah,7
Uzziah,7
Yanisse,7
Zekiyah,7
Allyra,7
Arizel,7
Avyona,7
Bernicia,7
Cenai,7
Danielynn,7
Devionna,7
Eleese,7
Genisse,7
Haileyjade,7
Jardin,7
Jynna,7
Kennyah,7
Kiamora,7
Klayre,7
Lamayia,7
Machiya,7
Madian,7
Maitreya,7
Mariaangela,7
Miyali,7
Nazya,7
Rhiyana,7
Sadaria,7
Samyha,7
Sanea,7
Simayah,7
Tremyah,7
Xyon,7
Yarilyn,7
Zahir,7
Ziclali,7
Alayzhia,7
Amiere,7
Attia,7
Ayuna,7
Cimora,7
Cyane,7
Dareon,7
Demarionna,7
Eveli,7
Jimmiah,7
Jordeyn,7
Kurumi,7
Marayna,7
Raniyha,7
Renyah,7
Rikya,7
Skiley,7
Tramiah,7
Yaimara,7
Yelenis,7
Yerly,7
Aneris,7
Anistin,7
Brhianna,7
Chylar,7
Danavia,7
Dayari,7
Dezstany,7
Emagine,7
Henesy,7
Hunny,7
Illiyana,7
Jayniyah,7
Jeremya,7
Karmia,7
Khamira,7
Kylieanne,7
Leryn,7
Lyndah,7
Madielynn,7
Miarae,7
Miyari,7
Natala,7
Nataylia,7
Nately,7
Onaleigh,7
Saee,7
Seaniya,7
Sulmy,7
Tarajai,7
Yerelin,7
Aareona,7
Analyz,7
Anjeliett,7
Caylinn,7
Crisette,7
Daymi,7
Delaili,7
Dubraska,7
Guilliana,7
Ishwari,7
Kalashia,7
Malillani,7
Monzeratt,7
Zriah,7
Aksana,7
Allieana,7
Alliee,7
Averyona,7
Avienne,7
Evaliz,7
Ismene,7
Jaydalise,7
Jazire,7
Klohee,7
Lailamarie,7
Laxmy,7
Marziya,7
Mckynsie,7
Mikenlee,7
Seija,7
Taelynne,7
Aeden,7
Aliee,7
Aliyya,7
Anally,7
Aubriahna,7
Aybri,7
Deepshika,7
Dezirey,7
Lamirah,7
Marciella,7
Suvali,7
Walela,7
Yanileth,7
Yaressi,7
Zadah,7
Aalea,7
Aanyla,7
Akerra,7
Annily,7
Braelei,7
Ellysen,7
Emillianna,7
Farzeen,7
Ivoryanna,7
Ivoryrose,7
Jaswiry,7
Jazzilynn,7
Jeanney,7
Keleni,7
Koemi,7
Kyleerae,7
Mayada,7
Maydelyn,7
Miiangel,7
Reeselynn,7
Rileyn,7
Summaya,7
Vidisha,7
Vivenne,7
Zoiie,7
Agna,7
Anibelle,7
Avaleena,7
Ayalah,7
Creedance,7
Daylany,7
Elizzabeth,7
Ilithya,7
Jahleya,7
Jessimae,7
Karcynn,7
Kehila,7
Keriyah,7
Khalisi,7
Nesochi,7
Promisse,7
Rejoyce,7
Reynaliz,7
Rowin,7
Saindhavi,7
Adelen,7
Amreet,7
Arkadia,7
Baileyrae,7
Braisley,7
Calilynn,7
Chylie,7
Deila,7
Emlee,7
Ghofran,7
Irely,7
Jessabell,7
Jhonni,7
Kayzlyn,7
Lilagrace,7
Logahn,7
Lylarae,7
Malysia,7
Nabaa,7
Nadilynn,7
Natlee,7
Nian,7
Paizlea,7
Pariza,7
Pendleton,7
Savannahmarie,7
Siyan,7
Sophiaanne,7
Westin,7
Yeji,7
Zabel,7
Aadvi,7
Aagna,7
Aliyahmarie,7
Avryn,7
Eider,7
Ellaclaire,7
Elonie,7
Eloria,7
Ersheen,7
Haddison,7
Kahmiah,7
Kayrah,7
Keicy,7
Kyriee,7
Livanna,7
Madianna,7
Manahal,7
Mariavalentina,7
Melanierose,7
Mo,7
Reimi,7
Tennison,7
Veeya,7
Ahzari,7
Aivyn,7
Aminarose,7
Corabeth,7
Ellorah,7
Evanka,7
Everyn,7
Iang,7
Iker,7
Jabella,7
Jaisvi,7
Jayonnie,7
Jesia,7
Kairaluchi,7
Krislee,7
Lachlynn,7
Laiklee,7
Laykn,7
Mariatou,7
Mckinslee,7
Noragrace,7
Sojoud,7
Tanushree,7
Telayah,7
Viara,7
Yaana,7
Zalayna,7
Zoriya,7
Adalaina,7
Aelianna,7
Aerolyn,7
Avalisse,7
Azaelea,7
Banu,7
Beasley,7
Calila,7
Danerys,7
Dearri,7
Elliee,7
Ellowynn,7
Grisha,7
Imarah,7
Kajsiab,7
Kalessi,7
Kaura,7
Kelliana,7
Kritisha,7
Kyleana,7
Kyreigh,7
Leahny,7
Nahira,7
Nevaehrose,7
Neyland,7
Nyayla,7
Remilia,7
Rosealeigh,7
Selayah,7
Shiyu,7
Stassia,7
Tanvitha,7
Tillian,7
Zahvia,7
Aleesi,7
Althaea,7
Amilianna,7
Amoray,7
Asinat,7
Cahri,7
Edalynn,7
Edianny,7
Emmara,7
Evalea,7
Ganeev,7
Grayleigh,7
Harminee,7
Honeste,7
Ivanshi,7
Journnie,7
Kahlanie,7
Kase,7
Kelhani,7
Kendyn,7
Kimoura,7
Klahni,7
Leilianna,7
Marlay,7
Mazilynn,7
Meraki,7
Miloh,7
Myahna,7
Natti,7
Nausicaa,7
Nayella,7
Norvina,7
Penelopee,7
Prinsha,7
Rahlee,7
Rhyah,7
Solome,7
Thailah,7
Tillman,7
Yadielis,7
Zamylah,7
Ziora,7
Adaliya,7
Alianiz,7
Arinas,7
Arzoe,7
Azaiya,7
Azala,7
Banksy,7
Bareen,7
Ellori,7
Elyra,7
Esmerae,7
Evermore,7
Fenan,7
Heizel,7
Italeigh,7
Ivyrae,7
Jaycei,7
Jesaaelys,7
Kalimarie,7
Kenlani,7
Kerem,7
Knaomi,7
Levvy,7
Lianie,7
Lucyjane,7
Mazekeen,7
Miloni,7
Nahvi,7
Nalu,7
Nayrobi,7
Poema,7
Rawlins,7
Reejh,7
Rehtaeh,7
Rhenley,7
Rouse,7
Rubyjean,7
Slade,7
Snoh,7
Superior,7
Supreme,7
Syx,7
Taysom,7
Tiwalola,7
Valerin,7
Xorri,7
Yulanni,7
Zhurie,7
Zoeth,7
Oressa,6
Lyde,6
Stazie,6
Myrtte,6
Henrettia,6
Ursule,6
Berthal,6
Nellda,6
Ocey,6
Gaither,6
Gustina,6
Iras,6
Leavy,6
Senona,6
Nixola,6
Oleane,6
Aleitha,6
Gertrudes,6
Glida,6
Lalie,6
Leoler,6
Maywood,6
Dencie,6
Edwidge,6
Euniece,6
Leno,6
Myrabelle,6
Myrtus,6
Okal,6
Sinforosa,6
Veo,6
Alvene,6
Bleeker,6
Cloteen,6
Deelda,6
Duffie,6
Iota,6
Maggielean,6
Matrona,6
Mealie,6
Mishie,6
Ortrude,6
Sirkka,6
Truma,6
Valasta,6
Valesta,6
Valrea,6
Ysobel,6
Alvana,6
Angiolina,6
Cloudie,6
Dorohty,6
Eugie,6
Henriella,6
Laurece,6
Leathy,6
Mahdeen,6
Marther,6
Ovena,6
Ozeal,6
Penola,6
Thressie,6
Udora,6
Valerian,6
Velah,6
Zellia,6
Andella,6
Berth,6
Bronislava,6
Doroty,6
Durah,6
Evajane,6
Gwendolene,6
Haline,6
Jamima,6
Levater,6
Lowene,6
Maytha,6
Melle,6
Meribah,6
Narcille,6
Olliemae,6
Orneta,6
Pasqualena,6
Roverta,6
Vaden,6
Zay,6
Alsa,6
Arether,6
Avadna,6
Bessiemae,6
Clercie,6
Coula,6
Dorabelle,6
Elaise,6
Elroy,6
Ercil,6
Eunetta,6
Geargia,6
Genivive,6
Hurtha,6
Ignatia,6
Juyne,6
Leathe,6
Liola,6
Ludelle,6
Margerette,6
Montrose,6
Moudie,6
Ogie,6
Purnell,6
Sullie,6
Sunbeam,6
Vacie,6
Valiree,6
Velsie,6
Ysidora,6
Albia,6
Cevera,6
Clinnie,6
Elnorah,6
Eulane,6
Florien,6
Fontelle,6
Goldean,6
Iduma,6
Katholeen,6
Luola,6
Merrial,6
Virgel,6
Wynogene,6
Addia,6
Alletha,6
Armand,6
Arneita,6
Cebell,6
Ermadine,6
Essfa,6
Lorence,6
Maeoma,6
Millison,6
Nevart,6
Oberta,6
Tefta,6
Thoris,6
Urith,6
Waldo,6
Willora,6
Winifrede,6
Birdene,6
Dormilee,6
Erselle,6
Ethelen,6
Ilora,6
Issie,6
Ivola,6
Leester,6
Lidy,6
Maidee,6
Marx,6
Masil,6
Oreva,6
Rebecker,6
Willet,6
Willmer,6
Alcaria,6
Ardus,6
Azelene,6
Caudie,6
Chitose,6
Christola,6
Curly,6
Dorah,6
Edma,6
Girthie,6
Hestel,6
Lafaun,6
Margerett,6
Martharee,6
Pear,6
Abba,6
Barnett,6
Bethal,6
Cozella,6
Dorislee,6
Esthermae,6
Hellan,6
Jimella,6
Leronia,6
Luena,6
Maidell,6
Mozter,6
Muggie,6
Myraline,6
Noda,6
Reby,6
Sakiko,6
Vasta,6
Wahnetta,6
Aspacia,6
Hildia,6
Lilar,6
Mannette,6
Marba,6
Maythel,6
Ovalene,6
Senorina,6
Toribia,6
Vancy,6
Velcie,6
Vernesteen,6
Wauline,6
Wilmajean,6
Wilodyne,6
Zelmarie,6
Belmeda,6
Dathol,6
Evline,6
Floreta,6
Grovene,6
Imojene,6
Jaunell,6
Johney,6
Kikumi,6
Ninabelle,6
Ritsuko,6
Verlen,6
Vidala,6
Anease,6
Aniceta,6
Arlener,6
Bernessia,6
Burline,6
Crescencia,6
Espanola,6
Gladolia,6
Mateel,6
Mercille,6
Mirtis,6
Rumell,6
Voncil,6
Arles,6
Burtie,6
Cleada,6
Geraine,6
Ialene,6
Jacquoline,6
Loddie,6
Marcellyn,6
Margil,6
Thursie,6
Vernease,6
Vitula,6
Wanetah,6
Yuvawn,6
Dolorse,6
Edora,6
Ellawee,6
Faydell,6
Norbert,6
Pomposa,6
Ruthalee,6
Virsie,6
Earnease,6
Lunelle,6
Magnola,6
Rhoena,6
Bertena,6
Braulia,6
Eleuteria,6
Jennielee,6
Olivama,6
Virgean,6
Floydia,6
Geraleen,6
Jouette,6
Merdie,6
Ardoth,6
Earnistine,6
Delaris,6
Derene,6
Ervene,6
Myrline,6
Rheata,6
Almatine,6
Alzonia,6
Anieta,6
Barta,6
Ellarene,6
Freddia,6
Joena,6
Lureta,6
Barnell,6
Clarabeth,6
Clement,6
Thayle,6
Norietta,6
Norreta,6
Shirleye,6
Waneeta,6
Phebia,6
Rosale,6
Sharrol,6
Shelbyjean,6
Hermene,6
Madgalene,6
Nodra,6
Roszetta,6
Wyleen,6
Faydene,6
Gayel,6
Janalene,6
Miggie,6
Rosenell,6
Searcy,6
Charleane,6
Marijon,6
Thedosia,6
Arvina,6
Floranne,6
Kaaran,6
Roine,6
Marylane,6
Noelene,6
Carolgene,6
Levester,6
Marynel,6
Adelfina,6
Georgenne,6
Gerrye,6
Merrylee,6
Drene,6
Feryl,6
Senga,6
Bettianne,6
Boneita,6
Doletha,6
Laveria,6
Nieta,6
Samye,6
Senorita,6
Arlether,6
Mayna,6
Roylynn,6
Sanfra,6
Army,6
Kathyanne,6
Lenn,6
Leretha,6
Rosezena,6
Darley,6
Gailen,6
Jenith,6
Jilla,6
Jurate,6
Kathleenmary,6
Norreen,6
Ojetta,6
Robbe,6
Caroljo,6
Louretha,6
Merlena,6
Chrisan,6
Christann,6
Deett,6
Ilga,6
Kathyrine,6
Levarn,6
Lindra,6
Marretta,6
Orfalinda,6
Peggyjo,6
Bobbyetta,6
Fain,6
Ferrie,6
Irvina,6
Meichele,6
Morrine,6
Nicolene,6
Suean,6
Lavonnie,6
Tammis,6
Vally,6
Vilene,6
Conzy,6
Dalaine,6
Deltina,6
Dorelia,6
Gesele,6
Jerryl,6
Carllene,6
Cindye,6
Cynnthia,6
Debr,6
Gogi,6
Jocene,6
Laurietta,6
Patriccia,6
Pattii,6
Queta,6
Rodna,6
Sharlayne,6
Sheery,6
Carolyon,6
Daintry,6
Debraa,6
Derlene,6
Dwendolyn,6
Gwenne,6
Joletha,6
Regetta,6
Sayonara,6
Taunda,6
Zebbie,6
Darlise,6
Laneita,6
Llinda,6
Pierette,6
Verinda,6
Vivette,6
Anitia,6
Berni,6
Eddi,6
Lueann,6
Sereda,6
Tanni,6
Annettia,6
Chrysanthia,6
Dawnene,6
Donnitta,6
Eleisa,6
Febra,6
Fiesta,6
Gwendalina,6
Jacgueline,6
Judette,6
Judilyn,6
Kerrye,6
Lauire,6
Lejeune,6
Nancyjean,6
Santha,6
Secelia,6
Vanise,6
Angelenia,6
Anneice,6
Chrie,6
Gordean,6
Joyetta,6
Lizz,6
Meldia,6
Monelle,6
Reynell,6
Salvina,6
Tondi,6
Warrenetta,6
Benee,6
Berri,6
Brycie,6
Dawnda,6
Deirde,6
Doborah,6
Glyniss,6
Jayneen,6
Majella,6
Michalann,6
Mikelann,6
Monja,6
Pattina,6
Rejena,6
Sook,6
Stanja,6
Tammany,6
Troyanne,6
Bethlyn,6
Chorlette,6
Darlana,6
Deene,6
Dejuna,6
Dreema,6
Duuana,6
Dynell,6
Enger,6
Gennia,6
Herlane,6
Jacqulina,6
Kimberland,6
Noeme,6
Ronel,6
Shevell,6
Stacci,6
Tonyua,6
Trasi,6
Treasia,6
Francita,6
Gwanda,6
Jovonnie,6
Kimberline,6
Pammela,6
Patress,6
Phelecia,6
Sanders,6
Timberley,6
Treshia,6
Deeddra,6
Deiadra,6
Dennita,6
Dushon,6
Ginine,6
Kimblyn,6
Retonia,6
Carmala,6
Cherlyl,6
Cyrille,6
Doralynn,6
Dynelle,6
Lureen,6
Maletha,6
Mellette,6
Phylisa,6
Tammyann,6
Toie,6
Virigina,6
Wendall,6
Anabelia,6
Annitte,6
Brendella,6
Dorinna,6
Gaylynne,6
Janien,6
Kelaine,6
Kelline,6
Lavonde,6
Raegina,6
Rondella,6
Savonia,6
Shean,6
Stassa,6
Tannetta,6
Verlana,6
Cinnamin,6
Clevette,6
Kimako,6
Mardina,6
Marines,6
Marvenia,6
Relanda,6
Ronnda,6
Teffanie,6
Tippy,6
Chantaye,6
Danyne,6
Deea,6
Elieen,6
Embra,6
Lachaun,6
Lashaon,6
Lywanda,6
Martricia,6
Nedine,6
Nicoe,6
Seprina,6
Sherrone,6
Shown,6
Tirra,6
Tondrea,6
Toyota,6
Trayci,6
Trema,6
Tyelise,6
Carmille,6
Catreena,6
Cerrie,6
Cija,6
Corette,6
Cynthnia,6
Daphen,6
Feliscia,6
Jamiann,6
Latoynia,6
Lavitta,6
Shondelle,6
Tamaran,6
Yatisha,6
Yuvonka,6
Bridy,6
Catenia,6
Catine,6
Chavella,6
Cotenia,6
Efrosini,6
Funda,6
Hatina,6
Karre,6
Ktina,6
Loudes,6
Lovonne,6
Marvinia,6
Milele,6
Raschell,6
Renetia,6
Shunette,6
Stefnie,6
Tapatha,6
Teddra,6
Tiffoni,6
Tonyna,6
Tracilynn,6
Tredena,6
Trissie,6
Camecia,6
Ciceley,6
Dantoinette,6
Danyall,6
Demitrice,6
Idrissa,6
Jamilliah,6
Keacha,6
Kriscinda,6
Kristanne,6
Lindiwe,6
Lotosha,6
Mache,6
Mashana,6
Saketha,6
Shanett,6
Sharrona,6
Shiwana,6
Syvella,6
Tajuanda,6
Valeshia,6
Vatasha,6
Caternia,6
Catosha,6
Cheralee,6
Christela,6
Darann,6
Darnetha,6
Enilda,6
Geneane,6
Lakissia,6
Lasheen,6
Latessia,6
Latoscha,6
Lucreshia,6
Lushana,6
Montrece,6
Naikia,6
Natashya,6
Pashun,6
Selema,6
Selethia,6
Shetal,6
Tahisa,6
Tashma,6
Tennesha,6
Tieysha,6
Tomorra,6
Twynette,6
Tyhisa,6
Altovese,6
Amekia,6
Artura,6
Atanya,6
Batrice,6
Brandina,6
Demetres,6
Gloryvee,6
Heathre,6
Kanisa,6
Keme,6
Lezanne,6
Meshaun,6
Nenette,6
Nikasha,6
Sherlena,6
Tanyea,6
Tawauna,6
Teneha,6
Thesha,6
Toyce,6
Yashima,6
Alain,6
Bahiyyah,6
Brandell,6
Chericka,6
Jima,6
Joielle,6
Jouanna,6
Kasmin,6
Lakelsha,6
Lametrice,6
Larhea,6
Lartarsha,6
Latashi,6
Lataska,6
Makeitha,6
Nataka,6
Radoika,6
Rahsaan,6
Rashone,6
Schandra,6
Shadina,6
Sharlinda,6
Sugei,6
Temecia,6
Teshika,6
Tifphanie,6
Tinelle,6
Tishika,6
Tolly,6
Tonyeka,6
Tynisia,6
Vaneka,6
Varee,6
Vontresa,6
Vulnavia,6
Aginah,6
Akwete,6
Asisha,6
Bnai,6
Cameca,6
Carree,6
Cashanda,6
Cherisha,6
Cosha,6
Felena,6
Ishna,6
Itisha,6
Kavonda,6
Khaliliah,6
Kimby,6
Kimitra,6
Kishea,6
Lacasta,6
Lachan,6
Laterese,6
Latwanna,6
Lekishia,6
Letarsha,6
Lynika,6
Martinque,6
Mashanna,6
Melissha,6
Racy,6
Reannan,6
Shameko,6
Shameta,6
Shekeita,6
Shentell,6
Susaye,6
Tavis,6
Thalassa,6
Tonicka,6
Tpring,6
Trimika,6
Tristica,6
Ydania,6
Yolandita,6
Ainka,6
Arnee,6
Astreia,6
Carminia,6
Cristyl,6
Dywanna,6
Haneefa,6
Isoke,6
Jamon,6
Kashona,6
Lakeashia,6
Lakissa,6
Lasanda,6
Lateeka,6
Leneka,6
Marlania,6
Mishonda,6
Muffy,6
Nekeysha,6
Qwana,6
Raygina,6
Seneatha,6
Shaharra,6
Shuvon,6
Taleka,6
Tamarsha,6
Tauja,6
Tedrina,6
Tondria,6
Twanika,6
Yoshica,6
Amalin,6
Casta,6
Cheneka,6
Chevaun,6
Chiquana,6
Cynetha,6
Deawn,6
Donitra,6
Dristy,6
Gennelle,6
Ginneh,6
Jemilla,6
Jerrita,6
Jovann,6
Kaletha,6
Kensha,6
Kitzi,6
Kristjana,6
Leniece,6
Lucha,6
Meshan,6
Miosoty,6
Monekia,6
Napua,6
Qiona,6
Rizza,6
Sanetta,6
Schrita,6
Shadra,6
Siddeegah,6
Taiwanda,6
Takeyshia,6
Taqueena,6
Taronica,6
Tassa,6
Trelana,6
Venassa,6
Yachica,6
Yasminda,6
Yasmira,6
Akishia,6
Aurelio,6
Billiejoe,6
Catrisha,6
Chanella,6
Charlonda,6
Charmica,6
Cheryllyn,6
Christieann,6
Comekia,6
Hermanda,6
Krishaun,6
Lashenda,6
Lashounda,6
Lekevia,6
Llia,6
Meshon,6
Monek,6
Nekiesha,6
Ralana,6
Ranota,6
Renato,6
Renauta,6
Rinata,6
Sadena,6
Santrese,6
Semeko,6
Senikka,6
Shadena,6
Shamorrow,6
Sharessa,6
Shawandra,6
Shinetta,6
Shinna,6
Shovan,6
Syretha,6
Telishia,6
Tenice,6
Tomii,6
Tremekia,6
Trenica,6
Vakesha,6
Wakia,6
Yaicha,6
Yaschica,6
Yasheca,6
Antenette,6
Benica,6
Castina,6
Cawanna,6
Chevala,6
Christiene,6
Emisha,6
Etasha,6
Katari,6
Lanicka,6
Lathasha,6
Michaelena,6
Nateka,6
Neferteria,6
Philece,6
Quwanna,6
Romita,6
Samtha,6
Seka,6
Shawndria,6
Vashaun,6
Yudelca,6
Brandylynn,6
Cassadra,6
Chezarae,6
Fiffany,6
Keneka,6
Kham,6
Kin,6
Latrika,6
Meade,6
Narrissa,6
Raheem,6
Rebecaa,6
Retisha,6
Ronak,6
Rosezanna,6
Sekena,6
Shaguanda,6
Shakeba,6
Shameekia,6
Shamkia,6
Shimara,6
Sparkel,6
Tippany,6
Tocarro,6
Tonielle,6
Tyshanta,6
Venika,6
Venishia,6
Yakema,6
Zunilda,6
Ajita,6
Chartese,6
Deshaunta,6
Desieree,6
Falone,6
Grenisha,6
Hoai,6
Jeopardy,6
Jeria,6
Kenithia,6
Klisha,6
Koketa,6
Maghann,6
Natisa,6
Neepa,6
Rebeccajo,6
Saritha,6
Shekevia,6
Shemieka,6
Takeiya,6
Tanishea,6
Tanitha,6
Tyecha,6
Uneka,6
Amilynn,6
Bond,6
Carrielynn,6
Casheena,6
Daneal,6
Eben,6
Glenesha,6
Janitra,6
Latris,6
Lawra,6
Marquitte,6
Megaan,6
Reshika,6
Sachelle,6
Shameera,6
Shateia,6
Syntyche,6
Tho,6
Trakelia,6
Tyeka,6
Amarily,6
Anamda,6
Chaim,6
Chandara,6
Cimarron,6
Diadra,6
Dominie,6
Jacquleen,6
Jamianne,6
Jenalea,6
Krisheena,6
Lang,6
Linsday,6
Litany,6
Marsheena,6
Melindasue,6
Micale,6
Moneika,6
Quentisha,6
Sharenna,6
Shekeya,6
Shontaya,6
Takindra,6
Tibisay,6
Aferdita,6
Agela,6
Antrese,6
Aquina,6
Candiance,6
Cassye,6
Dang,6
Domeeka,6
Felizia,6
Gisette,6
Ireion,6
Jaimielee,6
Jaquice,6
Jussica,6
Kachet,6
Kentrina,6
Lakyshia,6
Luscious,6
Marnina,6
Nakitia,6
Quante,6
Tareena,6
Tavaris,6
Vonmarie,6
Abibail,6
Aelicia,6
Amberann,6
Angelian,6
Bryne,6
Cartlin,6
Elyane,6
Enchante,6
Fachon,6
Gricell,6
Hahna,6
Jacquee,6
Jareka,6
Josmine,6
Kaishonta,6
Krysha,6
Lacandis,6
Laeh,6
Lamonique,6
Laqresha,6
Mitia,6
Negan,6
Phylea,6
Racio,6
Rebecc,6
Rikkita,6
Sakeithia,6
Shaenna,6
Shakitta,6
Shaleece,6
Sharnia,6
Shyeeda,6
Spontaneous,6
Stepahanie,6
Tinina,6
Xinia,6
Alsiha,6
Annachristina,6
Attache,6
Biaca,6
Bobbielee,6
Brigina,6
Chaena,6
Chenavia,6
Danaysy,6
Danyeil,6
Erka,6
Fedaa,6
Haether,6
Hitney,6
Indsay,6
Janyl,6
Jelysa,6
Jsamine,6
Kashaundra,6
Kelianne,6
Kristamarie,6
Lajoia,6
Laquella,6
Markeeda,6
Melandy,6
Michellemarie,6
Rauchelle,6
Samantaha,6
Sammiejo,6
Sataria,6
Sessily,6
Shanata,6
Shaquinda,6
Sheenika,6
Shynisha,6
Tifffany,6
Whitnay,6
Yinessa,6
Analeshia,6
Annamari,6
Antanika,6
Ardriana,6
Ashlii,6
Cescily,6
Classy,6
Darlicia,6
Gagan,6
Gesell,6
Jannike,6
Jerricha,6
Jerrisa,6
Joeana,6
Joise,6
Kaymie,6
Keiundra,6
Kerea,6
Kheri,6
Kirara,6
Laquela,6
Laurenann,6
Mariaesther,6
Minisha,6
Neoshia,6
Nikkitta,6
Nykeema,6
Saasha,6
Shaquinna,6
Sharitza,6
Shida,6
Steffane,6
Tequilia,6
Trachell,6
Veonka,6
Yojaira,6
Yoshani,6
Aleeshia,6
Andriena,6
Bethanni,6
Blandy,6
Breeahna,6
Brittanica,6
Callandra,6
Chalei,6
Cheriece,6
Darshanna,6
Deanca,6
Deonsha,6
Gelisha,6
Jenicia,6
Jerami,6
Kanessha,6
Karolann,6
Kiyuana,6
Korsica,6
Krisina,6
Laketria,6
Lakreisha,6
Lateafa,6
Latefia,6
Lesliann,6
Luisita,6
Magdelin,6
Markesa,6
Mellyssa,6
Merena,6
Mishale,6
Mishea,6
Nayisha,6
Nytisha,6
Pai,6
Reniesha,6
Sahrish,6
Sameisha,6
Santerica,6
Shadel,6
Shaketra,6
Shanei,6
Shaqula,6
Sheonta,6
Shontoya,6
Steohanie,6
Tanechia,6
Timmeshia,6
Tonirose,6
Wala,6
Yesania,6
Yesenio,6
Yzamar,6
Adalisa,6
Anagabriel,6
Angelisha,6
Annicia,6
Antoiniece,6
Arel,6
Brentnie,6
Bryttnii,6
Daveisha,6
Derekia,6
Giovannie,6
Jamiqua,6
Janada,6
Janiera,6
Jaquae,6
Jaymisha,6
Jerricca,6
Kamishia,6
Keneasha,6
Krisana,6
Kristilee,6
Latericka,6
Lativa,6
Laurennicole,6
Mercedi,6
Miryea,6
Naquelle,6
Raiesha,6
Reniqua,6
Rodrika,6
Sandibel,6
Santangela,6
Satavia,6
Semetria,6
Shabrie,6
Shakana,6
Shamber,6
Sharaea,6
Sharana,6
Sharmeta,6
Shaunea,6
Shenade,6
Sherayne,6
Stephenee,6
Susel,6
Tasheria,6
Tiniqua,6
Tiy,6
Trier,6
Trinicia,6
Yannette,6
Yiesha,6
Yurivia,6
Akieba,6
Alexaundrea,6
Anayssa,6
Andjoua,6
Anjanie,6
Aracele,6
Arriell,6
Blayr,6
Chelssie,6
Chelzie,6
Claraliz,6
Deshanay,6
Dysheka,6
Ednesha,6
Franchezca,6
Hakeema,6
Hoshi,6
Janitta,6
Jarisa,6
Jezenia,6
Jochelle,6
Jolesa,6
Kanica,6
Kar,6
Kenesia,6
Keyante,6
Kramer,6
Kyeana,6
Lachay,6
Laporschia,6
Leshe,6
Linoshka,6
Maiquel,6
Mauricio,6
Nathia,6
Presila,6
Raquele,6
Romeisha,6
Roynesha,6
Scharron,6
Shannequa,6
Shanniece,6
Shanyka,6
Sharnequa,6
Shauney,6
Shawneece,6
Sherraine,6
Shnequa,6
Shykeyla,6
Shynise,6
Subira,6
Toynelle,6
Tyneika,6
Acia,6
Angenique,6
Anndi,6
Ashelle,6
Catarena,6
Chabelli,6
Creosha,6
Dejonnae,6
Deshonte,6
Deyadira,6
Dezerey,6
Dijone,6
Dinalee,6
Dominicia,6
Domynique,6
Dontrice,6
Elissabeth,6
Fahtima,6
Falysha,6
Gabiela,6
Itianna,6
Jandell,6
Jaquoya,6
Jonnica,6
Juaniqua,6
Kadetra,6
Kaitee,6
Kayon,6
Kebria,6
Koressa,6
Koryne,6
Kyneshia,6
Lakiara,6
Lasharee,6
Lauraelizabeth,6
Lynsea,6
Markisa,6
Markysha,6
Martez,6
Mynika,6
Nateya,6
Nikalette,6
Priscyla,6
Qualisha,6
Quamisha,6
Quannisha,6
Quantashia,6
Rashara,6
Reaven,6
Santerria,6
Shaquandria,6
Shaude,6
Shikari,6
Shynequa,6
Stranje,6
Timnesha,6
Trami,6
Tribeca,6
Vandela,6
Yarixsa,6
Yavonna,6
Ynhi,6
Abreia,6
Adijah,6
Aje,6
Ajena,6
Anaruth,6
Arabian,6
Astride,6
Breshia,6
Brhea,6
Briannica,6
Brittanynicole,6
Chadijah,6
Dakkota,6
Damiesha,6
Daquan,6
Darrika,6
Drenisha,6
Dysha,6
Egla,6
Elided,6
Fushia,6
Icsel,6
Jamalyn,6
Jamay,6
Jamescia,6
Jashana,6
Joandaly,6
Kededra,6
Kendrika,6
Kennysha,6
Kersty,6
Kevonne,6
Khadeisha,6
Llaneli,6
Nephtali,6
Payeng,6
Quadijah,6
Quneisha,6
Raegine,6
Ruchelle,6
Shadijah,6
Shaunyce,6
Taknisha,6
Teni,6
Terranesha,6
Yannira,6
Abreona,6
Archelle,6
Bashira,6
Braneisha,6
Caelainn,6
Carney,6
Colline,6
Cylena,6
Dajonique,6
Dashel,6
Garbielle,6
Jazymne,6
Jonteria,6
Jorgi,6
Kaayla,6
Kayisha,6
Kechelle,6
Linesha,6
Mckae,6
Mckale,6
Micia,6
Naquasia,6
Quanshae,6
Quanshay,6
Rashanique,6
Rashaya,6
Reven,6
Shambrika,6
Shaynell,6
Shekayla,6
Talandra,6
Tianee,6
Tianie,6
Tybresha,6
Yveline,6
Antoneisha,6
Aroosa,6
Asonte,6
Benesha,6
Breaanna,6
Breonnah,6
Breyunna,6
Brittanae,6
Cyrenna,6
Dajua,6
Dejahne,6
Desiraee,6
Farjana,6
Fredreka,6
Idette,6
Ishanae,6
Jazzmun,6
Katin,6
Katravia,6
Kennecia,6
Keshira,6
Kethry,6
Khalin,6
Khiala,6
Lebrea,6
Mariahann,6
Nocona,6
Nyquasha,6
Raekwon,6
Rahja,6
Reny,6
Royesha,6
Sabreana,6
Selenamarie,6
Shaiasia,6
Shanil,6
Sydea,6
Talyr,6
Taranisha,6
Tiereny,6
Tyrecia,6
Uneek,6
Vonnesha,6
Zanisha,6
Aalexus,6
Alkeria,6
Ambrasia,6
Anacarina,6
Anjae,6
Antoneshia,6
Arkayla,6
Bellanira,6
Brezhane,6
Caryna,6
Darinesha,6
Dawnte,6
Deajane,6
Deonshay,6
Desirrae,6
Deza,6
Dezerai,6
Diangela,6
Eleeza,6
Gariel,6
Gemise,6
Jaquaisha,6
Jashala,6
Jashon,6
Jenesha,6
Jerykah,6
Kahler,6
Kaylae,6
Klarrissa,6
Kyondra,6
Ladazia,6
Laurnea,6
Macenzi,6
Maricelis,6
Mauryn,6
Mckaylan,6
Meccah,6
Myckala,6
Myreya,6
Sharnyce,6
Shivonni,6
Talexis,6
Taraneka,6
Titilope,6
Veronyca,6
Yelisa,6
Zantasia,6
Aleccia,6
Alye,6
Angellique,6
Arione,6
Ataja,6
Automn,6
Ayrion,6
Breahanna,6
Bryse,6
Catriana,6
Celyn,6
Cionne,6
Daimarely,6
Dayln,6
Demeri,6
Envyi,6
Esmerlda,6
Fredasia,6
Hannahjo,6
Jache,6
Jailinne,6
Jamarian,6
Jashelle,6
Jassmen,6
Jerriana,6
Johniesha,6
Kanea,6
Keaundrea,6
Lexsis,6
Lyndzy,6
Marris,6
Miquesha,6
Mishaila,6
Nave,6
Nazhae,6
Nin,6
Nygia,6
Paria,6
Peta,6
Roesha,6
Rreon,6
Sasia,6
Shacori,6
Shadya,6
Shamael,6
Shayane,6
Tahjanay,6
Tyleesha,6
Vrunda,6
Zoia,6
Alekya,6
Allera,6
Ashja,6
Brionni,6
Bryaunna,6
Chayton,6
Chelesy,6
Chigozie,6
Cornecia,6
Cortazia,6
Daniellerose,6
Deonia,6
Desmone,6
Emoney,6
Kajira,6
Kaylaanne,6
Keiyara,6
Keltsey,6
Kiayra,6
Klairissa,6
Kolya,6
Madhulika,6
Manjari,6
Mariamu,6
Myshae,6
Mytien,6
Nascha,6
Nasjah,6
Navidad,6
Ondraya,6
Quashayla,6
Rickira,6
Sabin,6
Safeya,6
Shaynne,6
Syeria,6
Tahjia,6
Taijanae,6
Tajiah,6
Tasheona,6
Tykenya,6
Tyseana,6
Yenisel,6
Aaronisha,6
Akaela,6
Alonte,6
Alyssea,6
Anchita,6
Andreonna,6
Aparajita,6
Aruba,6
Aviyon,6
Aylisha,6
Beasia,6
Brookann,6
Celerina,6
Chardasia,6
Charissma,6
Chasadee,6
Christianah,6
Dearion,6
Dovion,6
Fateha,6
Imajae,6
Itzelt,6
Jackia,6
Jaliene,6
Jaquelinee,6
Javian,6
Jewellia,6
Kaille,6
Kaylisha,6
Kenyae,6
Khansa,6
Kyaisha,6
Litsi,6
Llamile,6
Maijah,6
Marryn,6
Meraris,6
Miccah,6
Modesti,6
Moeko,6
Morsal,6
Mykeya,6
Nayaly,6
Nouci,6
Nykeah,6
Philicity,6
Rikishi,6
Sheridon,6
Subin,6
Taneice,6
Teranique,6
Tijae,6
Vividiana,6
Yeritza,6
Yulexi,6
Zabryna,6
Zhakira,6
Alezia,6
Alonza,6
Anayelly,6
Aneiya,6
Aslhey,6
Ayreana,6
Belana,6
Breighana,6
Brennae,6
Calvinesha,6
Cashmir,6
Ciane,6
Cittlaly,6
Clhoe,6
Colbe,6
Dadriana,6
Daxia,6
Edrianna,6
Erinique,6
Gibelly,6
Iiana,6
Ilyne,6
Jaesa,6
Jahnise,6
Jakasia,6
Jaynisha,6
Kemberli,6
Kerynn,6
Knia,6
Kymera,6
Larencia,6
Malaz,6
Mercedys,6
Monserratte,6
Nayelin,6
Paetra,6
Phuongvy,6
Preonda,6
Sevon,6
Shemar,6
Stajah,6
Swarna,6
Sydnii,6
Tanayzia,6
Teuna,6
Timeria,6
Tybrea,6
Tyjanique,6
Tylissa,6
Wambui,6
Aalysia,6
Alekxa,6
Alyssya,6
Annaie,6
Anngie,6
Ashanni,6
Ayatt,6
Breandrea,6
Briette,6
Brinson,6
Canasia,6
Cessna,6
Ciersten,6
Daityn,6
Dakya,6
Desery,6
Donnay,6
Douachee,6
Ebere,6
Eeman,6
Genisus,6
Gieselle,6
Jadenne,6
Jakayia,6
Janeiya,6
Jashante,6
Jashara,6
Jemeria,6
Jhala,6
Jhayden,6
Kaulana,6
Keijah,6
Keyshona,6
Krushi,6
Lataesha,6
Macenna,6
Maddisson,6
Marshanti,6
Mekella,6
Mistaya,6
Mizan,6
Noeliz,6
Paje,6
Patriana,6
Raen,6
Ragin,6
Raisah,6
Richara,6
Sheylla,6
Tajanai,6
Tattyana,6
Tavonya,6
Thailer,6
Tliyah,6
Vionda,6
Yairet,6
Yashley,6
Yorgelis,6
Yulene,6
Zatavia,6
Ameyia,6
Anajae,6
Ashantianna,6
Brysen,6
Byonce,6
Catoria,6
Celimar,6
Christeanna,6
Cirenia,6
Daishanay,6
Dalainee,6
Dayahna,6
Dilenny,6
Dnajah,6
Elaisa,6
Enely,6
Eryonna,6
Ginaya,6
Habeba,6
Jasicianna,6
Jasmary,6
Jasmir,6
Jenaka,6
Keriah,6
Kirthana,6
Lanavia,6
Lasharia,6
Lisveth,6
Makasha,6
Marivella,6
Maycey,6
Minea,6
Natahja,6
Nataliemarie,6
Neiya,6
Prysilla,6
Saunti,6
Snehal,6
Solee,6
Taniha,6
Tenyah,6
Teriyana,6
Tijanae,6
Torrica,6
Tyane,6
Tynaya,6
Vinecia,6
Yahire,6
Yasly,6
Yutzil,6
Zyashia,6
Aletris,6
Angeliana,6
Anjalena,6
Anngelina,6
Antoinae,6
Asharra,6
Brasia,6
Criselle,6
Elizama,6
Emele,6
Irayda,6
Ireyanna,6
Jadaria,6
Jalisse,6
Janadia,6
Jeiny,6
Jenacia,6
Jermaria,6
Kaidince,6
Kaire,6
Kalyanna,6
Katence,6
Keating,6
Kennaya,6
Klah,6
Kymya,6
Ladaisia,6
Lanazia,6
Liannette,6
Litcy,6
Lucabella,6
Maiken,6
Mansha,6
Marvely,6
Mckaylia,6
Mikylla,6
Nacala,6
Neishaly,6
Nikayia,6
Niobi,6
Omayma,6
Rekiyah,6
Rocelin,6
Salissa,6
Seeya,6
Shanaja,6
Sykora,6
Takaiyah,6
Talaiah,6
Taleiya,6
Terynn,6
Tristah,6
Vinathi,6
Xithlaly,6
Zekira,6
Aalayjah,6
Aashia,6
Aelan,6
Akeara,6
Aliezah,6
Antashia,6
Apples,6
Arleht,6
Arreana,6
Azareyah,6
Azziah,6
Bahiyah,6
Beira,6
Beyda,6
Breylyn,6
Brisna,6
Cedrea,6
Chloejane,6
Criscia,6
Daiah,6
Eidy,6
Emyleigh,6
Eveana,6
Gable,6
Heavenlyn,6
Jakalia,6
Jakiaya,6
Janaijah,6
Janaliz,6
Jayonah,6
Jhamya,6
Josalyne,6
Keinya,6
Kennae,6
Kialie,6
Kiyarra,6
Kricia,6
Lakyria,6
Magdelana,6
Makahia,6
Makea,6
Manushri,6
Maryjoe,6
Mckayden,6
Mekyah,6
Meriya,6
Mikoto,6
Minseo,6
Mryah,6
Mykaella,6
Naedelyn,6
Neolani,6
Nizhonii,6
Nkiya,6
Nyiasia,6
Nyre,6
Nyvea,6
Ranaiya,6
Ranajah,6
Riyonna,6
Samirrah,6
Sarala,6
Searah,6
Teijah,6
Timayah,6
Tkyra,6
Torrianna,6
Triya,6
Tykirra,6
Ukiah,6
Wicahpi,6
Xitlalie,6
Yuleysi,6
Zaisha,6
Zanaia,6
Adee,6
Ahkeelah,6
Ailet,6
Alayjia,6
Anaee,6
Anjelyna,6
Anyya,6
Arela,6
Arelin,6
Asmitha,6
Atiyanna,6
Aulona,6
Avangelia,6
Bansi,6
Bayden,6
Bogdana,6
Brisais,6
Carlyse,6
Cenae,6
Cinya,6
Cithlali,6
Dagmara,6
Dalajah,6
Dejamarie,6
Deycy,6
Elizaida,6
Evenny,6
Gennavive,6
Gresa,6
Greys,6
Hasly,6
Haylah,6
Heilly,6
Ilenne,6
Ilette,6
Imiya,6
Irmak,6
Jakell,6
Jakiyra,6
Jamily,6
Janaira,6
Jaselin,6
Jayanti,6
Jemira,6
Jesel,6
Jeylan,6
Jkyla,6
Jlyssa,6
Jolenna,6
Kalajah,6
Kandence,6
Kanyjah,6
Kaylese,6
Kelela,6
Kindalyn,6
Kitsia,6
Kyajah,6
Lamarie,6
Lixy,6
Macartney,6
Madaliene,6
Mahalya,6
Makaira,6
Manahel,6
Maryliz,6
Mckelvey,6
Meleya,6
Mirakal,6
Morghyn,6
Narnia,6
Paishance,6
Perryn,6
Ranayah,6
Razaria,6
Revathi,6
Ricayla,6
Rileah,6
Rorrie,6
Secia,6
Shamaiah,6
Sincerely,6
Swendy,6
Tanyja,6
Xyomara,6
Yalia,6
Yaricelis,6
Yhadira,6
Yoshigey,6
Zaory,6
Zarella,6
Zyairra,6
Aashita,6
Ahalya,6
Akyiah,6
Aleela,6
Arashel,6
Arayana,6
Ariyal,6
Asiamarie,6
Ayonah,6
Cionni,6
Danayara,6
Dannielyn,6
Dinasti,6
Elenis,6
Faira,6
Gaviota,6
Graecie,6
Ishaal,6
Iyhana,6
Jacella,6
Jakarah,6
Jalyza,6
Janayja,6
Jayvia,6
Jenali,6
Jenysis,6
Jkiyah,6
Jocelinne,6
Johnyla,6
Jordai,6
Jordinn,6
Jzabehl,6
Kamarion,6
Kashmiere,6
Keimaya,6
Kenidie,6
Kieriana,6
Lismari,6
Loammi,6
Marbeli,6
Maryory,6
Mersaydez,6
Meyling,6
Myannah,6
Nakaiah,6
Nakijah,6
Nemya,6
Ngone,6
Niyahna,6
Niyema,6
Rasleen,6
Rayjanae,6
Reahanna,6
Rhania,6
Samena,6
Senyah,6
Shadany,6
Shamauria,6
Shaniayah,6
Shariana,6
Shayah,6
Shuniya,6
Sunehri,6
Synaya,6
Talim,6
Tatevik,6
Tecoa,6
Tehana,6
Tessalee,6
Tierni,6
Vivy,6
Xaira,6
Xiomayra,6
Yaditzel,6
Yaralis,6
Yeiry,6
Yurith,6
Zahmira,6
Zykerriah,6
Abbygayl,6
Abriyana,6
Alexandrah,6
Alianne,6
Alixzandria,6
Ameeria,6
Amneet,6
Aricely,6
Aydeliz,6
Braydi,6
Cambrya,6
Camirah,6
Camorra,6
Cleidy,6
Coraliz,6
Dashiyah,6
Dazlynn,6
Dedrianna,6
Denysse,6
Dililah,6
Divyne,6
Dlaney,6
Eilin,6
Eya,6
Gania,6
Haidan,6
Ingrit,6
Innaya,6
Iyasia,6
Jaeona,6
Jaisy,6
Jamayiah,6
Jamonie,6
Janeiah,6
Jazziah,6
Jeanasia,6
Jennedy,6
Jerianna,6
Jeyly,6
Johnya,6
Joslene,6
Kaleana,6
Kallina,6
Keemya,6
Keerah,6
Keiralyn,6
Keynia,6
Khamyra,6
Kialyn,6
Kiyora,6
Kynnidi,6
Laylene,6
Leyiah,6
Liddia,6
Llubia,6
Mallee,6
Maysan,6
Naileen,6
Neziyah,6
Olya,6
Rakeria,6
Ryly,6
Seily,6
Semyra,6
Sianah,6
Siene,6
Srividya,6
Taliea,6
Taylianna,6
Tevy,6
Tieran,6
Tristann,6
Tynijah,6
Tyunna,6
Yasmeli,6
Yendy,6
Yerli,6
Zahnae,6
Zakaylah,6
Zanye,6
Alixon,6
Ashdyn,6
Asyra,6
Aundreah,6
Azariana,6
Braelyne,6
Breasya,6
Chloeigh,6
Coraly,6
Dailynne,6
Daniellah,6
Delycia,6
Graidys,6
Haslyn,6
Hinatea,6
Ivanya,6
Jadalys,6
Jaelia,6
Jamyrie,6
Janiyan,6
Jarel,6
Jaysea,6
Jazlina,6
Jerelin,6
Kailianna,6
Kalliann,6
Kamaura,6
Kameriah,6
Kayahna,6
Kharmin,6
Kimmori,6
Konstantine,6
Lashiyah,6
Latiyah,6
Leiyla,6
Lexanni,6
Lierra,6
Likhita,6
Lilleah,6
Lluviana,6
Loveaya,6
Malieya,6
Mariangelis,6
Mckaylen,6
Miaandrea,6
Miricale,6
Myiona,6
Naidaly,6
Nakaylee,6
Nathaya,6
Nazarria,6
Neven,6
Nileah,6
Paylan,6
Prayze,6
Ramayah,6
Rishima,6
Saamiyah,6
Sairi,6
Saniiyah,6
Saraa,6
Shilat,6
Shreenidhi,6
Sione,6
Siriana,6
Trentity,6
Triniyah,6
Varshita,6
Yarazeth,6
Yareily,6
Yashita,6
Zakayah,6
Zamauri,6
Zeilin,6
Zyrhiana,6
Addysn,6
Adelayne,6
Ahnisty,6
Akyria,6
Alyka,6
Aneeqa,6
Anleigh,6
Architha,6
Ariyunna,6
Asiel,6
Ayati,6
Brithny,6
Chayden,6
Childnotnamed,6
Daeun,6
Dannaka,6
Delajah,6
Delilha,6
Dilyla,6
Eilynn,6
Ereny,6
Haliana,6
Haydi,6
Innessa,6
Ixareli,6
Jahlissa,6
Janihya,6
Jazlean,6
Jeraldyn,6
Jerely,6
Jeriana,6
Kamiyha,6
Kamyree,6
Karizmah,6
Kemariyah,6
Kevaeh,6
Khloye,6
Kimyia,6
Kiylie,6
Kynnlie,6
Laliyah,6
Lazariya,6
Leiahna,6
Lianett,6
Lilyiana,6
Lizsandra,6
Lyannah,6
Madilene,6
Mahal,6
Mairenn,6
Makeira,6
Maleaya,6
Maxim,6
Maybelin,6
Mickaylah,6
Mishall,6
Neomy,6
Nevaha,6
Pacifica,6
Pushti,6
Reja,6
Rimya,6
Rylii,6
Salea,6
Sameriah,6
Samiira,6
Tabata,6
Tamariana,6
Tarajhi,6
Tazkia,6
Tazlyn,6
Tyjanay,6
Vidula,6
Yashaswini,6
Yaxiry,6
Zabdy,6
Zakarah,6
Zyyanna,6
Achazia,6
Adaelyn,6
Ailise,6
Amaryn,6
Annilyn,6
Arriyanah,6
Aryanni,6
Ashmeet,6
Ayanda,6
Bethanya,6
Cathrynn,6
Charlyann,6
Chaylyn,6
Chigozirim,6
Claudiajoy,6
Dearria,6
Edden,6
Ekin,6
Elleona,6
Isarely,6
Isibella,6
Ivaya,6
Jamyleth,6
Janyi,6
Jaxsen,6
Joplynn,6
Josaphina,6
Kamiyra,6
Kayllie,6
Kelei,6
Kensingtyn,6
Klowi,6
Kynnadee,6
Lexah,6
Lillea,6
Lyonna,6
Mackenlie,6
Maddlynn,6
Malek,6
Manija,6
Marvela,6
Natelee,6
Nelena,6
Neyamiah,6
Nyakume,6
Pavitra,6
Rhyane,6
Rutva,6
Sahri,6
Sahriya,6
Sathya,6
Shaileigh,6
Shehzeen,6
Solage,6
Tajsa,6
Teriya,6
Tiranke,6
Yahya,6
Yarisleidi,6
Zakaira,6
Zakyriah,6
Zanyria,6
Zy,6
Zyariah,6
Addlie,6
Adryn,6
Akiana,6
Alayjiah,6
Andelin,6
Anelah,6
Anemone,6
Annistin,6
Asauni,6
Asoni,6
Beesan,6
Brooklenn,6
Bryani,6
Daire,6
Davynn,6
Dmaria,6
Eavie,6
Eelyn,6
Emariya,6
Fairah,6
Giovannah,6
Jaliea,6
Janilya,6
Jiaxin,6
Kenyiah,6
Khloemarie,6
Kynidee,6
Lavani,6
Leiliany,6
Lenalee,6
Londynmarie,6
Loriyah,6
Lourd,6
Maelei,6
Maricielo,6
Mlak,6
Nagham,6
Nalei,6
Nashli,6
Niarose,6
Nuam,6
Omarianna,6
Rahela,6
Rosemarry,6
Sarhiya,6
Savanh,6
Semora,6
Sevinch,6
Shanyk,6
Stevii,6
Tavleen,6
Tenzley,6
Tomiyah,6
Tyleyah,6
Tynli,6
Vynessa,6
Xaida,6
Xavi,6
Yardena,6
Yeleini,6
Zalee,6
Zaylene,6
Zhiya,6
Zyri,6
Aamir,6
Aaryan,6
Adalize,6
Addylen,6
Alii,6
Amarley,6
Amella,6
Anibella,6
Arleena,6
Beah,6
Bralei,6
Calaysia,6
Charlemagne,6
Daviyah,6
Deeasia,6
Demonie,6
Devereaux,6
Dezyah,6
Elynne,6
Ephratah,6
Gemmalynn,6
Jaenelle,6
Janeily,6
Jazay,6
Jeliana,6
Jiyu,6
Joeylynn,6
Juliemarie,6
Kaebri,6
Kaleemah,6
Kalisse,6
Kamaliyah,6
Keauri,6
Kinzington,6
Kiyann,6
Kynder,6
Kynndal,6
Lulya,6
Maelis,6
Mayaar,6
Miaha,6
Namyia,6
Ofri,6
Oswyn,6
Paightyn,6
Paitlynn,6
Pratiksha,6
Raifah,6
Seleyna,6
Skiilar,6
Sopheia,6
Vincci,6
Zanoviah,6
Zarmina,6
Zaryha,6
Zasia,6
Zeenia,6
Zilin,6
Zoelyn,6
Zyahna,6
Zymya,6
Abilynn,6
Adyleigh,6
Ahnah,6
Aivley,6
Alaynnah,6
Alisynn,6
Allister,6
Amida,6
Ananshi,6
Anatolia,6
Andrijana,6
Anyieth,6
Areah,6
Ariahana,6
Bailasan,6
Briamarie,6
Brinli,6
Coralin,6
Denilah,6
Dileydi,6
Drashti,6
Einin,6
Empris,6
Ezmie,6
Gurjot,6
Hawwaa,6
Hinaea,6
Iyleen,6
Jasielle,6
Jaylaah,6
Kaisen,6
Kasadee,6
Katalya,6
Kaydrie,6
Khalii,6
Khalisah,6
Kileyann,6
Koralyne,6
Kristhel,6
Kyleighann,6
Lailarose,6
Layahna,6
Leddi,6
Lenyn,6
Liera,6
Lijana,6
Lilyrae,6
Linneah,6
Lyllia,6
Maelah,6
Mahaela,6
Maryjune,6
Maryona,6
Meiyi,6
Nahiomy,6
Neeah,6
Oluwatoniloba,6
Parina,6
Payshance,6
Penrose,6
Rinyah,6
Ritage,6
Sevara,6
Sharvani,6
Sicilee,6
Siryah,6
Sophyia,6
Srilakshmi,6
Tyrian,6
Umaira,6
Xinran,6
Yaleiza,6
Yeabsera,6
Yensy,6
Yessi,6
Yvianna,6
Zowii,6
Zynovia,6
Aaleiah,6
Aalinah,6
Ahrayah,6
Ailyah,6
Alennah,6
Ameline,6
Amiena,6
Amitis,6
Anannya,6
Angye,6
Aurelya,6
Avaah,6
Azeen,6
Calionna,6
Charlottemarie,6
Chrissiana,6
Clairah,6
Dallee,6
Deemah,6
Ellalynn,6
Fayelyn,6
Gaely,6
Gracesyn,6
Havya,6
Hudis,6
Huxlie,6
Javelin,6
Jeisy,6
Jiayue,6
Kaliese,6
Korlee,6
Ku,6
Lanarose,6
Leneah,6
Lennin,6
Lino,6
Lolana,6
Maeya,6
Maguette,6
Makenzley,6
Malenny,6
Miasophia,6
Murphey,6
Nadelynn,6
Naelynn,6
Paisynn,6
Peytonmarie,6
Rakshana,6
Raylnn,6
Rexalynn,6
Roseabella,6
Rousey,6
Rylene,6
Sameenah,6
Seyram,6
Temilayo,6
Thaya,6
Vivvian,6
Yarizmar,6
Yeshi,6
Zanelle,6
Adelea,6
Amalthea,6
Amata,6
Aniva,6
Arabellarose,6
Arhea,6
Ariadnna,6
Ariaya,6
Aspenn,6
Avajames,6
Azhani,6
Breeland,6
Britynn,6
Caislynn,6
Callianna,6
Caziyah,6
Colynn,6
Daiyah,6
Divleen,6
Emylah,6
Fatimetou,6
Finely,6
Germanii,6
Haigen,6
Hawthorne,6
Hikmah,6
Jaelys,6
Jasmeh,6
Juliena,6
Kavisha,6
Kayenat,6
Kiori,6
Kylayah,6
Kyper,6
Lexin,6
Lisabelle,6
Liss,6
Lorelay,6
Lynly,6
Maera,6
Magy,6
Maklynn,6
Marjaan,6
Mercygrace,6
Merveille,6
Michla,6
Milianys,6
Mirycal,6
Nafas,6
Natilea,6
Nikolija,6
Noorain,6
Nozanin,6
Pippi,6
Powell,6
Rianny,6
Sadler,6
Shiqi,6
Siari,6
Tafari,6
Tikva,6
Xarielys,6
Xariya,6
Yaleena,6
Yarelii,6
Adelynd,6
Adriti,6
Ahmena,6
Aleithia,6
Amiaa,6
Annalyah,6
Araylee,6
Arebella,6
Assil,6
Assiya,6
Avaleah,6
Aylish,6
Bhavishya,6
Brimley,6
Cahira,6
Callynn,6
Croix,6
Dhaani,6
Elizabell,6
Ellalouise,6
Emmerlyn,6
Eto,6
Eyvah,6
Farhia,6
Ghazl,6
Hailah,6
Harlynne,6
Hriti,6
Idaira,6
Jonaliz,6
Julietha,6
Junainah,6
Kabela,6
Kamai,6
Karasi,6
Kline,6
Kristynn,6
Kynzly,6
Ladraya,6
Lilabeth,6
Luzmarina,6
Lynnen,6
Markyiah,6
Milya,6
Nahili,6
Niilah,6
Ninarose,6
Nithara,6
Nmachi,6
Ogheneruno,6
Olyssa,6
Prynne,6
Reel,6
Reeti,6
Riyen,6
Serat,6
Sinachi,6
Siouxsie,6
Siyani,6
Skylett,6
Smira,6
Tayeba,6
Thanishka,6
Valeigh,6
Wynnifred,6
Yabsira,6
Yuneth,6
Zahavah,6
Zanora,6
Zielle,6
Zulaikha,6
Aadhyareddy,6
Adalayna,6
Ahed,6
Anyfer,6
Ariagrace,6
Arinya,6
Arjwan,6
Ataleigh,6
Averygrace,6
Beimnet,6
Benton,6
Bilge,6
Brayzlee,6
Brogen,6
Chicago,6
Daleny,6
Diari,6
Dmoni,6
Dyxie,6
Ehva,6
Elite,6
Ellara,6
Elsiana,6
Elyon,6
Eryan,6
Fadilah,6
Faylen,6
Fenyx,6
Frejya,6
Frumi,6
Geles,6
Gentree,6
Gilly,6
Gretl,6
Hafiza,6
Hanvi,6
Hazelanne,6
Ihana,6
Imery,6
Imina,6
Jadoir,6
Jaiani,6
Jakayln,6
Josleny,6
Jozefina,6
Kaelanie,6
Kaleesa,6
Kalisia,6
Kalonnie,6
Keavy,6
Kenndi,6
Kennzie,6
Khaleesie,6
Kycie,6
Kylann,6
Kymbrie,6
Kynnsley,6
Layanni,6
Lika,6
Lunagrace,6
Lynkin,6
Maevah,6
Maizi,6
Makenzlie,6
Malyla,6
Maryevelyn,6
Mehtab,6
Miayla,6
Modesire,6
Myari,6
Nakhyla,6
Nalaiah,6
Oliviarae,6
Raleah,6
Rhenlee,6
Riverrose,6
Roziyah,6
Saarya,6
Shwe,6
Sihi,6
Siloam,6
Siloe,6
Suyana,6
Symphonee,6
Syriyah,6
Tanitoluwa,6
Taseefa,6
Trinityrose,6
Versace,6
Willianny,6
Xailee,6
Xintong,6
Yelianny,6
Zaeli,6
Zelilah,6
Zhaviyah,6
Zohemi,6
Aaral,6
Aavani,6
Adajames,6
Adalaine,6
Addiah,6
Aittana,6
Akanesi,6
Alimae,6
Alyamamah,6
Amayalynn,6
Ambrose,6
Amiraa,6
Amnen,6
Arieyah,6
Arlani,6
Armeena,6
Averlyn,6
Axyl,6
Balsam,6
Brilliant,6
Camarah,6
Citrine,6
Colibri,6
Corleigh,6
Dellarose,6
Delysia,6
Dlayah,6
Dreami,6
Emiola,6
Ermias,6
Gaella,6
Ginebra,6
Gracelen,6
Gurasees,6
Gurnaz,6
Harleyrae,6
Heavenn,6
Iklas,6
Ilerioluwa,6
Immaculee,6
Jailiana,6
Jazyla,6
Kahory,6
Kaiari,6
Kaii,6
Kanarie,6
Kasai,6
Kayva,6
Keilahni,6
Keilanys,6
Kezlin,6
Kosem,6
Leilanirose,6
Lilionna,6
Lirael,6
Madix,6
Majestii,6
Malian,6
Mariaalice,6
Mohani,6
Moyosore,6
Nakhari,6
Nehara,6
Nitiksha,6
Niyyah,6
Novagrace,6
Oshin,6
Rivki,6
Rojan,6
Roshna,6
Sadierose,6
Sesasi,6
Shula,6
Siella,6
Sirrenity,6
Siyu,6
Soluna,6
Starlie,6
Sunnah,6
Survi,6
Tavayah,6
Tayiba,6
Teeda,6
Thiago,6
Tymberlee,6
Tymberlynn,6
Tynsleigh,6
Valhalla,6
Vayoleth,6
Winterlynn,6
Xiamora,6
Yadvi,6
Yulianny,6
Yuyan,6
Zaada,6
Zeona,6
Zhori,6
Zorielle,6
Acai,6
Adajane,6
Aehlani,6
Ahadi,6
Aidette,6
Akanni,6
Alenny,6
Alianni,6
Aljawharah,6
Allahni,6
Allaia,6
Almila,6
Amariella,6
Aminaa,6
Amoraa,6
Analaia,6
Analeiya,6
Anavrin,6
Anha,6
Aragsan,6
Arza,6
Athieng,6
Auslynn,6
Avanii,6
Avarenee,6
Avyannah,6
Aykiz,6
Aylahni,6
Aytanna,6
Aythana,6
Azazel,6
Azeena,6
Banx,6
Becklee,6
Bex,6
Birdi,6
Braxlynn,6
Brookllyn,6
Calihan,6
Charliejo,6
Cisne,6
Claudeth,6
Dalayiah,6
Derrielle,6
Dkota,6
Dreme,6
Dyor,6
Eitana,6
Elettra,6
Eliada,6
Elladee,6
Ellyannah,6
Elynnor,6
Ender,6
Eveliina,6
Ezrielle,6
Fraeya,6
Geanni,6
Greya,6
Haizlyn,6
Hendrixx,6
Historia,6
Holloway,6
Ilianys,6
Jailany,6
Jakaylen,6
Jalanii,6
Jaydaa,6
Josalie,6
Joudia,6
Kailo,6
Kaleesia,6
Kameila,6
Kamiri,6
Kaylianis,6
Keyori,6
Khapri,6
Kinzlei,6
Larajean,6
Ledger,6
Leyra,6
Loxlee,6
Luani,6
Lunari,6
Maevelyn,6
Makka,6
Marais,6
Maxlee,6
Mayahuel,6
Maybri,6
Mealla,6
Mehrish,6
Minnow,6
Moxi,6
Nafanua,6
Nazara,6
Nooreh,6
Novasky,6
Novayah,6
Noviah,6
Raegynn,6
Rayleena,6
Rhettlynn,6
Rivi,6
Riyasha,6
Romeli,6
Saavya,6
Sabbath,6
Solanna,6
Solvej,6
Tailani,6
Tieghan,6
Wilde,6
Wrinley,6
Wyomi,6
Xaya,6
Xila,6
Yomii,6
Zaianna,6
Zalilah,6
Zaneri,6
Zemi,6
Zhurii,6
Zhyla,6
Zirachi,6
Zorii,6
Lelie,5
Ottillie,5
Etelka,5
Pantha,5
Litta,5
Roxa,5
Maynie,5
Dorilla,5
Euphemie,5
Onezia,5
Gwladys,5
Icia,5
Silla,5
Phenie,5
Phronie,5
Enzie,5
Mayne,5
Myrtia,5
Philippina,5
Zudie,5
Pellie,5
Alleine,5
Leanner,5
Kinnie,5
Azema,5
Lelea,5
Celestie,5
Narsis,5
Mintha,5
Clevia,5
Eary,5
Leonis,5
Molla,5
Leecy,5
Odra,5
Oklahoma,5
Artena,5
Essye,5
Malvie,5
Oshie,5
Argatha,5
Lauda,5
Rosamonde,5
Bertile,5
Eddythe,5
Froney,5
Lotty,5
Luida,5
Vick,5
Volia,5
Athlyn,5
Audella,5
Huldia,5
Motie,5
Ruel,5
Wilcie,5
Alvilde,5
Arbelia,5
Birt,5
Dolorous,5
Edmay,5
Fallie,5
Finis,5
Fozie,5
Helmie,5
Leokadja,5
Mickelina,5
Oley,5
Pretto,5
Rivera,5
Scholastica,5
Sydonia,5
Uba,5
Uzella,5
Voneda,5
Williamina,5
Aagot,5
Addah,5
Adelean,5
Alferetta,5
Almar,5
Arpie,5
Avor,5
Beatha,5
Berlina,5
Burdelle,5
Burdine,5
Carriebell,5
Charlcy,5
Cosie,5
Covie,5
Elphie,5
Evilo,5
Flodie,5
Geronima,5
Giacomina,5
Gorizia,5
Hazele,5
Hiro,5
Irmina,5
Laoma,5
Lenar,5
Linie,5
Loudella,5
Lovine,5
Lucious,5
Margueritta,5
Matella,5
Maurietta,5
Mayzelle,5
Myril,5
Nondus,5
Olida,5
Ollye,5
Ozena,5
Theophane,5
Toots,5
Vadys,5
Varnie,5
Yone,5
Zida,5
Adolpha,5
Alieda,5
Arleaner,5
Biruta,5
Borgny,5
Cealie,5
Cedell,5
Chrysteen,5
Cleara,5
Cletys,5
Cylvia,5
Desales,5
Dolley,5
Eduvigen,5
Edyce,5
Eldrid,5
Etheldreda,5
Eudice,5
Eulice,5
Everal,5
Fanna,5
Flarrie,5
Flay,5
Gelia,5
Innie,5
Kazmiera,5
Kazu,5
Lavara,5
Leotis,5
Lolabelle,5
Lubie,5
Luciele,5
Marylena,5
Maydel,5
Mervyn,5
Mirth,5
Myrt,5
Olle,5
Ollene,5
Oppie,5
Ormi,5
Ovis,5
Pensacola,5
Rassie,5
Reetha,5
Rosalla,5
Rosamay,5
Rozia,5
Suoma,5
Themis,5
Trudis,5
Tsuruyo,5
Ulva,5
Vadia,5
Vero,5
Zolar,5
Abell,5
Agneta,5
Alama,5
Andrine,5
Bergetta,5
Bertella,5
Burmah,5
Casmera,5
Cheerful,5
Clero,5
Cordelle,5
Creolia,5
Cresie,5
Dorpha,5
Ebe,5
Elizabetha,5
Elmi,5
Erdell,5
Estaleen,5
Ethellee,5
Evada,5
Frozine,5
Gayola,5
Genievieve,5
Guerina,5
Hermania,5
Ilet,5
Ioan,5
Ivetta,5
Larenza,5
Lavancha,5
Leuvenia,5
Luease,5
Margerete,5
Marvil,5
Matildia,5
Mellicent,5
Mineko,5
Murtha,5
Myrne,5
Nobu,5
Noriene,5
Olyne,5
Ottelia,5
Palmera,5
Pansye,5
Philomen,5
Snoda,5
Tomoye,5
Vinola,5
Willabell,5
Wilmeth,5
Wilmot,5
Addle,5
Agneda,5
Alver,5
Alvernia,5
Ample,5
Armintha,5
Art,5
Athylene,5
Buster,5
Cleah,5
Clemintine,5
Clodean,5
Cloy,5
Conola,5
Edice,5
Edwa,5
Emmadell,5
Franciszka,5
Gallie,5
Geneivieve,5
Halcy,5
Hershel,5
Hisa,5
Hozel,5
Idalou,5
Iney,5
Ivo,5
Jurell,5
Lapearl,5
Letah,5
Lotha,5
Loubelle,5
Lueseal,5
Luly,5
Lusetta,5
Lutishia,5
Margueriette,5
Miladie,5
Mildra,5
Misue,5
Morton,5
Nadeene,5
Narciss,5
Neata,5
Ogreta,5
Onetia,5
Othal,5
Pheby,5
Quella,5
Reedie,5
Reesie,5
Satsuko,5
Swanie,5
Theopa,5
Tiofila,5
Valaska,5
Vaneda,5
Wahnita,5
Wheeler,5
Williard,5
Zubie,5
Aleph,5
Algertha,5
Almarene,5
Althera,5
Annunciata,5
Arvillia,5
Avonel,5
Birdye,5
Birty,5
Blaza,5
Bonzie,5
Burneta,5
Burney,5
Castoria,5
Coraine,5
Everlener,5
Folia,5
Fraces,5
Gladus,5
Hartie,5
Henryka,5
Hilia,5
Icelene,5
Ideal,5
Idellia,5
Ilmi,5
Iolia,5
Iren,5
Itasca,5
Jenive,5
Josepine,5
Katheriene,5
Katsue,5
Leonise,5
Loriena,5
Lotella,5
Lucenia,5
Lurah,5
Luvella,5
Mathie,5
Maudestine,5
Mecie,5
Meller,5
Melna,5
Nellean,5
Nellora,5
Oreane,5
Orien,5
Orise,5
Orleen,5
Pauleta,5
Quennie,5
Ravenel,5
Sadame,5
Salvatora,5
Shinobu,5
Spicie,5
Valoris,5
Veril,5
Verlan,5
Vetha,5
Vine,5
Virgal,5
Westonia,5
Willielee,5
Winton,5
Wynnell,5
Almeria,5
Annagene,5
Argentine,5
Armen,5
Artella,5
Aubie,5
Auretta,5
Bedell,5
Blancha,5
Bloomie,5
Cecel,5
Delavina,5
Doraline,5
Edmere,5
Ellease,5
Elneda,5
Ethelmay,5
Euba,5
Eufrasia,5
Gencie,5
Gleeta,5
Graple,5
Hubertine,5
Irvine,5
Isable,5
Lorreta,5
Louvine,5
Lucell,5
Lueberta,5
Lugardita,5
Macola,5
Maguerite,5
Martiel,5
Mentie,5
Merlisa,5
Misaye,5
Myrtes,5
Nervia,5
Odesa,5
Orina,5
Orsola,5
Roeberta,5
Sachiye,5
Salvadora,5
Umeyo,5
Ursaline,5
Veolia,5
Weona,5
Yaeno,5
Ysaura,5
Yuba,5
Zellamae,5
Zepher,5
Adelaid,5
Almera,5
Alwillie,5
Annielou,5
Arimentha,5
Arleine,5
Armittie,5
Athala,5
Augie,5
Beautrice,5
Berl,5
Berthalee,5
Birthel,5
Burdena,5
Calanthe,5
Clarys,5
Conelia,5
Correan,5
Darlien,5
Ebna,5
Eldee,5
Elviria,5
Eudena,5
Eurania,5
Euree,5
Excell,5
Fidella,5
Flava,5
Floribel,5
Fredith,5
Freeman,5
Glover,5
Gynith,5
Hansel,5
Iletta,5
Jenola,5
Johnsy,5
Joshie,5
Junietta,5
Justilia,5
Kayoko,5
Levaun,5
Levert,5
Loycie,5
Luedora,5
Lutrell,5
Luzenia,5
Madgel,5
Maxola,5
Mayree,5
Mitsuru,5
Oella,5
Onis,5
Oreen,5
Otome,5
Plassie,5
Rovina,5
Sarabel,5
Sid,5
Tenora,5
Thlema,5
Velmo,5
Vernadeen,5
Vieda,5
Viella,5
Virginiamae,5
Waldena,5
Wenola,5
Willimena,5
Zular,5
Zulmira,5
Alcine,5
Aldah,5
Benvinda,5
Bettee,5
Clidy,5
Doney,5
Drusie,5
Earleene,5
Elbie,5
Eldamae,5
Elderine,5
Ellarine,5
Elloween,5
Elowese,5
Elua,5
Esteline,5
Eta,5
Felecie,5
Flemmie,5
Fortunate,5
Fostina,5
Geogia,5
Glyda,5
Higinia,5
Juanito,5
Laurentine,5
Leeoma,5
Lewella,5
Lubina,5
Madlynne,5
Margeree,5
Mertle,5
Mitsu,5
Montry,5
Mural,5
Nadell,5
Newton,5
Ordie,5
Orietta,5
Otsie,5
Ovel,5
Palmena,5
Pirley,5
Raymelle,5
Raymunda,5
Regna,5
Rosellar,5
Rosietta,5
Ruthlee,5
Severia,5
Teenie,5
Verrona,5
Versal,5
Vinona,5
Virgnia,5
Wanzie,5
Zellar,5
Adala,5
Arzilla,5
Avola,5
Berdeen,5
Burdene,5
Burleen,5
Carmelo,5
Chizu,5
Clidie,5
Corneal,5
Crettie,5
Dorithy,5
Earsell,5
Ellece,5
Eraine,5
Everee,5
Floraida,5
Gensie,5
Hildah,5
Imal,5
Ineda,5
Jesucita,5
Loarine,5
Louvada,5
Luevertha,5
Lurlyne,5
Melcina,5
Mirle,5
Momoe,5
Musie,5
Nathel,5
Pannie,5
Parniece,5
Raymah,5
Splendora,5
Sterline,5
Thelmar,5
Thorine,5
Tsutako,5
Udella,5
Vendla,5
Vivin,5
Voleta,5
Aetna,5
Alford,5
Arillia,5
Artell,5
Atline,5
Audley,5
Beathrice,5
Belua,5
Chadyeane,5
Cloree,5
Clura,5
Cotha,5
Darlynne,5
Dormalee,5
Elladean,5
Elnara,5
Eudella,5
Eufaula,5
Flosie,5
Fordie,5
Georgio,5
Gervase,5
Getrudes,5
Gus,5
Idoma,5
Inelle,5
Jenettie,5
Juneve,5
Laeuna,5
Launia,5
Lauvenia,5
Leady,5
Lorensa,5
Luzell,5
Marieange,5
Melchora,5
Moy,5
Myrdell,5
Myreta,5
Natella,5
Nelvie,5
Normalea,5
Parie,5
Roenia,5
Rosala,5
Rozellia,5
Sachiyo,5
Serafine,5
Sewilla,5
Socoro,5
Veldia,5
Verabelle,5
Veron,5
Vetrice,5
Wiladean,5
Williadean,5
Aloyse,5
Alwayne,5
Alzata,5
Annies,5
Ardy,5
Arleon,5
Bertelle,5
Blon,5
Booker,5
Conferina,5
Cubia,5
Dorlean,5
Dorth,5
Eardie,5
Earldene,5
Eliose,5
Emolene,5
Eolia,5
Ermalea,5
Evleyn,5
Fada,5
Fannette,5
Fauniel,5
Fibbie,5
Floya,5
Glafira,5
Goldina,5
Gunvor,5
Guydra,5
Heriberta,5
Hermance,5
Ignacita,5
Irline,5
Jesteen,5
Kaola,5
Kathrean,5
Laveryl,5
Luberdie,5
Ludvina,5
Luler,5
Lurlee,5
Luvonia,5
Marguery,5
Mariejeanne,5
Merdell,5
Monzell,5
Murdie,5
Myrlee,5
Nerma,5
Nobuye,5
Novela,5
Obeda,5
Orothy,5
Ozel,5
Queenell,5
Ratchel,5
Remigia,5
Roney,5
Secundina,5
Selester,5
Sylbia,5
Tiodora,5
Varian,5
Verlla,5
Virgine,5
Wilford,5
Zulla,5
Alcy,5
Ardonia,5
Argent,5
Arzona,5
Atrice,5
Cesira,5
Connell,5
Despena,5
Dolorosa,5
Eleanar,5
Elinar,5
Elwin,5
Ereline,5
Ermenia,5
Georgiena,5
Gurtrue,5
Gustena,5
Gwindolyn,5
Immogene,5
Jauneta,5
Jewellene,5
Jonnye,5
Larean,5
Lavan,5
Learlene,5
Leother,5
Lethe,5
Loramae,5
Lubell,5
Marvilla,5
Maydee,5
Mazle,5
Merrium,5
Murnie,5
Natsuyo,5
Ocella,5
Olin,5
Orland,5
Vanteen,5
Verly,5
Vernez,5
Zenorah,5
Aloa,5
Apolinar,5
Athlee,5
Bubbles,5
Burnes,5
Carmaline,5
Donajean,5
Enrriqueta,5
Ethelbert,5
Eulina,5
Euradell,5
Eurie,5
Floie,5
Genva,5
Iralene,5
Isebell,5
Ivell,5
Jahala,5
Junilla,5
Louina,5
Luceile,5
Luedella,5
Luraine,5
Maerose,5
Maltie,5
Margelene,5
Marguree,5
Martile,5
Mcneva,5
Meada,5
Mearline,5
Merce,5
Merlyne,5
Napoleon,5
Novelia,5
Roscoe,5
Velois,5
Virble,5
Willease,5
Aulda,5
Benancia,5
Bentura,5
Bett,5
Bettymarie,5
Cleetus,5
Constande,5
Delorce,5
Dorothene,5
Eduvijes,5
Elzira,5
Emogine,5
Eshter,5
Eulema,5
Gerldean,5
Huey,5
Jeroma,5
Loweta,5
Lowrine,5
Maxey,5
Merwin,5
Oriole,5
Purlie,5
Raeola,5
Rafaila,5
Rethal,5
Roddie,5
Rosanell,5
Sytha,5
Thurman,5
Verdel,5
Wynonah,5
Almetter,5
Burdie,5
Cleoma,5
Clydel,5
Coella,5
Delouris,5
Edmona,5
Ellawease,5
Enriquetta,5
Eralia,5
Ermma,5
Evylene,5
Gwytha,5
Itsue,5
Jeanettie,5
Margretha,5
Mickelena,5
Nicanora,5
Pearletta,5
Refujio,5
Romain,5
Rosenia,5
Suyeko,5
Waneita,5
Zelline,5
Berthina,5
Bonell,5
Chinester,5
Claranell,5
Doloria,5
Dolres,5
Donelia,5
Dretha,5
Duveen,5
Erlys,5
Evajo,5
Farice,5
Fernell,5
Florrine,5
Girther,5
Hercilia,5
Innis,5
Jerrylene,5
Lalar,5
Leoba,5
Linwood,5
Logene,5
Lourdine,5
Marshie,5
Maudra,5
Merlon,5
Rejane,5
Rhetha,5
Rolland,5
Rozine,5
Urbana,5
Vandalia,5
Vaunita,5
Verian,5
Zelmadene,5
Airlene,5
Aldoris,5
Altermease,5
Ardilia,5
Calonia,5
Cleonia,5
Clotell,5
Costello,5
Fedelia,5
Felipita,5
Geneil,5
Jerralee,5
Kuniko,5
Larrine,5
Lueva,5
Marclene,5
Merium,5
Ned,5
Ruenell,5
Theressia,5
Unia,5
Vicey,5
Wydell,5
Wyma,5
Zenolia,5
Arizonia,5
Athie,5
Clotie,5
Earsley,5
Ertie,5
Ilomae,5
Jerane,5
Larnell,5
Levella,5
Leverda,5
Maralou,5
Marthaann,5
Marthalene,5
Narvelle,5
Thad,5
Vereda,5
Wandell,5
Zelder,5
Alphine,5
Clytia,5
Elmae,5
Ethil,5
Felton,5
Finnie,5
Gereline,5
Lartha,5
Melinee,5
Merdice,5
Minnia,5
Orcella,5
Paublita,5
Rilma,5
Sedell,5
Toleda,5
Verbia,5
Waddie,5
Willietta,5
Ammer,5
Arlane,5
Autra,5
Boncile,5
Daloris,5
Deyonne,5
Dorlee,5
Elzenia,5
Glennora,5
Glyna,5
Glynice,5
Hubbie,5
Jeweldene,5
Levata,5
Madrene,5
Moonyean,5
Tency,5
Trillis,5
Vae,5
Verdeen,5
Veree,5
Warrine,5
Wilella,5
Aillene,5
Alrita,5
Berteal,5
Chrisanthe,5
Durlene,5
Geroline,5
Gurlie,5
Ivra,5
Josiephene,5
Lodine,5
Majorlynn,5
Marqueen,5
Merrlyn,5
Nanalee,5
Norda,5
Reaner,5
Rosalean,5
Saralie,5
Vonell,5
Walterene,5
Wynoma,5
Annease,5
Arlowene,5
Bartie,5
Cleopatria,5
Darlie,5
Earnestean,5
Elreta,5
Fayerene,5
Leahrae,5
Marnella,5
Oatha,5
Omma,5
Oralene,5
Patritia,5
Thaylia,5
Watha,5
Anglee,5
Arless,5
Buddie,5
Caroldean,5
Cloetta,5
Dallene,5
Darlyene,5
Gaynol,5
Hildra,5
Matline,5
Norretta,5
Olna,5
Rebe,5
Rebertha,5
Swanee,5
Thurla,5
Wyota,5
Algerine,5
Aliceteen,5
Arthalia,5
Bevereley,5
Claritha,5
Darlaine,5
Elcy,5
Eloida,5
Ervena,5
Lornalee,5
Neldean,5
Norvie,5
Rosettia,5
Sherrod,5
Valdine,5
Wavalene,5
Algean,5
Carollou,5
Eleane,5
Fredlyn,5
Lovelia,5
Maridean,5
Marylean,5
Normia,5
Oteka,5
Samma,5
Suedell,5
Wyonnia,5
Alvonia,5
Arjean,5
Ermia,5
Evila,5
Federico,5
Jestene,5
Louiseann,5
Lowayne,5
Neatha,5
Oneatha,5
Barber,5
Caroldine,5
Evalean,5
Floydell,5
Lutrecia,5
Mardith,5
Mitty,5
Nawatha,5
Norvel,5
Petria,5
Sonjie,5
Torchie,5
Valdean,5
Zeldia,5
Aloah,5
Annjane,5
Bartha,5
Benne,5
Donivee,5
Florisa,5
Franes,5
Garlyn,5
Gaylord,5
Gerogia,5
Harline,5
Hughlene,5
Idanell,5
Judithanne,5
Larrene,5
Lindal,5
Loel,5
Lueretha,5
Maita,5
Margearet,5
Meredythe,5
Monzella,5
Nancyjane,5
Royalene,5
Urline,5
Alnetia,5
Angharad,5
Carmene,5
Conzuelo,5
Faydean,5
Glendal,5
Loya,5
Marcyanna,5
Marvaline,5
Cherill,5
Dieatra,5
Elosie,5
Eugonda,5
Georgella,5
Judyne,5
Jurene,5
Katreen,5
Marilon,5
Marlynne,5
Orlidia,5
Rosaleta,5
Wavelyn,5
Allita,5
Bretha,5
Charloette,5
Charolyn,5
Guinda,5
Lonnia,5
Mikey,5
Queene,5
Ruthlene,5
Sharyan,5
Sherrille,5
Tynie,5
Willien,5
Charen,5
Charolene,5
Doriene,5
Georgenna,5
Glendel,5
Janys,5
Loreeta,5
Merrikay,5
Mura,5
Nicholetta,5
Pearlann,5
Ruthye,5
Sharleene,5
Sharlen,5
Sharynne,5
Walene,5
Williametta,5
Aldonna,5
Arthetta,5
Asenith,5
Barbaraanne,5
Bonalyn,5
Candius,5
Earnell,5
Faune,5
Geline,5
Glennia,5
Gwyne,5
Jerel,5
Kathay,5
Lloydine,5
Loverne,5
Luetricia,5
Marigail,5
Marileen,5
Michiele,5
Nanciann,5
Nancyanne,5
Nellann,5
Polley,5
Ronalie,5
Susyn,5
Trucilla,5
Verlynn,5
Vonceal,5
Charry,5
Clairann,5
Etheldra,5
Genoria,5
Javene,5
Jerilene,5
Jimetta,5
Louisette,5
Lynwood,5
Mariruth,5
Maydeen,5
Meldora,5
Revon,5
Sandal,5
Shurlene,5
Udelia,5
Wrayanne,5
Barnie,5
Berinda,5
Bernia,5
Blendia,5
Brooksey,5
Cheryla,5
Donagene,5
Earthel,5
Eulinda,5
Guinette,5
Harrilyn,5
Laida,5
Larnette,5
Marshalene,5
Peggylee,5
Raellen,5
Raydean,5
Renah,5
Sharlan,5
Sharolynn,5
Sherralyn,5
Teddye,5
Terrayne,5
Thaddea,5
Ardia,5
Arland,5
Beather,5
Cathlean,5
Donalynn,5
Donneta,5
Driscilla,5
Evorn,5
Fabiene,5
Franne,5
Gonzella,5
Guyann,5
Jerrlyn,5
Layvonne,5
Learta,5
Lynder,5
Margette,5
Marval,5
Nadara,5
Nonah,5
Pearletha,5
Randeen,5
Randene,5
Saratha,5
Truddie,5
Valdene,5
Verneita,5
Virlinda,5
Wyline,5
Alphea,5
Ballarie,5
Charlona,5
Cherrilynn,5
Condol,5
Cristeen,5
Deen,5
Dicki,5
Fayleen,5
Fracine,5
Franda,5
Georgiane,5
Gregorio,5
Laurrine,5
Levearn,5
Margaretjo,5
Marjeanne,5
Maryelaine,5
Meryll,5
Michealene,5
Prenella,5
Rodonna,5
Sheary,5
Sheldia,5
Yolonde,5
Benda,5
Claudea,5
Debrea,5
Delephine,5
Jhan,5
Joeen,5
Kathran,5
Larkie,5
Lavenna,5
Lejoyce,5
Ligita,5
Lilita,5
Loutricia,5
Luvonne,5
Noretha,5
Penella,5
Susin,5
Tudy,5
Vandra,5
Vija,5
Baiba,5
Charlain,5
Connice,5
Dalva,5
Debor,5
Debralyn,5
Debrha,5
Delanne,5
Delborah,5
Deloice,5
Donnas,5
Dorretta,5
Evelyon,5
Flame,5
Gailanne,5
Guyanne,5
Halyna,5
Hirma,5
Jacynthia,5
Lerena,5
Luereatha,5
Luzette,5
Marlice,5
Melbra,5
Nilene,5
Phillistine,5
Verdi,5
Annetha,5
Arlease,5
Cairn,5
Cappy,5
Carlleen,5
Chinesta,5
Deatta,5
Debarh,5
Delba,5
Dolleen,5
Donamarie,5
Gardina,5
Gerolyn,5
Gwynetta,5
Karola,5
Lavinnia,5
Lindaa,5
Louaine,5
Lynis,5
Maradee,5
Marshan,5
Marylinn,5
Moretta,5
Noranne,5
Pamalia,5
Pamma,5
Philistine,5
Ragenia,5
Rela,5
Ruann,5
Sherelene,5
Sunnee,5
Terresia,5
Thadine,5
Thressia,5
Toxi,5
Turea,5
Vanie,5
Vinni,5
Alieen,5
Brennda,5
Caffey,5
Deletta,5
Dennese,5
Des,5
Gloretha,5
Guadulupe,5
Jeannice,5
Jenanne,5
Kathyern,5
Kenette,5
Lafrancine,5
Leanetta,5
Lennett,5
Lewann,5
Lourita,5
Mellodee,5
Nelba,5
Sheriel,5
Shielah,5
Shirleeta,5
Valyre,5
Annese,5
Artensia,5
Charlsa,5
Davlyn,5
Debbey,5
Decca,5
Dewetta,5
Dinnah,5
Gareth,5
Glorius,5
Jannita,5
Jimalee,5
Joyee,5
Lendra,5
Lourinda,5
Lurenda,5
Marceen,5
Martee,5
Marvlene,5
Nanelle,5
Omeria,5
Pamilyn,5
Radell,5
Raleen,5
Raynae,5
Raynel,5
Sharoll,5
Sjana,5
Veanne,5
Vilija,5
Vonnette,5
Althelia,5
Arnitha,5
Bernalee,5
Binky,5
Bryndis,5
Cheire,5
Cind,5
Cynthiaa,5
Darnese,5
Deboraah,5
Dianthia,5
Glenndora,5
Glyndora,5
Gwan,5
Gwender,5
Gwendia,5
Jodena,5
Judell,5
Judey,5
Kibbie,5
Kimbal,5
Ladonda,5
Lenett,5
Mardena,5
Minga,5
Mmary,5
Noleen,5
Paty,5
Rossalind,5
Sandora,5
Siesta,5
Son,5
Theresann,5
Vestina,5
Yevetta,5
Zeborah,5
Zebra,5
Arvia,5
Beatrica,5
Belverly,5
Bethie,5
Bonitta,5
Chirley,5
Corbi,5
Darleena,5
Dorsi,5
Gweneva,5
Jain,5
Judilynn,5
Kahne,5
Kathyy,5
Kemmie,5
Kimberlyy,5
Laurett,5
Louisia,5
Marel,5
Medena,5
Monsita,5
Paulinda,5
Pixley,5
Rhodonna,5
Sandry,5
Suzzie,5
Tambry,5
Tootie,5
Vernetia,5
Wyzetta,5
Adorn,5
Bamby,5
Barbaraa,5
Birgitte,5
Blynda,5
Carelyn,5
Cissie,5
Corienne,5
Cyanthia,5
Debrra,5
Dobbie,5
Dolene,5
Dorane,5
Elgina,5
Inett,5
Jayetta,5
Kebbie,5
Kimatha,5
Kitza,5
Kookie,5
Latangie,5
Lorrel,5
Marsetta,5
Pamlyn,5
Raenae,5
Ravonne,5
Sharalynn,5
Shauneille,5
Audrone,5
Betsye,5
Brendaa,5
Cintra,5
Danile,5
Delea,5
Demmie,5
Deverly,5
Gearld,5
Heidimarie,5
Jance,5
Jeanitta,5
Jeannell,5
Jerrae,5
Josine,5
Kimella,5
Lahonda,5
Laneva,5
Launda,5
Leicia,5
Leonice,5
Lica,5
Linnda,5
Malaine,5
Marilinda,5
Maryterese,5
Myran,5
Nalene,5
Pandi,5
Pandra,5
Perianne,5
Petite,5
Raylean,5
Roseellen,5
Shonni,5
Ssirley,5
Swanda,5
Sybrena,5
Syndia,5
Varda,5
Vernay,5
Viv,5
Wendlyn,5
Alfreada,5
Carolita,5
Charylene,5
Connstance,5
Crisann,5
Csilla,5
Daran,5
Darlita,5
Dauri,5
Delonia,5
Gamble,5
Gerita,5
Janic,5
Jelayne,5
Jevita,5
Jodyne,5
Johnnia,5
Ketta,5
Kipp,5
Laurance,5
Lavalle,5
Lerita,5
Marycela,5
Mavelyn,5
Ody,5
Pamara,5
Pammi,5
Remelda,5
Renitha,5
Rozeta,5
Rynette,5
Sharonette,5
Sherall,5
Shirlane,5
Tamhra,5
Teenia,5
Tonice,5
Valirie,5
Victorene,5
Zoeanne,5
Alfanette,5
Antoni,5
Artra,5
Brinder,5
Content,5
Debraoh,5
Debroa,5
Deeda,5
Deralyn,5
Didra,5
Dinnie,5
Dwyn,5
Elander,5
Gwennetta,5
Gwinn,5
Kaaron,5
Kayetta,5
Kini,5
Lavorn,5
Lindella,5
Lujuan,5
Lynneann,5
Maryvel,5
Melvonia,5
Merrilu,5
Nancianne,5
Pameal,5
Parri,5
Patrichia,5
Pennyann,5
Rean,5
Sherr,5
Sone,5
Soula,5
Tamasine,5
Vindetta,5
Vonn,5
Aldrina,5
Balynda,5
Bernda,5
Berrie,5
Charetta,5
Charotte,5
Culleen,5
Dedrah,5
Deidri,5
Doranda,5
Ellette,5
Ennette,5
Ewanda,5
Flechia,5
Francel,5
Gaileen,5
Grinda,5
Heller,5
Jaculine,5
Joelaine,5
Juella,5
Lachonne,5
Laraye,5
Lawenda,5
Leicha,5
Lisajean,5
Lolethia,5
Lorrian,5
Marsue,5
Maryellyn,5
Nannett,5
Panela,5
Personna,5
Raunda,5
Resia,5
Rhnea,5
Sheraldine,5
Sherile,5
Therse,5
Virgini,5
Vonnita,5
Wyndie,5
Annemargaret,5
Annemary,5
Aundrey,5
Babbett,5
Bavan,5
Bellinda,5
Benilda,5
Berita,5
Carles,5
Cliftina,5
Danielia,5
Darlynda,5
Deaneen,5
Debbee,5
Deirore,5
Demetras,5
Deneem,5
Detri,5
Detric,5
Dinise,5
Dlinda,5
Enette,5
Eschelle,5
Guendalina,5
Halane,5
Herlaine,5
Jacqelyn,5
Jevette,5
Judylynn,5
Kelleyann,5
Kimbla,5
Lucertia,5
Marletha,5
Minelba,5
Panchita,5
Pandoria,5
Rhodena,5
Rosean,5
Salandra,5
Shele,5
Thesa,5
Trivian,5
Tulisa,5
Vanness,5
Wrenda,5
Almida,5
Annmari,5
Apasra,5
Benessa,5
Cheretta,5
Deboral,5
Deella,5
Delenia,5
Denne,5
Filiz,5
Fontilla,5
Kearn,5
Lanesa,5
Larnice,5
Lycrecia,5
Mayann,5
Mellyora,5
Melvita,5
Neale,5
Patrisa,5
Princilla,5
Schell,5
Teralee,5
Teresaann,5
Terraine,5
Verdonna,5
Vichelle,5
Vionette,5
Yolenda,5
Barbare,5
Bedar,5
Camillie,5
Chynthia,5
Coulette,5
Darleta,5
Deleatrice,5
Denitta,5
Dienne,5
Eleasa,5
Evonn,5
Felinda,5
Frita,5
Jinjer,5
Jowell,5
Jujuan,5
Julin,5
Kimbrley,5
Konny,5
Lavondia,5
Lorida,5
Lorrisa,5
Moneque,5
Pemela,5
Pertrina,5
Sheil,5
Taffeta,5
Tayne,5
Teha,5
Treda,5
Wendylee,5
Yvelle,5
Aundreia,5
Bart,5
Charlla,5
Chineta,5
Coreene,5
Crispin,5
Cytnhia,5
Darron,5
Dawm,5
Dorra,5
Dyvonne,5
Faryl,5
Febie,5
Gigette,5
Guendolyn,5
Lennia,5
Letriana,5
Marialana,5
Molette,5
Molissa,5
Nagela,5
Nichella,5
Pageant,5
Paulyn,5
Reshon,5
Shelayne,5
Shirletha,5
Suelyn,5
Sulynn,5
Tammetha,5
Tangular,5
Tarnya,5
Teneke,5
Thelisa,5
Undria,5
Uvonka,5
Vedette,5
Velarie,5
Vondia,5
Wynda,5
Adriennie,5
Angelite,5
Anglene,5
Barbett,5
Bettine,5
Carlana,5
Caroyn,5
Casandr,5
Coleeta,5
Corsandra,5
Dalane,5
Daretha,5
Deneva,5
Dinean,5
Donal,5
Dondie,5
Doug,5
Eshell,5
Greda,5
Joezette,5
Joset,5
Jozett,5
Karoleigh,5
Latyna,5
Loryssa,5
Lycinda,5
Lyshon,5
Marshalle,5
Merchelle,5
Mitsie,5
Pene,5
Ravi,5
Rhond,5
Roianne,5
Rumonda,5
Shawndi,5
Sherrene,5
Shiretta,5
Sujatha,5
Tanjie,5
Terenna,5
Terrilynne,5
Urszula,5
Verlanda,5
Vermonica,5
Vernisa,5
Yahne,5
Youlander,5
Aliisa,5
Anke,5
Biafra,5
Bronica,5
Clinetta,5
Contrena,5
Danja,5
Daughn,5
Deannette,5
Deelynn,5
Deonda,5
Dinneen,5
Fellicia,5
Grasha,5
Hans,5
Hedie,5
Inelda,5
Jamene,5
Jazette,5
Jenitha,5
Jileen,5
Kellei,5
Lalainia,5
Lelanya,5
Loreene,5
Lyndale,5
Mcihelle,5
Michiel,5
Nickcola,5
Ninnette,5
Pamlia,5
Raemarie,5
Rechetta,5
Rochon,5
Rondie,5
Ronnet,5
Rosonda,5
Rotonia,5
Sharney,5
Shellaine,5
Shellisa,5
Shonn,5
Sibrina,5
Sonza,5
Stephennie,5
Tamalia,5
Tammila,5
Tammylee,5
Taunie,5
Terrissa,5
Terrolyn,5
Therease,5
Tonza,5
Toyea,5
Troas,5
Uranus,5
Urena,5
Vawn,5
Wyndee,5
Altonia,5
Angil,5
Bethellen,5
Cama,5
Carlitta,5
Celetha,5
Chantez,5
Chemane,5
Cheriann,5
Cherrisse,5
Chirelle,5
Chrisitne,5
Cindya,5
Colisa,5
Dawndi,5
Dawnett,5
Dlana,5
Earlisa,5
Egina,5
Euginia,5
Evangelita,5
Giuditta,5
Irit,5
Jacine,5
Jacqualyne,5
Jevonda,5
Jodyann,5
Jogina,5
Keischa,5
Kennith,5
Kuwana,5
Lasheryl,5
Lashurn,5
Latracy,5
Londrea,5
Machael,5
Marcellus,5
Marivell,5
Maticia,5
Milisia,5
Minelva,5
Nekki,5
Nicco,5
Quetzy,5
Rechele,5
Rodriguez,5
Rouchelle,5
Sauna,5
Shantih,5
Sharif,5
Shelette,5
Shem,5
Shennan,5
Shevella,5
Shirron,5
Shonnetta,5
Shyrene,5
Tamboura,5
Tammmy,5
Tavish,5
Terronda,5
Tiessa,5
Tiffnie,5
Tiiu,5
Tinette,5
Tobye,5
Tonija,5
Tonise,5
Toschia,5
Tracei,5
Tracianne,5
Tresca,5
Abraxas,5
Anjanett,5
Anjennette,5
Bernessa,5
Carna,5
Cerri,5
Charlottle,5
Chontelle,5
Collenn,5
Corelle,5
Demetricia,5
Deveta,5
Dindi,5
Garri,5
Gidgette,5
Gretal,5
Hopi,5
Johnel,5
Katrisa,5
Kimbrell,5
Kishla,5
Kisia,5
Lalenia,5
Lashown,5
Latanyia,5
Lawanika,5
Leatricia,5
Lynnete,5
Marilina,5
Meshel,5
Mishia,5
Natalene,5
Nekol,5
Nunzia,5
Orlenda,5
Recina,5
Reginal,5
Retonya,5
Rhinda,5
Rosylin,5
Sahron,5
Sebrinia,5
Shangaleza,5
Shelbra,5
Sherunda,5
Sheshe,5
Shinda,5
Suprenia,5
Taba,5
Tameyka,5
Tanuja,5
Tawanne,5
Teffani,5
Temeko,5
Thrisa,5
Tomora,5
Tonisia,5
Trishalana,5
Twonda,5
Urina,5
Velvett,5
Yawanda,5
Yedda,5
Yolana,5
Yvalondra,5
Aarona,5
Ameika,5
Anaberta,5
Antona,5
Camishia,5
Cartrina,5
Cassonia,5
Catrinna,5
Chejuana,5
Chrisinda,5
Colanda,5
Constina,5
Continia,5
Dadra,5
Delanya,5
Denetia,5
Desandra,5
Diallo,5
Foluke,5
Franchetta,5
Gecenia,5
Giget,5
Ginney,5
Jeneine,5
Kellisa,5
Khrishna,5
Kisher,5
Kontrina,5
Kristieann,5
Kristinn,5
Kurtina,5
Lajauna,5
Larell,5
Lashalle,5
Lasherrie,5
Lashundia,5
Latatia,5
Latoina,5
Latric,5
Litonia,5
Lonnita,5
Lusha,5
Maradith,5
Marijuana,5
Matt,5
Mitza,5
Natarshia,5
Ninia,5
Rhochelle,5
Richette,5
Rochan,5
Rondee,5
Ronke,5
Rosenna,5
Rukaiyah,5
Runako,5
Sandr,5
Shamay,5
Sharlanda,5
She,5
Shemaine,5
Shennell,5
Shevetta,5
Sonica,5
Tanglia,5
Tarcia,5
Tashanika,5
Tatanishia,5
Tawann,5
Thurayya,5
Tiawanda,5
Tilwanda,5
Tirina,5
Tocha,5
Tomicko,5
Tushara,5
Uhuru,5
Urhonda,5
Waconda,5
Yaphet,5
Zeporia,5
Aggeliki,5
Aliska,5
Altrina,5
Amanita,5
Anderea,5
Androniki,5
Arniece,5
Arnise,5
Asela,5
Atricia,5
Brydie,5
Calita,5
Carmalena,5
Chamise,5
Chelon,5
Cherlonda,5
Chitina,5
Crmen,5
Danuel,5
Denena,5
Dequanda,5
Dequilla,5
Gaela,5
Gorete,5
Jannea,5
Jeenifer,5
Jerrina,5
Johnitta,5
Kanette,5
Kayo,5
Keichia,5
Keysia,5
Kishma,5
Knicole,5
Kritina,5
Kuwanna,5
Ladonja,5
Laquetha,5
Lashaw,5
Lashunya,5
Lata,5
Lemonica,5
Letrina,5
Lovonda,5
Mahisha,5
Mashunda,5
Michaell,5
Rayonda,5
Roopal,5
Sepia,5
Shanrica,5
Shantie,5
Shaughn,5
Shawndelle,5
Shawneeque,5
Shermain,5
Sherneice,5
Shondolyn,5
Shunya,5
Sylvonia,5
Tahna,5
Tamicko,5
Taritha,5
Taushia,5
Temesa,5
Tilena,5
Torris,5
Trevira,5
Urika,5
Vashion,5
Vershawn,5
Yuvonda,5
Aliette,5
Argyro,5
Arneice,5
Awn,5
Biljana,5
Bobbilynn,5
Bolanle,5
Caletha,5
Cartisha,5
Catressa,5
Chiriga,5
Chistie,5
Dayo,5
Demetia,5
Dennae,5
Detrica,5
Dorica,5
Dwaina,5
Etonya,5
Euricka,5
Gittle,5
Jeness,5
Jenniper,5
Jonene,5
Juaria,5
Judite,5
Kamberly,5
Kesiha,5
Keyva,5
Kimbie,5
Konika,5
Laleta,5
Lanena,5
Laralyn,5
Lashowna,5
Latanisha,5
Latarsia,5
Latassha,5
Latawn,5
Lawon,5
Letrica,5
Ligeia,5
Makesia,5
Mikiko,5
Naki,5
Nichet,5
Odete,5
Pondra,5
Rodrick,5
Rotisha,5
Salanda,5
Salonda,5
Shammie,5
Shanona,5
Shashawn,5
Sherinda,5
Shurhonda,5
Sibil,5
Starcia,5
Syvia,5
Takella,5
Tamiika,5
Telsha,5
Temeeka,5
Tiria,5
Tomyka,5
Tranda,5
Treava,5
Tres,5
Triste,5
Tyice,5
Tyletha,5
Tyrine,5
Altonya,5
Altrice,5
Andaiye,5
Areecia,5
Aszure,5
Brandyann,5
Celinez,5
Chaffee,5
Challie,5
Charhonda,5
Charmisa,5
Chawna,5
Cherronda,5
Cisely,5
Clorise,5
Dandy,5
Datril,5
Davada,5
Demetrial,5
Demetrish,5
Demetruis,5
Domica,5
Dorae,5
Evalisa,5
Fatmire,5
Fetina,5
Foxy,5
Givonna,5
Hallema,5
Janitha,5
Julonda,5
Karriem,5
Kidata,5
Kinshasha,5
Lachisha,5
Lafran,5
Larea,5
Lelita,5
Luchiana,5
Lushonda,5
Lutina,5
Maquetta,5
Melveen,5
Mistala,5
Nefeteria,5
Nerina,5
Niakia,5
Niekia,5
Okeema,5
Okeima,5
Olesha,5
Owetta,5
Patricio,5
Ramada,5
Russchell,5
Samekia,5
Shalima,5
Shalo,5
Shanonn,5
Sharinda,5
Sharletha,5
Shaunielle,5
Shondalyn,5
Slavica,5
Somona,5
Sonequa,5
Stancy,5
Sulin,5
Takashia,5
Tamaron,5
Tamikca,5
Ticha,5
Tihisha,5
Tomako,5
Toshya,5
Tukesha,5
Tumekia,5
Tyneal,5
Udona,5
Udonna,5
Urana,5
Wandalid,5
Wykena,5
Yushica,5
Zebrina,5
Alcina,5
Anietra,5
Arnedra,5
Atiba,5
Ayondela,5
Bas,5
Calanda,5
Casmin,5
Catrease,5
Ceila,5
Chataqua,5
Chatina,5
Chenele,5
Christale,5
Cyrelle,5
Daenna,5
Daniette,5
Danyll,5
Decole,5
Deda,5
Demeatra,5
Felissia,5
Gerardina,5
Geshia,5
Grechen,5
Jawon,5
Juaita,5
Katiuscia,5
Katreina,5
Katrenna,5
Kescha,5
Khalema,5
Kiesel,5
Kimbala,5
Kofi,5
Kumi,5
Lakeida,5
Lakinia,5
Laquinthia,5
Lasheta,5
Lateashia,5
Latorri,5
Latrasha,5
Latreca,5
Lequan,5
Luchanna,5
Lucinia,5
Majeeda,5
Maketta,5
Mandala,5
Manoy,5
Marish,5
Mylynda,5
Naketta,5
Naneka,5
Nekesia,5
Nikitra,5
Phawn,5
Salud,5
Schannon,5
Seanta,5
Shaisha,5
Shalaundra,5
Sharmilla,5
Sharnet,5
Shawnon,5
Shawyn,5
Shelica,5
Sheon,5
Shonett,5
Shoshona,5
Shrea,5
Sugeiri,5
Sule,5
Takeshi,5
Tamaro,5
Tamarr,5
Tamekea,5
Tamieko,5
Taneille,5
Tarkisha,5
Tawanica,5
Tawiana,5
Teneca,5
Teneile,5
Tenneill,5
Tiphaine,5
Tomkia,5
Venitra,5
Yema,5
Adamma,5
Alafia,5
Alitia,5
Antrea,5
Atesha,5
Batrina,5
Brezzy,5
Carmila,5
Cashana,5
Cerisa,5
Chanoa,5
Chatrice,5
Chesica,5
Chunta,5
Civona,5
Crisinda,5
Dameta,5
Denetris,5
Detisha,5
Deveni,5
Devvon,5
Dewi,5
Disheka,5
Dwania,5
Erim,5
Geneine,5
Heavenor,5
Herika,5
Jacynth,5
Jovonn,5
Kanyatta,5
Karese,5
Kashanta,5
Katishia,5
Keedah,5
Keeisha,5
Keekee,5
Kenney,5
Khaalis,5
Kimaada,5
Kissha,5
Kuwanda,5
Lachristy,5
Lakeycha,5
Lakitra,5
Latoyla,5
Lekedia,5
Loleatta,5
Lotaya,5
Lushawn,5
Mailing,5
Mandye,5
Micheleen,5
Nakish,5
Natelege,5
Neeru,5
Niquel,5
Passionate,5
Qiuana,5
Rahshida,5
Remeka,5
Riuka,5
Roshanta,5
Sakima,5
Savonya,5
Sbrina,5
Shamik,5
Shanneka,5
Shantala,5
Sharees,5
Sharmia,5
Sheandra,5
Sheneshia,5
Shenikia,5
Shernette,5
Shervonda,5
Sonceria,5
Sonnett,5
Sowsan,5
Stardust,5
Surayya,5
Takisa,5
Tareia,5
Tarkeshia,5
Tatrina,5
Tawnjai,5
Tekita,5
Temetrius,5
Tenneille,5
Tennill,5
Tinnelle,5
Tonisa,5
Trava,5
Tremica,5
Tushima,5
Utica,5
Vershonda,5
Volare,5
Yarira,5
Yolanta,5
Yuen,5
Abrian,5
Africia,5
Aieshia,5
Airian,5
Aishe,5
Antwana,5
Antwaun,5
Aric,5
Baheerah,5
Brandelynn,5
Brandiann,5
Carlitha,5
Charanda,5
Charette,5
Chastie,5
Cherryann,5
Chiquitha,5
Chrishna,5
Cleste,5
Corree,5
Courtnye,5
Daleshia,5
Dasheika,5
Dawndee,5
Deannea,5
Dekita,5
Delanea,5
Deverie,5
Farica,5
Genvieve,5
Jameta,5
Jawara,5
Jilliene,5
Jinni,5
Jovania,5
Joynell,5
Kenta,5
Kezzie,5
Kiffin,5
Lakeah,5
Lakeshea,5
Lakessha,5
Laquietta,5
Lataurus,5
Latoyra,5
Londi,5
Lynissa,5
Magalena,5
Malesia,5
Marinee,5
Marini,5
Markishia,5
Masami,5
Mekea,5
Meleesa,5
Nashima,5
Naticha,5
Nefateria,5
Nikeyia,5
Nikoma,5
Nykeesha,5
Oshanna,5
Quannah,5
Rabihah,5
Renitia,5
Samehesha,5
Seasons,5
Shaniki,5
Shaqueeta,5
Sharrae,5
Shasa,5
Shauntele,5
Shawntane,5
Shawntey,5
Shedonna,5
Sheneaka,5
Sheneda,5
Sherretta,5
Shrhonda,5
Shynita,5
Sohela,5
Stara,5
Tahnisha,5
Takeeta,5
Tameke,5
Tammora,5
Tanneshia,5
Taronza,5
Tarsheka,5
Tawne,5
Tekenya,5
Temkia,5
Tendra,5
Teyonda,5
Thuhuong,5
Tiffannee,5
Tshaye,5
Valerine,5
Wakenda,5
Yamisha,5
Yarnelle,5
Yonika,5
Yve,5
Adeanna,5
Adesina,5
Alysun,5
Amalyn,5
Anacelis,5
Antwon,5
Aqueela,5
Arkeba,5
Armetrice,5
Arriane,5
Artresha,5
Bethsheba,5
Breen,5
Breyn,5
Cambi,5
Ceason,5
Chamel,5
Chandris,5
Charmella,5
Chelonda,5
Chiquia,5
Christylee,5
Comesha,5
Damekia,5
Deavin,5
Delsha,5
Dolli,5
Elbonie,5
Endra,5
Gesina,5
Ging,5
Idelisa,5
Jaelithe,5
Jamien,5
Jeramy,5
Jernice,5
Jillanna,5
Jondra,5
Jonlyn,5
Kahila,5
Katrea,5
Kedron,5
Keeshan,5
Keishanda,5
Kemyatta,5
Khalimah,5
Kheli,5
Kieasha,5
Kizze,5
Kristalle,5
Kristyanne,5
Ktherine,5
Lachisa,5
Lakeela,5
Lakersha,5
Lakista,5
Lakitsha,5
Lanekia,5
Lantanya,5
Laquicha,5
Lasaunda,5
Latissia,5
Latissue,5
Leshauna,5
Leshaundra,5
Mandalin,5
Mashauna,5
Melssia,5
Montoyia,5
Nicolyn,5
Nikeea,5
Nkem,5
Noralva,5
Olibia,5
Quatrina,5
Quinessa,5
Ratesha,5
Roxsand,5
Saderia,5
Sannon,5
Schmika,5
Schrie,5
Shacondra,5
Shamain,5
Shanga,5
Shanyel,5
Sharocka,5
Shataka,5
Shaundell,5
Shavan,5
Shekitha,5
Shimeeka,5
Shinee,5
Shirlina,5
Shonnita,5
Shontisha,5
Shunell,5
Shurie,5
Shuvonne,5
Shuwanna,5
Siohban,5
Stcy,5
Sulai,5
Sushma,5
Synithia,5
Tachic,5
Takeasha,5
Tantra,5
Tayesha,5
Tehesha,5
Tehran,5
Teneia,5
Tenicha,5
Teniel,5
Tisheka,5
Traneka,5
Tyronzia,5
Tywania,5
Tywonda,5
Walkidia,5
Aelisa,5
Andonia,5
Antonica,5
Aracel,5
Arnica,5
Binita,5
Bobbilee,5
Canan,5
Cardiss,5
Chakeya,5
Chalan,5
Dametrice,5
Dawnta,5
Edica,5
Edweina,5
Illia,5
Jimie,5
Jowharah,5
Junea,5
Jurita,5
Kalona,5
Kasa,5
Kausha,5
Kieisha,5
Kindrea,5
Kishanna,5
Kowanna,5
Kywanna,5
Lakieshia,5
Laquise,5
Lashelia,5
Latenya,5
Leshawnda,5
Lesheka,5
Lisah,5
Lloana,5
Lorrenda,5
Macaire,5
Malonda,5
Maricely,5
Marsinah,5
Mekeshia,5
Meridth,5
Meshea,5
Milisha,5
Nichcole,5
Nicoel,5
Nitoya,5
Presilla,5
Quenette,5
Raenada,5
Randalynn,5
Rhanada,5
Ronnella,5
Roshonna,5
Saajida,5
Sameika,5
Sequina,5
Seritta,5
Shalanna,5
Shamonia,5
Sharrika,5
Shaundreka,5
Shavada,5
Shawnacy,5
Shemita,5
Sherreka,5
Sherris,5
Sing,5
Sonovia,5
Sstephanie,5
Starlisa,5
Starlita,5
Starshemah,5
Syrette,5
Syritta,5
Tavette,5
Teneeka,5
Tiaka,5
Tifni,5
Tracilyn,5
Tralaina,5
Tyheshia,5
Velika,5
Walia,5
Wenndy,5
Yaschia,5
Abranda,5
Adero,5
Adetokunbo,5
Alympia,5
Ayeasha,5
Bosede,5
Bridge,5
Cameika,5
Chakela,5
Chariese,5
Chiyoka,5
Cholena,5
Cowana,5
Crystalgayle,5
Cyrita,5
Doniell,5
Dristen,5
Hermilinda,5
Ihuoma,5
Ikeda,5
Janetha,5
Jenele,5
Jimica,5
Jimmica,5
Jodana,5
Kandle,5
Kartrina,5
Kashaunda,5
Kizuwanda,5
Lakitia,5
Larosha,5
Lateika,5
Latreena,5
Leif,5
Leshanta,5
Lettia,5
Marquettia,5
Mekeia,5
Melishia,5
Mellssa,5
Nataska,5
Neana,5
Neicha,5
Niquisha,5
Odila,5
Phonesavanh,5
Quintell,5
Reanda,5
Reshia,5
Roseangela,5
Roshina,5
Samata,5
Sandreka,5
Semon,5
Shadeen,5
Shadona,5
Shalica,5
Shamada,5
Shameek,5
Shaundel,5
Shirret,5
Shovon,5
Shuntina,5
Smyrna,5
Sophilia,5
Tahesia,5
Tahnesha,5
Taliba,5
Teshena,5
Thomesa,5
Thuthuy,5
Tiquila,5
Tokunbo,5
Torita,5
Tramine,5
Viesha,5
Vimala,5
Vironica,5
Yahaida,5
Yosheka,5
Aapri,5
Aaronda,5
Adeyinka,5
Ambee,5
Andea,5
Andrel,5
Anitrea,5
Arnez,5
Candiece,5
Casonja,5
Cerrisa,5
Chang,5
Chantily,5
Chaunci,5
Cludia,5
Darea,5
Deshonia,5
Dynita,5
Eddica,5
Elissha,5
Enika,5
Frika,5
Fritha,5
Garret,5
Jahmelia,5
Jarod,5
Jenelee,5
Jonilee,5
Julinda,5
Kachelle,5
Kanoi,5
Krisit,5
Kristijo,5
Lacasha,5
Lacondra,5
Lacorya,5
Lakemia,5
Lannetta,5
Laquinn,5
Latiea,5
Lavickie,5
Leizel,5
Loryanna,5
Lyndsae,5
Mimose,5
Mtisha,5
Mui,5
Myphuong,5
Nachel,5
Nanika,5
Nataile,5
Neng,5
Pany,5
Phallen,5
Rachon,5
Rasheba,5
Renida,5
Sakeya,5
Seidina,5
Sekia,5
Sequeena,5
Shafon,5
Shameki,5
Shariyka,5
Shauntaye,5
Shemaka,5
Sheneil,5
Shereika,5
Shoneka,5
Shylow,5
Sunitha,5
Tahitha,5
Taki,5
Taquanta,5
Tar,5
Tarneisha,5
Tequela,5
Thuan,5
Tikela,5
Toshana,5
Tramisha,5
Trishona,5
Trusha,5
Valier,5
Valon,5
Yaasmiyn,5
Yavanna,5
Balon,5
Bethanye,5
Bilon,5
Bla,5
Brien,5
Brown,5
Casina,5
Chantiel,5
Chassi,5
Chiron,5
Christing,5
Chrystalyn,5
Condace,5
Dwann,5
Fawnna,5
Fong,5
Jamii,5
Janalle,5
Jandery,5
Jemekia,5
Jennieke,5
Julis,5
Juriana,5
Kahala,5
Keikilani,5
Kimberyl,5
Lachundra,5
Lakeydra,5
Laquesta,5
Laritha,5
Larrica,5
Lathena,5
Laurica,5
Leeat,5
Lhea,5
Lonika,5
Lusana,5
Marike,5
Marqurita,5
Mashaunda,5
Meoshi,5
Monquita,5
Nequila,5
Nghia,5
Nikkiya,5
Nissan,5
Omika,5
Ourtney,5
Quanza,5
Queneisha,5
Queneshia,5
Quinnette,5
Racqual,5
Rbecca,5
Reshaunda,5
Rugayyah,5
Salethia,5
Sandricka,5
Shaheedah,5
Shakeyda,5
Shamaila,5
Shamakia,5
Shawneka,5
Sherifat,5
Shertia,5
Shing,5
Shunterria,5
Siovhan,5
Stepphanie,5
Taneicia,5
Taumi,5
Tennesia,5
Thomasita,5
Tokina,5
Trisca,5
Yedida,5
Zshakira,5
Aledra,5
Candys,5
Chakevia,5
Chantail,5
Chassica,5
Chinitta,5
Chrisanthi,5
Cristyle,5
Danilla,5
Desheena,5
Dnielle,5
Dominoe,5
Doraliz,5
Edony,5
Emille,5
Fateemah,5
Ghenet,5
Ginae,5
Helissa,5
Indian,5
Jeeyoung,5
Joylynne,5
Karlise,5
Karmisha,5
Kashandra,5
Kawona,5
Kaylle,5
Keiah,5
Kelbe,5
Kenyel,5
Ketherine,5
Kindsay,5
Kistina,5
Krystallee,5
Lachara,5
Latari,5
Lateela,5
Lirije,5
Maggen,5
Majken,5
Manada,5
Marquitha,5
Marshonda,5
Mashea,5
Merette,5
Miakka,5
Mirlene,5
Molika,5
Nachele,5
Pavelle,5
Peria,5
Quanessa,5
Ravinder,5
Revea,5
Rocco,5
Sagine,5
Shametrice,5
Shanecka,5
Sharray,5
Sherkita,5
Sherrea,5
Shimekia,5
Shioban,5
Tabathe,5
Tangenika,5
Tanida,5
Telica,5
Tenara,5
Teneasha,5
Thawann,5
Tiere,5
Tigre,5
Tishonna,5
Tresta,5
Triska,5
Tuong,5
Valin,5
Wadia,5
Yarenys,5
Yizza,5
Adnrea,5
Almetra,5
Andice,5
Angelamaria,5
Annaliisa,5
Argiro,5
Ashlely,5
Atie,5
Chantile,5
Charisha,5
Charta,5
Chennell,5
Chisty,5
Cynthiaann,5
Dalesia,5
Domenik,5
Dominee,5
Dominek,5
Dominquie,5
Dommonique,5
Domonque,5
Doray,5
Evyan,5
Filisha,5
Flicia,5
Geniffer,5
Gyna,5
Halleh,5
Hollylynn,5
Jamena,5
Jasine,5
Jeannea,5
Jeresa,5
Joangela,5
Kemeshia,5
Kiirsten,5
Kristinejoy,5
Krystalmarie,5
Krysteen,5
Ladanna,5
Ladreka,5
Laquite,5
Laudan,5
Lecole,5
Liliano,5
Margulia,5
Marlanda,5
Me,5
Meghean,5
Myrlande,5
Nairy,5
Nakeena,5
Ncole,5
Neghan,5
Ngocanh,5
Nhan,5
Nichoal,5
Phong,5
Puaolena,5
Quinnita,5
Rackel,5
Rajani,5
Ricquita,5
Ristin,5
Rothana,5
Sadiyya,5
Sarica,5
Saroun,5
Savoeun,5
Shahanna,5
Shakka,5
Shantiel,5
Shantya,5
Shaunel,5
Shawnesha,5
Sheleena,5
Sherquita,5
Sheterica,5
Shiketa,5
Sundeep,5
Tamillia,5
Taquoya,5
Tarha,5
Thoa,5
Tyesa,5
Tynica,5
Vonessa,5
Wilisha,5
Aber,5
Akendra,5
Aleca,5
Amirh,5
Andrietta,5
Antea,5
Ashee,5
Canace,5
Caresha,5
Cathylee,5
Celisha,5
Chada,5
Chakelia,5
Chardey,5
Chare,5
Charona,5
Charvon,5
Chaurice,5
Chave,5
Chezare,5
Christielee,5
Colesha,5
Coralito,5
Cristia,5
Cristyna,5
Curtney,5
Darshelle,5
Dely,5
Deneishia,5
Dianita,5
Diaundra,5
Ereca,5
Erickia,5
Fahm,5
Ferren,5
Finessa,5
Galathia,5
Jamilka,5
Jandel,5
Jaquin,5
Jeorgina,5
Jerell,5
Jimmeka,5
Jinette,5
Josei,5
Justen,5
Justinia,5
Kewania,5
Khandis,5
Khandra,5
Kirbee,5
Ladeidre,5
Lariesha,5
Lemisha,5
Leng,5
Lesheena,5
Lexanne,5
Lindamaria,5
Llanet,5
Lushus,5
Maike,5
Manijeh,5
Manisa,5
Mariagrazia,5
Markey,5
Marlynda,5
Martrina,5
Megam,5
Naquitta,5
Nikata,5
Octavio,5
Padmini,5
Perscilla,5
Pharon,5
Pharren,5
Polixeni,5
Quasheema,5
Raemona,5
Raequel,5
Raksmey,5
Randalle,5
Raquisha,5
Raycine,5
Rianon,5
Rodrigo,5
Roneika,5
Sadea,5
Salonge,5
Shaguanna,5
Shandreika,5
Shareva,5
Shatarah,5
Shataura,5
Shaundrika,5
Shauntaya,5
Shenina,5
Shubha,5
Shuntana,5
Sinath,5
Siobhon,5
Soreya,5
Sunde,5
Taciana,5
Tasma,5
Tavera,5
Tchanavian,5
Teidra,5
Tempesst,5
Terelle,5
Terricia,5
Teshina,5
Thaisa,5
Tier,5
Tiffaine,5
Tishena,5
Valerieanne,5
Vered,5
Whitne,5
Whitnye,5
Yumaira,5
Allson,5
Allysse,5
Amista,5
Anabelli,5
Angeleca,5
Antoinese,5
Ashleeann,5
Aymie,5
Brintney,5
Carmesia,5
Chadney,5
Chandee,5
Chantis,5
Chaquilla,5
Cindell,5
Concheta,5
Cyntrell,5
Daidre,5
Daneila,5
Danielee,5
Denicka,5
Elizaberh,5
Garine,5
Iovanna,5
Irin,5
Jamantha,5
Janetra,5
Javonia,5
Jenesse,5
Jermel,5
Jme,5
Jnay,5
Johnta,5
Kendera,5
Kevondra,5
Kurie,5
Laangela,5
Laquail,5
Laquarius,5
Laqundra,5
Lasheia,5
Latai,5
Latarah,5
Latreka,5
Lawhitney,5
Letrese,5
Luren,5
Maricha,5
Markeida,5
Markette,5
Marsea,5
Mounia,5
Mykita,5
Naami,5
Nicoleann,5
Percious,5
Porsia,5
Quinneshia,5
Remika,5
Resheka,5
Rheaann,5
Rickeeta,5
Ritney,5
Samanthajean,5
Sanitra,5
Santanya,5
Saquanna,5
Sauannah,5
Savena,5
Shalanta,5
Shanez,5
Shannalee,5
Sheeneeka,5
Shelan,5
Shequanda,5
Shermona,5
Sherokee,5
Sherrick,5
Shnita,5
Shydia,5
Sophana,5
Taborah,5
Tachara,5
Tammyra,5
Tomacina,5
Trashonda,5
Treisha,5
Trystal,5
Wnedy,5
Yachira,5
Yisenia,5
Alexandira,5
Alexann,5
Alham,5
Amberrae,5
Andreca,5
Anikia,5
Aramie,5
Ashlae,5
Assandra,5
Beenish,5
Brittaini,5
Brittary,5
Cahlin,5
Cassarah,5
Cendi,5
Chandale,5
Charlynda,5
Chassidi,5
Chiemi,5
Chquita,5
Cordae,5
Darel,5
Dartisha,5
Delysa,5
Desari,5
Earon,5
Francois,5
Fredeline,5
Gi,5
Hripsime,5
Jacaranda,5
Jacqueling,5
Jadrien,5
Jamece,5
Janael,5
Jaquell,5
Jaquilyn,5
Jaqulynn,5
Jasmire,5
Jemelia,5
Jesseica,5
Jiyoung,5
Jonnique,5
Kaithlin,5
Kapricia,5
Katelund,5
Kaylarae,5
Kaywin,5
Kelecia,5
Kendar,5
Kennika,5
Kerrisa,5
Kokeeta,5
Kristiena,5
Krystalrose,5
Kylle,5
Labritney,5
Laquel,5
Libeth,5
Lonniesha,5
Lynndsey,5
Mabil,5
Marijana,5
Marilis,5
Marke,5
Marqueeta,5
Marycaroline,5
Marychristina,5
Mavia,5
Mckel,5
Meghon,5
Melarie,5
Mesan,5
Moncheri,5
Nabile,5
Pagen,5
Quashawn,5
Rachelleann,5
Rameisha,5
Reginamarie,5
Salida,5
Samontha,5
Sarom,5
Sarsh,5
Searia,5
Shamarr,5
Shandara,5
Shanieca,5
Shannee,5
Shantela,5
Shantrail,5
Shanyse,5
Sharikka,5
Sharrita,5
Sheterrica,5
Sthepanie,5
Taijarae,5
Taleisa,5
Talsha,5
Taquella,5
Teahna,5
Teanisha,5
Tequella,5
Thuyvy,5
Tiadra,5
Trasia,5
Tsvia,5
Tyranika,5
Tysheia,5
Vanessaanne,5
Voctoria,5
Whtiney,5
Yasmir,5
Yerica,5
Alexaray,5
Alish,5
Amandaleigh,5
Andrienna,5
Angeliqu,5
Antinisha,5
Ariale,5
Arkita,5
Ashney,5
Audranna,5
Audreona,5
Aula,5
Ausia,5
Azsa,5
Azurae,5
Beaney,5
Binca,5
Bj,5
Britanna,5
Britnae,5
Brittnii,5
Btittany,5
Challise,5
Chanet,5
Chappell,5
Chaquanna,5
Charnece,5
Chassitty,5
Christineanne,5
Colicia,5
Crstal,5
Daidra,5
Dalesa,5
Damielle,5
Dannea,5
Deante,5
Decara,5
Deseria,5
Ericamarie,5
Feda,5
Ge,5
Glendalee,5
Heatherlynn,5
Jakeitha,5
Jakelle,5
Jaketa,5
Jalesse,5
Jalpa,5
Jamielle,5
Janekia,5
Javelyn,5
Jeesica,5
Josephin,5
Jossica,5
Jovoni,5
Juquana,5
Kassandrea,5
Kaylanne,5
Kearea,5
Kenessa,5
Keontay,5
Ker,5
Keyunta,5
Kipenie,5
Koesha,5
Koti,5
Krishina,5
Kristyan,5
Krystaline,5
Krystalmae,5
Lairen,5
Laricka,5
Lasara,5
Letrecia,5
Lynnessa,5
Madelane,5
Maigon,5
Manita,5
Marlenny,5
Myesia,5
Natalis,5
Natelle,5
Octavious,5
Quadreka,5
Quanice,5
Quanicia,5
Quashanda,5
Rahkia,5
Ranjana,5
Rathany,5
Reniece,5
Rhode,5
Rikeisha,5
Roxxane,5
Sabha,5
Samanthalynn,5
Saniqua,5
Sesalie,5
Shamichael,5
Shamillia,5
Shaquinn,5
Sharnele,5
Sharre,5
Shatorya,5
Shaylonda,5
Sheehan,5
Sheiva,5
Shekeia,5
Shequira,5
Shetarra,5
Soniqua,5
Staciann,5
Tashalee,5
Tashel,5
Tavonne,5
Tavy,5
Temetria,5
Teneesha,5
Ticarra,5
Tommisha,5
Toneesha,5
Toyana,5
Trinea,5
Vasha,5
Vijaya,5
Vikky,5
Whittnie,5
Alexeus,5
Alieshia,5
Andricka,5
Aniysa,5
Anquinetta,5
Antwanett,5
Aphton,5
Arialle,5
Arniesha,5
Audreyonna,5
Bai,5
Barisha,5
Beaonca,5
Beyunka,5
Binaca,5
Bolivia,5
Brandea,5
Brettnie,5
Bricola,5
Brieon,5
Briton,5
Brittna,5
Celenne,5
Cesiley,5
Chalis,5
Charneshia,5
Charvey,5
Chatal,5
Chelsealynn,5
Dajavette,5
Damina,5
Dancia,5
Daneca,5
Datrice,5
Deisree,5
Dejanaye,5
Delauren,5
Delissia,5
Dominicka,5
Dyisha,5
Earlesha,5
Eimly,5
Ericanicole,5
Faneisha,5
Genele,5
Glenne,5
Heathyr,5
Hedieh,5
Heidiann,5
Ibon,5
Jabora,5
Jaceline,5
Jametrice,5
Jaquinta,5
Jazzmene,5
Jessca,5
Jessican,5
Jolecia,5
Julica,5
Kantrice,5
Karnecia,5
Kashema,5
Kassara,5
Kasye,5
Kathleenann,5
Katriece,5
Kendrya,5
Keyandrea,5
Kiawna,5
Kimchi,5
Kiswanna,5
Krystalynne,5
Kylesha,5
Kymberle,5
Lacci,5
Ladara,5
Ladreama,5
Lakyndra,5
Laporchea,5
Leagh,5
Lequitta,5
Lindly,5
Lonnesha,5
Luserito,5
Lytina,5
Maide,5
Malicka,5
Marbeya,5
Maressia,5
Markki,5
Marquez,5
Marteeka,5
Mechella,5
Mishalay,5
Miyesha,5
Najirah,5
Olethea,5
Olutoyin,5
Paig,5
Panyia,5
Pardis,5
Paullina,5
Phalicia,5
Phuonganh,5
Phylisia,5
Preana,5
Precyous,5
Quanetra,5
Quesha,5
Quortney,5
Rashieka,5
Ravine,5
Resham,5
Riketa,5
Rontavia,5
Rosandra,5
Scottia,5
Senteria,5
Shabina,5
Shacourtney,5
Shaleshia,5
Shalyssa,5
Shamanique,5
Shamise,5
Shanasha,5
Shanquil,5
Shaquale,5
Shaquin,5
Sharnisha,5
Shatell,5
Shawntika,5
Sheliza,5
Shemera,5
Shevi,5
Shirae,5
Shyma,5
Shyneka,5
Sonum,5
Soroya,5
Stephanic,5
Sugeily,5
Takedra,5
Takemia,5
Tamarae,5
Tanedra,5
Taquisa,5
Tasheeka,5
Tavanna,5
Tecola,5
Tempsett,5
Tendria,5
Tiarre,5
Tihara,5
Trinere,5
Tuesdai,5
Tyka,5
Tynieka,5
Verinica,5
Vonshae,5
Whitli,5
Yaned,5
Yejide,5
Zanquisha,5
Ziena,5
Adesha,5
Aleatra,5
Alleisha,5
Alnesha,5
Amarpreet,5
Ambir,5
Anquetta,5
Argelis,5
Ashilee,5
Biyanca,5
Blakney,5
Brandais,5
Brandisha,5
Brekka,5
Britnai,5
Brookeann,5
Carlishia,5
Chalisse,5
Chandace,5
Charkita,5
Charnaye,5
Charneka,5
Chavonte,5
Chelsen,5
Chequetta,5
Chrishaunda,5
Constandina,5
Corutney,5
Dameika,5
Darquisha,5
Dashima,5
Datia,5
Davasha,5
Delasha,5
Deniecia,5
Emeralda,5
Enesha,5
Eritrea,5
Eureeka,5
Faleisha,5
Feleisha,5
Flerida,5
Genovieve,5
Gerlisa,5
Ieysha,5
Iishia,5
Ilianne,5
Ireal,5
Iyeisha,5
Iyshia,5
Jacquece,5
Jamikka,5
Jasmil,5
Jazmone,5
Jenessia,5
Jericia,5
Jete,5
Jiesha,5
Jihae,5
Joelissa,5
Jordahn,5
Kallye,5
Karalin,5
Kearstan,5
Kemeisha,5
Kenshia,5
Keynu,5
Kha,5
Kierica,5
Kiniesha,5
Kneisha,5
Kursti,5
Kwaniqua,5
Kymeshia,5
Kyrsta,5
Kyshana,5
Larecia,5
Larriesha,5
Lashley,5
Lateaka,5
Latevia,5
Leighia,5
Lianabel,5
Loriell,5
Malira,5
Marquinta,5
Marysabel,5
Mekensie,5
Mercedas,5
Mersadees,5
Meyanna,5
Michellele,5
Miraha,5
Muniza,5
Naeisha,5
Nakeyta,5
Nanor,5
Narasha,5
Nimmy,5
Nkao,5
Parise,5
Phoung,5
Pracilla,5
Qualesha,5
Quayshawn,5
Quineka,5
Quintesa,5
Rachelleanne,5
Randesha,5
Rashondra,5
Rayshawnda,5
Reshana,5
Rictoria,5
Ronshay,5
Sajeda,5
Schanelle,5
Seann,5
Shadira,5
Shakiva,5
Shakria,5
Shaliqua,5
Shamill,5
Shandella,5
Shanekqa,5
Shanequea,5
Shanli,5
Shantle,5
Shaqwanna,5
Sharielle,5
Sharly,5
Sharmae,5
Shateya,5
Shaunay,5
Shavera,5
Shellbe,5
Shennel,5
Shequanna,5
Shikeyla,5
Shnea,5
Sinnamon,5
Stamatina,5
Stephanni,5
Sulia,5
Taaj,5
Tandice,5
Taneiqua,5
Taneysha,5
Tareyn,5
Teiarra,5
Tiericka,5
Tiesa,5
Tikyra,5
Tishay,5
Tkara,5
Tkayah,5
Tornisha,5
Tyneeka,5
Tyshekia,5
Vaitiare,5
Vandrea,5
Vaniecia,5
Vashni,5
Verneisha,5
Vineisha,5
Vonisha,5
Whitlie,5
Wilesha,5
Wyteria,5
Yarin,5
Zenas,5
Zorayda,5
Adeva,5
Aleandra,5
Annjelica,5
Antorria,5
Apriel,5
Audrieana,5
Ayron,5
Bernesha,5
Breeaunna,5
Brenika,5
Brittanii,5
Burgandie,5
Cailtin,5
Carlese,5
Casea,5
Cassina,5
Catria,5
Caytie,5
Chamelle,5
Chantoria,5
Chaquan,5
Charaine,5
Chauntrice,5
Chellsee,5
Clarencia,5
Coryann,5
Damera,5
Damishia,5
Danyea,5
Dareese,5
Davonte,5
Decota,5
Dennishia,5
Dianamarie,5
Dorielle,5
Dorsha,5
Dusharme,5
Dynalee,5
Equasha,5
Equasia,5
Esenia,5
Fantaisa,5
Gaolee,5
Ilirida,5
Indhira,5
Janikqua,5
Jantel,5
Jaques,5
Jaresha,5
Jawonna,5
Jazmenn,5
Jenera,5
Jerneshia,5
Johnnice,5
Jolysa,5
Jontelle,5
Juliandra,5
Kadera,5
Kaeisha,5
Katlain,5
Keiuna,5
Keonie,5
Kevonda,5
Kirisa,5
Kirsey,5
Kirstey,5
Kycia,5
Kyel,5
Kyresha,5
Laqusha,5
Latease,5
Latefah,5
Linly,5
Mahaliah,5
Maleesa,5
Mariaann,5
Marisely,5
Markena,5
Marlika,5
Marniqua,5
Marquina,5
Marteisha,5
Morisa,5
Nahrain,5
Nateal,5
Neiman,5
Nilufar,5
Niosha,5
Oluremi,5
Oluwabukola,5
Paisha,5
Parita,5
Quaneeka,5
Quantasha,5
Raana,5
Rakiesha,5
Ranny,5
Rasheedat,5
Renasha,5
Rikkilynn,5
Rizelle,5
Ronekia,5
Ruddy,5
Safiah,5
Samita,5
Sasharae,5
Sekayi,5
Senetria,5
Sequoyia,5
Shakalia,5
Shakeah,5
Shakeidra,5
Shalante,5
Shalisia,5
Shanail,5
Shanarra,5
Shandera,5
Shaneesa,5
Shanesa,5
Shanesse,5
Shaniquwa,5
Shaquaila,5
Shaquane,5
Shaqueda,5
Sharail,5
Sharinna,5
Shatay,5
Shatiah,5
Shatoni,5
Shavion,5
Sheaira,5
Shlomit,5
Stevani,5
Talyor,5
Teaerra,5
Teann,5
Tequana,5
Tequira,5
Tirrany,5
Tiuana,5
Trelisa,5
Treneisha,5
Treshell,5
Tuyetnhung,5
Tyecia,5
Tykiesha,5
Tymiesha,5
Tyquanna,5
Uniquewa,5
Yadria,5
Ahtyana,5
Alexsondra,5
Alyessa,5
Alyssarae,5
Analidia,5
Ashleyrae,5
Banisha,5
Barkley,5
Biaunca,5
Bonique,5
Brecia,5
Brekia,5
Brianka,5
Bryiana,5
Callissa,5
Chalissa,5
Chamarra,5
Chantai,5
Chaquille,5
Charmia,5
Chicora,5
Chue,5
Cieana,5
Dabrielle,5
Daeisha,5
Daeshawn,5
Damionna,5
Daniza,5
Darein,5
Daundra,5
Deanesha,5
Deneesha,5
Dequan,5
Dyanira,5
Edisha,5
Eshawna,5
Estivalis,5
Eurasia,5
Fatimat,5
Garrison,5
Genessi,5
German,5
Gesica,5
Ilcia,5
Illissa,5
Indasha,5
Inikki,5
Japrice,5
Jaterica,5
Jatisha,5
Jawanza,5
Jayvonna,5
Jazzae,5
Jibria,5
Jihad,5
Johvanna,5
Kajun,5
Kareesha,5
Kathrynanne,5
Kelseyanne,5
Keniqua,5
Keshera,5
Keyania,5
Kianta,5
Kimmesha,5
Kirian,5
Ksandra,5
Labreya,5
Lakeetha,5
Laurenelizabeth,5
Leetal,5
Leishla,5
Leonel,5
Leonisha,5
Linhchi,5
Lisvette,5
Malen,5
Manee,5
Mapuana,5
Marneshia,5
Maryka,5
Matiah,5
Meshae,5
Mirriah,5
Monissa,5
Montea,5
Monyka,5
Myquisha,5
Mytisha,5
Nakiyha,5
Nicolete,5
Paulyna,5
Qadeera,5
Quanaisha,5
Quanishia,5
Rahnasia,5
Rasheeka,5
Ravien,5
Raymesha,5
Reginique,5
Richia,5
Rosalio,5
Sabreea,5
Sadavia,5
Sadonia,5
Samalia,5
Samanthea,5
Samer,5
Savaughn,5
Seandrea,5
Shacaria,5
Shadayah,5
Shakil,5
Shanobia,5
Shanterri,5
Shantesha,5
Shantiece,5
Shapria,5
Shaquelia,5
Shaquez,5
Shaquiel,5
Shatory,5
Shauntoria,5
Shaynelle,5
Shebria,5
Shekeila,5
Shikema,5
Shinesha,5
Shynesha,5
Sokoya,5
Soria,5
Taalor,5
Taeshia,5
Taihlor,5
Takeara,5
Talissia,5
Tanekqua,5
Tasina,5
Tes,5
Tommesha,5
Torye,5
Treshaun,5
Treshawn,5
Tribecca,5
Twaniqua,5
Tyeishia,5
Tyieshia,5
Yaritssa,5
Yosemite,5
Zaakiyah,5
Zavier,5
Airon,5
Ajhane,5
Akeiya,5
Alecxia,5
Alixe,5
Annasha,5
Annastassia,5
Antolina,5
Apriljoy,5
Aquasha,5
Aquiel,5
Ashane,5
Ashura,5
Aude,5
Ayante,5
Begum,5
Bilqis,5
Bisola,5
Blancaestela,5
Brijet,5
Brittanymarie,5
Cadeisha,5
Cadisha,5
Camiesha,5
Challen,5
Chapelle,5
Cheryllynne,5
Cirra,5
Cordeshia,5
Correena,5
Curtesha,5
Daijon,5
Daimond,5
Daquanda,5
Dariean,5
Darshea,5
Debrisha,5
Destainy,5
Devonae,5
Djanae,5
Dneisha,5
Elidet,5
Frankey,5
Gaberille,5
Gadeer,5
Gailynn,5
Imalai,5
Itia,5
Ixsel,5
Jacquanna,5
Jahaan,5
Jalanna,5
Jamecca,5
Janerica,5
Jaunna,5
Javis,5
Jaylaan,5
Jazzia,5
Jeannicole,5
Jernika,5
Jessicanicole,5
Johnniqua,5
Jontaya,5
Kadetria,5
Kadezha,5
Kalean,5
Kanissa,5
Katerena,5
Kathrynann,5
Kedeshia,5
Kelcei,5
Keny,5
Keshaunna,5
Keyerah,5
Keyuanna,5
Khadijiah,5
Khadisah,5
Khea,5
Kinsasha,5
Krea,5
Kyairra,5
Kyante,5
Lapatra,5
Latroyia,5
Lauriane,5
Levonna,5
Maidson,5
Mariadelos,5
Mayghan,5
Mayisha,5
Mcrae,5
Merzedes,5
Miquisha,5
Mychell,5
Nazik,5
Nikkei,5
Prenisha,5
Qierra,5
Quadeshia,5
Quiandra,5
Ranecia,5
Raquia,5
Rasmine,5
Raygine,5
Rickki,5
Rinesha,5
Rochelly,5
Ronniece,5
Rykki,5
Sabriena,5
Sacorya,5
Sacoyia,5
Salone,5
Sashalee,5
Shabriana,5
Shakoria,5
Shalonte,5
Shambrea,5
Shampagne,5
Shanqua,5
Shanqual,5
Shanterika,5
Shaquerra,5
Shatierra,5
Shaunacy,5
Shawntale,5
Shelbyjo,5
Sierrea,5
Stefanni,5
Sunasia,5
Symona,5
Takeidra,5
Taqiyyah,5
Taranique,5
Tasean,5
Tayon,5
Teandria,5
Telaya,5
Terrineka,5
Tiandria,5
Tiaona,5
Tiaya,5
Tierani,5
Tikera,5
Tomesia,5
Trashell,5
Tremesha,5
Tykea,5
Tyquita,5
Vyctorya,5
Yae,5
Yaneisha,5
Yanneth,5
Yarisma,5
Yasmein,5
Zhanaya,5
Zhanea,5
Ziyadah,5
Adalhi,5
Adjua,5
Aericka,5
Aijha,5
Aireka,5
Aivan,5
Ajsha,5
Alekzandra,5
Aliccia,5
Ambreanna,5
Aneicia,5
Anjelyka,5
Annaleisa,5
Antesha,5
Antoinesha,5
Aquaisha,5
Ayea,5
Bailye,5
Breneshia,5
Brescia,5
Briandra,5
Brionica,5
Brishon,5
Caseylynn,5
Celess,5
Celinna,5
Chrishona,5
Christasha,5
Claritsa,5
Corvina,5
Daesy,5
Daianera,5
Daijiah,5
Daishae,5
Daryann,5
Dashonte,5
Davelle,5
Dawneisha,5
Dayshawn,5
Deejay,5
Dejahnique,5
Dejaneira,5
Dejhanae,5
Desitny,5
Destinnie,5
Dresha,5
Elisabethe,5
Gabirelle,5
Gavy,5
Hedit,5
Hisela,5
Jamayca,5
Janela,5
Jazzmaine,5
Jhonae,5
Jihyun,5
Johneice,5
Johnneisha,5
Joynae,5
Kashmira,5
Kcee,5
Keanua,5
Kendrica,5
Kenyara,5
Kerica,5
Kethia,5
Keyshana,5
Khadiyah,5
Kichelle,5
Kionia,5
Korilyn,5
Ladayja,5
Ladijah,5
Laquil,5
Lenecia,5
Mainou,5
Marandia,5
Marhia,5
Maricrus,5
Marista,5
Marleisha,5
Maryhannah,5
Mckaye,5
Mekela,5
Mellisha,5
Michelleanne,5
Mickinzie,5
Mistic,5
Moran,5
Morgayne,5
Myneisha,5
Najera,5
Nesita,5
Nikhaule,5
Nohelly,5
Nyeka,5
Ogochukwu,5
Omeisha,5
Pada,5
Quanise,5
Qubilah,5
Quentavia,5
Queren,5
Quintashia,5
Randeisha,5
Raquael,5
Raychael,5
Razhane,5
Rejine,5
Reshae,5
Rheanon,5
Ronnay,5
Ruchita,5
Seneque,5
Shabriel,5
Shabrittany,5
Shadiqua,5
Shahirah,5
Shalyric,5
Shaquirra,5
Shealan,5
Shushan,5
Startasia,5
Suejin,5
Tachiana,5
Tadesha,5
Taelour,5
Taitianna,5
Tambresha,5
Tandis,5
Tashiona,5
Tashiyana,5
Tayisha,5
Tenyce,5
Teshira,5
Thanhtruc,5
Tiphanee,5
Tiquisha,5
Tishayla,5
Torei,5
Tranasia,5
Tunyia,5
Tyshaun,5
Umber,5
Vince,5
Wykeria,5
Xenya,5
Xochithl,5
Yarisamar,5
Yrania,5
Yridiana,5
Adacia,5
Ahzhane,5
Aisya,5
Akilia,5
Albria,5
Aleeka,5
Alexandreia,5
Alexous,5
Alexusia,5
Allexandria,5
Alliyiah,5
Anacia,5
Analiesa,5
Anley,5
Antiona,5
Antonnia,5
Arjeta,5
Arnae,5
Biyanka,5
Bralen,5
Brandessa,5
Breondra,5
Brittiana,5
Bryia,5
Caitylyn,5
Celsi,5
Chabria,5
Chais,5
Cheyeene,5
Cheylin,5
Chrishaun,5
Chyenna,5
Cristalyn,5
Daijanay,5
Dainna,5
Dajshia,5
Dajza,5
Darbee,5
Darlenis,5
Dasjia,5
Dawndria,5
Dayesha,5
Deiah,5
Dejania,5
Destinique,5
Dshae,5
Emem,5
Enissa,5
Ganae,5
Gineva,5
Hao,5
Isayana,5
Jackueline,5
Jalica,5
Jamerial,5
Jamylex,5
Jaquelene,5
Jaricka,5
Jazzmond,5
Jicela,5
Jillissa,5
Johnicia,5
Kaelia,5
Kahrin,5
Kalifah,5
Kandys,5
Keiairra,5
Kelesha,5
Kieandra,5
Kishonna,5
Krishunna,5
Kyneisha,5
Latae,5
Lazhane,5
Madellyne,5
Mahely,5
Maneesha,5
Manu,5
Marelle,5
Mariaelisa,5
Mecayla,5
Moshay,5
Nadasha,5
Nakevia,5
Nwamaka,5
Nyderah,5
Nyosha,5
Oesha,5
Olabisi,5
Oladis,5
Olexus,5
Oluwayemisi,5
Quatashia,5
Rayonia,5
Rickiesha,5
Samiera,5
Sewit,5
Shengyeng,5
Shyda,5
Taarna,5
Teeana,5
Topazio,5
Tyannia,5
Tyhecia,5
Tyheisha,5
Tyshawnna,5
Usra,5
Yamiletz,5
Yazil,5
Yessenya,5
Yvan,5
Zhanel,5
Zhanelle,5
Abreya,5
Abriele,5
Adekemi,5
Ajacia,5
Ajua,5
Alero,5
Alexisnicole,5
Alexxes,5
Alyicia,5
Alyxus,5
Andrenae,5
Anniqua,5
Asacia,5
Autavia,5
Ayrial,5
Azsha,5
Breshai,5
Breshuna,5
Breze,5
Brianamarie,5
Brunna,5
Caprece,5
Carmecia,5
Catelynne,5
Cathlina,5
Chantrea,5
Chasia,5
Chastain,5
Chian,5
Chrishea,5
Chyene,5
Ciprianna,5
Curteria,5
Cydny,5
Dawnica,5
Deasja,5
Dejhana,5
Dekendra,5
Denautica,5
Deshuna,5
Dnesha,5
Donavan,5
Dyon,5
Elisbeth,5
Eunji,5
Fantaysia,5
Florisel,5
Gabryell,5
Gessell,5
Govanna,5
Griscelda,5
Guisel,5
Hannahelizabeth,5
Healey,5
Jadesha,5
Jakelia,5
Jameece,5
Japria,5
Jazzminn,5
Jeryka,5
Jhena,5
Joshanae,5
Jovian,5
Kaneidra,5
Kayonia,5
Keiann,5
Kennay,5
Keondrea,5
Keshante,5
Keshawndra,5
Khrissa,5
Kirina,5
Kiyami,5
Kourtne,5
Krishell,5
Lakwanzaa,5
Latayia,5
Latela,5
Laterrian,5
Lebria,5
Magdali,5
Maider,5
Maiti,5
Mannon,5
Marje,5
Mathison,5
Meshay,5
Mguadalupe,5
Mhairi,5
Michaia,5
Mickalla,5
Mieya,5
Mikelia,5
Najila,5
Naytasha,5
Nevine,5
Nydaisha,5
Ontaria,5
Patriciaanne,5
Pavlina,5
Quashanna,5
Rielley,5
Rodaisha,5
Rodneysha,5
Saned,5
Santavia,5
Sarri,5
Satyn,5
Serach,5
Serissa,5
Shalaka,5
Shaneshia,5
Shantwana,5
Shaquarius,5
Shardonay,5
Shelden,5
Shie,5
Sierramarie,5
Simron,5
Stevena,5
Subria,5
Sumra,5
Suvilla,5
Syedah,5
Taeyah,5
Tameera,5
Tamron,5
Tanjanae,5
Taonna,5
Tatiyonna,5
Teangela,5
Terraneisha,5
Thomara,5
Tiala,5
Tieranee,5
Tiereney,5
Tishae,5
Tishera,5
Tomea,5
Totiyana,5
Trakia,5
Tresor,5
Yerimar,5
Yesel,5
Yolisma,5
Zarrin,5
Zhanasia,5
Zulmarie,5
Aisja,5
Alaxis,5
Alexanra,5
Allasia,5
Allese,5
Altoria,5
Alyssarose,5
Annakathryn,5
Antanea,5
Antianna,5
Antonese,5
Arikah,5
Arryon,5
Ashianna,5
Bansri,5
Breayna,5
Brenicia,5
Breonte,5
Briannalee,5
Brishauna,5
Bryenna,5
Caityln,5
Calantha,5
Cansu,5
Cante,5
Charlae,5
Charlton,5
Chelyn,5
Chineme,5
Ciboney,5
Cortavia,5
Daisymarie,5
Dashiah,5
Dejaa,5
Delya,5
Desriee,5
Destinyann,5
Deundria,5
Dezere,5
Dieudonne,5
Dshayla,5
Dykeria,5
Dylane,5
Dystini,5
Eilise,5
Einav,5
Esmeraida,5
Gabreial,5
Gyra,5
Hadiah,5
Haleyjo,5
Hinal,5
Isabeth,5
Ivian,5
Izamara,5
Jakashia,5
Jazzarae,5
Jedah,5
Jenyssa,5
Jescenia,5
Jessamarie,5
Jewelyn,5
Jira,5
Kamyron,5
Katonna,5
Kenshayla,5
Konnar,5
Ledeja,5
Linay,5
Lotanna,5
Lydya,5
Mackala,5
Maina,5
Malikiya,5
Markera,5
Matney,5
Mekenzy,5
Michaelin,5
Miquella,5
Monah,5
Mylasha,5
Myleesha,5
Mystikal,5
Nakiria,5
Nastazia,5
Nautyca,5
Nicara,5
Nikara,5
Noname,5
Nykeya,5
Ondreya,5
Picabo,5
Purnima,5
Rhiane,5
Samarian,5
Sarait,5
Shadejah,5
Shailynne,5
Shantanae,5
Shauntiana,5
Shemari,5
Shiyann,5
Sienne,5
Sneh,5
Stazia,5
Sylvannah,5
Taeh,5
Tahjanee,5
Tajianna,5
Tatiayana,5
Tatom,5
Tatsiana,5
Teerra,5
Tenneh,5
Terani,5
Theanna,5
Tiamia,5
Tikeria,5
Titiyana,5
Tsianina,5
Tsianna,5
Tykiana,5
Tymberlyn,5
Tyronesha,5
Tyshe,5
Tysheera,5
Tysheonna,5
Tyvonna,5
Vonica,5
Wanjiku,5
Wisper,5
Yerenia,5
Yumira,5
Zakeyah,5
Zakeyia,5
Zynab,5
Alaye,5
Almaz,5
Anneshia,5
Aprecious,5
Aquera,5
Arazeli,5
Arismel,5
Arlynes,5
Avione,5
Azteca,5
Bergin,5
Breshayla,5
Brierre,5
Brieya,5
Camlin,5
Camryne,5
Carlissia,5
Carlysha,5
Cederia,5
Celesse,5
Ceylan,5
Charnesia,5
Chasten,5
Citally,5
Claudya,5
Cmone,5
Coralys,5
Crystyle,5
Danazha,5
Danyae,5
Dayline,5
Dechanel,5
Deelilah,5
Delexis,5
Demeree,5
Deovian,5
Dequasha,5
Destiany,5
Diamoni,5
Dominiq,5
Emane,5
Enyssa,5
Femke,5
Gehad,5
Gesel,5
Hadeer,5
Hufsa,5
Hydiyah,5
Idasia,5
Itsamari,5
Jabreya,5
Jacarria,5
Janeel,5
Jasy,5
Jatonya,5
Jayza,5
Jelaya,5
Jesicah,5
Jessiqua,5
Jetoi,5
Jikayla,5
Johne,5
Jorrie,5
Kaimilani,5
Kaitlynmarie,5
Kalyann,5
Katelon,5
Katierra,5
Kaytlyne,5
Keliann,5
Kene,5
Kenjanae,5
Keorra,5
Keteria,5
Kiania,5
Lanece,5
Lastasia,5
Latyia,5
Lexandria,5
Lize,5
Lizeht,5
Lizethe,5
Lizhet,5
Lonesha,5
Macailah,5
Makalea,5
Makanna,5
Makinnah,5
Malack,5
Markaysha,5
Marlecia,5
Maryha,5
Mashay,5
Mckailah,5
Mckayli,5
Mollyrose,5
Montiera,5
Naterra,5
Nawar,5
Nayya,5
Neelee,5
Nieja,5
Nikel,5
Nooria,5
Nycia,5
Piilani,5
Qiarah,5
Quinaya,5
Rahasia,5
Rahat,5
Rejanae,5
Ricaria,5
Rikiah,5
Rino,5
Rontasia,5
Roshay,5
Sabrynn,5
Savhannah,5
Shaienne,5
Shakemmia,5
Shaliese,5
Shayleah,5
Shemara,5
Shierra,5
Shylla,5
Simrandeep,5
Syaira,5
Taighlor,5
Taityana,5
Taityanna,5
Taiyler,5
Taizha,5
Tasheyana,5
Tashionna,5
Tayea,5
Tazaya,5
Tekyra,5
Tepanga,5
Teshayla,5
Tionah,5
Tranay,5
Tranea,5
Tyche,5
Tydashia,5
Vanitie,5
Wendolyne,5
Whysper,5
Yusmeri,5
Zanteria,5
Zendy,5
Zoeanna,5
Allesia,5
Allya,5
Analyssia,5
Anly,5
Annalyssia,5
Antaysia,5
Aquavia,5
Ashleykate,5
Atalanta,5
Auriona,5
Azianna,5
Baille,5
Beyoncee,5
Breara,5
Brendasia,5
Brizeth,5
Camaren,5
Camillemarie,5
Carelle,5
Chiani,5
Cidni,5
Clairece,5
Corde,5
Cordeja,5
Curstyn,5
Dadrianna,5
Daebreona,5
Dajhia,5
Damond,5
Danautica,5
Darnaja,5
Dashane,5
Daviyana,5
Dedriana,5
Deera,5
Deiara,5
Desara,5
Desmin,5
Dianni,5
Dionah,5
Dlayna,5
Donjanae,5
Dontaysha,5
Dzeneta,5
Edika,5
Elahna,5
Elixis,5
Ellasia,5
Emiliann,5
Filicity,5
Firyal,5
Fjolla,5
Forum,5
Gabriala,5
Germya,5
Gillan,5
Giovani,5
Handy,5
Hannahlynn,5
Hennesie,5
Idrena,5
Ises,5
Jalien,5
Janeicia,5
Jashan,5
Jesstine,5
Jhonna,5
Jiara,5
Jmyra,5
Jocabeth,5
Junya,5
Kaitey,5
Kaiza,5
Kaliece,5
Kareese,5
Karion,5
Kaylamae,5
Khiandra,5
Kiamara,5
Kiegan,5
Kristion,5
Krya,5
Kwayera,5
Lataivia,5
Latavea,5
Lexcee,5
Llecenia,5
Lonyea,5
Macara,5
Mackenley,5
Malaena,5
Maricelys,5
Marisleysi,5
Masada,5
Menal,5
Miakayla,5
Michaelee,5
Mikaylla,5
Millenna,5
Millinia,5
Mirlinda,5
Mkaila,5
Mocha,5
Moncerrad,5
Montserrad,5
Mykalla,5
Mykerria,5
Mykyah,5
Mylicia,5
Nahje,5
Najilah,5
Nyeasia,5
Orianne,5
Osanna,5
Pratyusha,5
Precius,5
Quinlin,5
Rabekka,5
Ranaa,5
Reshmi,5
Saffa,5
Samaah,5
Saraina,5
Scyler,5
Shakaiya,5
Shamma,5
Shanteya,5
Shikeria,5
Soda,5
Soobin,5
Soomin,5
Tadajah,5
Tajahne,5
Tajhanae,5
Tameira,5
Tashfia,5
Tayyaba,5
Tijay,5
Timmiah,5
Tionee,5
Trevona,5
Tyjanea,5
Tyneice,5
Tynija,5
Tyraya,5
Tysheana,5
Umaya,5
Yuneicy,5
Zanaii,5
Zarelia,5
Zarreah,5
Zikiria,5
Adreauna,5
Ahjahnae,5
Ahmarria,5
Akaysia,5
Akeyra,5
Akria,5
Aladrian,5
Alique,5
Alista,5
Alycee,5
Amyya,5
Anamary,5
Andry,5
Anij,5
Arim,5
Arlete,5
Asada,5
Ashanee,5
Ashini,5
Asiaonna,5
Assma,5
Aujanai,5
Ayren,5
Barbora,5
Basimah,5
Biankah,5
Breeyanna,5
Briazia,5
Bryasha,5
Camyron,5
Caribbean,5
Ceyonce,5
Ciah,5
Cinsere,5
Citialli,5
Clareese,5
Coreyonna,5
Cymbre,5
Cytlalli,5
Dadne,5
Dailen,5
Damar,5
Deeqa,5
Dezmyn,5
Deztiney,5
Donashia,5
Dzenita,5
Eleasah,5
Emilymae,5
Endyia,5
Erinisha,5
Fathma,5
Foram,5
Gabreella,5
Jackalin,5
Jahmela,5
Jalil,5
Janaesha,5
Janeise,5
Jarline,5
Jata,5
Jerrianna,5
Jeshua,5
Jewellee,5
Jhanai,5
Jinhee,5
Jnaiya,5
Johnessa,5
Josia,5
Jovanah,5
Juliamae,5
Jylissa,5
Kaidra,5
Kamryne,5
Kaonou,5
Kataria,5
Kayen,5
Kaylien,5
Kearson,5
Kendasia,5
Keree,5
Keyajah,5
Kiaralyn,5
Kiarri,5
Kiranjot,5
Kiyarah,5
Kother,5
Kreena,5
Krishani,5
Kysia,5
Ladaysia,5
Lamarra,5
Laneise,5
Larizza,5
Lataiya,5
Lekayla,5
Leloni,5
Lised,5
Llarely,5
Maaha,5
Magi,5
Makada,5
Makaily,5
Manasseh,5
Manshi,5
Martaja,5
Maurin,5
Mhari,5
Mhya,5
Mikhal,5
Moiya,5
Monajah,5
Montaysia,5
Monterra,5
Montiara,5
Monzerrad,5
Mrinalini,5
Murron,5
Muzna,5
Mykhala,5
Nachaly,5
Najala,5
Najelly,5
Nakee,5
Nakel,5
Nakieya,5
Nashrah,5
Natayja,5
Nelitza,5
Niaje,5
Niche,5
Nikkiah,5
Nitzy,5
Nokia,5
Norelia,5
Norika,5
Nyagoa,5
Nykiria,5
Oshanique,5
Passionae,5
Quantiana,5
Raene,5
Raeyanna,5
Rahjae,5
Raihaanah,5
Rhavyn,5
Sandybell,5
Sasami,5
Sayona,5
Seairah,5
Sedney,5
Sekura,5
Senida,5
Sereina,5
Seviah,5
Shaeann,5
Shanaih,5
Shaylla,5
Shyleah,5
Skyle,5
Soana,5
Sundos,5
Syian,5
Sykeria,5
Tabbytha,5
Tajinae,5
Talaija,5
Taliha,5
Tayonia,5
Tekiya,5
Thays,5
Timeah,5
Tshai,5
Tyaria,5
Tybriana,5
Tyira,5
Tyuana,5
Ujala,5
Uniah,5
Vrisa,5
Yairely,5
Yairy,5
Yaremy,5
Yesmi,5
Yiana,5
Yulliana,5
Yumara,5
Zahidah,5
Zionne,5
Aaja,5
Aakira,5
Aakiyah,5
Aashana,5
Achanti,5
Ahleeyah,5
Ahnyia,5
Ahshanti,5
Aishatu,5
Alazhia,5
Alexisjade,5
Alixia,5
Aliysha,5
Alizai,5
Alvaro,5
Alyceia,5
Amarantha,5
Anakah,5
Analexis,5
Anavela,5
Angelleigh,5
Aquala,5
Arshanti,5
Artemia,5
Asala,5
Ashantey,5
Ashantiana,5
Ashaunta,5
Aviara,5
Barret,5
Berniya,5
Bionda,5
Brenin,5
Brishana,5
Callasandra,5
Carista,5
Carragan,5
Carrena,5
Cevanna,5
Ciyah,5
Clarixa,5
Dajahnay,5
Dalisia,5
Danayia,5
Daneyah,5
Danka,5
Dashna,5
Dashyra,5
Dayshanay,5
Dayvonna,5
Delenna,5
Deqa,5
Dimia,5
Eimear,5
Ellycia,5
Emagin,5
Emiliee,5
Emirra,5
Endyah,5
Fattima,5
Feyisayo,5
Fury,5
Gabrionna,5
Genissa,5
Guisell,5
Guisselle,5
Heeba,5
Hudes,5
Ijana,5
Imogin,5
Jaada,5
Jaade,5
Jaalyn,5
Jacklen,5
Jadaija,5
Jadha,5
Jaheim,5
Jahyda,5
Jalyia,5
Jamary,5
Janaina,5
Janisia,5
Janiyyah,5
Jasee,5
Jasianna,5
Jasona,5
Jassie,5
Jataiya,5
Jazmein,5
Jesee,5
Jimiah,5
Jkia,5
Jorianna,5
Juniah,5
Kaitin,5
Katyln,5
Kaveona,5
Kayta,5
Keajia,5
Keally,5
Keemia,5
Kolia,5
Kylamarie,5
Laredo,5
Lashunti,5
Lexsy,5
Lieza,5
Lisandro,5
Lissbet,5
Mahaylia,5
Makayliah,5
Malialani,5
Mareike,5
Mariuxi,5
Mikaeli,5
Mykya,5
Myyah,5
Naiely,5
Narayana,5
Natayshia,5
Navdia,5
Naylie,5
Neissa,5
Nicaya,5
Nkayla,5
Nyshae,5
Oriyana,5
Platinum,5
Rachita,5
Rayeanna,5
Reili,5
Rohma,5
Sebria,5
Shaaliyah,5
Shailie,5
Shalliyah,5
Shanaisha,5
Shariden,5
Shedricka,5
Shelaya,5
Sieria,5
Skieler,5
Soraide,5
Soukaina,5
Sraavya,5
Supraja,5
Sydra,5
Takijah,5
Takylia,5
Tanayshia,5
Tashante,5
Tashaunti,5
Tavonda,5
Tiayanna,5
Trenaty,5
Tykayla,5
Tykierra,5
Tyranique,5
Uniya,5
Vernasia,5
Xitlalit,5
Yarlyn,5
Yennie,5
Yesmine,5
Yosaira,5
Zatara,5
Zeny,5
Aanijah,5
Abbrianna,5
Addriana,5
Adji,5
Akaja,5
Alacyia,5
Aliziah,5
Amerissa,5
Amone,5
Anacely,5
Anandita,5
Anastajia,5
Andri,5
Anusri,5
Aonna,5
Aquilina,5
Arpa,5
Aselin,5
Ashuna,5
Ashyria,5
Avrill,5
Aylenne,5
Azanae,5
Azuzena,5
Bracy,5
Branson,5
Brenaya,5
Breyell,5
Camely,5
Catalin,5
Ceyara,5
Chailynn,5
Chanelly,5
Chiarra,5
Chylynn,5
Cyerah,5
Danayjah,5
Danery,5
Daniana,5
Dascha,5
Demetrianna,5
Deniella,5
Deonie,5
Devoni,5
Edil,5
Ellesha,5
Emmye,5
Erien,5
Gasia,5
Gevalia,5
Gleny,5
Gopika,5
Hailiey,5
Imajen,5
Iyaunna,5
Iysiss,5
Jadeth,5
Jadziah,5
Jeiri,5
Jermira,5
Jiniyah,5
Josilyne,5
Kadaysia,5
Kamelya,5
Katija,5
Keiaja,5
Kemry,5
Kenaja,5
Kenasha,5
Kevion,5
Khatia,5
Kiayanna,5
Kie,5
Kimone,5
Kinverli,5
Kire,5
Krishara,5
Krishona,5
Laidy,5
Lamoria,5
Lexe,5
Lyddia,5
Mareme,5
Matelynn,5
Maysea,5
Merrik,5
Micahia,5
Michaylah,5
Mickenzi,5
Mikayleigh,5
Mikenya,5
Minely,5
Modupeoluwa,5
Naiyanna,5
Natailia,5
Neidelin,5
Nijiah,5
Niurca,5
Nivetha,5
Niyel,5
Nyshay,5
Nyzeth,5
Omarion,5
Osiana,5
Paeten,5
Qing,5
Racey,5
Raeona,5
Raiyana,5
Rece,5
Richana,5
Sabriyyah,5
Saddiya,5
Samore,5
Sbeidy,5
Seja,5
Seoyoon,5
Shachi,5
Shaelea,5
Shakyiah,5
Shamaia,5
Shenya,5
Shenyah,5
Shillae,5
Shiniah,5
Suhanee,5
Sumia,5
Suparna,5
Tamajah,5
Taneiya,5
Taniayah,5
Tenayah,5
Teonni,5
Terryanna,5
Thayna,5
Tianny,5
Tikiyah,5
Tomiah,5
Trinidie,5
Trishamae,5
Trishawna,5
Tykirah,5
Ulyssia,5
Urmila,5
Vanja,5
Xen,5
Yakirah,5
Yakyra,5
Yasley,5
Yazmene,5
Yewon,5
Yulitzy,5
Zowee,5
Zuszeth,5
Zykeriya,5
Aafreen,5
Aaleeya,5
Aalicia,5
Abegale,5
Aditya,5
Adryonna,5
Ahyonna,5
Airiona,5
Aivry,5
Ajahnay,5
Alishaba,5
Alisun,5
Allyza,5
Amonti,5
Anaisia,5
Andin,5
Aneysa,5
Angilina,5
Aniha,5
Anijia,5
Ariyauna,5
Arysta,5
Ashauntae,5
Ashliy,5
Asyana,5
Auril,5
Barakat,5
Betsabet,5
Bianet,5
Bilal,5
Bleidy,5
Brenai,5
Briney,5
Cada,5
Caida,5
Caitelyn,5
Callah,5
Cayra,5
Cebria,5
Ceianna,5
Ceionna,5
Chalynn,5
Chineye,5
Chisara,5
Chrishya,5
Cianie,5
Clancie,5
Constence,5
Dalainey,5
Danaia,5
Danaiyah,5
Darynne,5
Dontajah,5
Dynasha,5
Elexes,5
Evennie,5
Gabria,5
Giany,5
Giavonnie,5
Gisely,5
Gurveen,5
Habibatou,5
Hannha,5
Hany,5
Hawanatu,5
Heili,5
Heleina,5
Hongan,5
Ilori,5
Iriyana,5
Jahairy,5
Jahlynn,5
Jaimison,5
Jakada,5
Jalyce,5
Jamirya,5
Janiia,5
Janniah,5
Janyse,5
Jaritzi,5
Jhaeda,5
Jhanet,5
Jhenifer,5
Jilma,5
Juleeanna,5
Kaaya,5
Kaedin,5
Kanyen,5
Karadyn,5
Kareana,5
Karimen,5
Kateara,5
Keasya,5
Kenajah,5
Kenyce,5
Kenzia,5
Keonnie,5
Keoria,5
Kesharia,5
Kheyla,5
Kiersa,5
Kinady,5
Kotryna,5
Kristlynn,5
Kuhu,5
Kyleemarie,5
Kylis,5
Laciann,5
Laici,5
Lanaija,5
Lanajia,5
Landan,5
Laniyia,5
Leeannah,5
Leilonnie,5
Leini,5
Leslly,5
Macen,5
Mahkiya,5
Maialen,5
Makalei,5
Makasia,5
Makiley,5
Marinez,5
Maritzabel,5
Maslin,5
Mayalyn,5
Meledy,5
Mixtly,5
Nahjay,5
Nakayia,5
Nally,5
Nandni,5
Naobi,5
Nareli,5
Nashally,5
Nashyla,5
Natural,5
Nayala,5
Nazarena,5
Nincy,5
Nkara,5
Nkiyah,5
Noelany,5
Nouha,5
Onaya,5
Onyka,5
Pavneet,5
Pravallika,5
Preciousa,5
Pricsila,5
Rachely,5
Ramatu,5
Ritzy,5
Rmonie,5
Ronaya,5
Sachel,5
Salamata,5
Salet,5
Sanskruti,5
Shailen,5
Shakayia,5
Sharaven,5
Shayndel,5
Sheali,5
Sheylyn,5
Shyauna,5
Simin,5
Sinaiya,5
Skyasia,5
Sorraya,5
Srika,5
Talajiah,5
Tamyria,5
Tanaa,5
Tanicha,5
Tarralyn,5
Taslin,5
Teaisha,5
Thamia,5
Tierna,5
Tomaya,5
Torence,5
Torika,5
Trinadi,5
Tyriona,5
Tytanna,5
Umama,5
Valasia,5
Veronicka,5
Wiyaka,5
Yahzarah,5
Yanitzi,5
Yarazet,5
Yasiris,5
Zackery,5
Zalet,5
Zanyyah,5
Zeidi,5
Aalyia,5
Aariyonna,5
Achan,5
Adlina,5
Adreyona,5
Adriunna,5
Agnesa,5
Ahlona,5
Alissondra,5
Allizae,5
Amaury,5
Amelee,5
Amenata,5
Anaeja,5
Analydia,5
Anamile,5
Angellyna,5
Anisette,5
Anjolena,5
Anjolique,5
Annakiya,5
Ashgan,5
Ashyiah,5
Asiane,5
Aunnika,5
Auttum,5
Avelinn,5
Ayaina,5
Azareeyah,5
Bellicia,5
Benedicte,5
Breesa,5
Brianie,5
Brisaida,5
Bronagh,5
Caidy,5
Chaislyn,5
Chanyce,5
Chariel,5
Chayan,5
Cheridyn,5
Cidra,5
Cimara,5
Condoleezza,5
Dalasha,5
Daleila,5
Damaiah,5
Daneysha,5
Deshaila,5
Efthymia,5
Eiyanna,5
Emilyjane,5
Enaja,5
Enaysia,5
Ethny,5
Gabie,5
Galatia,5
Galicia,5
Geidi,5
Gemelli,5
Haala,5
Hanniah,5
Hazelann,5
Hazy,5
Heylie,5
Infantfemale,5
Inya,5
Irandy,5
Isairis,5
Itohan,5
Ivanah,5
Iviannah,5
Iyoni,5
Jadiamond,5
Jahria,5
Jaidi,5
Jainie,5
Jakeara,5
Jakirrah,5
Jalaa,5
Jamerra,5
Jamesen,5
Janetzi,5
Jannesa,5
Janyhia,5
Jenaia,5
Jenis,5
Jennevie,5
Jerkayla,5
Jescie,5
Jeweleah,5
Jezlin,5
Jhamilet,5
Jinaya,5
Jinessa,5
Johanah,5
Jollette,5
Joselen,5
Jossilynn,5
Julenny,5
Julixa,5
Juritza,5
Jyonna,5
Kaelyne,5
Kamare,5
Kanijha,5
Karoll,5
Kasside,5
Kayme,5
Kemberlyn,5
Keylea,5
Kilana,5
Kiniah,5
Kinverlin,5
Kurtlyn,5
Kyrea,5
Lamea,5
Layeska,5
Leeara,5
Leilauni,5
Liczy,5
Lluvy,5
Lucymarie,5
Lytzi,5
Mackaylah,5
Madicella,5
Mani,5
Markyia,5
Maryfaith,5
Masia,5
Mckeena,5
Melan,5
Meritza,5
Mhina,5
Miakota,5
Miina,5
Mikan,5
Mikayala,5
Mikaylynn,5
Mikhiya,5
Moniq,5
Nadrea,5
Nahyma,5
Naiome,5
Nashmia,5
Ndey,5
Nevach,5
Nilyn,5
Niyia,5
Nole,5
Nyaijah,5
Nyemia,5
Nylen,5
Paradyce,5
Quimora,5
Ramatoulie,5
Roarie,5
Rokiya,5
Rugiatu,5
Sabriye,5
Sachary,5
Sameia,5
Saniye,5
Sariha,5
Shaiyan,5
Shamarion,5
Shanely,5
Shykerria,5
Sklyer,5
Somarah,5
Srinija,5
Sthefani,5
Suhur,5
Suleymi,5
Sveva,5
Symaya,5
Tavey,5
Telise,5
Tenijah,5
Terae,5
Travianna,5
Trenadi,5
Trenasia,5
Tyairah,5
Tydaisha,5
Tydrianna,5
Tykaria,5
Tyranae,5
Valyssa,5
Vianay,5
Wilniya,5
Xally,5
Yaharia,5
Yaili,5
Yalana,5
Yarett,5
Yitsel,5
Yunnuen,5
Yuritzia,5
Zenaiya,5
Aallyah,5
Adairis,5
Adryann,5
Aeryona,5
Aketzalli,5
Akiylah,5
Akosha,5
Alecsis,5
Aleily,5
Alela,5
Aleona,5
Alexeah,5
Allinah,5
Amarin,5
Ameiya,5
Amilliyon,5
Anaelise,5
Annalyss,5
Annanya,5
Annea,5
Ashawni,5
Aubreona,5
Aumya,5
Auttumn,5
Azareah,5
Azhanae,5
Bernasia,5
Bethzabeth,5
Bhoomika,5
Birydiana,5
Caitilyn,5
Cambel,5
Carlyssia,5
Casaya,5
Chamaya,5
Chanlee,5
Christyan,5
Cidnie,5
Dacee,5
Dalayjah,5
Dalonna,5
Daniaya,5
Daveonna,5
Dayshana,5
Demea,5
Deztany,5
Dianeli,5
Elissar,5
Emperess,5
Euriah,5
Eyden,5
Fatumo,5
Flordemaria,5
Gabrylle,5
Gennessy,5
Gianessa,5
Gio,5
Gracean,5
Graceelizabeth,5
Hada,5
Haiylee,5
Hannahrae,5
Hashley,5
Hollymarie,5
Honorae,5
Hylie,5
Idaya,5
Ilsi,5
Isalei,5
Isoken,5
Iycess,5
Jadlynn,5
Jahmyia,5
Jamasia,5
Jareny,5
Jaretsi,5
Jarexi,5
Jasana,5
Jashea,5
Javin,5
Jayeda,5
Jeaniyah,5
Jenesy,5
Jenibelle,5
Jessimar,5
Jilyan,5
Joilyn,5
Jomiah,5
Josylin,5
Julieza,5
Kadria,5
Kalaijah,5
Kaleis,5
Kalesia,5
Kaltrina,5
Kameal,5
Kamiria,5
Kamrynne,5
Kamyjah,5
Karelie,5
Kayannah,5
Kaylalynn,5
Kellissa,5
Kenyjah,5
Keolani,5
Ketzalli,5
Keymiyah,5
Keyria,5
Kimauri,5
Kioko,5
Kirynn,5
Komora,5
Kylicia,5
Kyrha,5
Lakiaya,5
Lamera,5
Laraea,5
Lenai,5
Levity,5
Lexsie,5
Liette,5
Lizneidy,5
Lucien,5
Mabinty,5
Mackensy,5
Maemi,5
Magena,5
Maica,5
Makarah,5
Makiala,5
Malenna,5
Mariae,5
Matasia,5
Mckylie,5
Mckynze,5
Mehret,5
Mekelle,5
Miarah,5
Mikaylen,5
Mikeayla,5
Miriama,5
Myajah,5
Myanh,5
Myleisha,5
Nadaleigh,5
Nayami,5
Nayona,5
Neajah,5
Neili,5
Niaira,5
Nikai,5
Nirah,5
Nixmary,5
Nyajiah,5
Nyele,5
Nyiana,5
Nylin,5
Orr,5
Paili,5
Peregrina,5
Quanya,5
Quiriat,5
Rayonah,5
Reeana,5
Reggan,5
Rheyanna,5
Rieleigh,5
Rithi,5
Rithu,5
Rossmary,5
Rreanna,5
Sabarin,5
Sadio,5
Saleigh,5
Saliya,5
Salomae,5
Samana,5
Sanihya,5
Saniyia,5
Sannai,5
Sarell,5
Semayah,5
Senaiya,5
Sensi,5
Seraphin,5
Serennity,5
Shannya,5
Sharayu,5
Sharyia,5
Sheili,5
Sherlly,5
Shiyanna,5
Shuchi,5
Symarah,5
Tahiyah,5
Talayasia,5
Tamaiah,5
Tamayia,5
Tekeira,5
Thereza,5
Tiany,5
Tiyanni,5
Tylei,5
Tyren,5
Ugne,5
Willasia,5
Xarianna,5
Xaviea,5
Yanabah,5
Yaretci,5
Yaretcy,5
Yenci,5
Ylani,5
Zacharee,5
Zaimah,5
Zakhiya,5
Zanieya,5
Zarely,5
Zavery,5
Zikiya,5
Ziniah,5
Aariyona,5
Adoncia,5
Adrieonna,5
Adryanah,5
Ahlyvia,5
Ahona,5
Ahreanna,5
Aidet,5
Aishlin,5
Akaycia,5
Allyonna,5
Alynia,5
Amagine,5
Amaijah,5
Ameryst,5
Amirie,5
Anaviah,5
Aneyda,5
Annaira,5
Araceliz,5
Arlea,5
Asasha,5
Asharri,5
Ashera,5
Atinuke,5
Audriaunna,5
Ayaniah,5
Azaraya,5
Aziria,5
Betsayda,5
Bettzy,5
Beverlin,5
Blerina,5
Bradynn,5
Braxten,5
Breeannah,5
Breyanah,5
Bryssia,5
Camyria,5
Cemya,5
Charitha,5
Cheriah,5
Crisslyn,5
Cynii,5
Dafni,5
Dakyah,5
Danaira,5
Dannicka,5
Dannylynn,5
Dasharia,5
Deyannah,5
Dianet,5
Dniah,5
Dnyia,5
Domani,5
Douaa,5
Duice,5
Eithne,5
Eleyana,5
Elizabith,5
Eresmia,5
Esteysi,5
Evionna,5
Eydi,5
Ezabel,5
Gelen,5
Gioanna,5
Gyanni,5
Haadiyah,5
Haileyjo,5
Haleia,5
Halye,5
Hasitha,5
Isabellemarie,5
Isah,5
Ismaela,5
Ivoryana,5
Jaciah,5
Jahzari,5
Jainy,5
Jakelynn,5
Jakhai,5
Jakhira,5
Jakhyia,5
Janneli,5
Janniyah,5
Janyriah,5
Jaszlyn,5
Javlyn,5
Jaylece,5
Jaylisse,5
Jazalin,5
Jeira,5
Jemaya,5
Jencyn,5
Jennya,5
Jhaniah,5
Jinah,5
Jlea,5
Jnasia,5
Joceleen,5
Jyia,5
Kaajal,5
Kabree,5
Kaedan,5
Kahlis,5
Kameera,5
Kanaiyah,5
Kanila,5
Kanyra,5
Kaolin,5
Kayleene,5
Kaylian,5
Kaylianne,5
Kealohi,5
Keaten,5
Kemauria,5
Keniyha,5
Kesly,5
Keziya,5
Kotomi,5
Kymaya,5
Kyralynn,5
Kyrian,5
Kytalin,5
Laileen,5
Lakyrah,5
Laleah,5
Lameya,5
Lanyra,5
Lehiwa,5
Leilena,5
Lilylynn,5
Liseli,5
Lyzandra,5
Mabelin,5
Madelys,5
Mahkyla,5
Makayiah,5
Makhaya,5
Malacia,5
Mallia,5
Malwina,5
Mamy,5
Manavi,5
Marek,5
Mareyah,5
Marianely,5
Mariangeles,5
Marieana,5
Mariolita,5
Markaysia,5
Marlayshia,5
Marsadie,5
Mattaya,5
Maykaylee,5
Mckaleigh,5
Mersadiez,5
Mesiah,5
Meyly,5
Mikeyah,5
Mikilah,5
Mikinlee,5
Missel,5
Monikah,5
Moriana,5
Naimo,5
Nalanee,5
Naohmi,5
Nayelys,5
Nekya,5
Nerely,5
Nevaeah,5
Nevyn,5
Niciah,5
Nicteha,5
Nikayah,5
Niola,5
Nizeria,5
Norelys,5
Ofir,5
Omarionna,5
Raeanah,5
Raeyana,5
Ramzee,5
Righley,5
Rikku,5
Rinesa,5
Ripsi,5
Ronniya,5
Roua,5
Sabiya,5
Safeara,5
Sakaiya,5
Saneya,5
Sayanna,5
Saybree,5
Sehana,5
Selphie,5
Selyn,5
Shaniyia,5
Shareny,5
Shayd,5
Sinchana,5
Srimayi,5
Sufi,5
Synaia,5
Tanusha,5
Tayani,5
Taylene,5
Teyahna,5
Tmyra,5
Tommya,5
Tranyah,5
Trynati,5
Vaitea,5
Yadelis,5
Yarizel,5
Yeidy,5
Yeliz,5
Yesley,5
Yisleine,5
Yoonseo,5
Zahyrah,5
Zanyra,5
Zharyah,5
Ziarre,5
Zimaria,5
Zsophia,5
Zydia,5
Adasynn,5
Addalina,5
Addsion,5
Adellia,5
Ahlyana,5
Ahmir,5
Aidrianna,5
Airys,5
Ajayah,5
Ajiya,5
Akhiya,5
Akiyra,5
Alaynia,5
Aleceia,5
Alerah,5
Alisiah,5
Alizet,5
Allize,5
Allonah,5
Amarina,5
Ameriana,5
Amisaday,5
Anan,5
Angelick,5
Angenie,5
Anjelyn,5
Annaluisa,5
Anwaar,5
Anyjha,5
Areionna,5
Asul,5
Avala,5
Aydelis,5
Aydenne,5
Aydrie,5
Ayoki,5
Aysenur,5
Batel,5
Bracelyn,5
Brisny,5
Brisseida,5
Brizzia,5
Calis,5
Camariah,5
Cariss,5
Caytlen,5
Chilyn,5
Chrishiya,5
Cianah,5
Cloi,5
Dalai,5
Dalianna,5
Danera,5
Danner,5
Davaney,5
Dayamir,5
Dayamit,5
Dayiana,5
Deariah,5
Delianna,5
Deliany,5
Diyonna,5
Dreauna,5
Dyami,5
Dziah,5
Eeliyah,5
Elazia,5
Elieana,5
Elisya,5
Emalei,5
Evalen,5
Evilin,5
Eziah,5
Fenley,5
Gabrielah,5
Gamya,5
Genavecia,5
Greyce,5
Gwendelynn,5
Haileah,5
Hasanah,5
Hatziry,5
Helly,5
Ianah,5
Itzary,5
Ivye,5
Jaciel,5
Jadali,5
Jaeliah,5
Jahliah,5
Jaiyden,5
Janeida,5
Janeidy,5
Janeisa,5
Janivea,5
Janiyaa,5
Jarriah,5
Jasera,5
Jashyia,5
Jaslean,5
Jasselle,5
Jassiel,5
Jasslynn,5
Jaylicia,5
Jaymiya,5
Jazharia,5
Jazlena,5
Jazzanae,5
Jekeria,5
Jenci,5
Jenedy,5
Jerkiya,5
Jesslene,5
Jezeniah,5
Jezzelle,5
Jniaya,5
Johntavia,5
Joriann,5
Josera,5
Juany,5
Juliahnna,5
Julibeth,5
Kahmyra,5
Kaiyden,5
Kamaury,5
Kanaja,5
Kanora,5
Kariona,5
Karmindy,5
Kaviona,5
Kaydynn,5
Kaymi,5
Keemora,5
Keiliana,5
Keirslyn,5
Keirya,5
Keiyona,5
Keymara,5
Khalen,5
Khmya,5
Kiayah,5
Kimverly,5
Kiyelle,5
Koleigh,5
Kosisochi,5
Kynnady,5
Kyuana,5
Labraya,5
Laella,5
Lalicia,5
Leilonie,5
Leriah,5
Lidea,5
Lilany,5
Livea,5
Livija,5
Llayla,5
Luzmila,5
Lydianne,5
Lyniya,5
Maelana,5
Mahalet,5
Mahlah,5
Marialicia,5
Mariaya,5
Marlaysha,5
Marleyjane,5
Mashari,5
Matthea,5
Meliame,5
Meztly,5
Mikylie,5
Miracal,5
Myamarie,5
Myliegh,5
Mylii,5
Nalyjah,5
Nastia,5
Nataniela,5
Nateyah,5
Nayan,5
Neasa,5
Nellee,5
Nevaehia,5
Nevan,5
Nicoly,5
Niera,5
Nilajah,5
Niree,5
Nissie,5
Nouvelle,5
Nyailah,5
Okairy,5
Omiya,5
Poetri,5
Prakruti,5
Raiqa,5
Rayha,5
Rekayla,5
Reut,5
Revati,5
Rickyia,5
Rujuta,5
Sabreya,5
Sahai,5
Sahnya,5
Salayna,5
Saniiya,5
Sapheria,5
Sashya,5
Sayen,5
Seaanna,5
Seliyah,5
Sevena,5
Shanye,5
Shauniya,5
Shavaria,5
Shiala,5
Shulamite,5
Shunashi,5
Sierralynn,5
Siriya,5
Sirrah,5
Sitey,5
Srimedha,5
Srinithya,5
Suhaily,5
Suree,5
Syeisha,5
Syrenna,5
Tadeja,5
Tahmia,5
Taimani,5
Tamiaya,5
Teyanah,5
Thayla,5
Timmyah,5
Tinasia,5
Tindra,5
Tivoli,5
Tralaya,5
Tylayshia,5
Tynayah,5
Tyrhiana,5
Vanasia,5
Vasia,5
Wuendi,5
Xailey,5
Xeniya,5
Yamara,5
Yanalis,5
Yaritzza,5
Yasiah,5
Yelizaveta,5
Yeray,5
Yoany,5
Yoselina,5
Yuina,5
Yukary,5
Yuting,5
Yvannah,5
Yvannia,5
Zacariah,5
Zahmari,5
Zanavia,5
Zeasia,5
Zikayla,5
Zniah,5
Zody,5
Aaden,5
Aarshiya,5
Acy,5
Adrihana,5
Adryauna,5
Aireon,5
Alaiha,5
Alaizha,5
Aleksah,5
Alexzis,5
Aliyia,5
Amareona,5
Amerius,5
Amiaha,5
Amilie,5
Analiha,5
Analyss,5
Ananyaa,5
Aneeya,5
Aneiyah,5
Angeliya,5
Anime,5
Anjaliyah,5
Anyrie,5
Arielyn,5
Asaria,5
Asianah,5
Asianay,5
Asrar,5
Ayrihanna,5
Bhrianna,5
Braiya,5
Braxtin,5
Brehea,5
Caidee,5
Caleiah,5
Calynne,5
Camaira,5
Camea,5
Cameil,5
Camillya,5
Carcyn,5
Carya,5
Cayleeann,5
Ceinna,5
Ciley,5
Crystabel,5
Dalayshia,5
Dareona,5
Dayri,5
Deronna,5
Devanhi,5
Dianalee,5
Dianalys,5
Dionnah,5
Duniya,5
Dynesti,5
Edalia,5
Elecktra,5
Eleecia,5
Elexi,5
Elliena,5
Emelye,5
Emmelee,5
Erieonna,5
Erionne,5
Estefanya,5
Evangelena,5
Evanni,5
Ferra,5
Gabriellamarie,5
Garryn,5
Gavriel,5
Getsemany,5
Gracelan,5
Gradys,5
Graicyn,5
Gul,5
Gwenaelle,5
Gwennan,5
Haein,5
Hafso,5
Hla,5
Hritika,5
Icely,5
Isaabella,5
Itzabelle,5
Ivany,5
Jadaiah,5
Jadenn,5
Jainee,5
Jainiyah,5
Jakirria,5
Jalieah,5
Janalis,5
Janalyse,5
Jarhia,5
Jasai,5
Javea,5
Javina,5
Jaydann,5
Jayviona,5
Jazaniah,5
Jazella,5
Jemely,5
Jenevive,5
Jordae,5
Jozlyne,5
Juleimy,5
Kahryn,5
Kambelle,5
Kamyle,5
Kasadie,5
Kaybre,5
Kaydens,5
Kaydnce,5
Kayleemae,5
Keyliana,5
Kiary,5
Korionna,5
Kryztal,5
Kyairah,5
Kyalee,5
Kylor,5
Laiona,5
Lanayshia,5
Larionna,5
Larriah,5
Laylina,5
Leightan,5
Lexcie,5
Lialah,5
Likhitha,5
Lillyjo,5
Liniyah,5
Lowe,5
Luchia,5
Magdaly,5
Mah,5
Mahoganee,5
Mailea,5
Majuma,5
Maluhia,5
Maraam,5
Mareily,5
Margaretanne,5
Mariasha,5
Marichuy,5
Marniyah,5
Martianna,5
Maryellis,5
Mazani,5
Mazaria,5
Meagyn,5
Meerub,5
Merlot,5
Mikaeyla,5
Mikaiyah,5
Mildre,5
Mileen,5
Myaisa,5
Myashia,5
Nacirema,5
Nafiso,5
Nafissa,5
Nalynn,5
Naturell,5
Nayeri,5
Nesya,5
Nevara,5
Ngozichukwu,5
Nikaylah,5
Nilay,5
Nyaziah,5
Nyrissa,5
Nyvia,5
Obehi,5
Padyn,5
Paetin,5
Parleen,5
Pashience,5
Paycie,5
Paytten,5
Quamya,5
Raghavi,5
Raily,5
Raymiah,5
Razariah,5
Rheese,5
Rikhia,5
Rougui,5
Sadielee,5
Salay,5
Samarea,5
Sareniti,5
Sarvia,5
Sayonna,5
Seliah,5
Seryniti,5
Shakai,5
Shastelin,5
Shniyah,5
Smiya,5
Sophialauren,5
Srivaishnavi,5
Sumaiyya,5
Summa,5
Surianna,5
Suyai,5
Syree,5
Taegyn,5
Tairen,5
Talajha,5
Tamarrah,5
Tanyha,5
Terriel,5
Theoni,5
Tipton,5
Tmaya,5
Toluwalope,5
Trisity,5
Tykeriah,5
Tyonnah,5
Tyvaeh,5
Xaviona,5
Xiyah,5
Yamarie,5
Yarecsi,5
Yaslen,5
Zaniiya,5
Zanniyah,5
Zaysia,5
Zeilyn,5
Zemiyah,5
Zhaira,5
Zhianna,5
Zianny,5
Zimaya,5
Zohe,5
Zujeily,5
Zyani,5
Adason,5
Adavia,5
Addiston,5
Adelane,5
Adry,5
Airyona,5
Aishlyn,5
Alajhia,5
Aleiha,5
Alexyanna,5
Aliveya,5
Allenah,5
Amarhi,5
Amirea,5
Amukta,5
Analily,5
Anamar,5
Anamia,5
Anayis,5
Anesti,5
Aneysha,5
Angelah,5
Aniaha,5
Anisley,5
Annslie,5
Anupriya,5
Aracellie,5
Areigha,5
Armonnie,5
Arriannah,5
Aunjel,5
Axiry,5
Ayleena,5
Ayslyn,5
Azury,5
Bailiegh,5
Bracelynn,5
Brayle,5
Breigha,5
Brianalee,5
Bryniah,5
Byntlee,5
Cairah,5
Calasia,5
Caliese,5
Camaree,5
Casslyn,5
Charleah,5
Charlisia,5
Chidumebi,5
Couri,5
Dakyrah,5
Dannilyn,5
Danykah,5
Darisley,5
Delainah,5
Dellanie,5
Demariona,5
Denari,5
Desinae,5
Devannie,5
Deveshi,5
Dezzarae,5
Dioseline,5
Draylee,5
Dreniyah,5
Dyson,5
Eadyn,5
Eillie,5
Elisabeta,5
Ellanah,5
Ellasophia,5
Enesa,5
Erihanna,5
Eszter,5
Etnie,5
Evaeh,5
Gerniya,5
Gerryn,5
Greidi,5
Haania,5
Haidin,5
Hanalee,5
Harpar,5
Hebron,5
Hudy,5
Ilhana,5
Imyah,5
Inass,5
Isahbella,5
Ismat,5
Iylan,5
Jacarla,5
Jaciya,5
Jadielys,5
Jaedalyn,5
Jaelea,5
Jahmira,5
Jahzlynn,5
Jainah,5
Jakalah,5
Jakeriya,5
Jamaree,5
Jasmijn,5
Jayanne,5
Jaynalis,5
Jdah,5
Jennevy,5
Jenyiah,5
Jewely,5
Jeylanie,5
Jhalia,5
Jhoselyne,5
Jhosselyn,5
Jinayah,5
Jolieann,5
Joshika,5
Joyden,5
Juilianna,5
Julivette,5
Kadenze,5
Kaery,5
Kahmyah,5
Kaigen,5
Kaleina,5
Kaliyanna,5
Karstin,5
Karyana,5
Kasydi,5
Kaydia,5
Kaylix,5
Kayvonna,5
Kealana,5
Keilia,5
Keiralee,5
Kelaijah,5
Kemori,5
Kenadey,5
Kendayl,5
Khamyla,5
Khendal,5
Khimora,5
Khloemae,5
Kholie,5
Kieralyn,5
Klowey,5
Kohlee,5
Kyerstin,5
Labreyah,5
Lahla,5
Laighton,5
Lakeland,5
Lanayja,5
Lanvy,5
Lauryne,5
Leaysia,5
Lilirose,5
Liliyanna,5
Lillykate,5
Lissianna,5
Luley,5
Luxy,5
Luzdari,5
Lyliann,5
Maireli,5
Makelah,5
Malajia,5
Malei,5
Marali,5
Maryury,5
Matilee,5
Mayly,5
Mayrely,5
Meti,5
Miika,5
Mirya,5
Mleah,5
Mynasia,5
Naeyli,5
Nanaadwoa,5
Nashlly,5
Navaeha,5
Navay,5
Naylen,5
Neilla,5
Nevaehtnes,5
Nihad,5
Nylajah,5
Osnas,5
Patyn,5
Queency,5
Raileen,5
Raymoni,5
Razel,5
Reginea,5
Rhileigh,5
Rikyah,5
Riloh,5
Ruiqi,5
Saadiyah,5
Sadhvi,5
Sahiyah,5
Samare,5
Sammiyah,5
Sariaha,5
Seianna,5
Semajae,5
Seriena,5
Setara,5
Sheliya,5
Shreyasi,5
Shylei,5
Sibelle,5
Sidora,5
Simia,5
Solach,5
Solmary,5
Srikrithi,5
Sucdi,5
Synneva,5
Takiyla,5
Talae,5
Tevyn,5
Timarah,5
Vanyah,5
Wengel,5
Yailet,5
Yazlen,5
Yitel,5
Yosilin,5
Yosmairy,5
Yuleiky,5
Yureimy,5
Zaneria,5
Zayannah,5
Zerriah,5
Zharya,5
Ziclaly,5
Zyda,5
Zyira,5
Aalyvia,5
Aashini,5
Aayden,5
Adelys,5
Ahmonie,5
Aimani,5
Aini,5
Akeriah,5
Aleeana,5
Alei,5
Allenna,5
Alliona,5
Amania,5
Amrah,5
Anabele,5
Anberlynn,5
Aneria,5
Ansli,5
Anson,5
Anyree,5
Anyriah,5
Aqilah,5
Arbrianna,5
Ariajade,5
Arienette,5
Ariez,5
Ariyha,5
Armeen,5
Ashaunie,5
Audreyna,5
Avaliese,5
Avangelene,5
Azareth,5
Beckah,5
Besiana,5
Blessn,5
Breese,5
Breeyah,5
Brieah,5
Brooklon,5
Bryleah,5
Brynsley,5
Caitryn,5
Calyce,5
Cheylyn,5
Coriah,5
Crystell,5
Dahianna,5
Danariah,5
Dariyelle,5
Darleni,5
Delanei,5
Delianys,5
Deshaya,5
Dilek,5
Diviana,5
Dixy,5
Dublyn,5
Duriyah,5
Eiva,5
Elaida,5
Elisianna,5
Elithia,5
Ellamaria,5
Emmasue,5
Eriann,5
Evanyelin,5
Evilynn,5
Farynn,5
Genendy,5
Geona,5
Gwynavere,5
Hajirah,5
Harjap,5
Ilenna,5
Ilithia,5
Inesa,5
Isabeli,5
Itzany,5
Jakayle,5
Jaleela,5
Jayclynn,5
Jaymya,5
Jazzariah,5
Jenave,5
Jenesi,5
Jennavi,5
Jerriona,5
Jeslee,5
Jliana,5
Jocelle,5
Jocelynmarie,5
Johannie,5
Johnalyn,5
Jorleny,5
Juliannamarie,5
Kadri,5
Kaicy,5
Kaiyonna,5
Kamdin,5
Kamerra,5
Kaysin,5
Kemanie,5
Kerala,5
Khylan,5
Kialani,5
Kimarri,5
Kimonie,5
Laeken,5
Laksmi,5
Lamese,5
Lamirra,5
Leemarie,5
Leyat,5
Lilleeana,5
Lorenn,5
Mackaela,5
Maclain,5
Madsen,5
Magavi,5
Mahaylee,5
Mahlena,5
Makayln,5
Malaki,5
Maleha,5
Marliegh,5
Maymouna,5
Mayrel,5
Mazyah,5
Mckinnly,5
Melaynie,5
Mextli,5
Milaniya,5
Mileni,5
Mkaylah,5
Morghen,5
Myairah,5
Mylinn,5
Nahide,5
Naiana,5
Nalayiah,5
Naleea,5
Natileigh,5
Neidelyn,5
Nickyla,5
Niriyah,5
Nirmeen,5
Nuray,5
Nyleve,5
Oluwafisayo,5
Omarah,5
Persaya,5
Petyon,5
Phoebi,5
Plum,5
Raeniyah,5
Rahna,5
Railen,5
Rayea,5
Rayhona,5
Rinya,5
Ryelan,5
Ryken,5
Sahrye,5
Sammya,5
Samy,5
Sanira,5
Santanah,5
Sanyra,5
Sariyha,5
Shanii,5
Shanniya,5
Shepherd,5
Shivany,5
Simoni,5
Sohna,5
Sragvi,5
Srilaasya,5
Sumalee,5
Suraiyah,5
Taetym,5
Taylenn,5
Taylorgrace,5
Tayvianna,5
Telaysia,5
Toriyah,5
Tyanni,5
Vasanti,5
Xamiyah,5
Yarisleidy,5
Yensid,5
Yusayrah,5
Yuuna,5
Zaedyn,5
Zaiana,5
Zailie,5
Zamaiyah,5
Zealyn,5
Zeyana,5
Zianah,5
Zikeyah,5
Aaratrika,5
Aaronae,5
Aavyn,5
Acea,5
Adalisse,5
Adelice,5
Adlea,5
Adn,5
Aevry,5
Aliannie,5
Aliauna,5
Alidiya,5
Allanie,5
Allisin,5
Amaryana,5
Amerikiss,5
Aminna,5
Ancika,5
Angelike,5
Anijae,5
Anilyn,5
Anjalika,5
Annalyne,5
Aubreah,5
Auraya,5
Avamay,5
Avangaline,5
Avayiah,5
Avrilynn,5
Aydali,5
Ayoola,5
Belany,5
Beliz,5
Blaklie,5
Bradli,5
Brantly,5
Braylenn,5
Breilynn,5
Calice,5
Calliemae,5
Camyri,5
Candler,5
Caydan,5
Charlyee,5
Chrisly,5
Coey,5
Dannee,5
Dasanii,5
Dashari,5
Deekshitha,5
Demariana,5
Devanae,5
Dharshini,5
Dmiracle,5
Dzya,5
Elaynna,5
Eleigh,5
Ellayah,5
Elleora,5
Elyahna,5
Emaliya,5
Eriannah,5
Evangalene,5
Evera,5
Eziya,5
Falynne,5
Fraidel,5
Fynnleigh,5
Gardner,5
Genelia,5
Giyana,5
Haileen,5
Hanlee,5
Hannabella,5
Harita,5
Haziel,5
Hirah,5
Icesys,5
Ilanny,5
Ilianie,5
Ilythia,5
Inchara,5
Jacenia,5
Jacyra,5
Jadynce,5
Jaede,5
Jaleny,5
Jaslena,5
Jaslinn,5
Jaybree,5
Jeel,5
Jelise,5
Jennabel,5
Jennaliz,5
Jesalee,5
Jessianna,5
Jiahna,5
Jianne,5
Jordanmarie,5
Jorelys,5
Joyse,5
Joziah,5
Juliella,5
Juliyanna,5
Jyena,5
Kahleya,5
Kaige,5
Kaileemarie,5
Kalexy,5
Kaliona,5
Kalionna,5
Kamarionna,5
Karismah,5
Karlyee,5
Kehara,5
Kenalee,5
Kenylah,5
Kerani,5
Kholette,5
Kmaya,5
Krystabella,5
Kylese,5
Kyndi,5
Laeyah,5
Lamaiyah,5
Laveen,5
Layanie,5
Lazariyah,5
Leeanah,5
Leilaann,5
Levani,5
Lillymay,5
Lilymay,5
Londonrose,5
Lucienna,5
Lucyrose,5
Lyanie,5
Lyelah,5
Maahika,5
Maeta,5
Makennzie,5
Mariyonna,5
Matiya,5
Maybre,5
Mayes,5
Mayreni,5
Meile,5
Merleah,5
Misgana,5
Morrissey,5
Munha,5
Myalin,5
Myjoy,5
Myrianna,5
Nakiyla,5
Nashaley,5
Nataliegh,5
Nataniah,5
Nerya,5
Nyomee,5
Olivyah,5
Pavni,5
Pypper,5
Racelyn,5
Reyyan,5
Rodaina,5
Roxii,5
Rudaina,5
Saela,5
Saham,5
Samija,5
Sarahya,5
Sarriyah,5
Satsha,5
Selebrity,5
Seriniti,5
Seya,5
Shalymar,5
Sharimar,5
Sharini,5
Sheylynn,5
Siwar,5
Siyuri,5
Sohany,5
Sophiemarie,5
Starri,5
Summayah,5
Sydalee,5
Taeryn,5
Tapasya,5
Taurasi,5
Tayleah,5
Tegen,5
Thaissa,5
Thistle,5
Thuraya,5
Tinslie,5
Uli,5
Velanie,5
Wiam,5
Xiomy,5
Xyion,5
Yanairis,5
Yanaliz,5
Yarisley,5
Zahmaria,5
Zainb,5
Zaiyanna,5
Zakai,5
Zanayla,5
Zarhianna,5
Aaliyaa,5
Abilyn,5
Adalade,5
Adorae,5
Aerian,5
Aheli,5
Aiona,5
Aivery,5
Aizleigh,5
Ajay,5
Akosita,5
Alexavia,5
Allessa,5
Allimae,5
Allionna,5
Alohna,5
Amarey,5
Amariani,5
Amariauna,5
Amino,5
Amvi,5
Amyrikal,5
Anariya,5
Aralis,5
Arayeli,5
Arpan,5
Ashadieeyah,5
Atoli,5
Aubreauna,5
Auroralynn,5
Avahlyn,5
Avamonroe,5
Avanthi,5
Avelle,5
Avivah,5
Ayanne,5
Ayele,5
Aysu,5
Ayvani,5
Azaireyah,5
Azaleigha,5
Baylaa,5
Bayleen,5
Bow,5
Braelinn,5
Brianney,5
Camyrah,5
Cattalaya,5
Ceyana,5
Chikamara,5
Chrisel,5
Citori,5
Corii,5
Crosslyn,5
Cya,5
Dalanee,5
Dalexia,5
Denyah,5
Dezani,5
Dhakirah,5
Edenrose,5
Eireen,5
Elayiah,5
Elayla,5
Elyda,5
Emilyna,5
Emiry,5
Emmabella,5
Emmaus,5
Emmey,5
Eriani,5
Eslem,5
Essined,5
Estellise,5
Fabriana,5
Finlea,5
Geraldinne,5
Gracelynd,5
Graziana,5
Haize,5
Hannalise,5
Haripriya,5
Harsimrat,5
Hendley,5
Hulali,5
Illythia,5
Ilyza,5
Ipsa,5
Isabellasophia,5
Isabeya,5
Jadiana,5
Jaelanie,5
Jakalynn,5
Jakiylah,5
Jakylia,5
Jalayha,5
Janiely,5
Jasiana,5
Jaycen,5
Jayly,5
Jelaina,5
Jeneba,5
Jennabella,5
Jenyka,5
Jesara,5
Jhiya,5
Jialin,5
Joelyne,5
Jordee,5
Josslynne,5
Jyiah,5
Kaiea,5
Kaileigha,5
Kaleela,5
Kaliey,5
Kalisee,5
Kambriah,5
Kayleh,5
Keiren,5
Kendley,5
Kenzingtyn,5
Keyren,5
Khaydence,5
Khymani,5
Kierslyn,5
Kimoya,5
Kinneret,5
Kinnick,5
Kloeigh,5
Koltyn,5
Kreelynn,5
Kumani,5
Kyhlee,5
Lacelyn,5
Laileigh,5
Lailonnie,5
Lakenzi,5
Lakley,5
Lenin,5
Lexilynn,5
Lillyah,5
Linen,5
Livee,5
Lucja,5
Madiyson,5
Maeliyah,5
Maezy,5
Mahie,5
Maiha,5
Makkiyah,5
Malanya,5
Malulani,5
Masynn,5
Mauriella,5
Mayher,5
Mckensley,5
Mclane,5
Meleyah,5
Mellodie,5
Meredy,5
Meret,5
Mileyna,5
Milliona,5
Misheeta,5
Myrra,5
Nahely,5
Nalyn,5
Nayanah,5
Nayvia,5
Neylah,5
Niamarie,5
Nylae,5
Odel,5
Oghosa,5
Olivija,5
Parvathi,5
Pasley,5
Phebee,5
Potter,5
Prudance,5
Quinncy,5
Qynn,5
Rakshitha,5
Rayegan,5
Reinaliz,5
Relynn,5
Saedie,5
Samonie,5
Sanibel,5
Sava,5
Savara,5
Saveya,5
Seoyeon,5
Serae,5
Shekhinah,5
Shepard,5
Sibilla,5
Sierraleone,5
Skilee,5
Skylit,5
Solaine,5
Sophiaisabella,5
Sorin,5
Steysi,5
Tansi,5
Tanushka,5
Tayvionna,5
Temprince,5
Tleah,5
Vinci,5
Wareef,5
Xyriah,5
Yeicelyn,5
Yiqing,5
Yizelle,5
Zahmiya,5
Zaney,5
Zayona,5
Zymir,5
Abhinaya,5
Abrihet,5
Adelah,5
Adwitiya,5
Adysun,5
Ahnari,5
Alalah,5
Aleecya,5
Aleighanna,5
Alexiel,5
Alezandria,5
Alienna,5
Alik,5
Allaynah,5
Alohalani,5
Amaylee,5
Amsey,5
Aniye,5
Anlin,5
Annabellah,5
Annahbella,5
Annajoy,5
Annelynn,5
Anyila,5
Araelynn,5
Arianamarie,5
Ariiana,5
Arliana,5
Arvi,5
Aubreyelle,5
Audrii,5
Aurra,5
Avali,5
Aveigha,5
Avelie,5
Averymarie,5
Awna,5
Ayin,5
Aylamae,5
Ayzlyn,5
Azlynne,5
Azurah,5
Baela,5
Baja,5
Bellamay,5
Bodee,5
Brezlin,5
Bryell,5
Casiyah,5
Cataleena,5
Cathalia,5
Cayslee,5
Cennedy,5
Chaaya,5
Chrisalynn,5
Cristaly,5
Crosbie,5
Daleya,5
Daleysi,5
Dannalyn,5
Danney,5
Dayvanee,5
Delaysha,5
Devenny,5
Djene,5
Dyala,5
Elhana,5
Elianagrace,5
Ellymae,5
Emalena,5
Emmabeth,5
Emyri,5
Emzley,5
Enari,5
Etsub,5
Eversyn,5
Filipa,5
Fiorenza,5
Firdous,5
Fouzia,5
Franyelis,5
Gewel,5
Giannarose,5
Hadleyann,5
Haevynn,5
Halleli,5
Hanane,5
Hartli,5
Hastings,5
Hayoon,5
Hitha,5
Iba,5
Ibiza,5
Idalynn,5
Iftu,5
Iiyana,5
Iriee,5
Isalena,5
Ishta,5
Israe,5
Ithalia,5
Ivary,5
Jaecia,5
Jalexie,5
Janelyz,5
Javeya,5
Jazaiya,5
Jenikka,5
Jeryiah,5
Jesy,5
Jetlyn,5
Joneer,5
Kaithlynn,5
Kallea,5
Kaname,5
Karieliz,5
Katsumi,5
Kayelle,5
Kayleeh,5
Kayzley,5
Keaysia,5
Kennydi,5
Kently,5
Khaelynn,5
Khalli,5
Khawlah,5
Kokomi,5
Kortana,5
Kyndyl,5
Lakshmy,5
Lanaea,5
Lanye,5
Lexiee,5
Leyka,5
Lieve,5
Lilica,5
Lilliyn,5
Lilyaunna,5
Mackeyla,5
Maddielyn,5
Majestie,5
Mallina,5
Mariaemilia,5
Mayha,5
Maysin,5
Meiqi,5
Meyla,5
Mickinley,5
Milett,5
Mileyshka,5
Misri,5
Mokshitha,5
Monreaux,5
Morolaoluwa,5
Myalyn,5
Myunique,5
Nadalia,5
Nerys,5
Neymar,5
Nolen,5
Noorjahan,5
Nureen,5
Oluwabusola,5
Oluwafunmilola,5
Onnaleigh,5
Ozara,5
Peytonn,5
Pharyn,5
Porcelain,5
Prynn,5
Raelean,5
Raika,5
Railynne,5
Rhyin,5
Rihab,5
Roziya,5
Ruzanna,5
Samaara,5
Saphirah,5
Sarii,5
Savannahjo,5
Siyam,5
Skyana,5
Skyelee,5
Soffie,5
Somiah,5
Sopia,5
Steicy,5
Sujood,5
Szofia,5
Taedyn,5
Tahlaya,5
Taly,5
Tayhlor,5
Tayviona,5
Torriyah,5
Tyaire,5
Ume,5
Vaimoana,5
Valetina,5
Wajd,5
Whitaker,5
Xeniyah,5
Xinrui,5
Yahav,5
Yarismar,5
Yazlee,5
Yelaina,5
Yiru,5
Yulemi,5
Zaeya,5
Zamayra,5
Zeilah,5
Zendiya,5
Zeylah,5
Zoree,5
Aaleena,5
Aalena,5
Aalieyah,5
Aalisa,5
Aalyna,5
Aaraya,5
Abidah,5
Adalinne,5
Adaure,5
Adeleen,5
Adrey,5
Aevyn,5
Ainsly,5
Ako,5
Alaurah,5
Alayda,5
Ale,5
Alfiya,5
Alisana,5
Amarillys,5
Amylea,5
Anaahat,5
Anauri,5
Annzley,5
Aonesti,5
Aralin,5
Arbri,5
Archi,5
Armoney,5
Aroya,5
Aryadne,5
Aryeh,5
Aubreyjo,5
Aubriaunna,5
Aureli,5
Ayanami,5
Ayni,5
Ayriauna,5
Ayvri,5
Aziriah,5
Baxlee,5
Bellalynn,5
Benson,5
Berkly,5
Binisha,5
Bly,5
Braxleigh,5
Brealeigh,5
Breayla,5
Breelin,5
Breydi,5
Brizleth,5
Cambrynn,5
Capella,5
Cascia,5
Chaylynn,5
Chayni,5
Chevee,5
Crisanna,5
Cyler,5
Daileigh,5
Daisylynn,5
Dalayssa,5
Dalyss,5
Damir,5
Darianys,5
Dazay,5
Dazaya,5
Delaenie,5
Deshna,5
Deyala,5
Dwija,5
Elodee,5
Elyzza,5
Erzsebet,5
Evalei,5
Evnika,5
Faby,5
Faelan,5
Faora,5
Fikir,5
Finau,5
Fridda,5
Fuka,5
Gannon,5
Gatlin,5
Gatsby,5
Gracella,5
Hameedah,5
Hannaleigh,5
Harleequinn,5
Harminnie,5
Hazelrose,5
Humeyra,5
Iri,5
Itzamaray,5
Ivyann,5
Iyinoluwa,5
Janaila,5
Jaoni,5
Jarelin,5
Jasabelle,5
Jaycii,5
Jazzmynn,5
Jemyah,5
Jennevieve,5
Jessabel,5
Jmyiah,5
Joleigha,5
Juliagrace,5
Kaimya,5
Kaiylee,5
Kastle,5
Katherynn,5
Kennasyn,5
Korlyn,5
Kressida,5
Kyda,5
Kylieanna,5
Lakinzi,5
Lameese,5
Layane,5
Laylarae,5
Leilarose,5
Leotie,5
Levicy,5
Leynah,5
Lileeann,5
Lilliangrace,5
Liyan,5
Lorayna,5
Luniva,5
Lusi,5
Lybertie,5
Lyllianna,5
Mackenziee,5
Maeanna,5
Maesynn,5
Mahibah,5
Mailany,5
Makynsie,5
Malaeya,5
Malaysa,5
Malonna,5
Maori,5
Maycin,5
Mayrah,5
Mccrae,5
Mckynlei,5
Meigha,5
Meirah,5
Merali,5
Milamarie,5
Mirin,5
Mkaela,5
Monioluwa,5
Mushtaaq,5
Myalise,5
Naihomy,5
Nathanaelle,5
Naylia,5
Nevayiah,5
Nhala,5
Nix,5
Noaah,5
Noriel,5
Nuoyi,5
Oghenemine,5
Osiria,5
Paisleyrose,5
Princy,5
Qi,5
Raighlyn,5
Rally,5
Raziela,5
Rebyl,5
Retage,5
Riggins,5
Rijja,5
Rokiatou,5
Safiyo,5
Seliana,5
Serly,5
Shafia,5
Shakhzoda,5
Shesia,5
Simbo,5
Sinan,5
Skielynn,5
Soleigh,5
Sriaadya,5
Sridha,5
Swadha,5
Syreen,5
Tabriya,5
Tamaryn,5
Tamriel,5
Tarteel,5
Tenslee,5
Truett,5
Vaile,5
Vildan,5
Vydia,5
Wejdan,5
Xirena,5
Xochiquetzal,5
Yashoda,5
Yerani,5
Yuleisi,5
Zadey,5
Zarmeen,5
Zeineb,5
Zoeiy,5
Zosha,5
Zulia,5
Zurianna,5
Aaleayah,5
Aaloni,5
Aariella,5
Aarynn,5
Abdia,5
Abhirami,5
Abraya,5
Acelee,5
Adaela,5
Adalinna,5
Addaly,5
Ador,5
Aeriss,5
Ainslei,5
Ajwan,5
Akshada,5
Akur,5
Alaiiah,5
Alema,5
Alianie,5
Aliannys,5
Aliyani,5
Alonii,5
Alzain,5
Amareli,5
Ameiyah,5
Ameliajane,5
Amerson,5
Ames,5
Amiyaah,5
Anaica,5
Analiegh,5
Aneley,5
Annamolly,5
Anzel,5
Arishka,5
Arveen,5
Auroralee,5
Auvianna,5
Avajo,5
Aveaha,5
Avyanah,5
Awi,5
Azaley,5
Azar,5
Azzahra,5
Bakhita,5
Bisharo,5
Blaque,5
Brooklynmarie,5
Bryliee,5
Camarri,5
Ceridwen,5
Cevilla,5
Charlirae,5
Chierika,5
Chimamaka,5
Clararose,5
Corbynn,5
Dallary,5
Daveya,5
Davlynn,5
Dixon,5
Dreu,5
Eava,5
Ehlena,5
Elaan,5
Elien,5
Elinn,5
Ellenah,5
Ellya,5
Elston,5
Elyne,5
Emaliah,5
Emiliano,5
Emmyrose,5
Eni,5
Eona,5
Etti,5
Evelien,5
Ezichi,5
Faida,5
Fari,5
Fionnula,5
Gilia,5
Graysyn,5
Greysyn,5
Hadiza,5
Hariah,5
Harliquinn,5
Hasinah,5
Haynes,5
Hinami,5
Hinlee,5
Hurrem,5
Ifechukwu,5
Ihsaan,5
Ioni,5
Isalia,5
Iselys,5
Iseult,5
Iyonnie,5
Izelia,5
Izidora,5
Jaeliani,5
Jaisyn,5
Jenalys,5
Jiamei,5
Jinane,5
Jolaoluwa,5
Jurany,5
Juwayria,5
Kahani,5
Kaicyn,5
Kalauni,5
Kalinah,5
Kallieann,5
Kamouri,5
Karlianys,5
Kavleen,5
Kawai,5
Kaymiah,5
Keirin,5
Kenzlyn,5
Kerlyht,5
Kimbrielle,5
Kollin,5
Kruze,5
Kyleerose,5
Laiyanna,5
Lakshita,5
Lalelei,5
Lamyrah,5
Leolani,5
Lindarose,5
Linux,5
Loulou,5
Loveth,5
Luzmar,5
Lyrric,5
Macallan,5
Maddon,5
Madelinerose,5
Maislynn,5
Maitha,5
Malalai,5
Manat,5
Marlye,5
Marziah,5
Masi,5
Maslynn,5
Maxtyn,5
Maxxine,5
Mayala,5
Mccarty,5
Mealea,5
Mehrimah,5
Meilahni,5
Mersiha,5
Miavalentina,5
Miaysia,5
Mofetoluwa,5
Muyi,5
Mylen,5
Myrikle,5
Nailee,5
Navera,5
Nazuri,5
Neiah,5
Neilina,5
Neorah,5
Nihaal,5
Nirgun,5
Norajean,5
Norakate,5
Nylei,5
Nylyn,5
Ogheneruona,5
Oreofeoluwa,5
Osariemen,5
Oyinlola,5
Paij,5
Paisleyanne,5
Paisleyjo,5
Parineeti,5
Pasiley,5
Payslei,5
Radlee,5
Ramari,5
Ramirah,5
Rayln,5
Reeham,5
Reilani,5
Rekik,5
Rhedyn,5
Riyansika,5
Romila,5
Romyna,5
Rowdie,5
Rozyn,5
Rukaiya,5
Ryeitt,5
Ryleeh,5
Sahani,5
Seenaa,5
Shehrbano,5
Sherezade,5
Shyona,5
Sirius,5
Siyaa,5
Skyia,5
Skylann,5
Sophiamaria,5
Sovilla,5
Suhaira,5
Tavifa,5
Tiwaloluwa,5
Umeyma,5
Ummehani,5
Veruca,5
Xiaoxi,5
Yadah,5
Yasin,5
Yifei,5
Yodahe,5
Zaelie,5
Zahnia,5
Zamiaya,5
Zarlish,5
Zeonna,5
Zorrie,5
Zumra,5
Zyndaya,5
Aadilynn,5
Aalilah,5
Ackley,5
Adalynna,5
Addilyna,5
Adriany,5
Ahmyla,5
Ailla,5
Aimslee,5
Akaylee,5
Alaaya,5
Amoriel,5
Anarii,5
Annael,5
Anvie,5
Araneli,5
Arpana,5
Ashtrid,5
Asima,5
Asmah,5
Astraia,5
Aswan,5
Aulbree,5
Autumnrayne,5
Avalinn,5
Avrilyn,5
Azeema,5
Baia,5
Baislee,5
Basra,5
Baylinn,5
Brendley,5
Brenlei,5
Brynnae,5
Calliann,5
Camberlynn,5
Cassian,5
Cataline,5
Cypris,5
Daileny,5
Danixsa,5
Dhriya,5
Dreem,5
Eberly,5
Ebubechukwu,5
Eclipse,5
Elizamae,5
Emalani,5
Esmy,5
Europa,5
Evaliah,5
Eviemarie,5
Ewurabena,5
Eylem,5
Felomina,5
Freshta,5
Fridah,5
Fyona,5
Grai,5
Greatness,5
Gursanjh,5
Hariyah,5
Harleymae,5
Harmehar,5
Harperlynn,5
Hauwa,5
Havilyn,5
Iayla,5
Idina,5
Illari,5
Imelia,5
Innila,5
Iraa,5
Iretomiwa,5
Ithaca,5
Izana,5
Izrael,5
Jahani,5
Jaysleen,5
Jazhari,5
Jermoni,5
Jhalae,5
Joeley,5
Jreem,5
Judayah,5
Kahira,5
Kaibella,5
Kallaway,5
Kamiliah,5
Karoma,5
Kaushiki,5
Kaylarose,5
Kaylianie,5
Kelaysia,5
Kennleigh,5
Kenzliee,5
Keyziah,5
Kiarie,5
Kionni,5
Kiplyn,5
Kisanet,5
Kolsyn,5
Kopper,5
Lareena,5
Larkynn,5
Layaal,5
Laylahni,5
Lazayah,5
Lealynn,5
Leiba,5
Leilanis,5
Leja,5
Lexxa,5
Leyi,5
Linkynn,5
Lisbella,5
Lisbon,5
Loxli,5
Loyaltii,5
Luli,5
Lulua,5
Lumiere,5
Lyricah,5
Makinzley,5
Marabell,5
Maramawit,5
Mariaximena,5
Marii,5
Mavy,5
Mckayleigh,5
Medli,5
Miala,5
Miayah,5
Mibella,5
Miruna,5
Momoreoluwa,5
Morayah,5
Mung,5
Naelyn,5
Naitri,5
Namuun,5
Nanki,5
Navana,5
Navianna,5
Nayleigh,5
Neilia,5
Nemah,5
Nithika,5
Novarayne,5
Novelyn,5
Ojaswi,5
Oliviafaith,5
Olli,5
Oluwafeyikemi,5
Oryana,5
Owsley,5
Parinika,5
Petehn,5
Prielle,5
Qamari,5
Raidah,5
Reinah,5
Remaya,5
Remijo,5
Reynna,5
Rhaine,5
Rileygrace,5
Rinleigh,5
Roewyn,5
Ruchie,5
Ruthila,5
Rysa,5
Sabeeha,5
Sahasya,5
Saniha,5
Saphirra,5
Sedna,5
Shalem,5
Shikhara,5
Starbella,5
Stellarae,5
Stevielynn,5
Sunayana,5
Talilah,5
Tansley,5
Taslim,5
Thompson,5
Thylane,5
Timberleigh,5
Tipper,5
Tselmuun,5
Tsinat,5
Tyraji,5
Valayah,5
Varya,5
Vedah,5
Vivianah,5
Wrennyn,5
Ximmena,5
Yanxin,5
Yessy,5
Yishan,5
Yohanny,5
Yuleymi,5
Zaeley,5
Zalayia,5
Zalla,5
Zamarii,5
Zinaida,5
Zohet,5
Zyonn,5
Aabidah,5
Aalasia,5
Aamorah,5
Adeeva,5
Adelyse,5
Adoniyah,5
Aerynn,5
Aerys,5
Ahriella,5
Aidalynn,5
Aleiny,5
Alery,5
Alister,5
Ameliarae,5
Ameriie,5
Amiiyah,5
Annajames,5
Anousheh,5
Anran,5
Anri,5
Anvee,5
Araea,5
Arevik,5
Armaya,5
Aroyalty,5
Arrowyn,5
Aryarose,5
Ashlesha,5
Athaleyah,5
Aubreey,5
Auroragrace,5
Averykate,5
Aviyanah,5
Avonleigh,5
Aydria,5
Ayma,5
Aymelia,5
Aynoor,5
Azzurra,5
Beia,5
Blaykelee,5
Bohdi,5
Braizlee,5
Brennex,5
Brightynn,5
Brix,5
Bronze,5
Brynslee,5
Bulma,5
Camariya,5
Camina,5
Carleny,5
Cataleiya,5
Caybree,5
Chancellor,5
Chinenyenwa,5
Cisse,5
Collynns,5
Corlee,5
Damyrah,5
Delyliah,5
Devna,5
Dhruvika,5
Divyanka,5
Ellanese,5
Elys,5
Emela,5
Emerys,5
Emiliani,5
Enley,5
Enzly,5
Erabelle,5
Eshanvi,5
Eslee,5
Evieanna,5
Evika,5
Evonni,5
Farhat,5
Fatihah,5
Fayre,5
Ffion,5
Fiammetta,5
Foreign,5
Freia,5
Galaxi,5
Gilah,5
Graylie,5
Gwinevere,5
Harmonni,5
Honorah,5
Ichika,5
Iknoor,5
Intisaar,5
Ixora,5
Iyland,5
Jackielynn,5
Jashlyn,5
Jaylahni,5
Jayleeana,5
Jaylianni,5
Jayvianna,5
Jholie,5
Joeleigh,5
Jourie,5
Jovelyn,5
Jurzi,5
Jurzie,5
Kahlil,5
Kaihlani,5
Kailanee,5
Kamrii,5
Kassaya,5
Kassius,5
Katileya,5
Kaydian,5
Keerthika,5
Kemery,5
Khaleesa,5
Khalessy,5
Khanyla,5
Kharii,5
Khyasia,5
Kihlani,5
Kotone,5
Krisleigh,5
Kyahna,5
Kyland,5
Laionni,5
Lanaeh,5
Larai,5
Lavynder,5
Layahni,5
Leiauna,5
Leighlyn,5
Leighonna,5
Leika,5
Leonni,5
Levin,5
Lirah,5
Lolarose,5
Lorelia,5
Luisanny,5
Lunamaria,5
Lyannie,5
Lyv,5
Mahpiya,5
Malahn,5
Maleyiah,5
Mardiya,5
Marleyah,5
Marlize,5
Marron,5
Marynn,5
Mastani,5
Mazayah,5
Melenia,5
Melodyann,5
Miqueen,5
Nalanni,5
Naleiah,5
Navami,5
Nihasvi,5
Nimar,5
Norajane,5
Novajean,5
Novamae,5
Novea,5
Nyaylah,5
Nyibol,5
Odina,5
Paizlei,5
Peru,5
Peysley,5
Pharaoh,5
Raedynn,5
Raiin,5
Reitzy,5
Remlee,5
Rhenn,5
Rhettlee,5
Rous,5
Rubyrae,5
Ruzainah,5
Saatvika,5
Safwa,5
Sanmita,5
Saveyah,5
Selahgrace,5
Seran,5
Shaielle,5
Shreeda,5
Shrivika,5
Shuyao,5
Shyaire,5
Snithika,5
Sokona,5
Stefaniya,5
Stokely,5
Sumnima,5
Susu,5
Teari,5
Teilynn,5
Thali,5
Thianna,5
Tomiris,5
Uinise,5
Vayle,5
Vayolet,5
Verily,5
Weam,5
Xaylah,5
Xerenity,5
Ximara,5
Xiyue,5
Yadelyn,5
Yanielys,5
Yannah,5
Yanxi,5
Yian,5
Yining,5
Yousef,5
Youssra,5
Yulenny,5
Yuzuha,5
Zahli,5
Zaleiah,5
Zamirha,5
Zarayiah,5
Zavanah,5
Zehira,5
Zinat,5
Zodi,5
Zoela,5
Zumar,5
Zylaa,5
Aadiya,5
Aalin,5
Aaranya,5
Aatikah,5
Adelheide,5
Adeyemi,5
Ahlaiyah,5
Ahryah,5
Airiella,5
Ajaye,5
Ajournei,5
Akylie,5
Alondyn,5
Amarirose,5
Ambla,5
Amima,5
Ammelia,5
Anaam,5
Anaile,5
Anaizah,5
Analu,5
Analyiah,5
Annakat,5
Anyrah,5
Aprilia,5
Araeyah,5
Aramay,5
Ariamae,5
Ariia,5
Arija,5
Armyah,5
Arorah,5
Asanii,5
Atlys,5
Atrisa,5
Attlee,5
Aurorarose,5
Aviannie,5
Axton,5
Ayalguu,5
Aziylah,5
Betiel,5
Bradlyn,5
Braiyah,5
Bravely,5
Callaia,5
Carolay,5
Ceraphina,5
Charlielynn,5
Chiyah,5
Cirel,5
Dalaiyah,5
Danneth,5
Daveyah,5
Deka,5
Delphi,5
Demeigh,5
Demyri,5
Dewa,5
Dhea,5
Diar,5
Dominion,5
Dre,5
Dria,5
Driti,5
Durdona,5
East,5
Ehani,5
Eile,5
Elaiah,5
Ellaann,5
Ellay,5
Elleyna,5
Elliejo,5
Ellieonna,5
Elorie,5
Elouisa,5
Emaza,5
Emberlea,5
Emiliarose,5
Emmilyne,5
Emonei,5
Emsleigh,5
Eno,5
Eriifeoluwa,5
Evabella,5
Everlygrace,5
Evielynn,5
Ezmi,5
Farishta,5
Giannys,5
Gifti,5
Haadia,5
Haezel,5
Haizlie,5
Hanay,5
Hareer,5
Hasenat,5
Hattiemae,5
Haysel,5
Hermajesty,5
Hermes,5
Hilani,5
Ibby,5
Innocent,5
Irya,5
Islie,5
Itiya,5
Ivymae,5
Izalia,5
Izaura,5
Izra,5
Jadagrace,5
Jaderose,5
Jaelanii,5
Jaislynn,5
Jalai,5
Janovah,5
Javani,5
Javanni,5
Jaylanee,5
Jazayla,5
Jensi,5
Jeswitha,5
Jhournei,5
Jiavonna,5
Jnayah,5
Joali,5
Justicee,5
Jystice,5
Kaimora,5
Kaislie,5
Kalees,5
Katalinna,5
Kaviyah,5
Kaycei,5
Keihlani,5
Kelanni,5
Kenzo,5
Kerielle,5
Keylianiz,5
Khalanii,5
Khalyse,5
Kharie,5
Khavia,5
Khlaya,5
Khyliah,5
Killari,5
Kiloni,5
Kinari,5
Knori,5
Korei,5
Kotoha,5
Kovah,5
Kyella,5
Kyraa,5
Lacelynn,5
Ladi,5
Laikley,5
Lanamae,5
Lava,5
Laviah,5
Lawsen,5
Lejend,5
Lenash,5
Lianeth,5
Liby,5
Liliyan,5
Liviann,5
Loanny,5
Locklin,5
Lohany,5
Lunella,5
Maddelin,5
Madizon,5
Maelahni,5
Mahaa,5
Maian,5
Maimunah,5
Malikai,5
Manara,5
Margaery,5
Mayleth,5
Mayloni,5
Mayzlee,5
Meru,5
Miliyana,5
Millina,5
Myomi,5
Naella,5
Nain,5
Nane,5
Natiri,5
Nawa,5
Nevalyn,5
Nevie,5
Nhien,5
Niaa,5
Nivisha,5
Nyeelah,5
Nylaiah,5
Onice,5
Paisliegh,5
Parizay,5
Pavika,5
Paxtynn,5
Perola,5
Power,5
Primm,5
Promysse,5
Queensley,5
Raani,5
Raella,5
Rahmatullah,5
Rehat,5
Reighlee,5
Remidee,5
Rhyelle,5
Ridgley,5
Roah,5
Romely,5
Rousse,5
Rozaya,5
Ryinn,5
Sadiejane,5
Salora,5
Sarelle,5
Sariaya,5
Savianna,5
Sekhani,5
Skyemarie,5
Solvei,5
Sulem,5
Sunai,5
Taanvi,5
Taloni,5
Tehzeeb,5
Tifeoluwa,5
Tilian,5
Tirtza,5
Toviyah,5
Treazzure,5
Tyari,5
Tzuri,5
Uwase,5
Vallentina,5
Valyria,5
Vanadey,5
Vaylen,5
Vedya,5
Vintage,5
Viridian,5
Vyomi,5
Vysion,5
Wailynn,5
Wesson,5
West,5
Winnter,5
Wrylie,5
Wuraola,5
Xailynn,5
Xalynn,5
Yaletzi,5
Zeliah,5
Zhalia,5
Zhenya,5
Zhiyi,5
Ziamara,5
Zimmal,5
Ziyani,5
Zoeyrose,5
Zolana,5
Zuni,5
Zurah,5
Aahlani,5
Aaleia,5
Aamara,5
Adahlynn,5
Adalet,5
Adalynnrose,5
Adassah,5
Advaitha,5
Aeda,5
Aelina,5
Afnaan,5
Afraa,5
Ahlonni,5
Ahzani,5
Ahzara,5
Akarri,5
Alaiaa,5
Alaiarose,5
Aleiana,5
Alerie,5
Alyaanah,5
Amadia,5
Amaleigh,5
Amaralee,5
Ameliajoy,5
Amiris,5
Amorea,5
Amynah,5
Anami,5
Anareidy,5
Aneles,5
Annaiah,5
Anovia,5
Anuri,5
Anyx,5
Apollo,5
Arani,5
Areyna,5
Arilee,5
Arirose,5
Ariyaah,5
Arreis,5
Aryes,5
Ascia,5
Astelle,5
Asu,5
Atiye,5
Aubriell,5
Aunestee,5
Aurah,5
Autumnmarie,5
Avareign,5
Aveia,5
Avesta,5
Avianny,5
Avoni,5
Avonnie,5
Axl,5
Ayce,5
Aylarose,5
Ayraa,5
Ayu,5
Azalayah,5
Azhuri,5
Azrin,5
Azu,5
Azurii,5
Azzura,5
Balencia,5
Bellarosa,5
Bexly,5
Bexlynn,5
Boudica,5
Briayla,5
Brielly,5
Brinnleigh,5
Brinzlee,5
Caelani,5
Caislyn,5
Cannyn,5
Creed,5
Dalette,5
Daleyla,5
Dalialah,5
Dalit,5
Damora,5
Dansby,5
Deior,5
Demeter,5
Deor,5
Deveraux,5
Deyonni,5
Diosa,5
Diyara,5
Draper,5
Dreamie,5
Dreka,5
Ehlany,5
Eka,5
Elianarose,5
Elleia,5
Elleonna,5
Ellisandra,5
Ellymay,5
Elshaday,5
Embla,5
Emeris,5
Emerley,5
Emre,5
Eram,5
Eska,5
Eveangeline,5
Ezarah,5
Freiya,5
Gaurangi,5
Ghalya,5
Giaa,5
Giannalee,5
Girasol,5
Giyanni,5
Gravity,5
Greycie,5
Gwynivere,5
Haizlynn,5
Hamta,5
Hanani,5
Harnaaz,5
Harperann,5
Harperrae,5
Hatleigh,5
Havengrace,5
Hayze,5
Hennessi,5
Hirie,5
Humairah,5
Huntlie,5
Ilyasah,5
Indyca,5
Ishimwe,5
Ivyy,5
Jador,5
Jahriyah,5
Jailanee,5
Jaionni,5
Jaiyonna,5
Jalonnie,5
Jardani,5
Jaxtyn,5
Jelen,5
Jennaly,5
Jexi,5
Jioni,5
Josiee,5
Josielys,5
Jouree,5
Judeyah,5
Kaelany,5
Kaeslyn,5
Kahlanii,5
Kahmaya,5
Kaiella,5
Kailanii,5
Kaliza,5
Kambrielle,5
Kamonii,5
Kanak,5
Kanary,5
Kanza,5
Kayhlani,5
Kayior,5
Kaymari,5
Kenzii,5
Khalayla,5
Khy,5
Kirklynn,5
Kiza,5
Klanii,5
Kmani,5
Kove,5
Kreation,5
Kudrat,5
Kyoni,5
Laidyn,5
Lailahni,5
Lakshitha,5
Lavi,5
Lavish,5
Legaciee,5
Levyn,5
Lianis,5
Lovee,5
Loveen,5
Luciani,5
Lunaria,5
Luoyi,5
Lusma,5
Luzmari,5
Lynndee,5
Mabri,5
Maizleigh,5
Mariluna,5
Mayalynn,5
Mayliana,5
Maymun,5
Mckenzly,5
Melona,5
Meyers,5
Miheeka,5
Milann,5
Miran,5
Moremi,5
Msgana,5
Murael,5
Myoni,5
Nadifo,5
Nafissatou,5
Namaste,5
Nasara,5
Nashad,5
Nasri,5
Navella,5
Naylet,5
Nialee,5
Nichy,5
Nienna,5
Nikolia,5
Nior,5
Nirvika,5
Nivrithi,5
Niyani,5
Nooriyah,5
Novalina,5
Novalis,5
Novani,5
Nuzairah,5
Nyair,5
Nyava,5
Nye,5
Nylahh,5
Nylai,5
Nyoki,5
Nyrareddy,5
Nyxie,5
Oaklinn,5
Oli,5
Olori,5
Olsen,5
Onyxx,5
Ophira,5
Oraya,5
Ovianna,5
Paesleigh,5
Prashi,5
Praylynn,5
Prunelle,5
Qiyana,5
Rafi,5
Rari,5
Reeman,5
Rem,5
Remilee,5
Remilyn,5
Revna,5
Rileyrae,5
Roo,5
Rosealine,5
Royse,5
Ruelle,5
Ryhan,5
Ryverlynn,5
Saeda,5
Saiee,5
Sarahii,5
Sarvani,5
Saule,5
Seah,5
Selaya,5
Selenah,5
Shailoh,5
Shreesha,5
Siennarose,5
Sinatra,5
Solis,5
Sorai,5
Sosi,5
Soulana,5
Sriaadhya,5
Srinitha,5
Stiorra,5
Summyr,5
Swayde,5
Tahlani,5
Tegh,5
Tenney,5
Theadosia,5
Torielle,5
Tuuli,5
Tylaiyah,5
Uriella,5
Vaelynn,5
Veada,5
Vivee,5
Wyntr,5
Xharia,5
Xiomaria,5
Yarizbeth,5
Yomi,5
Yris,5
Zaahira,5
Zarri,5
Zayd,5
Zeineth,5
Zenniyah,5
Zibiah,5
Ziyu,5
Zmari,5
Zuraya,5
Zyari,5
Zyarie,5
Zylani,5
