name,state,population
New York,New York,8258035
Los Angeles,California,3820914
Chicago,Illinois,2664452
Houston,Texas,2314157
Phoenix,Arizona,1650070
Philadelphia,Pennsylvania,1550542
San Antonio,Texas,1495295
San Diego,California,1388320
Dallas,Texas,1302868
Jacksonville,Florida,985843
Austin,Texas,979882
Fort Worth,Texas,978468
San Jose,California,969655
Columbus,Ohio,913175
Charlotte,North Carolina,911311
Indianapolis city,Indiana,879293
San Francisco,California,808988
Seattle,Washington,755078
Denver,Colorado,716577
Oklahoma City,Oklahoma,702767
Nashville-Davidson metropolitan government,Tennessee,687788
Washington,District of Columbia,678972
El Paso,Texas,678958
Las Vegas,Nevada,660929
Boston,Massachusetts,653833
Detroit,Michigan,633218
Portland,Oregon,630498
Louisville/Jefferson County metro government,Kentucky,622981
Memphis,Tennessee,618639
Baltimore,Maryland,565239
Milwaukee,Wisconsin,561385
Albuquerque,New Mexico,560274
Tucson,Arizona,547239
Fresno,California,545716
Sacramento,California,526384
Mesa,Arizona,511648
Atlanta,Georgia,510823
Kansas City,Missouri,510704
Colorado Springs,Colorado,488664
Omaha,Nebraska,483335
Raleigh,North Carolina,482295
Miami,Florida,455924
Virginia Beach,Virginia,453649
Long Beach,California,449468
Oakland,California,436504
Minneapolis,Minnesota,425115
Bakersfield,California,413381
Tulsa,Oklahoma,411894
Tampa,Florida,403364
Arlington,Texas,398431
Wichita,Kansas,396119
Aurora,Colorado,395052
New Orleans,Louisiana,364136
Cleveland,Ohio,362656
Urban Honolulu,Hawaii,341778
Anaheim,California,340512
Henderson,Nevada,337305
Orlando,Florida,320742
Lexington-Fayette,Kentucky,320154
Stockton,California,319543
Riverside,California,318858
Corpus Christi,Texas,316595
Irvine,California,314621
Cincinnati,Ohio,311097
Santa Ana,California,310539
Newark,New Jersey,304960
St. Paul,Minnesota,303820
Pittsburgh,Pennsylvania,303255
Greensboro,North Carolina,302296
Durham,North Carolina,296186
Lincoln,Nebraska,294757
Jersey City,New Jersey,291657
Plano,Texas,290190
Anchorage,Alaska,286075
North Las Vegas,Nevada,284771
St. Louis,Missouri,281754
Madison,Wisconsin,280305
Chandler,Arizona,280167
Gilbert,Arizona,275411
Reno,Nevada,274915
Buffalo,New York,274678
Chula Vista,California,274333
Fort Wayne,Indiana,269994
Lubbock,Texas,266878
Toledo,Ohio,265304
St. Petersburg,Florida,263553
Laredo,Texas,257602
Irving,Texas,254373
Chesapeake,Virginia,253886
Glendale,Arizona,253855
Winston-Salem,North Carolina,252975
Port St. Lucie,Florida,245021
Scottsdale,Arizona,244394
Garland,Texas,243470
Boise City,Idaho,235421
Norfolk,Virginia,230930
Spokane,Washington,229447
Richmond,Virginia,229247
Fremont,California,226208
Huntsville,Alabama,225564
Frisco,Texas,225007
Cape Coral,Florida,224455
Santa Clarita,California,224028
San Bernardino,California,223728
Tacoma,Washington,222906
Hialeah,Florida,221300
Baton Rouge,Louisiana,219573
Modesto,California,218915
Fontana,California,215465
McKinney,Texas,213509
Moreno Valley,California,212392
Des Moines,Iowa,210381
Fayetteville,North Carolina,209749
Salt Lake City,Utah,209593
Yonkers,New York,207657
Worcester,Massachusetts,207621
Rochester,New York,207274
Sioux Falls,South Dakota,206410
Little Rock,Arkansas,203842
Amarillo,Texas,202408
Tallahassee,Florida,202221
Grand Prairie,Texas,202134
Columbus,Georgia,201877
Augusta-Richmond County consolidated government,Georgia,200884
Peoria,Arizona,198750
Oxnard,California,198488
Knoxville,Tennessee,198162
Overland Park,Kansas,197089
Birmingham,Alabama,196644
Grand Rapids,Michigan,196608
Vancouver,Washington,196442
Montgomery,Alabama,195287
Huntington Beach,California,192129
Providence,Rhode Island,190792
Brownsville,Texas,190158
Tempe,Arizona,189834
Akron,Ohio,188701
Glendale,California,187050
Chattanooga,Tennessee,187030
Fort Lauderdale,Florida,184255
Newport News,Virginia,183118
Mobile,Alabama,182595
Ontario,California,182457
Clarksville,Tennessee,180716
Cary,North Carolina,180010
Elk Grove,California,178444
Shreveport,Louisiana,177959
Eugene,Oregon,177899
Aurora,Illinois,177563
Salem,Oregon,177432
Santa Rosa,California,175845
Rancho Cucamonga,California,174405
Pembroke Pines,Florida,171119
Fort Collins,Colorado,170376
Springfield,Missouri,170188
Oceanside,California,170020
Garden Grove,California,168234
Lancaster,California,166236
Murfreesboro,Tennessee,165430
Palmdale,California,161404
Corona,California,160238
Killeen,Texas,159643
Salinas,California,159506
Roseville,California,159135
Denton,Texas,158349
Surprise,Arizona,158285
Macon-Bibb County,Georgia,156512
Paterson,New Jersey,156452
Lakewood,Colorado,155961
Hayward,California,155675
Charleston,South Carolina,155369
Alexandria,Virginia,155230
Hollywood,Florida,153859
Springfield,Massachusetts,153672
Kansas City,Kansas,152933
Sunnyvale,California,151967
Bellevue,Washington,151574
Joliet,Illinois,150489
Naperville,Illinois,150245
Escondido,California,148122
Bridgeport,Connecticut,148028
Savannah,Georgia,147748
Olathe,Kansas,147461
Mesquite,Texas,147317
Pasadena,Texas,146716
McAllen,Texas,146593
Rockford,Illinois,146120
Gainesville,Florida,145812
Syracuse,New York,145560
Pomona,California,145502
Visalia,California,144998
Thornton,Colorado,144922
Waco,Texas,144816
Jackson,Mississippi,143709
Columbia,South Carolina,142416
Fullerton,California,139250
Torrance,California,139224
Victorville,California,138869
Midland,Texas,138397
Orange,California,138337
Miramar,Florida,138319
Hampton,Virginia,137098
Warren,Michigan,136655
Stamford,Connecticut,136226
Cedar Rapids,Iowa,135958
Elizabeth,New Jersey,135829
Palm Bay,Florida,135566
Dayton,Ohio,135512
New Haven,Connecticut,135319
Coral Springs,Florida,134906
Meridian,Idaho,134801
West Valley City,Utah,134470
Pasadena,California,133560
Lewisville,Texas,133553
Kent,Washington,133378
Sterling Heights,Michigan,133306
Fargo,North Dakota,133188
Carrollton,Texas,132918
Santa Clara,California,131062
Round Rock,Texas,130406
Norman,Oklahoma,130046
Columbia,Missouri,129330
Abilene,Texas,129043
Athens-Clarke County unified government,Georgia,128628
Pearland,Texas,127736
Clovis,California,125826
Topeka,Kansas,125475
College Station,Texas,125192
Simi Valley,California,125113
Allentown,Pennsylvania,124880
West Palm Beach,Florida,124130
Thousand Oaks,California,123463
Vallejo,California,122807
Wilmington,North Carolina,122698
Rochester,Minnesota,122413
Concord,California,122315
Lakeland,Florida,122264
North Charleston,South Carolina,121469
Lafayette,Louisiana,121467
Arvada,Colorado,121414
Independence,Missouri,120922
Billings,Montana,120864
Fairfield,California,120768
Hartford,Connecticut,119669
Ann Arbor,Michigan,119381
Broken Arrow,Oklahoma,119194
Berkeley,California,118962
Cambridge,Massachusetts,118214
Richardson,Texas,117435
Antioch,California,117096
High Point,North Carolina,116926
Clearwater,Florida,116850
League City,Texas,116320
Odessa,Texas,115743
Manchester,New Hampshire,115474
Evansville,Indiana,115332
Waterbury,Connecticut,114990
West Jordan,Utah,114908
Las Cruces,New Mexico,114892
Westminster,Colorado,114875
Lowell,Massachusetts,114296
Nampa,Idaho,114268
Richmond,California,114106
Pompano Beach,Florida,113619
Carlsbad,California,113495
Menifee,California,113433
Provo,Utah,113343
Elgin,Illinois,113310
Greeley,Colorado,112609
Springfield,Illinois,112544
Beaumont,Texas,112193
Lansing,Michigan,112115
Murrieta,California,111878
Goodyear,Arizona,111805
Allen,Texas,111620
Tuscaloosa,Alabama,111338
Everett,Washington,111180
Pueblo,Colorado,111077
New Braunfels,Texas,110958
South Fulton,Georgia,110920
Miami Gardens,Florida,110717
Gresham,Oregon,110685
Temecula,California,110682
Rio Rancho,New Mexico,110660
Peoria,Illinois,110460
Tyler,Texas,110327
Sparks,Nevada,110323
Concord,North Carolina,110119
Santa Maria,California,109987
San Buenaventura,California,109058
Buckeye,Arizona,108909
Downey,California,108816
Sugar Land,Texas,108515
Costa Mesa,California,108354
Conroe,Texas,108248
Spokane Valley,Washington,108235
Davie,Florida,107799
Hillsboro,Oregon,107730
Jurupa Valley,California,107321
Centennial,Colorado,106883
Boulder,Colorado,105898
Dearborn,Michigan,105811
Edinburg,Texas,105799
Sandy Springs,Georgia,105793
Green Bay,Wisconsin,105744
West Covina,California,105617
Brockton,Massachusetts,104890
St. George,Utah,104578
Bend,Oregon,104557
Renton,Washington,104491
Lee's Summit,Missouri,104184
Fishers,Indiana,104094
El Monte,California,103794
South Bend,Indiana,103395
Rialto,California,103391
El Cajon,California,102991
Inglewood,California,102865
Burbank,California,102755
Wichita Falls,Texas,102691
Vacaville,California,102526
Carmel,Indiana,102296
Palm Coast,Florida,102113
Fayetteville,Arkansas,101680
Quincy,Massachusetts,101597
San Mateo,California,101327
Chico,California,101301
Lynn,Massachusetts,101241
Albany,New York,101228
Yuma,Arizona,100858
New Bedford,Massachusetts,100695
Suffolk,Virginia,100659
Hesperia,California,100633
Davenport,Iowa,100354
Boca Raton,Florida,99974
Daly City,California,99833
San Angelo,Texas,99262
Deltona,Florida,98739
Longmont,Colorado,98630
Vista,California,98344
Kenosha,Wisconsin,98211
Edmond,Oklahoma,98103
Norwalk,California,98078
Tracy,California,98010
Federal Way,Washington,97701
Fort Myers,Florida,97372
Roanoke,Virginia,97171
Beaverton,Oregon,96945
Sunrise,Florida,96808
Portsmouth,Virginia,96793
Yakima,Washington,96750
Plantation,Florida,96548
Georgetown,Texas,96312
Lawrence,Kansas,96207
Orem,Utah,95519
Mount Pleasant,South Carolina,95232
Asheville,North Carolina,95056
Reading,Pennsylvania,94903
Bellingham,Washington,94720
San Marcos,California,94188
O'Fallon,Missouri,94074
Fall River,Massachusetts,93840
Merced,California,93692
Avondale,Arizona,93545
Chino,California,93114
Temple,Texas,93095
Indio,California,93057
Erie,Pennsylvania,92957
Redding,California,92727
Norwalk,Connecticut,92458
Hoover,Alabama,92448
Hemet,California,92368
Livonia,Michigan,92185
Sandy,Utah,91943
Roswell,Georgia,91706
Kirkland,Washington,91194
Carson,California,91139
Manteca,California,91059
Nashua,New Hampshire,91003
Compton,California,90986
Mission Viejo,California,90624
Lawton,Oklahoma,90245
Lehi,Utah,90227
South Gate,California,90070
Greenville,North Carolina,90053
Santa Monica,California,89922
Fort Smith,Arkansas,89770
Trenton,New Jersey,89620
Bryan,Texas,89615
Champaign,Illinois,89189
Santa Fe,New Mexico,89167
North Port,Florida,88934
Westminster,California,88729
Franklin,Tennessee,88558
Clifton,New Jersey,88461
Newton,Massachusetts,88415
Springdale,Arkansas,88224
Lawrence,Massachusetts,88172
Duluth,Minnesota,87680
Waukegan,Illinois,87642
Bloomington,Minnesota,87398
Troy,Michigan,87339
Deerfield Beach,Florida,87325
Mission,Texas,87292
Ogden,Utah,87267
Melbourne,Florida,86960
Santa Barbara,California,86499
Citrus Heights,California,86239
Danbury,Connecticut,86124
Lake Forest,California,85840
Frederick,Maryland,85793
San Leandro,California,85784
Sioux City,Iowa,85727
Kennewick,Washington,85158
Medford,Oregon,85098
San Ramon,California,84929
Folsom,California,84782
Warner Robins,Georgia,84537
South Jordan,Utah,84528
Whittier,California,84143
Baytown,Texas,84067
Gastonia,North Carolina,83942
Auburn,Washington,83870
New Rochelle,New York,83742
Layton,Utah,83516
Hawthorne,California,83364
Longview,Texas,83236
Warwick,Rhode Island,82999
Livermore,California,82908
Newport Beach,California,82637
Cranston,Rhode Island,82635
Rancho Cordova,California,82605
Westland,Michigan,82574
Farmington Hills,Michigan,82528
Daytona Beach,Florida,82485
Largo,Florida,82248
Auburn,Alabama,82025
Brooklyn Park,Minnesota,82017
Buena Park,California,81958
Mountain View,California,81785
Homestead,Florida,81659
Castle Rock,Colorado,81415
Kissimmee,Florida,81269
Boynton Beach,Florida,81267
Johns Creek,Georgia,81108
Cicero,Illinois,81004
Redwood City,California,80996
Jonesboro,Arkansas,80650
Perris,California,80603
Pharr,Texas,80410
Somerville,Massachusetts,80407
Redmond,Washington,80280
Leander,Texas,80067
Pasco,Washington,80038
Alhambra,California,79776
Flint,Michigan,79661
Lake Charles,Louisiana,79633
Miami Beach,Florida,79607
Woodbury,Minnesota,79538
Lynchburg,Virginia,79535
Flower Mound,Texas,79445
Rapid City,South Dakota,79404
Doral,Florida,79359
Loveland,Colorado,79352
Parma,Ohio,78951
Bloomington,Indiana,78840
Upland,California,78699
Bloomington,Illinois,78587
Mansfield,Texas,78542
Bethlehem,Pennsylvania,78300
Lakewood,California,78135
Missoula,Montana,77757
Tustin,California,77704
Plymouth,Minnesota,77648
Cedar Park,Texas,77516
Napa,California,77492
Wyoming,Michigan,77451
Milpitas,California,77321
Chino Hills,California,77212
Broomfield,Colorado,76860
Missouri City,Texas,76773
Racine,Wisconsin,76602
Flagstaff,Arizona,76586
Queen Creek,Arizona,76570
Lakeville,Minnesota,76243
Bowling Green,Kentucky,76212
Hammond,Indiana,76193
Rochester Hills,Michigan,76002
Scranton,Pennsylvania,75805
Pittsburg,California,75803
Schaumburg,Illinois,75750
Southfield,Michigan,75687
Iowa City,Iowa,75678
Rock Hill,South Carolina,75654
Alameda,California,75353
Pawtucket,Rhode Island,75321
Bellflower,California,75122
Bismarck,North Dakota,75092
Evanston,Illinois,75070
Apple Valley,California,75036
Appleton,Wisconsin,74719
Pleasanton,California,74653
Arlington Heights,Illinois,74495
Ankeny,Iowa,74458
Bolingbrook,Illinois,74088
New Britain,Connecticut,74080
Rogers,Arkansas,74035
Lauderhill,Florida,73974
Noblesville,Indiana,73916
Blaine,Minnesota,73774
Rocklin,California,73472
Johnson City,Tennessee,73337
Kalamazoo,Michigan,73126
Lake Elsinore,California,73028
Marysville,Washington,72916
Jacksonville,North Carolina,72879
Greenville,South Carolina,72824
Gulfport,Mississippi,72823
Redlands,California,72556
Tamarac,Florida,72372
Apex,North Carolina,72225
West Des Moines,Iowa,72205
Turlock,California,72100
Framingham,Massachusetts,71875
St. Charles,Missouri,71800
Wilmington,Delaware,71675
San Marcos,Texas,71569
Harlingen,Texas,71510
Maple Grove,Minnesota,71288
Dothan,Alabama,71258
Lafayette,Indiana,71216
Mount Vernon,New York,71168
Camden,New Jersey,71100
Tulare,California,71092
Maricopa,Arizona,71022
St. Cloud,Minnesota,71013
North Richland Hills,Texas,70658
St. Joseph,Missouri,70634
Eau Claire,Wisconsin,70542
Eastvale,California,70510
Waukesha,Wisconsin,70446
Bayonne,New Jersey,70300
Conway,Arkansas,69580
Gaithersburg,Maryland,69563
East Orange,New Jersey,69556
Camarillo,California,69514
Shawnee,Kansas,69417
Grand Junction,Colorado,69412
Canton,Ohio,69197
Walnut Creek,California,69152
Dublin,California,69128
Portland,Maine,69104
Passaic,New Jersey,68903
Baldwin Park,California,68806
Decatur,Illinois,68670
Yuba City,California,68666
Schenectady,New York,68544
Ocala,Florida,68426
Caldwell,Idaho,68336
Jackson,Tennessee,68264
Commerce City,Colorado,68245
Weston,Florida,68181
Madera,California,68079
Idaho Falls,Idaho,68001
Redondo Beach,California,67749
Lodi,California,67679
Gary,Indiana,67652
Delray Beach,Florida,67536
Haverhill,Massachusetts,67415
Eagan,Minnesota,67396
Rockville,Maryland,67297
Alpharetta,Georgia,67056
Albany,Georgia,66877
Rowlett,Texas,66813
Waterloo,Iowa,66606
St. Cloud,Florida,66448
Novi,Michigan,66314
Greenwood,Indiana,66296
Oshkosh,Wisconsin,66184
Yorba Linda,California,66147
Janesville,Wisconsin,66102
Port Orange,Florida,65966
Palo Alto,California,65882
Davis,California,65832
Victoria,Texas,65800
Ames,Iowa,65686
Union City,California,65414
Sanford,Florida,65394
Lorain,Ohio,65337
Pflugerville,Texas,65301
Cheyenne,Wyoming,65168
Malden,Massachusetts,65133
Brentwood,California,65126
Sammamish,Washington,65116
Muncie,Indiana,65081
Skokie,Illinois,64937
Palatine,Illinois,64869
Burnsville,Minnesota,64772
Huntersville,North Carolina,64688
North Little Rock,Arkansas,64531
Waltham,Massachusetts,64477
Union City,New Jersey,64462
Bellevue,Nebraska,63922
Richland,Washington,63757
Casa Grande,Arizona,63743
Hendersonville,Tennessee,63618
Utica,New York,63607
Moore,Oklahoma,63470
Coon Rapids,Minnesota,63377
Kenner,Louisiana,63333
Lynwood,California,63234
South San Francisco,California,63123
Hamilton,Ohio,62997
Laguna Niguel,California,62899
Porterville,California,62876
Marietta,Georgia,62769
Parker,Colorado,62743
Bossier City,Louisiana,62738
Kyle,Texas,62548
Council Bluffs,Iowa,62399
San Clemente,California,62313
Lakewood,Washington,62303
Millcreek,Utah,62205
Eden Prairie,Minnesota,62166
Chapel Hill,North Carolina,62043
Pontiac,Michigan,61689
Wellington,Florida,61634
Bristol,Connecticut,61601
Santa Cruz,California,61501
Shoreline,Washington,61353
Jupiter,Florida,61291
White Plains,New York,61288
Taylor,Michigan,61241
Palm Beach Gardens,Florida,61146
Woodland,California,61123
Corvallis,Oregon,61087
Springfield,Oregon,61085
Wylie,Texas,61078
La Habra,California,60991
Dearborn Heights,Michigan,60872
Madison,Alabama,60854
Encinitas,California,60841
Vineland,New Jersey,60797
Stonecrest,Georgia,60677
Blue Springs,Missouri,60539
La Mesa,California,60537
Great Falls,Montana,60422
Taunton,Massachusetts,60412
Owensboro,Kentucky,60140
Meriden,Connecticut,60111
Herriman,Utah,60049
Burlington,North Carolina,60032
Montebello,California,60015
Hanford,California,59938
Kokomo,Indiana,59890
Euless,Texas,59686
San Rafael,California,59555
Santee,California,59478
Bentonville,Arkansas,59471
St. Peters,Missouri,59413
Kannapolis,North Carolina,59321
Lake Havasu City,Arizona,59257
Pico Rivera,California,59189
Weymouth Town,Massachusetts,59114
Apopka,Florida,59113
Youngstown,Ohio,59108
North Miami,Florida,59008
Grand Forks,North Dakota,58921
Dubuque,Iowa,58877
West Allis,Wisconsin,58874
Petaluma,California,58800
Medford,Massachusetts,58744
Casper,Wyoming,58720
Margate,Florida,58593
Lenexa,Kansas,58536
Terre Haute,Indiana,58502
Little Elm,Texas,58496
Beaumont,California,58463
Marana,Arizona,58430
Gardena,California,58377
Lacey,Washington,58326
Decatur,Alabama,58321
Gilroy,California,58250
Hempstead,New York,58225
Midwest City,Oklahoma,58086
Springfield,Ohio,58082
Pocatello,Idaho,58064
Carson,Nevada,58036
Des Plaines,Illinois,58010
Revere,Massachusetts,57954
Brookhaven,Georgia,57945
Monterey Park,California,57877
Westfield,Indiana,57746
Coconut Creek,Florida,57694
Spring Hill,Tennessee,57637
Sarasota,Florida,57602
St. Clair Shores,Michigan,57548
Royal Oak,Michigan,57452
Smyrna,Tennessee,57418
Bozeman,Montana,57305
Cupertino,California,57285
Bowie,Maryland,57254
Lancaster,Pennsylvania,57153
Winter Haven,Florida,57109
Taylorsville,Utah,57098
Bradenton,Florida,57076
Orland Park,Illinois,57074
Albany,Oregon,57053
Hoboken,New Jersey,57010
Eagle Mountain,Utah,56932
Coeur d'Alene,Idaho,56894
Kettering,Ohio,56876
Southaven,Mississippi,56851
Kingsport,Tennessee,56704
Texas City,Texas,56609
Smyrna,Georgia,56566
Bonita Springs,Florida,56229
Highland,California,56202
Bartlett,Tennessee,56030
New Brunswick,New Jersey,55846
West Sacramento,California,55842
DeSoto,Texas,55740
Oak Lawn,Illinois,55734
Olympia,Washington,55733
Tigard,Oregon,55590
Port Arthur,Texas,55547
Fountain Valley,California,55468
San Jacinto,California,55440
Apple Valley,Minnesota,55336
Logan,Utah,55250
Perth Amboy,New Jersey,55249
National City,California,55236
Burleson,Texas,55220
Anderson,Indiana,55199
Valdosta,Georgia,55025
Twin Falls,Idaho,54943
Chicopee,Massachusetts,54838
West Haven,Connecticut,54790
Plainfield,New Jersey,54670
Lincoln,California,54538
Berwyn,Illinois,54414
Wake Forest,North Carolina,54337
Mount Prospect,Illinois,54298
Rocky Mount,North Carolina,54245
Arcadia,California,54157
Peabody,Massachusetts,54056
Kentwood,Michigan,53987
Yucaipa,California,53947
Tinley Park,Illinois,53886
Pensacola,Florida,53724
Mooresville,North Carolina,53721
Manhattan,Kansas,53682
Elkhart,Indiana,53484
Pinellas Park,Florida,53456
Methuen Town,Massachusetts,53455
Colton,California,53357
Edina,Minnesota,53348
Galveston,Texas,53237
Elyria,Ohio,53117
Joplin,Missouri,53095
Wheaton,Illinois,52938
Rockwall,Texas,52918
Grand Island,Nebraska,52622
Normal,Illinois,52618
Saratoga Springs,Utah,52532
Minnetonka,Minnesota,52463
Cathedral City,California,52356
Placentia,California,52192
Battle Creek,Michigan,52175
Oak Park,Illinois,52055
Diamond Bar,California,52041
Palm Desert,California,51951
Huntington Park,California,51942
Summerville,South Carolina,51884
Novato,California,51722
Dunwoody,Georgia,51713
Columbus,Indiana,51522
Delano,California,51500
Middletown,Ohio,51478
La Crosse,Wisconsin,51327
Collierville,Tennessee,51317
Jeffersonville,Indiana,51235
Florissant,Missouri,51128
Harrisonburg,Virginia,51082
Paramount,California,51072
Newark,Ohio,51046
Grapevine,Texas,50928
Watsonville,California,50867
Mishawaka,Indiana,50842
West New York,New Jersey,50754
Cuyahoga Falls,Ohio,50742
Burien,Washington,50730
Troy,New York,50607
Enid,Oklahoma,50577
Milford city,Connecticut,50421
Gallatin,Tennessee,50355
Everett,Massachusetts,50318
Aliso Viejo,California,50263
Bothell,Washington,50213
Hoffman Estates,Illinois,50179
Prescott Valley,Arizona,50045
Harrisburg,Pennsylvania,50012
Glendora,California,49934
Barnstable Town,Massachusetts,49709
Downers Grove,Illinois,49706
St. Louis Park,Minnesota,49697
Sheboygan,Wisconsin,49686
Titusville,Florida,49680
Draper,Utah,49602
Murray,Utah,49553
Stillwater,Oklahoma,49525
Fort Pierce,Florida,49374
Lakewood,Ohio,49337
Leesburg,Virginia,49312
Rosemead,California,49305
Portage,Michigan,49302
Ocoee,Florida,49261
Goose Creek,South Carolina,49249
San Luis Obispo,California,49244
Lawrence,Indiana,49235
Chesterfield,Missouri,49166
Cleveland,Tennessee,49086
Dublin,Ohio,48923
Cypress,California,48782
Covina,California,48728
Clermont,Florida,48621
Los Banos,California,48553
Huntsville,Texas,48552
East Lansing,Michigan,48528
Brea,California,48479
Hattiesburg,Mississippi,48414
Cedar Hill,Texas,48411
Ceres,California,48397
Bedford,Texas,48370
Coral Gables,Florida,48353
Oro Valley,Arizona,48311
Azusa,California,48272
Biloxi,Mississippi,48235
Euclid,Ohio,48212
Lebanon,Tennessee,48112
Poway,California,48051
Middletown,Connecticut,47984
Wilson,North Carolina,47833
Prescott,Arizona,47757
Mansfield,Ohio,47711
Niagara Falls,New York,47599
Wentzville,Missouri,47497
Sherman,Texas,47473
Plainfield,Illinois,47448
Columbia,Tennessee,47445
Minot,North Dakota,47373
Winter Garden,Florida,47294
Gainesville,Georgia,47265
Waxahachie,Texas,47201
Beavercreek,Ohio,47193
Shakopee,Minnesota,47158
Roswell,New Mexico,47109
Wauwatosa,Wisconsin,47038
Olive Branch,Mississippi,47029
Newark,California,46929
Mentor,Ohio,46929
Glenview,Illinois,46904
East Providence,Rhode Island,46900
Charleston,West Virginia,46838
Cerritos,California,46797
Urbandale,Iowa,46729
Binghamton,New York,46727
Roseville,Michigan,46666
Attleboro,Massachusetts,46654
Monroe,Louisiana,46616
Keller,Texas,46316
Holly Springs,North Carolina,46271
Farmington,New Mexico,46237
Rancho Santa Margarita,California,46182
Salina,Kansas,45792
Oakley,California,45761
Mankato,Minnesota,45742
Hackensack,New Jersey,45736
Spanish Fork,Utah,45557
Strongsville,Ohio,45511
La Mirada,California,45505
Sayreville,New Jersey,45496
Blacksburg,Virginia,45485
The Colony,Texas,45471
Bremerton,Washington,45450
Elmhurst,Illinois,45336
Huntington,West Virginia,45325
Haltom City,Texas,45290
Brentwood,Tennessee,45265
Altamonte Springs,Florida,45257
Palm Springs,California,45218
Moorhead,Minnesota,45202
Delaware,Ohio,45158
Charlottesville,Virginia,44983
Newnan,Georgia,44940
York,Pennsylvania,44867
Riverton,Utah,44854
West Lafayette,Indiana,44829
Post Falls,Idaho,44798
North Lauderdale,Florida,44784
Salem,Massachusetts,44744
Hollister,California,44658
Concord,New Hampshire,44629
Rohnert Park,California,44546
Burlington,Vermont,44528
Morgan Hill,California,44478
Littleton,Colorado,44451
Fairfield,Ohio,44447
Sierra Vista,Arizona,44431
Hickory,North Carolina,44415
Greer,South Carolina,44387
Fond du Lac,Wisconsin,44300
Ormond Beach,Florida,44277
Wilkes-Barre,Pennsylvania,44254
Bountiful,Utah,44144
Oakland Park,Florida,44105
Greenacres,Florida,44103
Linden,New Jersey,43950
Cleveland Heights,Ohio,43908
Lynnwood,Washington,43867
Fuquay-Varina,North Carolina,43817
Lombard,Illinois,43779
El Centro,California,43772
Cutler Bay,Florida,43762
Freeport,New York,43756
Leominster,Massachusetts,43627
Coachella,California,43590
Hagerstown,Maryland,43553
Alexandria,Louisiana,43466
Lake Worth Beach,Florida,43346
Celina,Texas,43317
Huber Heights,Ohio,43313
Bullhead City,Arizona,43302
Schertz,Texas,43239
Saginaw,Michigan,43185
Woonsocket,Rhode Island,43135
Pittsfield,Massachusetts,43076
Weslaco,Texas,43053
Lompoc,California,43045
DeLand,Florida,43009
Danville,California,42999
Mount Juliet,Tennessee,42912
Indian Trail,North Carolina,42854
North Miami Beach,Florida,42789
Altoona,Pennsylvania,42788
Grove City,Ohio,42782
Sumter,South Carolina,42766
Edmonds,Washington,42701
Manassas,Virginia,42696
Midland,Michigan,42663
Fulshear,Texas,42616
Jefferson City,Missouri,42552
Buffalo Grove,Illinois,42482
Brighton,Colorado,42477
Florence,Alabama,42437
Beverly,Massachusetts,42318
Marion,Iowa,42213
Puyallup,Washington,42179
Shelton,Connecticut,42144
Peachtree Corners,Georgia,42136
Cottage Grove,Minnesota,42056
Moline,Illinois,41965
Brookfield,Wisconsin,41884
Kiryas Joel,New York,41857
Danville,Virginia,41837
Campbell,California,41700
Prosper,Texas,41660
Woburn,Massachusetts,41647
Fitchburg,Massachusetts,41579
Hallandale Beach,Florida,41547
Lancaster,Ohio,41422
Coppell,Texas,41404
Milton,Georgia,41383
Midlothian,Texas,41352
San Bruno,California,41327
Oviedo,Florida,41231
Reynoldsburg,Ohio,41220
Marlborough,Massachusetts,41179
Owasso,Oklahoma,41162
Apache Junction,Arizona,41153
Rosenberg,Texas,41104
Covington,Kentucky,40972
Romeoville,Illinois,40955
Crystal Lake,Illinois,40861
Friendswood,Texas,40826
Cedar Falls,Iowa,40737
Belleville,Illinois,40726
State College,Pennsylvania,40687
Florence,South Carolina,40609
Plant City,Florida,40571
Annapolis,Maryland,40552
Lake Stevens,Washington,40521
Westfield,Massachusetts,40509
Cape Girardeau,Missouri,40508
West Fargo,North Dakota,40400
Windsor,Colorado,40349
Amherst Town,Massachusetts,40277
Germantown,Tennessee,40267
New Berlin,Wisconsin,40260
Lancaster,Texas,40215
DeKalb,Illinois,40211
Peachtree City,Georgia,40193
Findlay,Ohio,40139
Valley Stream,New York,40007
Bartlett,Illinois,39992
Rancho Palos Verdes,California,39980
Rexburg,Idaho,39975
Wausau,Wisconsin,39968
Maplewood,Minnesota,39958
Cedar City,Utah,39942
Lake Oswego,Oregon,39924
Dover,Delaware,39894
Norwich,Connecticut,39881
Bettendorf,Iowa,39858
Lathrop,California,39857
Fort Lee,New Jersey,39700
Menomonee Falls,Wisconsin,39700
Myrtle Beach,South Carolina,39697
Hutchinson,Kansas,39662
La Vergne,Tennessee,39597
Royal Palm Beach,Florida,39489
Georgetown,Kentucky,39462
Hobbs,New Mexico,39386
Kearny,New Jersey,39370
Prattville,Alabama,39318
Hurst,Texas,39304
Tooele,Utah,39263
Grants Pass,Oregon,39149
Pine Bluff,Arkansas,39123
La Quinta,California,39081
Douglasville,Georgia,39049
Culver City,California,39041
Spartanburg,South Carolina,39040
Issaquah,Washington,38977
Carol Stream,Illinois,38966
Winter Springs,Florida,38941
Duncanville,Texas,38883
Stanton,California,38815
Quincy,Illinois,38803
Hutto,Texas,38765
Warren,Ohio,38751
Aventura,Florida,38741
Copperas Cove,Texas,38696
Riviera Beach,Florida,38663
Lincoln Park,Michigan,38646
Roy,Utah,38592
Keizer,Oregon,38564
American Fork,Utah,38549
Portage,Indiana,38513
Braintree Town,Massachusetts,38490
Woodstock,Georgia,38473
Atlantic City,New Jersey,38464
Phenix City,Alabama,38441
Lewiston,Maine,38404
Chelsea,Massachusetts,38319
Socorro,Texas,38238
Calexico,California,38224
Urbana,Illinois,38209
Adelanto,California,38187
Northglenn,Colorado,38164
East Point,Georgia,38115
Bartlesville,Oklahoma,38114
Rome,Georgia,38111
Weatherford,Texas,38109
Hilton Head Island,South Carolina,38097
Vestavia Hills,Alabama,38020
Hot Springs,Arkansas,37994
San Luis,Arizona,37966
Westerville,Ohio,37958
Longview,Washington,37925
Parkland,Florida,37911
Estero,Florida,37908
Park Ridge,Illinois,37897
Sun Prairie,Wisconsin,37890
Monroe,North Carolina,37797
Streamwood,Illinois,37780
Kearns metro township,Utah,37767
San Gabriel,California,37732
Wheeling,Illinois,37725
Tupelo,Mississippi,37675
Holyoke,Massachusetts,37628
Clovis,New Mexico,37612
Benton,Arkansas,37558
Montclair,California,37545
Bell Gardens,California,37467
Oregon City,Oregon,37351
New Albany,Indiana,37329
Pleasant Grove,Utah,37294
Haines City,Florida,37272
Hilliard,Ohio,37262
Richmond,Kentucky,37206
Muskegon,Michigan,37183
Oak Creek,Wisconsin,37156
Carpentersville,Illinois,37099
Wildomar,California,37087
Oswego,Illinois,37074
North Ridgeville,Ohio,37058
Plainfield,Indiana,37047
Leavenworth,Kansas,37034
Syracuse,Utah,37022
Redmond,Oregon,37009
La Porte,Texas,36991
Tucker,Georgia,36975
Farmers Branch,Texas,36917
Greenfield,Wisconsin,36916
Muskogee,Oklahoma,36873
Canton,Georgia,36857
Monrovia,California,36768
Cookeville,Tennessee,36657
La Puente,California,36516
San Juan,Texas,36448
Richfield,Minnesota,36445
Pacifica,California,36426
Martinez,California,36395
Cibolo,Texas,36374
Sahuarita,Arizona,36356
Merrillville,Indiana,36347
Beloit,Wisconsin,36342
Salisbury,North Carolina,36319
Cleburne,Texas,36209
Hinesville,Georgia,36181
Hanover Park,Illinois,36165
Rock Island,Illinois,36132
Inver Grove Heights,Minnesota,36114
Lauderdale Lakes,Florida,36035
Seguin,Texas,36013
Dunedin,Florida,35930
El Mirage,Arizona,35850
Norristown,Pennsylvania,35769
Upper Arlington,Ohio,35743
Texarkana,Texas,35741
Butte-Silver Bow,Montana,35701
Panama City,Florida,35660
Mason,Ohio,35660
Claremont,California,35640
Fair Lawn,New Jersey,35564
Midvale,Utah,35561
Torrington,Connecticut,35550
Moorpark,California,35543
Marion,Ohio,35531
Wenatchee,Washington,35526
Franklin,Wisconsin,35485
Springville,Utah,35471
Forney,Texas,35470
Stockbridge,Georgia,35452
Roseville,Minnesota,35451
Richmond,Indiana,35425
Kingman,Arizona,35334
Erie,Colorado,35269
Garner,North Carolina,35265
Mount Vernon,Washington,35259
Watertown Town,Massachusetts,35256
Bluffton,South Carolina,35243
Addison,Illinois,35167
Gahanna,Ohio,35159
Brunswick,Ohio,35072
University Place,Washington,35049
Crown Point,Indiana,34884
Temple City,California,34854
Wildwood,Missouri,34851
Lewiston,Idaho,34836
Lima,Ohio,34794
San Juan Capistrano,California,34754
Fairborn,Ohio,34729
Kennesaw,Georgia,34683
Valparaiso,Indiana,34627
Long Beach,New York,34595
Del Rio,Texas,34574
Manitowoc,Wisconsin,34568
Holland,Michigan,34540
Dalton,Georgia,34508
Randolph Town,Massachusetts,34487
Clearfield,Utah,34470
Helena,Montana,34464
Statesboro,Georgia,34452
McMinnville,Oregon,34450
Harker Heights,Texas,34447
Kearney,Nebraska,34362
Calumet City,Illinois,34358
Goshen,Indiana,34355
West Hollywood,California,34349
Cooper City,Florida,34321
Englewood,Colorado,34275
College Park,Maryland,34187
Lufkin,Texas,34181
Alabaster,Alabama,34107
University City,Missouri,34096
Leawood,Kansas,33980
Northbrook,Illinois,33977
Westlake,Ohio,33972
Stow,Ohio,33957
Washington,Utah,33877
Pleasant Hill,California,33802
Eastpointe,Michigan,33676
Fort Mill,South Carolina,33626
Chester,Pennsylvania,33595
Opelika,Alabama,33572
Woodridge,Illinois,33566
Meridian,Mississippi,33551
Rochester,New Hampshire,33519
Gillette,Wyoming,33496
Dover,New Hampshire,33485
Goldsboro,North Carolina,33469
Desert Hot Springs,California,33438
Oak Ridge,Tennessee,33397
Manhattan Beach,California,33369
Walla Walla,Washington,33339
Petersburg,Virginia,33309
Gadsden,Alabama,33229
Deer Park,Texas,33176
Salisbury,Maryland,33159
Cornelius,North Carolina,33139
Franklin Town,Massachusetts,33125
Sherwood,Arkansas,33118
San Dimas,California,33105
Andover,Minnesota,33089
Savage,Minnesota,32999
Elizabethtown,Kentucky,32978
Spring Valley,New York,32969
Aiken,South Carolina,32947
Kaysville,Utah,32941
Florence,Kentucky,32917
Pullman,Washington,32863
Long Branch,New Jersey,32745
Ithaca,New York,32724
Greenville,Texas,32717
Goleta,California,32665
New Smyrna Beach,Florida,32655
St. Charles,Illinois,32654
Dana Point,California,32567
Zionsville,Indiana,32534
Garfield,New Jersey,32456
Massillon,Ohio,32439
Maryville,Tennessee,32436
Nicholasville,Kentucky,32425
Glendale Heights,Illinois,32409
Bethel Park,Pennsylvania,32398
Bella Vista,Arkansas,32368
Duluth,Georgia,32350
LaGrange,Georgia,32343
Eagle,Idaho,32319
Sachse,Texas,32294
Fitchburg,Wisconsin,32284
Brownsburg,Indiana,32250
New Bern,North Carolina,32226
Los Gatos,California,32216
Cottonwood Heights,Utah,32204
Foster City,California,32180
Nacogdoches,Texas,32156
Laramie,Wyoming,32152
McDonough,Georgia,32138
Morristown,Tennessee,32099
Bay City,Michigan,32082
Sanford,North Carolina,32064
Atwater,California,32052
Des Moines,Washington,31988
O'Fallon,Illinois,31968
Dania Beach,Florida,31915
West Bend,Wisconsin,31886
Bell,California,31864
Fairbanks,Alaska,31856
Chamblee,Georgia,31841
Naugatuck,Connecticut,31820
Wheat Ridge,Colorado,31804
Shawnee,Oklahoma,31803
SeaTac,Washington,31799
Santa Paula,California,31792
Mundelein,Illinois,31790
Poughkeepsie,New York,31772
Houma,Louisiana,31733
Leesburg,Florida,31721
Morrisville,North Carolina,31703
Menlo Park,California,31690
Brooklyn Center,Minnesota,31688
Banning,California,31680
Michigan City,Indiana,31659
Rome,New York,31652
Waukee,Iowa,31645
Bangor,Maine,31628
Juneau city and,Alaska,31555
North Olmsted,Ohio,31538
Carlsbad,New Mexico,31499
Elk Grove Village,Illinois,31350
Seaside,California,31317
Alamogordo,New Mexico,31284
San Pablo,California,31249
Miami Lakes,Florida,31238
Southlake,Texas,31137
El Paso de Robles,California,31134
Pekin,Illinois,31126
Northport,Alabama,31111
Lawrenceville,Georgia,31015
Beverly Hills,California,30974
North Attleborough Town,Massachusetts,30943
Matthews,North Carolina,30934
Athens,Alabama,30904
Jackson,Michigan,30854
Hopkinsville,Kentucky,30813
Liberty,Missouri,30794
Harrison,New York,30780
Bixby,Oklahoma,30698
North Royalton,Ohio,30687
Casselberry,Florida,30595
Port Chester,New York,30584
Westfield,New Jersey,30559
Leland,North Carolina,30542
Paragould,Arkansas,30520
Lafayette,Colorado,30439
Morgantown,West Virginia,30429
North Chicago,Illinois,30416
Ballwin,Missouri,30410
Bowling Green,Ohio,30384
Daphne,Alabama,30321
Converse,Texas,30321
Holladay,Utah,30298
Princeton,New Jersey,30289
Highland Park,Illinois,30272
Enterprise,Alabama,30271
Laguna Hills,California,30243
Statesville,North Carolina,30220
Clayton,North Carolina,30216
Gurnee,Illinois,30193
Newark,Delaware,30169
Fridley,Minnesota,30156
Lawndale,California,30155
Middletown,New York,30152
Algonquin,Illinois,30134
Magna metro township,Utah,30087
Hazleton,Pennsylvania,30037
North Tonawanda,New York,30031
Los Altos,California,29990
Anderson,South Carolina,29980
Gloucester,Massachusetts,29959
Burlingame,California,29910
La Verne,California,29898
Winter Park,Florida,29894
Kalispell,Montana,29886
Rahway,New Jersey,29813
Central,Louisiana,29781
Atascadero,California,29700
Schererville,Indiana,29657
Englewood,New Jersey,29624
Saratoga,California,29607
Pooler,Georgia,29544
Easton,Pennsylvania,29538
Niles,Illinois,29513
Independence,Kentucky,29503
Rockledge,Florida,29452
Hobart,Indiana,29408
Laurel,Maryland,29400
Burton,Michigan,29376
Northampton,Massachusetts,29370
Melrose,Massachusetts,29357
Russellville,Arkansas,29338
Crestview,Florida,29300
Texarkana,Arkansas,29223
Kirkwood,Missouri,29174
West Melbourne,Florida,29144
Galesburg,Illinois,29130
Monterey,California,29116
Raytown,Missouri,29097
Jacksonville,Arkansas,29094
Chaska,Minnesota,29034
Woodburn,Oregon,29033
Parkersburg,West Virginia,29025
Oak Park,Michigan,29023
Southgate,Michigan,29002
Fredericksburg,Virginia,28928
Garfield Heights,Ohio,28900
San Carlos,California,28862
Bridgewater Town,Massachusetts,28818
Suisun City,California,28743
Twentynine Palms,California,28734
Jeffersontown,Kentucky,28716
Lake in the Hills,Illinois,28661
Alvin,Texas,28633
Ramsey,Minnesota,28560
Saratoga Springs,New York,28544
Shaker Heights,Ohio,28541
Slidell,Louisiana,28510
Fountain,Colorado,28489
Maple Valley,Washington,28434
West Springfield Town,Massachusetts,28424
Marysville,Ohio,28423
Happy Valley,Oregon,28409
Agawam Town,Massachusetts,28406
Port Huron,Michigan,28383
Glen Ellyn,Illinois,28347
Frankfort,Kentucky,28285
Eagle Pass,Texas,28282
Bergenfield,New Jersey,28274
Huntley,Illinois,28269
McHenry,Illinois,28251
Madison Heights,Michigan,28238
Newburgh,New York,28237
Oakdale,Minnesota,28226
East Palo Alto,California,28216
Danville,Illinois,28206
Burbank,Illinois,28164
Venice,Florida,28150
Pearl,Mississippi,28117
Aberdeen,South Dakota,28110
Marion,Indiana,28105
Ridgecrest,California,28088
Kuna,Idaho,28050
New Lenox,Illinois,28047
Prior Lake,Minnesota,28027
Princeton,Texas,28027
Kernersville,North Carolina,28016
Mauldin,South Carolina,28010
Madison,Mississippi,27987
Conway,South Carolina,27985
Monroeville,Pennsylvania,27974
Jamestown,New York,27965
Glen Cove,New York,27879
Bristol,Tennessee,27854
Brawley,California,27849
Union City,Georgia,27832
Mint Hill,North Carolina,27815
Carrollton,Georgia,27793
Lake Jackson,Texas,27768
Homewood,Alabama,27758
Henderson,Kentucky,27734
Mount Pleasant,Wisconsin,27727
Asheboro,North Carolina,27726
Lansing,Illinois,27713
Williston,North Dakota,27706
Greenville,Mississippi,27644
Winchester,Virginia,27617
Fremont,Nebraska,27602
Kent,Ohio,27601
Rosemount,Minnesota,27590
Maryland Heights,Missouri,27575
Marshalltown,Iowa,27574
Lemon Grove,California,27569
New London,Connecticut,27560
Jenks,Oklahoma,27553
Allen Park,Michigan,27528
Dodge City,Kansas,27514
Simpsonville,South Carolina,27506
Anna,Texas,27501
Williamsport,Pennsylvania,27470
Neenah,Wisconsin,27453
Thomasville,North Carolina,27435
Tualatin,Oregon,27383
Garden City,Kansas,27371
Millville,New Jersey,27358
Elk River,Minnesota,27342
Hamtramck,Michigan,27339
Green,Ohio,27338
Gladstone,Missouri,27329
Camas,Washington,27254
Tumwater,Washington,27239
Cabot,Arkansas,27190
Palm Springs,Florida,27132
Walnut,California,27104
New Iberia,Louisiana,27080
Wooster,Ohio,27030
Wilmette,Illinois,27026
Oxford,Mississippi,27008
Temple Terrace,Florida,26972
Lindenhurst,New York,26972
Wasco,California,26917
Granite City,Illinois,26908
Mason City,Iowa,26906
Troy,Ohio,26848
Sebastian,Florida,26846
South Portland,Maine,26840
Lemoore,California,26809
Forest Grove,Oregon,26799
Round Lake Beach,Illinois,26783
Trussville,Alabama,26770
Bridgeton,New Jersey,26763
Paducah,Kentucky,26749
Balch Springs,Texas,26711
Edwardsville,Illinois,26698
Clinton,Mississippi,26698
Vernon Hills,Illinois,26677
West Linn,Oregon,26629
Belmont,California,26622
Hercules,California,26582
Ossining,New York,26542
Lockport,Illinois,26537
Owatonna,Minnesota,26534
Horn Lake,Mississippi,26468
Benicia,California,26429
Superior,Wisconsin,26423
Plum,Pennsylvania,26391
Yukon,Oklahoma,26388
Moscow,Idaho,26387
Easley,South Carolina,26386
Lebanon,Pennsylvania,26378
Shoreview,Minnesota,26374
Katy,Texas,26360
Wilsonville,Oregon,26345
Sanger,California,26343
Denison,Texas,26343
Garden City,Michigan,26325
Moses Lake,Washington,26299
Paramus,New Jersey,26282
Batavia,Illinois,26235
Derby,Kansas,26233
Wheeling,West Virginia,26208
Oak Forest,Illinois,26199
Ridgewood,New Jersey,26194
Chicago Heights,Illinois,26184
Elmira,New York,26176
Austin,Minnesota,26171
Norfolk,Nebraska,26147
South Salt Lake,Utah,26122
Newberg,Oregon,26095
Winona,Minnesota,26029
Auburn,New York,25983
Reedley,California,25958
Avon Lake,Ohio,25942
Chanhassen,Minnesota,25937
Greenfield,Indiana,25920
Staunton,Virginia,25915
Franklin,Indiana,25908
North Augusta,South Carolina,25891
Sugar Hill,Georgia,25889
Medina,Ohio,25889
Tarpon Springs,Florida,25872
Dinuba,California,25863
Lodi,New Jersey,25832
East Chicago,Indiana,25830
Windsor,California,25828
Farmington,Utah,25771
Galt,California,25767
Centerville,Ohio,25754
Stevens Point,Wisconsin,25752
Colleyville,Texas,25736
Eureka,California,25734
Xenia,Ohio,25725
Brandon,Mississippi,25719
Woodstock,Illinois,25699
Corsicana,Texas,25671
South Pasadena,California,25623
Salem,Virginia,25600
Auburn Hills,Michigan,25597
Farragut,Tennessee,25579
Rockville Centre,New York,25578
Cliffside Park,New Jersey,25570
El Cerrito,California,25552
Belton,Missouri,25534
Mequon,Wisconsin,25489
Imperial Beach,California,25458
Starkville,Mississippi,25444
Peekskill,New York,25442
Grandview,Missouri,25436
Nixa,Missouri,25405
Avon,Ohio,25403
Norco,California,25398
Gardner,Kansas,25378
De Pere,Wisconsin,25348
Caledonia,Wisconsin,25326
Muskego,Wisconsin,25312
Raymore,Missouri,25306
Belvidere,Illinois,25297
Walker,Michigan,25289
Carteret,New Jersey,25281
Pickerington,Ohio,25256
Ottumwa,Iowa,25252
Perrysburg,Ohio,25236
Belton,Texas,25171
Fairfax,Virginia,25144
Saginaw,Texas,25139
Shelbyville,Tennessee,25132
Dickinson,North Dakota,25130
Pelham,Alabama,25121
West Chicago,Illinois,25116
Loma Linda,California,25111
Key West,Florida,25103
Patterson,California,25063
Inkster,Michigan,25056
Lafayette,California,25048
Bessemer,Alabama,25037
Middletown,Delaware,25022
Alton,Illinois,25006
Norton Shores,Michigan,25005
Riverbank,California,25001
Fairhope,Alabama,24974
Paris,Texas,24969
Barstow,California,24964
University Park,Texas,24954
Cartersville,Georgia,24937
Herndon,Virginia,24935
Kerrville,Texas,24930
Lexington,South Carolina,24921
Hastings,Nebraska,24896
Foley,Alabama,24873
Hazelwood,Missouri,24863
Ardmore,Oklahoma,24847
Auburn,Maine,24793
Fernley,Nevada,24744
Mercer Island,Washington,24742
Newport,Rhode Island,24717
Wadsworth,Ohio,24709
Romulus,Michigan,24702
Yorkville,Illinois,24693
Athens,Ohio,24673
Zanesville,Ohio,24651
Faribault,Minnesota,24642
Johnston,Iowa,24640
Fate,Texas,24626
Fort Dodge,Iowa,24591
Mandan,North Dakota,24586
Kingsville,Texas,24586
Barberton,Ohio,24563
Homer Glen,Illinois,24546
San Benito,Texas,24493
Selma,California,24467
Columbus,Nebraska,24464
Ridgeland,Mississippi,24459
Eustis,Florida,24457
Greenbelt,Maryland,24360
Seal Beach,California,24352
Riverside,Ohio,24340
Benbrook,Texas,24336
Brookings,South Dakota,24312
Decatur,Georgia,24307
Ponca City,Oklahoma,24306
Florence,Arizona,24291
South Elgin,Illinois,24277
Palmetto Bay,Florida,24264
Bainbridge Island,Washington,24254
Sandusky,Ohio,24241
Clinton,Iowa,24239
Avon,Indiana,24231
Zion,Illinois,24206
Horizon City,Texas,24168
Willoughby,Ohio,24163
Watertown,New York,24157
Van Buren,Arkansas,24138
Royse City,Texas,24138
Morton Grove,Illinois,24131
South Plainfield,New Jersey,24131
Marshall,Texas,24118
Emporia,Kansas,24105
Wyandotte,Michigan,24057
Payson,Utah,24054
Griffin,Georgia,24044
Perry,Georgia,24029
Oak Harbor,Washington,24016
West Haven,Utah,24014
Glassboro,New Jersey,23987
Hurricane,Utah,23959
Centerton,Arkansas,23953
Soledad,California,23947
Westmont,Illinois,23933
Farmington,Minnesota,23909
Roseburg,Oregon,23861
West Memphis,Arkansas,23825
Maywood,California,23824
Searcy,Arkansas,23813
Papillion,Nebraska,23791
Collinsville,Illinois,23779
Kingston,New York,23777
Corinth,Texas,23707
Solon,Ohio,23702
Ennis,Texas,23686
Melrose Park,Illinois,23666
St. John,Indiana,23644
Edgewater,Florida,23636
Groveland,Florida,23628
Munster,Indiana,23614
Fountain Hills,Arizona,23611
Coralville,Iowa,23596
Clinton,Utah,23588
Melissa,Texas,23571
Burlington,Iowa,23565
North Salt Lake,Utah,23560
Highland,Indiana,23525
Kankakee,Illinois,23503
Webster Groves,Missouri,23449
Jacksonville Beach,Florida,23447
Kenmore,Washington,23391
Elmwood Park,Illinois,23369
San Fernando,California,23364
White Bear Lake,Minnesota,23363
Pottstown,Pennsylvania,23349
Muscatine,Iowa,23341
Loves Park,Illinois,23335
Rolling Meadows,Illinois,23329
Mustang,Oklahoma,23270
Otsego,Minnesota,23241
Watertown,South Dakota,23230
Lisle,Illinois,23222
DeBary,Florida,23209
Waynesboro,Virginia,23182
Duncan,Oklahoma,23170
Freeport,Illinois,23136
Duarte,California,23131
Waxhaw,North Carolina,23073
Oakdale,California,23045
Columbus,Mississippi,23035
Albertville,Alabama,23031
Maple Heights,Ohio,22984
Sapulpa,Oklahoma,22981
Hudson,Ohio,22968
Middleton,Wisconsin,22967
Rock Springs,Wyoming,22954
Trotwood,Ohio,22940
Watauga,Texas,22934
Keene,New Hampshire,22917
Suwanee,Georgia,22913
Ozark,Missouri,22907
Prairie Village,Kansas,22900
Maywood,Illinois,22880
Champlin,Minnesota,22856
Garden City,New York,22835
Bonney Lake,Washington,22835
Marina,California,22833
Mesquite,Nevada,22786
Hopewell,Virginia,22752
Radcliff,Kentucky,22749
Portsmouth,New Hampshire,22733
Watertown,Wisconsin,22692
Machesney Park,Illinois,22630
North Plainfield,New Jersey,22566
Central Falls,Rhode Island,22543
Christiansburg,Virginia,22542
Hammond,Louisiana,22527
North Platte,Nebraska,22523
Roselle,Illinois,22508
Greenwood,South Carolina,22498
La Porte,Indiana,22486
Acworth,Georgia,22379
Lino Lakes,Minnesota,22376
Big Spring,Texas,22373
Biddeford,Maine,22367
Summit,New Jersey,22344
Roselle,New Jersey,22342
Carlisle,Pennsylvania,22341
Oxford,Ohio,22340
Laguna Beach,California,22332
Evans,Colorado,22326
Bloomingdale,Illinois,22298
Hialeah Gardens,Florida,22286
Battle Ground,Washington,22285
Columbia Heights,Minnesota,22278
Sanford,Maine,22251
Chambersburg,Pennsylvania,22245
Ruston,Louisiana,22233
North Ogden,Utah,22233
New Brighton,Minnesota,22228
Calabasas,California,22227
Clarksville,Indiana,22208
Clemmons,North Carolina,22159
Hastings,Minnesota,22121
Helena,Alabama,22117
Millbrae,California,22087
Sedalia,Missouri,22086
Oxford,Alabama,22078
Snellville,Georgia,22067
Corcoran,California,22044
East Peoria,Illinois,22012
Shelby,North Carolina,22010
East Ridge,Tennessee,21961
Montgomery,Illinois,21955
Stephenville,Texas,21946
Shafter,California,21915
Crystal,Minnesota,21906
Chillicothe,Ohio,21895
Klamath Falls,Oregon,21888
Sunny Isles Beach,Florida,21885
Bryant,Arkansas,21877
Junction City,Kansas,21856
Dickinson,Texas,21834
Pleasant Prairie,Wisconsin,21818
Hanahan,South Carolina,21796
Boerne,Texas,21774
Mountain Brook,Alabama,21737
Villa Park,Illinois,21727
Cudahy,California,21723
West St. Paul,Minnesota,21722
Lebanon,Ohio,21699
Darien,Illinois,21698
Altoona,Iowa,21698
Lindenwold,New Jersey,21685
Seymour,Indiana,21666
Yucca Valley,California,21664
Milwaukie,Oregon,21594
Carbondale,Illinois,21592
Imperial,California,21591
Pascagoula,Mississippi,21582
Alliance,Ohio,21525
Mountlake Terrace,Washington,21516
Blue Island,Illinois,21494
Terrell,Texas,21480
Birmingham,Michigan,21434
New Castle,Pennsylvania,21413
American Canyon,California,21347
North Liberty,Iowa,21345
Willmar,Minnesota,21335
Montrose,Colorado,21333
Del City,Oklahoma,21312
South Euclid,Ohio,21264
Elmwood Park,New Jersey,21256
Rocky River,Ohio,21236
Port Hueneme,California,21217
Golden Valley,Minnesota,21211
Arlington,Washington,21206
Mineola,New York,21169
Anniston,Alabama,21167
Ashland,Kentucky,21154
Tukwila,Washington,21135
Alton,Texas,21130
Geneva,Illinois,21129
Covington,Washington,21125
Carrboro,North Carolina,21103
South Lake Tahoe,California,21079
Marquette,Michigan,21079
Tavares,Florida,21061
Ashland,Oregon,21061
Arnold,Missouri,21059
South Burlington,Vermont,21043
Hays,Kansas,21040
St. Michael,Minnesota,21034
Northfield,Minnesota,21020
Germantown,Wisconsin,21020
Culpeper,Virginia,21012
Mukilteo,Washington,21011
Secaucus,New Jersey,21005
Tullahoma,Tennessee,21001
Gardner,Massachusetts,20974
Saco,Maine,20960
Grayslake,Illinois,20954
Fort Walton Beach,Florida,20925
Murphy,Texas,20920
Frankfort,Illinois,20907
Zephyrhills,Florida,20883
Mount Pleasant,Michigan,20859
East Moline,Illinois,20806
Elko,Nevada,20785
Howard,Wisconsin,20775
Park Forest,Illinois,20763
Piqua,Ohio,20747
Murrysville,Pennsylvania,20745
Mill Creek,Washington,20742
Baldwin,Pennsylvania,20708
New Hope,Minnesota,20705
Forest Lake,Minnesota,20685
South St. Paul,Minnesota,20664
Hyattsville,Maryland,20662
Greenfield,California,20634
Pleasantville,New Jersey,20613
Shelbyville,Indiana,20609
Painesville,Ohio,20605
Bartow,Florida,20584
Morristown,New Jersey,20571
Westbrook,Maine,20564
Westminster,Maryland,20536
Harrison,New Jersey,20520
Pittsburg,Kansas,20504
Lynn Haven,Florida,20501
South Holland,Illinois,20483
Portland,Texas,20481
Alamo,Texas,20460
Gallup,New Mexico,20451
Lockport,New York,20436
Parma Heights,Ohio,20431
Rolla,Missouri,20423
Dolton,Illinois,20410
Sulphur,Louisiana,20400
Louisville,Colorado,20390
Claremore,Oklahoma,20385
Bethany,Oklahoma,20369
Sweetwater,Florida,20352
Kingsland,Georgia,20343
Libertyville,Illinois,20332
Sidney,Ohio,20309
North Myrtle Beach,South Carolina,20303
Durant,Oklahoma,20296
Knightdale,North Carolina,20275
Golden,Colorado,20242
Adrian,Michigan,20238
Punta Gorda,Florida,20227
Highland,Utah,20217
Mebane,North Carolina,20212
South Milwaukee,Wisconsin,20211
Manor,Texas,20209
Angleton,Texas,20206
Vicksburg,Mississippi,20192
Santa Fe Springs,California,20174
Republic,Missouri,20144
Crest Hill,Illinois,20118
Palisades Park,New Jersey,20102
Port Angeles,Washington,20101
Monroe,Michigan,20089
Fayetteville,Georgia,20083
Sand Springs,Oklahoma,20075
Lynbrook,New York,20071
Universal City,Texas,20028
Auburndale,Florida,20011
Brigham City,Utah,19970
Zachary,Louisiana,19968
Sherwood,Oregon,19957
Crowley,Texas,19932
Cocoa,Florida,19930
Cullman,Alabama,19913
Harrisburg,North Carolina,19883
Phoenixville,Pennsylvania,19871
Plattsburgh,New York,19867
Lexington,North Carolina,19840
Forest Park,Ohio,19839
Miamisburg,Ohio,19814
Boone,North Carolina,19811
Mayfield Heights,Ohio,19793
Lomita,California,19782
Erlanger,Kentucky,19777
Mokena,Illinois,19759
Whitehall,Ohio,19727
Sartell,Minnesota,19726
Lebanon,Oregon,19726
Oregon,Ohio,19711
Naples,Florida,19704
Nogales,Arizona,19702
Lake Zurich,Illinois,19676
Warrensburg,Missouri,19673
Winder,Georgia,19669
West Chester,Pennsylvania,19658
Seagoville,Texas,19643
Broadview Heights,Ohio,19634
Ammon,Idaho,19617
La Marque,Texas,19605
Lackawanna,New York,19593
Sheridan,Wyoming,19543
Holly Springs,Georgia,19540
La Cañada Flintridge,California,19538
St. Marys,Georgia,19537
Durango,Colorado,19534
Mamaroneck,New York,19533
Johnstown,Colorado,19511
Conyers,Georgia,19505
Hawthorne,New Jersey,19496
Springfield,Tennessee,19494
Hermiston,Oregon,19489
Springboro,Ohio,19475
Agoura Hills,California,19474
Maumelle,Arkansas,19452
Oroville,California,19449
Monroe,Washington,19447
Twinsburg,Ohio,19439
Stuart,Florida,19430
Point Pleasant,New Jersey,19429
Plainview,Texas,19420
Kinston,North Carolina,19411
Harvey,Illinois,19397
Panama City Beach,Florida,19393
Ypsilanti,Michigan,19393
Palestine,Texas,19372
Forest Park,Georgia,19368
Arvin,California,19364
Orinda,California,19364
Madisonville,Kentucky,19355
Lake Forest,Illinois,19354
Tinton Falls,New Jersey,19354
Siloam Springs,Arkansas,19336
Chowchilla,California,19328
Dixon,California,19309
Winchester,Kentucky,19254
Seminole,Florida,19252
Stillwater,Minnesota,19240
El Reno,Oklahoma,19216
Maitland,Florida,19215
Lakeway,Texas,19189
Central Point,Oregon,19171
Brenham,Texas,19142
Lumberton,North Carolina,19121
Orange,Texas,19108
Augusta,Maine,19102
Albany,California,19097
Bluffdale,Utah,19090
Ferndale,Michigan,19083
Los Lunas,New Mexico,19079
Norwood,Ohio,19046
Sylvania,Ohio,19035
South El Monte,California,19032
North Aurora,Illinois,19022
Gautier,Mississippi,19021
Onalaska,Wisconsin,19018
Arcata,California,19012
Evergreen Park,Illinois,19010
Ansonia,Connecticut,19008
Clive,Iowa,19005
Liberal,Kansas,18999
Ocean Springs,Mississippi,18997
Lansdale,Pennsylvania,18978
Powder Springs,Georgia,18950
Elizabeth City,North Carolina,18948
Fox Crossing,Wisconsin,18947
Martinsburg,West Virginia,18935
West Mifflin,Pennsylvania,18916
Calhoun,Georgia,18900
Deerfield,Illinois,18884
Rutherford,New Jersey,18852
Prichard,Alabama,18816
Glenn Heights,Texas,18793
Brownwood,Texas,18790
Centralia,Washington,18754
Ottawa,Illinois,18752
Cumberland,Maryland,18751
Marshfield,Wisconsin,18736
Newburyport,Massachusetts,18731
Ashland,Ohio,18718
Villa Rica,Georgia,18703
Ellensburg,Washington,18694
Sycamore,Illinois,18682
Oconomowoc,Wisconsin,18682
Wisconsin Rapids,Wisconsin,18670
Lake St. Louis,Missouri,18661
Hermosa Beach,California,18641
Mount Washington,Kentucky,18637
Wildwood,Florida,18636
Altus,Oklahoma,18635
Red Oak,Texas,18624
Brookfield,Illinois,18591
Firestone,Colorado,18589
Hopkins,Minnesota,18589
Thomasville,Georgia,18558
Homewood,Illinois,18540
Heber,Utah,18533
Eloy,Arizona,18528
Pinole,California,18481
Richmond Hill,Georgia,18459
Creve Coeur,Missouri,18457
West Richland,Washington,18456
Pinehurst,North Carolina,18449
Coronado,California,18437
Dover,New Jersey,18435
Round Lake,Illinois,18430
Colonial Heights,Virginia,18393
Weirton,West Virginia,18386
Mount Holly,North Carolina,18373
Shorewood,Illinois,18369
Farmington,Missouri,18362
Graham,North Carolina,18354
Bensenville,Illinois,18352
Pataskala,Ohio,18346
Winthrop Town,Massachusetts,18319
Tallmadge,Ohio,18317
West Columbia,South Carolina,18316
Coolidge,Arizona,18293
Matteson,Illinois,18293
Buford,Georgia,18273
Albert Lea,Minnesota,18269
Niles,Ohio,18256
Newton,Kansas,18251
Arroyo Grande,California,18243
Hernando,Mississippi,18239
Lenoir,North Carolina,18238
Dumont,New Jersey,18234
Logansport,Indiana,18233
Cohoes,New York,18206
Alsip,Illinois,18198
Calera,Alabama,18189
Fairmont,West Virginia,18155
McAlester,Oklahoma,18140
Nederland,Texas,18118
Gainesville,Texas,18107
Sevierville,Tennessee,18102
Amsterdam,New York,18093
Murray,Kentucky,18086
Menasha,Wisconsin,18069
Steubenville,Ohio,18064
Brook Park,Ohio,18063
Pinecrest,Florida,18051
Blythe,California,18045
Norcross,Georgia,18043
Bourbonnais,Illinois,18042
Manchester,Missouri,18012
Anacortes,Washington,18012
Aberdeen,Maryland,18006
White Settlement,Texas,18005
Youngsville,Louisiana,18002
Minneola,Florida,18001
Anoka,Minnesota,17996
Ferguson,Missouri,17996
Cary,Illinois,17977
Hope Mills,North Carolina,17973
Johnstown,Pennsylvania,17950
Port Orchard,Washington,17950
Canby,Oregon,17944
Berea,Ohio,17922
Trenton,Michigan,17891
Bellwood,Illinois,17890
Southbridge Town,Massachusetts,17880
Franklin Park,Illinois,17871
Clemson,South Carolina,17838
Troy,Alabama,17836
Shelbyville,Kentucky,17804
Streetsboro,Ohio,17796
Rancho Mirage,California,17795
Ashtabula,Ohio,17785
Palos Hills,Illinois,17759
Mount Dora,Florida,17756
Scarsdale,New York,17747
Aurora,Ohio,17717
New Port Richey,Florida,17708
Morganton,North Carolina,17708
Cudahy,Wisconsin,17706
Sunland Park,New Mexico,17689
South Ogden,Utah,17678
Frederick,Colorado,17676
Dallas,Oregon,17644
East St. Louis,Illinois,17642
North Canton,Ohio,17637
Greenfield,Massachusetts,17628
Tiffin,Ohio,17603
Godfrey,Illinois,17597
Grovetown,Georgia,17580
Alice,Texas,17579
Lemont,Illinois,17575
Bay City,Texas,17561
Portsmouth,Ohio,17555
Santaquin,Utah,17532
Kaukauna,Wisconsin,17493
Kirksville,Missouri,17483
Morton,Illinois,17469
Takoma Park,Maryland,17464
Clayton,Missouri,17461
New Philadelphia,Ohio,17440
Goodlettsville,Tennessee,17429
Danville,Kentucky,17383
Coalinga,California,17369
Millbrook,Alabama,17367
Eastlake,Ohio,17363
Tifton,Georgia,17357
St. Matthews,Kentucky,17356
Stafford,Texas,17338
Taylor,Texas,17337
New Castle,Indiana,17329
Vero Beach,Florida,17317
Amesbury Town,Massachusetts,17303
Hinsdale,Illinois,17297
Pendleton,Oregon,17289
Cortland,New York,17276
Manvel,Texas,17261
Lebanon,Indiana,17252
Cañon City,Colorado,17241
Kerman,California,17238
Jacksonville,Illinois,17237
Easton,Maryland,17225
Stallings,North Carolina,17212
Muscle Shoals,Alabama,17210
Natchitoches,Louisiana,17195
Fillmore,California,17190
Laconia,New Hampshire,17142
Wixom,Michigan,17134
McKeesport,Pennsylvania,17132
Norwalk,Ohio,17130
Cahokia Heights,Illinois,17114
Addison,Texas,17100
Wayne,Michigan,17078
Defiance,Ohio,17043
Truckee,California,17039
Charleston,Illinois,17028
Gretna,Louisiana,17026
Oswego,New York,17022
Bellaire,Texas,17016
Aberdeen,Washington,17014
Laguna Woods,California,16998
Huntington,Indiana,16992
Long Beach,Mississippi,16991
Ashwaubenon,Wisconsin,16986
Washougal,Washington,16985
Laurel,Mississippi,16979
Fort Thomas,Kentucky,16973
Radford,Virginia,16971
Lady Lake,Florida,16967
Safety Harbor,Florida,16955
Albemarle,North Carolina,16936
River Falls,Wisconsin,16935
New Milford,New Jersey,16889
El Dorado,Arkansas,16869
Marion,Illinois,16852
Gulf Shores,Alabama,16850
Belle Glade,Florida,16840
Hannibal,Missouri,16838
Tahlequah,Oklahoma,16833
Massapequa Park,New York,16826
Waterville,Maine,16823
Bristol,Virginia,16807
Longwood,Florida,16794
Fairview Park,Ohio,16785
Donna,Texas,16782
Jasper,Indiana,16781
Chelsea,Alabama,16771
Groves,Texas,16764
Red Wing,Minnesota,16756
Chickasha,Oklahoma,16745
Dickson,Tennessee,16744
Mercedes,Texas,16732
Payson,Arizona,16731
Bellevue,Wisconsin,16730
Southern Pines,North Carolina,16728
Ham Lake,Minnesota,16726
Lake Mary,Florida,16709
Mountain Home,Idaho,16703
Hewitt,Texas,16691
Grandville,Michigan,16682
Lake Wales,Florida,16681
Selma,Alabama,16666
Fairburn,Georgia,16661
Menomonie,Wisconsin,16642
Moncks Corner,South Carolina,16621
Ada,Oklahoma,16611
Grain Valley,Missouri,16609
Vincennes,Indiana,16588
Crawfordsville,Indiana,16577
Beckley,West Virginia,16576
Hanover,Pennsylvania,16573
Sulphur Springs,Texas,16564
Mattoon,Illinois,16560
Mount Vernon,Ohio,16551
Lynden,Washington,16551
Moraga,California,16547
Pampa,Texas,16543
Buffalo,Minnesota,16541
Beaver Dam,Wisconsin,16531
Centerville,Utah,16517
Loganville,Georgia,16516
Hugo,Minnesota,16501
Havelock,North Carolina,16500
Niceville,Florida,16490
Milledgeville,Georgia,16486
Clearlake,California,16481
El Segundo,California,16445
Saraland,Alabama,16435
Madison,New Jersey,16432
Hayden,Idaho,16422
Frankfort,Indiana,16409
North Arlington,New Jersey,16370
Chubbuck,Idaho,16362
Grimes,Iowa,16362
Manassas Park,Virginia,16361
La Vista,Nebraska,16346
Star,Idaho,16333
Dyer,Indiana,16333
Bridgeview,Illinois,16324
Vienna,Virginia,16306
Pewaukee,Wisconsin,16293
Port Royal,South Carolina,16287
Sunnyside,Washington,16264
Humble,Texas,16237
Griffith,Indiana,16222
Marco Island,Florida,16210
Hueytown,Alabama,16202
Rye,New York,16202
Canyon,Texas,16171
Gatesville,Texas,16148
Poplar Bluff,Missouri,16132
Fairview Heights,Illinois,16125
Highland Village,Texas,16100
Warsaw,Indiana,16097
Gardendale,Alabama,16096
Westchester,Illinois,16094
Sikeston,Missouri,16085
Ukiah,California,16072
Ripon,California,16068
Cedar Lake,Indiana,16068
Mount Pleasant,Texas,16055
Indianola,Iowa,16043
Easthampton Town,Massachusetts,16031
Buda,Texas,16030
Country Club Hills,Illinois,16013
Dublin,Georgia,16008
Berea,Kentucky,15998
Ferndale,Washington,15992
Live Oak,Texas,15988
Hibbing,Minnesota,15979
New Haven,Indiana,15974
Weston,Wisconsin,15969
Elkton,Maryland,15968
Dyersburg,Tennessee,15968
South River,New Jersey,15931
Monroe,Georgia,15929
Hermitage,Pennsylvania,15923
Hartford,Wisconsin,15894
Floral Park,New York,15879
Hartselle,Alabama,15875
Palmview,Texas,15874
Scottsboro,Alabama,15863
Lilburn,Georgia,15862
Grosse Pointe Woods,Michigan,15854
Williamsburg,Virginia,15847
Washington,Illinois,15833
Verona,Wisconsin,15815
Andover,Kansas,15814
Fremont,Ohio,15812
Bay Village,Ohio,15810
South Houston,Texas,15808
Opa-locka,Florida,15794
The Dalles,Oregon,15786
Greeneville,Tennessee,15776
Jefferson,Georgia,15756
Bemidji,Minnesota,15743
Jackson,Missouri,15742
Westbury,New York,15739
Troutdale,Oregon,15717
Traverse City,Michigan,15707
Center Point,Alabama,15705
Americus,Georgia,15703
Jamestown,North Dakota,15691
La Grange,Illinois,15667
Thibodaux,Louisiana,15646
Newton,Iowa,15645
Douglas,Arizona,15638
Yankton,South Dakota,15630
Rutland,Vermont,15630
Whitewater,Wisconsin,15627
Mitchell,South Dakota,15621
Monroe,Ohio,15600
Artesia,California,15597
Middleburg Heights,Ohio,15597
St. Augustine,Florida,15596
Coos Bay,Oregon,15595
Carthage,Missouri,15556
Braselton,Georgia,15538
Belmont,North Carolina,15515
Overland,Missouri,15496
Clarksburg,West Virginia,15489
Hudson,Wisconsin,15473
Hendersonville,North Carolina,15466
Shively,Kentucky,15455
Mineral Wells,Texas,15454
Washington,Missouri,15450
Batavia,New York,15437
Nolensville,Tennessee,15437
Uvalde,Texas,15436
Lebanon,Missouri,15429
Brunswick,Georgia,15404
Front Royal,Virginia,15400
Asbury Park,New Jersey,15391
Opelousas,Louisiana,15390
Mount Clemens,Michigan,15378
Lebanon,New Hampshire,15342
White House,Tennessee,15340
Prospect Heights,Illinois,15334
Eden,North Carolina,15332
Oneonta,New York,15331
Phillipsburg,New Jersey,15328
Lockhart,Texas,15318
Glasgow,Kentucky,15313
Rio Grande City,Texas,15311
Arlington,Tennessee,15305
Grantsville,Utah,15267
Bradley,Illinois,15263
Greenwood Village,Colorado,15205
Tenafly,New Jersey,15178
Waunakee,Wisconsin,15152
West Park,Florida,15109
Dixon,Illinois,15096
Davenport,Florida,15068
Havre de Grace,Maryland,15032
La Palma,California,15029
Warrenville,Illinois,15027
Ridgefield,Washington,15027
Beacon,New York,15025
Franklin Park,Pennsylvania,15024
Laurinburg,North Carolina,15021
Dallas,Georgia,14985
Cornelius,Oregon,14981
Metuchen,New Jersey,14977
Highland Park,New Jersey,14959
Fort Payne,Alabama,14957
Alexandria,Minnesota,14943
Vandalia,Ohio,14938
Berkley,Michigan,14934
Orange City,Florida,14928
Fairview,New Jersey,14927
Kenmore,New York,14916
Tonawanda,New York,14899
Harper Woods,Michigan,14895
Depew,New York,14891
Johnson City,New York,14874
Norwalk,Iowa,14873
Henderson,North Carolina,14857
Macomb,Illinois,14849
Gloversville,New York,14843
Antioch,Illinois,14833
Oldsmar,Florida,14831
Monticello,Minnesota,14831
Boulder City,Nevada,14828
Iowa Colony,Texas,14823
Hazel Park,Michigan,14808
Hammonton,New Jersey,14797
West University Place,Texas,14791
Talladega,Alabama,14768
Pacific Grove,California,14757
Hereford,Texas,14752
Castle Pines,Colorado,14747
Shiloh,Illinois,14736
Athens,Tennessee,14731
Smithfield,Utah,14726
Ramsey,New Jersey,14706
Hutchinson,Minnesota,14701
Shepherdsville,Kentucky,14691
Falls Church,Virginia,14685
Jacksonville,Alabama,14682
Edgewater,New Jersey,14678
Hidalgo,Texas,14678
Covington,Georgia,14677
Riverdale,Georgia,14672
Roanoke Rapids,North Carolina,14669
Chesterton,Indiana,14657
Chippewa Falls,Wisconsin,14656
Livingston,California,14643
Hopatcong,New Jersey,14622
Norridge,Illinois,14620
Huron,South Dakota,14618
Whitehall,Pennsylvania,14615
Deming,New Mexico,14603
Greensburg,Pennsylvania,14603
Somerton,Arizona,14594
Troy,Missouri,14591
Reidsville,North Carolina,14585
Owosso,Michigan,14581
Moultrie,Georgia,14565
Brainerd,Minnesota,14563
Azle,Texas,14562
Whitefish Bay,Wisconsin,14553
Broussard,Louisiana,14543
Chatham,Illinois,14525
Harrison,Wisconsin,14524
Davidson,North Carolina,14521
Morris,Illinois,14508
Sterling,Illinois,14508
Glens Falls,New York,14507
Vineyard,Utah,14500
Worthington,Ohio,14497
Powell,Ohio,14491
Swansea,Illinois,14472
Greendale,Wisconsin,14472
Alexander City,Alabama,14470
Port Wentworth,Georgia,14468
Middlesex,New Jersey,14461
Circleville,Ohio,14452
Jasper,Alabama,14448
Coldwater,Michigan,14439
St. Helens,Oregon,14437
Fraser,Michigan,14434
Parlier,California,14426
Bainbridge,Georgia,14423
Beech Grove,Indiana,14422
Jacksonville,Texas,14420
Key Biscayne,Florida,14414
Red Bluff,California,14413
Washington Court House,Ohio,14412
Wendell,North Carolina,14400
Clarkston,Georgia,14396
Great Bend,Kansas,14372
Salem Lakes,Wisconsin,14367
Glenpool,Oklahoma,14349
Ozark,Alabama,14346
Lindenhurst,Illinois,14339
Scottsbluff,Nebraska,14305
Elizabethton,Tennessee,14302
Dumas,Texas,14291
Indiana,Pennsylvania,14289
Corinth,Mississippi,14259
Mount Vernon,Illinois,14247
Fergus Falls,Minnesota,14214
Collingswood,New Jersey,14204
Tomball,Texas,14201
Destin,Florida,14188
Dunmore,Pennsylvania,14186
Speedway,Indiana,14157
Forest Hill,Texas,14157
Lakeland,Tennessee,14147
Channahon,Illinois,14138
Lumberton,Texas,14129
Willowick,Ohio,14123
Somerville,New Jersey,14112
Plover,Wisconsin,14110
East Wenatchee,Washington,14102
Florham Park,New Jersey,14092
North Mankato,Minnesota,14091
Weddington,North Carolina,14080
Avenal,California,14075
Grass Valley,California,14074
Bellefontaine,Ohio,14073
Lone Tree,Colorado,14063
Beach Park,Illinois,14057
Tega Cay,South Carolina,14057
McFarland,California,14049
Pineville,Louisiana,14034
Lewisville,North Carolina,14002
Newcastle,Oklahoma,14001
Robbinsdale,Minnesota,13968
Federal Heights,Colorado,13943
Natchez,Mississippi,13933
Roselle Park,New Jersey,13932
New Ulm,Minnesota,13925
Pell City,Alabama,13924
King City,California,13917
McPherson,Kansas,13906
Marshall,Minnesota,13906
Wauconda,Illinois,13891
Auburn,Indiana,13888
Hickory Hills,Illinois,13884
Sharonville,Ohio,13882
Pierre,South Dakota,13880
Glen Carbon,Illinois,13868
Box Elder,South Dakota,13868
College Park,Georgia,13867
South Sioux City,Nebraska,13856
Bedford,Indiana,13855
Clarksdale,Mississippi,13850
Brecksville,Ohio,13850
Beaufort,South Carolina,13850
Allouez,Wisconsin,13839
Chicago Ridge,Illinois,13834
Bardstown,Kentucky,13832
Fruita,Colorado,13816
Chino Valley,Arizona,13815
Wilkinsburg,Pennsylvania,13813
Newport,Kentucky,13812
Dardenne Prairie,Missouri,13803
California City,California,13802
Mill Valley,California,13792
McMinnville,Tennessee,13790
New Franklin,Ohio,13788
South Daytona,Florida,13781
Sauk Rapids,Minnesota,13775
Wood Dale,Illinois,13774
Martinsville,Virginia,13763
Trenton,Ohio,13758
Lake Elmo,Minnesota,13756
Waconia,Minnesota,13742
Gonzales,Louisiana,13737
Beachwood,Ohio,13734
Mapleton,Utah,13732
Woodinville,Washington,13718
Waycross,Georgia,13714
Midlothian,Illinois,13675
Trophy Club,Texas,13666
Seabrook,Texas,13662
Callaway,Florida,13661
Forest Park,Illinois,13660
Ephrata,Pennsylvania,13660
Cayce,South Carolina,13660
Auburn,California,13658
Marion,Arkansas,13654
Olean,New York,13650
Fernandina Beach,Florida,13647
Marshall,Missouri,13642
Lyndhurst,Ohio,13641
Maumee,Ohio,13633
Rogers,Minnesota,13617
Worthington,Minnesota,13614
Shorewood,Wisconsin,13603
Moody,Alabama,13595
Port Neches,Texas,13591
Portland,Tennessee,13578
Palmetto,Florida,13577
Irondale,Alabama,13526
Kilgore,Texas,13523
Steamboat Springs,Colorado,13508
Athens,Texas,13503
Andrews,Texas,13502
Eatontown,New Jersey,13496
New Providence,New Jersey,13488
Snoqualmie,Washington,13465
Henderson,Texas,13464
Festus,Missouri,13443
Washington,Pennsylvania,13429
Greenwood,Mississippi,13421
Harrison,Arkansas,13409
Blue Ash,Ohio,13408
New Carrollton,Maryland,13405
Newton,North Carolina,13399
Hawaiian Gardens,California,13396
Warrensville Heights,Ohio,13388
Superior,Colorado,13361
Pottsville,Pennsylvania,13355
East Cleveland,Ohio,13352
Alcoa,Tennessee,13349
Kingston,Pennsylvania,13331
Neosho,Missouri,13328
Miami Springs,Florida,13325
Webb City,Missouri,13325
Sault Ste. Marie,Michigan,13320
Harrison,Ohio,13320
Connersville,Indiana,13298
Moberly,Missouri,13296
Western Springs,Illinois,13290
Milford,Delaware,13289
D'Iberville,Mississippi,13286
Greenville,Wisconsin,13286
Spearfish,South Dakota,13282
South Charleston,West Virginia,13281
Orangeburg,South Carolina,13280
Mountain Home,Arkansas,13278
Smyrna,Delaware,13277
Coatesville,Pennsylvania,13275
Manchester,Tennessee,13272
Edgewood,Washington,13257
Englewood,Ohio,13249
Berthoud,Colorado,13238
Soddy-Daisy,Tennessee,13234
Suamico,Wisconsin,13225
Clayton,Ohio,13222
Endicott,New York,13211
Beeville,Texas,13211
University Heights,Ohio,13203
Liberty Lake,Washington,13188
Atlantic Beach,Florida,13182
Cambridge,Maryland,13176
Loveland,Ohio,13156
Woodland Park,New Jersey,13138
Jerome,Idaho,13135
Ridgefield Park,New Jersey,13135
Lewisburg,Tennessee,13135
Cottonwood,Arizona,13124
Bloomsburg,Pennsylvania,13112
Claremont,New Hampshire,13111
Butler,Pennsylvania,13099
North Palm Beach,Florida,13095
Eureka,Missouri,13092
Marietta,Ohio,13090
Holly Hill,Florida,13075
Lincoln,Illinois,13072
Whitestown,Indiana,13049
Lake Station,Indiana,13047
Stoughton,Wisconsin,13044
Fostoria,Ohio,13039
Fountain Inn,South Carolina,13027
Kingsburg,California,13013
La Grange Park,Illinois,13011
Lake Forest Park,Washington,13006
Union,Missouri,13000
Blackfoot,Idaho,12999
Mandeville,Louisiana,12999
Robinson,Texas,12987
Dover,Ohio,12985
Santa Fe,Texas,12980
La Grande,Oregon,12973
Sterling,Colorado,12954
Sandy,Oregon,12946
Sedro-Woolley,Washington,12940
Grand Terrace,California,12939
Amherst,Ohio,12928
El Dorado,Kansas,12919
Glendale,Wisconsin,12919
Las Vegas,New Mexico,12905
Branson,Missouri,12897
Minooka,Illinois,12879
Canton,Illinois,12875
West Carrollton,Ohio,12874
Lincolnwood,Illinois,12872
Miami,Oklahoma,12866
Jennings,Missouri,12836
Carpinteria,California,12828
Richmond,Texas,12816
Sharon,Pennsylvania,12813
Bexley,Ohio,12785
Garden City,Idaho,12784
Mounds View,Minnesota,12782
Rochester,Michigan,12779
Red Bank,New Jersey,12779
Hazel Crest,Illinois,12771
Bedford,Ohio,12767
Port Washington,Wisconsin,12763
Newcastle,Washington,12761
Emeryville,California,12732
Enumclaw,Washington,12697
Greenville,Ohio,12696
Susanville,California,12689
Ottawa,Kansas,12686
Oakland,New Jersey,12680
Plano,Illinois,12676
Solana Beach,California,12675
Marysville,California,12674
St. Ann,Missouri,12658
Crossville,Tennessee,12652
Byram,Mississippi,12651
Kelso,Washington,12648
Palos Verdes Estates,California,12646
Carencro,Louisiana,12639
Poquoson,Virginia,12635
Vadnais Heights,Minnesota,12632
Granbury,Texas,12622
Cheney,Washington,12620
Wickliffe,Ohio,12616
Big Lake,Minnesota,12610
Grafton,Wisconsin,12608
Gig Harbor,Washington,12604
Lake City,Florida,12602
Wilmington,Ohio,12600
West Plains,Missouri,12598
Blytheville,Arkansas,12594
Larkspur,California,12589
Florida City,Florida,12582
North St. Paul,Minnesota,12574
Haddonfield,New Jersey,12571
Cloquet,Minnesota,12570
Woodhaven,Michigan,12559
Baraboo,Wisconsin,12554
Brown Deer,Wisconsin,12553
Grover Beach,California,12547
West Monroe,Louisiana,12535
Mendota,California,12530
Levelland,Texas,12530
Cedarburg,Wisconsin,12527
Washington,Indiana,12513
Belgrade,Montana,12509
Paradise Valley,Arizona,12502
San Anselmo,California,12498
Lindsay,California,12496
Forrest City,Arkansas,12490
Camp Verde,Arizona,12489
Gaffney,South Carolina,12484
North Adams,Massachusetts,12483
West Point,Utah,12479
Fulton,Missouri,12473
Smithfield,North Carolina,12468
Eufaula,Alabama,12451
Dunkirk,New York,12442
Freehold,New Jersey,12430
Leeds,Alabama,12416
Boone,Iowa,12416
Tremonton,Utah,12411
Derby,Connecticut,12406
Melvindale,Michigan,12402
St. Marys,Pennsylvania,12399
Geneva,New York,12391
Bound Brook,New Jersey,12371
Greensburg,Indiana,12363
Meadville,Pennsylvania,12361
Conneaut,Ohio,12360
Fort Atkinson,Wisconsin,12350
Escanaba,Michigan,12343
Patchogue,New York,12337
Artesia,New Mexico,12326
Richton Park,Illinois,12322
Palmer Town,Massachusetts,12315
Elgin,Texas,12304
Winnetka,Illinois,12292
St. Peter,Minnesota,12291
Guymon,Oklahoma,12287
Fortuna,California,12285
Hartsville/Trousdale County,Tennessee,12271
Northlake,Illinois,12270
Streator,Illinois,12269
Somerset,Kentucky,12267
Grenada,Mississippi,12267
Beatrice,Nebraska,12262
Effingham,Illinois,12258
Ionia,Michigan,12249
Yeadon,Pennsylvania,12247
Choctaw,Oklahoma,12240
Haverstraw,New York,12226
Kewanee,Illinois,12222
Sylacauga,Alabama,12216
Madison,Indiana,12208
Newman,California,12207
Show Low,Arizona,12192
Somersworth,New Hampshire,12192
East Bethel,Minnesota,12189
Webster,Texas,12182
Herrin,Illinois,12178
Jefferson Hills,Pennsylvania,12178
Little Chute,Wisconsin,12178
Crestwood,Missouri,12175
Poulsbo,Washington,12171
Sussex,Wisconsin,12162
Burley,Idaho,12146
Lincolnton,North Carolina,12128
Borger,Texas,12115
Lawrenceburg,Kentucky,12112
Babylon,New York,12106
Monument,Colorado,12088
Lantana,Florida,12086
Archdale,North Carolina,12084
Justice,Illinois,12081
Lovejoy,Georgia,12080
Wellington,Colorado,12078
Glen Rock,New Jersey,12076
South Miami,Florida,12073
Red Bank,Tennessee,12065
El Campo,Texas,12062
Baker,Louisiana,12057
Irmo,South Carolina,12033
Hasbrouck Heights,New Jersey,12030
Macedonia,Ohio,12025
Weatherford,Oklahoma,12023
Emmaus,Pennsylvania,12017
Vermillion,South Dakota,12011
Elizabethtown,Pennsylvania,12000
River Edge,New Jersey,11995
New Baltimore,Michigan,11992
Lawrenceburg,Tennessee,11990
San Marino,California,11977
Riverview,Michigan,11976
Rantoul,Illinois,11956
Martinsville,Indiana,11946
South Lyon,Michigan,11941
McComb,Mississippi,11914
New Kensington,Pennsylvania,11911
James Island,South Carolina,11903
Los Alamitos,California,11901
Hardeeville,South Carolina,11897
Moss Point,Mississippi,11890
Scotts Valley,California,11879
Ontario,Oregon,11866
Gladstone,Oregon,11865
Fenton,Michigan,11863
Picayune,Mississippi,11862
Portales,New Mexico,11859
Centralia,Illinois,11848
Richfield,Wisconsin,11841
Wallington,New Jersey,11825
Kings Mountain,North Carolina,11823
Evanston,Wyoming,11807
North Branch,Minnesota,11791
Douglas,Georgia,11769
Arkansas City,Kansas,11765
Lenoir City,Tennessee,11754
Woodward,Oklahoma,11753
Selma,Texas,11748
Prineville,Oregon,11745
Yorktown,Indiana,11740
Lindon,Utah,11734
Bellmawr,New Jersey,11724
Salem,Ohio,11715
North Logan,Utah,11711
Tarrytown,New York,11691
Bastrop,Texas,11679
Oregon,Wisconsin,11676
Commerce,California,11672
Winfield,Kansas,11669
Niles,Michigan,11665
Gulfport,Florida,11655
Campbellsville,Kentucky,11653
Franklin,Ohio,11653
Rincon,Georgia,11624
Covington,Louisiana,11618
Pleasant Hill,Iowa,11617
Flowery Branch,Georgia,11607
Holmen,Wisconsin,11581
Rathdrum,Idaho,11580
Brookhaven,Mississippi,11571
Fort Morgan,Colorado,11564
Mendota Heights,Minnesota,11564
Sebring,Florida,11563
Lower Burrell,Pennsylvania,11561
Roma,Texas,11554
Town and Country,Missouri,11553
Bucyrus,Ohio,11542
Fredericksburg,Texas,11542
Miami Shores,Florida,11530
Danville,Indiana,11525
Elon,North Carolina,11520
Batesville,Arkansas,11515
Palos Heights,Illinois,11515
Woodbury,New York,11512
Mexico,Missouri,11507
Gloucester City,New Jersey,11507
Spring Lake,North Carolina,11507
Seven Hills,Ohio,11499
Green River,Wyoming,11496
Victoria,Minnesota,11493
Woods Cross,Utah,11480
Collegedale,Tennessee,11476
Millington,Tennessee,11467
Lowell,Arkansas,11466
Spencer,Iowa,11451
Ringwood,New Jersey,11451
Oskaloosa,Iowa,11448
Storm Lake,Iowa,11434
East Grand Rapids,Michigan,11429
Ridgefield,New Jersey,11417
Fair Oaks Ranch,Texas,11406
Wilton Manors,Florida,11403
Petal,Mississippi,11403
Norton,Ohio,11398
Guthrie,Oklahoma,11398
Farmington,Michigan,11391
Cocoa Beach,Florida,11389
Okmulgee,Oklahoma,11376
Guttenberg,New Jersey,11365
Satellite Beach,Florida,11343
Suffern,New York,11341
Bolivar,Missouri,11338
Leon Valley,Texas,11337
New Albany,Ohio,11335
Huntertown,Indiana,11316
Dobbs Ferry,New York,11309
Rolesville,North Carolina,11297
Elk City,Oklahoma,11279
McCordsville,Indiana,11273
Crowley,Louisiana,11272
Grand Rapids,Minnesota,11271
Monmouth,Oregon,11270
Haysville,Kansas,11268
Pleasant View,Utah,11265
Bridgeton,Missouri,11261
Signal Hill,California,11249
Minden,Louisiana,11248
Fulton,New York,11248
Ocean City,New Jersey,11242
Lowell,Indiana,11239
Heath,Texas,11238
Lovington,New Mexico,11237
River Forest,Illinois,11227
Lansing,Kansas,11221
Ravenna,Ohio,11215
Port Lavaca,Texas,11212
Anderson,California,11210
Westwood,New Jersey,11210
Troy,Illinois,11209
Locust Grove,Georgia,11199
Pleasanton,Texas,11195
Snyder,Texas,11187
Clawson,Michigan,11176
Two Rivers,Wisconsin,11169
Calimesa,California,11165
Schiller Park,Illinois,11164
Urbana,Ohio,11161
Beachwood,New Jersey,11153
Pineville,North Carolina,11153
Summerfield,North Carolina,11150
Grandview,Washington,11149
Waterloo,Illinois,11144
Healdsburg,California,11137
Pingree Grove,Illinois,11137
Wyomissing,Pennsylvania,11132
Markham,Illinois,11129
Platteville,Wisconsin,11128
Grosse Pointe Park,Michigan,11124
Pike Road,Alabama,11117
DeForest,Wisconsin,11107
Half Moon Bay,California,11105
Canyon Lake,California,11096
Coshocton,Ohio,11091
Burkburnett,Texas,11089
Malvern,Arkansas,11080
Lansdowne,Pennsylvania,11077
Bargersville,Indiana,11075
Springdale,Ohio,11073
Waynesboro,Pennsylvania,11067
Kearney,Missouri,11060
Wanaque,New Jersey,11048
Marinette,Wisconsin,11045
Van Wert,Ohio,11040
Burlington,Wisconsin,11040
Waupun,Wisconsin,11039
Burr Ridge,Illinois,11023
Brooklyn,Ohio,11022
Franklin Lakes,New Jersey,11021
Lake Grove,New York,11021
Middleton,Idaho,11016
Sturgis,Michigan,11012
Pontiac,Illinois,11010
Great Neck,New York,11007
Grand Haven,Michigan,11002
Martin,Tennessee,11000
Plymouth,Indiana,10989
Airway Heights,Washington,10973
Sleepy Hollow,New York,10962
Hobart,Wisconsin,10960
Brandon,South Dakota,10958
Milton,Florida,10957
Union City,Tennessee,10954
Peru,Indiana,10953
Lincoln Park,New Jersey,10951
Columbia,Illinois,10933
Rockport,Texas,10929
Spanish Fort,Alabama,10923
Riverton,Wyoming,10923
Little Ferry,New Jersey,10914
Lyndon,Kentucky,10909
Abbeville,Louisiana,10890
Celina,Ohio,10885
Hillsborough,California,10883
Tehachapi,California,10881
Bonham,Texas,10879
La Plata,Maryland,10878
Merriam,Kansas,10875
Pompton Lakes,New Jersey,10874
Morgan City,Louisiana,10873
Newberry,South Carolina,10866
Tarboro,North Carolina,10859
Sumner,Washington,10853
Hyrum,Utah,10849
Roscoe,Illinois,10843
Winterville,North Carolina,10821
Severance,Colorado,10820
Pella,Iowa,10820
Essex Junction,Vermont,10817
Lexington,Nebraska,10816
Shelton,Washington,10806
Fox Lake,Illinois,10805
Montgomery,Ohio,10801
Roanoke,Texas,10798
Campton Hills,Illinois,10795
Fairview,Texas,10790
Coweta,Oklahoma,10786
Smithville,Missouri,10785
Totowa,New Jersey,10785
Pine Hill,New Jersey,10783
Fairview,Oregon,10782
Doraville,Georgia,10780
Yelm,Washington,10780
Manville,New Jersey,10779
Alachua,Florida,10770
Magnolia,Arkansas,10769
Clayton,California,10754
Canton,Mississippi,10742
Vidalia,Georgia,10741
Palatka,Florida,10730
Salem,Utah,10725
Fife,Washington,10723
Russellville,Alabama,10722
Bedford Heights,Ohio,10721
Sierra Madre,California,10713
New Richmond,Wisconsin,10705
Vermilion,Ohio,10704
Clute,Texas,10704
Heath,Ohio,10693
Flowood,Mississippi,10675
Alexandria,Kentucky,10673
Atchison,Kansas,10670
Waynesville,North Carolina,10667
Placerville,California,10656
Jackson,Wyoming,10639
Piedmont,California,10635
Cottage Grove,Oregon,10623
West Haverstraw,New York,10622
Bellmead,Texas,10620
Sonoma,California,10619
Le Mars,Iowa,10618
Summit,Illinois,10616
Nanticoke,Pennsylvania,10615
Darby,Pennsylvania,10614
Excelsior Springs,Missouri,10612
Corning,New York,10612
Mount Airy,North Carolina,10610
Fort Oglethorpe,Georgia,10598
Atoka,Tennessee,10593
Morro Bay,California,10589
Mount Kisco,New York,10567
Rifle,Colorado,10563
Waverly,Iowa,10561
Vernal,Utah,10557
Freeport,Texas,10550
Manhattan,Illinois,10547
London,Ohio,10533
Chestnut Ridge,New York,10526
Bay St. Louis,Mississippi,10511
Cambridge,Minnesota,10509
Richmond Heights,Ohio,10509
Port Townsend,Washington,10502
Lighthouse Point,Florida,10501
Worth,Illinois,10494
Versailles,Kentucky,10491
Bel Air,Maryland,10490
Newport,Oregon,10489
Oakland,Tennessee,10488
Tipp City,Ohio,10484
Canandaigua,New York,10480
Barrington,Illinois,10476
Warr Acres,Oklahoma,10472
Franklin,Kentucky,10468
Bluffton,Indiana,10467
Somers Point,New Jersey,10465
Vienna,West Virginia,10457
Monroe,Wisconsin,10439
Española,New Mexico,10431
Cadillac,Michigan,10430
Liberty Hill,Texas,10428
East Rutherford,New Jersey,10421
La Grange,Kentucky,10417
Northampton,Pennsylvania,10404
Cleveland,Mississippi,10401
Beverly Hills,Michigan,10390
Crestwood,Illinois,10387
St. Albans,West Virginia,10387
Reading,Ohio,10380
Columbia,Pennsylvania,10380
Munhall,Pennsylvania,10380
Forest Acres,South Carolina,10376
Garden City,Georgia,10373
Bellefontaine Neighbors,Missouri,10370
Boaz,Alabama,10369
Burlington,Washington,10358
Bogalusa,Louisiana,10343
Paris,Tennessee,10343
Silverton,Oregon,10341
Clinton,Tennessee,10337
Robstown,Texas,10335
Rainbow City,Alabama,10322
Maryville,Missouri,10309
Valley,Alabama,10308
Lyons,Illinois,10304
Cedartown,Georgia,10300
Alpine,Utah,10298
Little Canada,Minnesota,10297
Galion,Ohio,10293
Flat Rock,Michigan,10289
Sweetwater,Texas,10285
River Grove,Illinois,10282
Malibu,California,10277
Mahomet,Illinois,10273
Galena Park,Texas,10271
Safford,Arizona,10270
Wood River,Illinois,10270
Wabash,Indiana,10269
Shasta Lake,California,10262
Berwick,Pennsylvania,10261
Arkadelphia,Arkansas,10255
Glenwood Springs,Colorado,10250
Taylorville,Illinois,10247
Independence,Oregon,10247
Farmersville,California,10243
Snohomish,Washington,10243
Fairmont,Minnesota,10240
Fairview,Tennessee,10240
Cody,Wyoming,10240
Kendallville,Indiana,10239
South Amboy,New Jersey,10237
Elkhorn,Wisconsin,10230
Baker City,Oregon,10225
Clay,Alabama,10221
Avon Park,Florida,10219
Warrenton,Virginia,10210
Exeter,California,10206
Sweet Home,Oregon,10206
Hermantown,Minnesota,10202
Wood-Ridge,New Jersey,10197
Reedsburg,Wisconsin,10190
Ironton,Ohio,10187
Watervliet,New York,10170
Camden,Arkansas,10165
San Elizario,Texas,10164
Ivins,Utah,10164
Carroll,Iowa,10163
Airmont,New York,10163
Riverdale,Illinois,10159
Dayton,Minnesota,10157
Ingleside,Texas,10147
Rio Vista,California,10145
Raymondville,Texas,10135
Green Cove Springs,Florida,10130
Alpena,Michigan,10130
New Hyde Park,New York,10129
Columbia City,Indiana,10126
Portage,Wisconsin,10126
Hackettstown,New Jersey,10125
Kennett,Missouri,10117
Waldwick,New Jersey,10105
Molalla,Oregon,10103
Oneida,New York,10094
Paris,Kentucky,10089
Massena,New York,10082
Jesup,Georgia,10065
Hartland,Wisconsin,10065
Woodbury,New Jersey,10063
Hillsdale,New Jersey,10062
Sellersburg,Indiana,10058
Winfield,Illinois,10054
North Bend,Oregon,10054
Fort Madison,Iowa,10053
Kennedale,Texas,10052
Lancaster,New York,10047
Sandpoint,Idaho,10024
Burlington,New Jersey,10024
Maywood,New Jersey,10023
Decatur,Indiana,10020
Cape Canaveral,Florida,10014
Mission,Kansas,10014
East Rockaway,New York,10010
Kinnelon,New Jersey,10009
Lago Vista,Texas,10009
Howell,Michigan,10008
Cairo,Georgia,10007
Lincoln City,Oregon,10007
Monett,Missouri,10000
Timnath,Colorado,9991
Astoria,Oregon,9986
Detroit Lakes,Minnesota,9981
Winchester,Tennessee,9978
St. Anthony,Minnesota,9970
Cambridge,Ohio,9969
Town of Pecos,Texas,9965
Highland,Illinois,9961
Willoughby Hills,Ohio,9954
Helotes,Texas,9952
Corte Madera,California,9947
Wasilla,Alaska,9945
Marysville,Michigan,9917
Struthers,Ohio,9916
Mechanicsburg,Pennsylvania,9911
Mount Airy,Maryland,9889
Alamosa,Colorado,9883
Greencastle,Indiana,9882
Thomaston,Georgia,9876
Bristol,Pennsylvania,9876
Cordele,Georgia,9868
Morehead City,North Carolina,9863
Sturgeon Bay,Wisconsin,9861
Mooresville,Indiana,9859
Harrisonville,Missouri,9852
Marathon,Florida,9849
Sparta,Wisconsin,9842
Sanger,Texas,9831
Eagle Point,Oregon,9829
Hailey,Idaho,9824
New Square,New York,9824
Sedona,Arizona,9819
Muskegon Heights,Michigan,9815
Ellisville,Missouri,9801
Cedar Hills,Utah,9800
Brooksville,Florida,9789
Vernon,Texas,9788
Wapakoneta,Ohio,9786
DuPont,Washington,9784
Peru,Illinois,9780
Canal Winchester,Ohio,9777
Rye Brook,New York,9772
West Point,Mississippi,9770
College Place,Washington,9762
Farmington,Arkansas,9761
Grosse Pointe Farms,Michigan,9757
Hillsborough,North Carolina,9757
Yazoo City,Mississippi,9754
Hamburg,New York,9744
Lititz,Pennsylvania,9742
Vidor,Texas,9738
Mayfield,Kentucky,9713
Brentwood,Pennsylvania,9706
East Liverpool,Ohio,9705
Morrisville,Pennsylvania,9705
Matawan,New Jersey,9704
Louisville,Ohio,9700
Dayton,Texas,9693
Spring Hill,Kansas,9689
Auburn,Georgia,9688
Washington,North Carolina,9683
Woodway,Texas,9680
Anaconda-Deer Lodge County,Montana,9673
Greenwood,Arkansas,9671
Bridge City,Texas,9666
Blanchard,Oklahoma,9663
Keansburg,New Jersey,9648
Brewer,Maine,9646
Pryor Creek,Oklahoma,9636
Middletown,Kentucky,9630
Canonsburg,Pennsylvania,9629
Fultondale,Alabama,9617
Middletown,Pennsylvania,9608
Mont Belvieu,Texas,9608
Bogota,New Jersey,9606
Clarksville,Arkansas,9600
Delta,Colorado,9599
Southside,Alabama,9597
DeRidder,Louisiana,9594
Fairfield,Alabama,9582
Fallon,Nevada,9577
Amityville,New York,9577
Uniontown,Pennsylvania,9577
Capitola,California,9572
Whitehouse,Texas,9571
Sunbury,Pennsylvania,9539
Bel Aire,Kansas,9537
Keokuk,Iowa,9513
Orange Cove,California,9497
Gibsonville,North Carolina,9496
Sauk Village,Illinois,9491
Aberdeen,North Carolina,9488
Oak Island,North Carolina,9480
Monroe,New York,9477
Grinnell,Iowa,9473
Cumming,Georgia,9471
Florence,Oregon,9470
Girard,Ohio,9469
Commerce,Texas,9467
North College Hill,Ohio,9463
Arden Hills,Minnesota,9461
McFarland,Wisconsin,9460
Berlin,New Hampshire,9459
Angola,Indiana,9456
Windsor,Wisconsin,9456
Fredonia,New York,9455
Northlake,Texas,9453
Tomah,Wisconsin,9452
Fort Lupton,Colorado,9447
Bladensburg,Maryland,9446
Live Oak,California,9443
Park Ridge,New Jersey,9440
Harrisburg,South Dakota,9435
LaSalle,Illinois,9432
Madeira,Ohio,9423
Clinton,Missouri,9416
Zebulon,North Carolina,9401
Pleasant Grove,Alabama,9390
Brownsville,Tennessee,9386
Oakwood,Ohio,9378
Silver City,New Mexico,9377
Bridgeport,West Virginia,9377
St. Francis,Wisconsin,9377
Oil City,Pennsylvania,9374
Hawthorn Woods,Illinois,9373
Jennings,Louisiana,9372
Hooper,Utah,9369
The Village,Oklahoma,9368
Alma,Michigan,9364
Parsons,Kansas,9362
Montvale,New Jersey,9361
Harvard,Illinois,9356
Denham Springs,Louisiana,9349
Itasca,Illinois,9346
Havre,Montana,9330
Waterford,California,9323
Rochelle,Illinois,9319
Rensselaer,New York,9310
Sheffield,Alabama,9307
Ogdensburg,New York,9304
Toccoa,Georgia,9303
Leonia,New Jersey,9303
Groton,Connecticut,9302
Fairfield,Iowa,9300
Warrenton,Missouri,9298
Collinsville,Oklahoma,9296
Laurens,South Carolina,9288
Altoona,Wisconsin,9287
Steger,Illinois,9283
Wesley Chapel,North Carolina,9280
Perkasie,Pennsylvania,9277
Chatham,New Jersey,9275
Bluefield,West Virginia,9272
Providence,Utah,9267
Shelby,Ohio,9263
Palm Beach,Florida,9258
Jacinto City,Texas,9257
Conshohocken,Pennsylvania,9256
Flossmoor,Illinois,9252
Millersville,Pennsylvania,9252
Quakertown,Pennsylvania,9247
Augusta,Kansas,9245
Charlotte,Michigan,9242
Shawano,Wisconsin,9237
Diamondhead,Mississippi,9236
Ventnor City,New Jersey,9226
Waseca,Minnesota,9221
Harrodsburg,Kentucky,9219
Sugar Grove,Illinois,9210
Kaufman,Texas,9201
Oak Grove,Minnesota,9194
Manteno,Illinois,9178
Bethalto,Illinois,9170
Tuscumbia,Alabama,9169
Whitefish,Montana,9163
Hampton,Georgia,9162
Eunice,Louisiana,9161
Riverdale,Utah,9160
York,South Carolina,9154
Providence Village,Texas,9154
Plymouth,Michigan,9153
Elsmere,Kentucky,9147
Absecon,New Jersey,9130
Lapeer,Michigan,9128
Warren,Pennsylvania,9125
Clanton,Alabama,9123
Cresskill,New Jersey,9118
Bernalillo,New Mexico,9114
Cleveland,Texas,9113
Lancaster,South Carolina,9103
Des Peres,Missouri,9099
Little Falls,Minnesota,9095
Baxter,Minnesota,9092
Merrill,Wisconsin,9089
Milliken,Colorado,9084
Booneville,Mississippi,9081
Poteau,Oklahoma,9075
Washington Terrace,Utah,9070
Orange Park,Florida,9064
Richmond Heights,Missouri,9058
Gretna,Nebraska,9054
Craig,Colorado,9049
Chillicothe,Missouri,9044
Seneca,South Carolina,9043
East Stroudsburg,Pennsylvania,9042
Sunset Hills,Missouri,9041
Willowbrook,Illinois,9038
Cortez,Colorado,9033
Guntersville,Alabama,9028
Lynwood,Illinois,9025
Aliquippa,Pennsylvania,9022
Indian Harbour Beach,Florida,9019
Stanwood,Washington,9016
Middlesborough,Kentucky,9012
Rice Lake,Wisconsin,9012
Saline,Michigan,9006
Indianola,Mississippi,9003
Grants,New Mexico,8996
Bastrop,Louisiana,8989
Greenville,Michigan,8989
Smithfield,Virginia,8989
Lake Park,Florida,8984
Oxford,North Carolina,8972
Navasota,Texas,8969
Newark,New York,8967
Sheffield Lake,Ohio,8965
Economy,Pennsylvania,8962
Bondurant,Iowa,8959
Orting,Washington,8955
Clayton,New Jersey,8948
Pearsall,Texas,8946
Fitzgerald,Georgia,8942
Ecorse,Michigan,8941
East Grand Forks,Minnesota,8929
Purcellville,Virginia,8924
Aransas Pass,Texas,8923
Mascoutah,Illinois,8916
Signal Mountain,Tennessee,8916
Livingston,Montana,8908
Plymouth,Wisconsin,8908
Oak Grove,Missouri,8907
Joshua,Texas,8901
Mound,Minnesota,8895
Savoy,Illinois,8891
Rockingham,North Carolina,8890
Ladue,Missouri,8880
Pitman,New Jersey,8880
Cottage Grove,Wisconsin,8880
Othello,Washington,8878
Benton Harbor,Michigan,8875
Hillview,Kentucky,8874
Beebe,Arkansas,8871
Fort Valley,Georgia,8868
Parkville,Missouri,8859
Pulaski,Virginia,8858
Tiburon,California,8846
Riverside,Illinois,8845
Bath,Maine,8844
Olivette,Missouri,8843
Grandview Heights,Ohio,8841
Andalusia,Alabama,8840
Caldwell,New Jersey,8834
Haledon,New Jersey,8834
Gypsum,Colorado,8833
Collingdale,Pennsylvania,8833
Arab,Alabama,8830
Cloverdale,California,8825
Thief River Falls,Minnesota,8821
Boonton,New Jersey,8821
Graham,Texas,8819
Park City,Kansas,8808
Piedmont,Oklahoma,8804
Carbondale,Pennsylvania,8796
Minnetrista,Minnesota,8791
Franklin,New Hampshire,8790
Hoquiam,Washington,8789
Hondo,Texas,8786
Beaver Falls,Pennsylvania,8777
Liberty,Texas,8774
Gilberts,Illinois,8772
Tuskegee,Alabama,8765
Fruitland Park,Florida,8765
Jefferson City,Tennessee,8761
Skiatook,Oklahoma,8760
Park Hills,Missouri,8759
Napoleon,Ohio,8750
Travelers Rest,South Carolina,8750
Wharton,Texas,8742
Seaford,Delaware,8735
St. Pete Beach,Florida,8732
Scott,Louisiana,8728
Anthony,New Mexico,8726
Harahan,Louisiana,8719
Audubon,New Jersey,8716
Georgetown,South Carolina,8714
Ellsworth,Maine,8711
Hillsboro,Texas,8703
Milton,Washington,8693
Dripping Springs,Texas,8689
Maysville,Kentucky,8687
Lake Geneva,Wisconsin,8684
Pea Ridge,Arkansas,8680
Pleasant Hill,Missouri,8679
Presque Isle,Maine,8677
Wyoming,Ohio,8672
Helena-West Helena,Arkansas,8670
Ephrata,Washington,8665
Cusseta-Chattahoochee County,Georgia,8661
Sutherlin,Oregon,8652
Brownfield,Texas,8652
Toppenish,Washington,8650
Dade City,Florida,8646
Highland Park,Texas,8642
Lucas,Texas,8642
Sallisaw,Oklahoma,8641
Fort Mitchell,Kentucky,8639
Payette,Idaho,8636
Conover,North Carolina,8635
North Haledon,New Jersey,8633
Harwood Heights,Illinois,8632
Lake Villa,Illinois,8625
Guadalupe,California,8622
Bee Cave,Texas,8621
Corrales,New Mexico,8616
Old Forge,Pennsylvania,8612
Bryan,Ohio,8609
Rock Falls,Illinois,8600
Tecumseh,Michigan,8596
Jeannette,Pennsylvania,8591
Olmsted Falls,Ohio,8587
Mount Pleasant,Iowa,8581
Dunn,North Carolina,8581
Thompson's Station,Tennessee,8580
Selah,Washington,8571
Glencoe,Illinois,8570
Coffeyville,Kansas,8570
Covington,Tennessee,8568
Monmouth,Illinois,8567
Port Jervis,New York,8565
Cheviot,Ohio,8565
Clarendon Hills,Illinois,8562
Hope,Arkansas,8558
West Long Branch,New Jersey,8555
New Paltz,New York,8552
Firebaugh,California,8547
Closter,New Jersey,8544
Sioux Center,Iowa,8543
Kronenwetter,Wisconsin,8539
Highland Heights,Ohio,8537
Mascotte,Florida,8536
Monona,Wisconsin,8536
Orange Beach,Alabama,8534
Gering,Nebraska,8531
Plain City,Utah,8531
Black Mountain,North Carolina,8530
Albertville,Minnesota,8527
Delavan,Wisconsin,8523
Winslow,Arizona,8517
Duvall,Washington,8517
Olney,Illinois,8512
Houghton,Michigan,8508
Perryville,Missouri,8506
Farmingdale,New York,8502
Emmett,Idaho,8492
Santa Clara,Utah,8492
Mukwonago,Wisconsin,8492
Sunnyvale,Texas,8486
Waukesha,Wisconsin,8484
Upper Saddle River,New Jersey,8480
Prairie View,Texas,8479
Centerville,Georgia,8470
Chanute,Kansas,8468
Gettysburg,Pennsylvania,8468
Charlestown,Indiana,8460
Lock Haven,Pennsylvania,8457
Highland Park,Michigan,8443
St. Francis,Minnesota,8442
Miles City,Montana,8438
Potsdam,New York,8436
Camden,South Carolina,8431
Northfield,New Jersey,8426
Elwood,Indiana,8423
Raritan,New Jersey,8422
Orrville,Ohio,8422
Lewistown,Pennsylvania,8418
Malverne,New York,8417
Princeton,Indiana,8401
Edgewood,Kentucky,8398
Waite Park,Minnesota,8396
Cushing,Oklahoma,8391
Barre,Vermont,8387
Clinton,Oklahoma,8383
Carl Junction,Missouri,8379
St. Marys,Ohio,8377
Wagoner,Oklahoma,8375
Tuttle,Oklahoma,8373
Bay Minette,Alabama,8371
Los Fresnos,Texas,8362
Socorro,New Mexico,8361
Center Line,Michigan,8354
Dalhart,Texas,8353
Hood River,Oregon,8346
Sunbury,Ohio,8340
Mount Joy,Pennsylvania,8340
Franklin,Virginia,8339
Runnemede,New Jersey,8338
Doylestown,Pennsylvania,8338
Lochbuie,Colorado,8336
Enoch,Utah,8336
Gonzales,California,8327
Abingdon,Virginia,8325
Richland Hills,Texas,8323
Pleasant Hills,Pennsylvania,8322
Clinton,North Carolina,8320
Downingtown,Pennsylvania,8320
Crete,Illinois,8316
Maryville,Illinois,8316
Atmore,Alabama,8315
Independence,Kansas,8315
Quincy,Washington,8315
Brunswick,Maryland,8309
Hastings-on-Hudson,New York,8307
Floresville,Texas,8306
Eaton,Ohio,8301
Milan,Tennessee,8292
Virginia,Minnesota,8291
Brookhaven,Pennsylvania,8291
Swissvale,Pennsylvania,8290
Commerce,Georgia,8287
Senatobia,Mississippi,8287
Paradise,California,8285
Sitka city and,Alaska,8282
Pulaski,Tennessee,8276
Nibley,Utah,8271
Glenwood,Illinois,8268
Richfield,Utah,8268
North Bend,Washington,8268
Aubrey,Texas,8267
Lamesa,Texas,8266
Jerseyville,Illinois,8263
Long Grove,Illinois,8263
Nevada,Missouri,8262
Winnemucca,Nevada,8261
Price,Utah,8261
Kenilworth,New Jersey,8259
Scappoose,Oregon,8259
Hatboro,Pennsylvania,8257
Springfield,Florida,8255
Park City,Utah,8254
Winooski,Vermont,8251
Flushing,Michigan,8243
New Prague,Minnesota,8240
Newton,New Jersey,8240
Stayton,Oregon,8225
Perryton,Texas,8219
Trinidad,Colorado,8216
Brazil,Indiana,8214
Roxboro,North Carolina,8212
Menominee,Michigan,8207
Cuero,Texas,8204
Sequim,Washington,8203
Pewaukee,Wisconsin,8195
Los Altos Hills,California,8189
Oradell,New Jersey,8188
Sheboygan Falls,Wisconsin,8187
Prairie Grove,Arkansas,8186
Rhinelander,Wisconsin,8185
Mahtomedi,Minnesota,8184
York,Nebraska,8180
Dunellen,New Jersey,8176
Monticello,Arkansas,8175
Wytheville,Virginia,8172
Bellevue,Ohio,8164
Camp Hill,Pennsylvania,8163
Fletcher,North Carolina,8158
Mason,Michigan,8153
Austell,Georgia,8148
Westwego,Louisiana,8148
Somers,Wisconsin,8140
Croton-on-Hudson,New York,8136
Wilson,Pennsylvania,8135
Butler,New Jersey,8133
Orland,California,8132
Port Jefferson,New York,8129
Wickenburg,Arizona,8123
Mount Rainier,Maryland,8119
Orono,Minnesota,8119
Wyoming,Minnesota,8116
Denison,Iowa,8114
Fort Stockton,Texas,8113
Butner,North Carolina,8108
South Weber,Utah,8105
Castle Shannon,Pennsylvania,8101
Johnstown,New York,8099
Newport,Arkansas,8089
Hampshire,Illinois,8086
Ketchikan,Alaska,8079
Spotswood,New Jersey,8078
Brentwood,Missouri,8070
Corning,California,8069
Alliance,Nebraska,8056
Oak Brook,Illinois,8049
Hornell,New York,8049
Vinton,Virginia,8046
Winfield,Indiana,8045
Siler City,North Carolina,8043
Maplewood,Missouri,8041
Paris,Illinois,8039
Kirby,Texas,8039
Rolling Hills Estates,California,8033
Rawlins,Wyoming,8032
Berkeley,Missouri,8031
Macclenny,Florida,8027
Farr West,Utah,8021
Decatur,Texas,8016
Woodfin,North Carolina,8012
Wynne,Arkansas,8011
Newberry,Florida,8010
Wahpeton,North Dakota,8000
Bellevue,Pennsylvania,8000
Jackson,Wisconsin,8000
Hillsdale,Michigan,7998
Island Lake,Illinois,7992
Montpelier,Vermont,7991
Lexington,Tennessee,7988
Perry,Iowa,7984
Antigo,Wisconsin,7974
Oak Grove,Kentucky,7973
Blair,Nebraska,7967
Brighton,Michigan,7958
Glen Ridge,New Jersey,7952
Tyrone,Georgia,7949
Pismo Beach,California,7948
North Bay Village,Florida,7930
Dormont,Pennsylvania,7930
Three Rivers,Michigan,7928
Grand Blanc,Michigan,7925
Hillside,Illinois,7923
Latrobe,Pennsylvania,7922
Lake Dallas,Texas,7917
Quincy,Florida,7913
Lincolnshire,Illinois,7912
Big Rapids,Michigan,7912
Harrisburg,Illinois,7907
Silvis,Illinois,7896
South Beloit,Illinois,7893
Union,South Carolina,7881
Hudsonville,Michigan,7879
West Dundee,Illinois,7878
Dexter,Missouri,7878
Ashland,Wisconsin,7878
Woodland Park,Colorado,7873
Georgetown,Delaware,7873
Inverness,Florida,7857
Lampasas,Texas,7855
Oak Hill,West Virginia,7849
Brevard,North Carolina,7847
Carnegie,Pennsylvania,7847
Woodlake,California,7846
Arcadia,Florida,7846
Marshfield,Missouri,7845
Park City,Illinois,7842
Corbin,Kentucky,7841
Kenton,Ohio,7840
Humboldt,Tennessee,7840
Bernardsville,New Jersey,7837
Ashland,Virginia,7822
Yreka,California,7808
Ponchatoula,Louisiana,7804
South Boston,Virginia,7803
Stuttgart,Arkansas,7788
Grand Ledge,Michigan,7784
Boonville,Missouri,7782
Grove City,Pennsylvania,7779
Kill Devil Hills,North Carolina,7778
Oak Ridge,North Carolina,7776
Rockton,Illinois,7768
Ripon,Wisconsin,7766
Broadview,Illinois,7762
Mount Horeb,Wisconsin,7756
Umatilla,Oregon,7755
Pinson,Alabama,7753
Kenai,Alaska,7746
Campbell,Ohio,7745
Madras,Oregon,7744
Noble,Oklahoma,7739
Geneseo,New York,7731
St. Joseph,Michigan,7729
Round Lake Park,Illinois,7724
Moundsville,West Virginia,7724
Basehor,Kansas,7719
Corcoran,Minnesota,7719
Clinton,South Carolina,7714
Webster City,Iowa,7713
Bremen,Georgia,7712
Hitchcock,Texas,7710
Montevallo,Alabama,7708
New Albany,Mississippi,7706
Palmyra,Pennsylvania,7702
Princeton,Illinois,7700
St. Johns,Michigan,7699
Oberlin,Ohio,7697
Winters,California,7694
Hughson,California,7683
Fairlawn,Ohio,7682
Seward,Nebraska,7672
Charles Town,West Virginia,7672
Union,Kentucky,7671
Ruidoso,New Mexico,7663
Fanwood,New Jersey,7655
Jersey Village,Texas,7653
Great Neck Plaza,New York,7651
Dacula,Georgia,7650
Jefferson,Wisconsin,7646
Baldwinsville,New York,7639
Pittston,Pennsylvania,7638
Millsboro,Delaware,7637
Ripley,Tennessee,7626
Kimberly,Wisconsin,7626
Colonie,New York,7622
Bonner Springs,Kansas,7621
Lander,Wyoming,7615
Swainsboro,Georgia,7611
Canfield,Ohio,7610
Marengo,Illinois,7608
Brigantine,New Jersey,7602
Pocahontas,Arkansas,7601
Bloomingdale,New Jersey,7598
Ludington,Michigan,7597
London,Kentucky,7596
Dahlonega,Georgia,7585
Decorah,Iowa,7578
Westlake Village,California,7573
Marble Falls,Texas,7573
Mount Sterling,Kentucky,7571
Chehalis,Washington,7571
Wellington,Kansas,7568
Hubbard,Ohio,7568
Clear Lake,Iowa,7567
Ilion,New York,7567
Southwest Ranches,Florida,7566
Fort Scott,Kansas,7565
King,North Carolina,7561
Bradford,Pennsylvania,7560
Pacific,Missouri,7554
Ocean Shores,Washington,7549
New Cumberland,Pennsylvania,7547
Villa Hills,Kentucky,7537
Berlin,New Jersey,7534
Addis,Louisiana,7532
Venus,Texas,7528
Lexington,Virginia,7528
Shorewood,Minnesota,7526
Lamar,Colorado,7525
Hales Corners,Wisconsin,7522
Iron Mountain,Michigan,7519
Lincoln,Alabama,7514
Hastings,Michigan,7512
Aurora,Missouri,7512
Haddon Heights,New Jersey,7511
Catoosa,Oklahoma,7510
Breaux Bridge,Louisiana,7500
Lavon,Texas,7495
Marion,North Carolina,7493
Palmyra,New Jersey,7489
Longboat Key,Florida,7488
Crete,Nebraska,7488
Tell City,Indiana,7485
Independence,Ohio,7481
Farmville,Virginia,7478
Belen,New Mexico,7474
Jasper,Texas,7470
Ojai,California,7466
Alamo Heights,Texas,7466
Williston Park,New York,7459
Archbald,Pennsylvania,7457
Vernon,Wisconsin,7456
Ellwood City,Pennsylvania,7454
St. James,North Carolina,7443
Wauseon,Ohio,7443
Pikeville,Kentucky,7437
Knoxville,Iowa,7432
Caribou,Maine,7431
Old Town,Maine,7431
Cotati,California,7430
Robertsdale,Alabama,7421
Fairfax,California,7417
Belle Plaine,Minnesota,7416
Nebraska City,Nebraska,7414
Bellbrook,Ohio,7409
Trumann,Arkansas,7400
Taneytown,Maryland,7400
Richland,Mississippi,7400
Hartsville,South Carolina,7399
Russellville,Kentucky,7398
New London,Wisconsin,7398
Creston,Iowa,7392
Eagle,Colorado,7391
Clover,South Carolina,7391
Forest City,North Carolina,7387
Tea,South Dakota,7381
Sebastopol,California,7380
Hudson Falls,New York,7376
Scottsburg,Indiana,7373
Isanti,Minnesota,7370
River Oaks,Texas,7370
Tontitown,Arkansas,7364
Dayton,Tennessee,7362
Vandalia,Illinois,7358
Escalon,California,7355
Lake Alfred,Florida,7355
Batesville,Indiana,7354
Bloomfield,New Mexico,7349
Valley Center,Kansas,7347
Wharton,New Jersey,7346
White Oak,Pennsylvania,7346
Mills River,North Carolina,7337
Washington,New Jersey,7335
Batesville,Mississippi,7330
Albion,Michigan,7329
Cameron,Missouri,7324
Page,Arizona,7320
DuBois,Pennsylvania,7320
Briarcliff Manor,New York,7319
Savannah,Tennessee,7311
Monahans,Texas,7311
Lake Hallie,Wisconsin,7310
Lacy-Lakeview,Texas,7309
Inverness,Illinois,7302
Walled Lake,Michigan,7297
Marianna,Florida,7294
Grove,Oklahoma,7293
Cedarhurst,New York,7285
Angier,North Carolina,7283
Perry,Florida,7281
Souderton,Pennsylvania,7276
Fowler,California,7274
Northport,New York,7273
Gridley,California,7269
Crookston,Minnesota,7268
Seminole,Oklahoma,7262
Strasburg,Virginia,7260
Wolfforth,Texas,7258
Pleasantville,New York,7255
McCook,Nebraska,7253
Washington,Iowa,7252
Emerson,New Jersey,7251
Nyack,New York,7244
Sealy,Texas,7243
La Follette,Tennessee,7242
Clarkston,Washington,7242
Heber Springs,Arkansas,7239
Clewiston,Florida,7238
Herkimer,New York,7235
Church Hill,Tennessee,7232
Seminole,Texas,7231
Charles City,Iowa,7228
East Hills,New York,7228
Flatwoods,Kentucky,7227
Roosevelt,Utah,7224
Monticello,New York,7221
Scotia,New York,7221
Gonzales,Texas,7221
Hiawatha,Iowa,7219
Wetumpka,Alabama,7218
Ridley Park,Pennsylvania,7216
Sandwich,Illinois,7212
Delafield,Wisconsin,7203
Laurel,Montana,7193
Mammoth Lakes,California,7187
Globe,Arizona,7179
Rumson,New Jersey,7178
Tolleson,Arizona,7173
Belle Isle,Florida,7171
Glenolden,Pennsylvania,7168
Logan,Ohio,7166
Riverdale Park,Maryland,7164
Seaside,Oregon,7164
Dunbar,West Virginia,7163
Trinity,North Carolina,7155
West Frankfort,Illinois,7145
Delano,Minnesota,7142
Pelham,New York,7138
Devils Lake,North Dakota,7135
Kasson,Minnesota,7126
Nephi,Utah,7122
Josephine,Texas,7113
Brockport,New York,7111
Keyport,New Jersey,7099
Live Oak,Florida,7093
Unionville,North Carolina,7087
Mentor-on-the-Lake,Ohio,7084
Morrilton,Arkansas,7083
Junction City,Oregon,7072
North Riverside,Illinois,7071
Belfast,Maine,7069
Barrington,New Jersey,7069
Sturgis,South Dakota,7067
Canton,New York,7064
Cortland,Ohio,7062
Delphos,Ohio,7061
Salem,Illinois,7056
Spring Lake Park,Minnesota,7049
Fayetteville,Tennessee,7047
LaFayette,Georgia,7044
Medina,Minnesota,7039
La Junta,Colorado,7033
Rockland,Maine,7031
Greenville,Alabama,7030
Sausalito,California,7021
Volo,Illinois,7016
Selma,North Carolina,7012
Robinson,Illinois,7010
Nolanville,Texas,7010
St. Louis,Michigan,7008
University Park,Illinois,7002
Stratford,New Jersey,7000
Oneonta,Alabama,6995
Waveland,Mississippi,6990
"Islamorada, Village of Islands",Florida,6988
Rayne,Louisiana,6986
Neptune Beach,Florida,6984
Greenville,Illinois,6979
Milton-Freewater,Oregon,6977
Newport,Tennessee,6973
Obetz,Ohio,6971
Idabel,Oklahoma,6971
Midland Park,New Jersey,6970
Bulverde,Texas,6970
Milltown,New Jersey,6968
Nevada,Iowa,6967
Willis,Texas,6964
Murphysboro,Illinois,6963
Frostburg,Maryland,6963
Taft,California,6961
Linwood,New Jersey,6957
Hamilton,Alabama,6952
Greenbrier,Tennessee,6951
Union,Ohio,6949
West Miami,Florida,6944
Burnet,Texas,6940
Taylor Mill,Kentucky,6937
Mulvane,Kansas,6936
St. Albans,Vermont,6935
Fircrest,Washington,6932
Mendota,Illinois,6929
Pacific,Washington,6927
Mountainside,New Jersey,6924
Lindale,Texas,6923
Philadelphia,Mississippi,6921
Youngtown,Arizona,6919
Fort Bragg,California,6919
Tamaqua,Pennsylvania,6917
Ocean City,Maryland,6915
Walden,New York,6915
Vine Grove,Kentucky,6907
Stewartville,Minnesota,6904
Manorhaven,New York,6901
Tuckahoe,New York,6900
Clinton,Illinois,6898
Huntingdon,Pennsylvania,6898
Kirtland,Ohio,6896
Litchfield Park,Arizona,6884
River Rouge,Michigan,6882
Fruitland,Idaho,6879
Ambridge,Pennsylvania,6875
Nappanee,Indiana,6872
Purcell,Oklahoma,6864
Thomson,Georgia,6860
Donaldsonville,Louisiana,6860
Keene,Texas,6860
Mexia,Texas,6859
Mount Healthy,Ohio,6853
Satsuma,Alabama,6849
Eldridge,Iowa,6846
Ambler,Pennsylvania,6843
Kosciusko,Mississippi,6842
Ward,Arkansas,6840
Demopolis,Alabama,6833
Sullivan,Missouri,6829
Carolina Beach,North Carolina,6826
Gun Barrel City,Texas,6824
Atherton,California,6823
Gulf Breeze,Florida,6823
Pepper Pike,Ohio,6823
Gunnison,Colorado,6815
Marvin,North Carolina,6813
Plattsmouth,Nebraska,6808
Hurricane,West Virginia,6806
Stickney,Illinois,6803
Byron,Minnesota,6803
Shamokin,Pennsylvania,6803
Maize,Kansas,6802
Harrisville,Utah,6802
Clifton Heights,Pennsylvania,6796
South Lebanon,Ohio,6793
Allendale,New Jersey,6791
St. Joseph,Minnesota,6788
Van Alstyne,Texas,6782
Atlantic,Iowa,6781
Loomis,California,6779
St. Augustine Beach,Florida,6779
Freeport,Florida,6778
Bedford,Virginia,6777
Silsbee,Texas,6775
Marshall,Michigan,6774
Sultan,Washington,6766
Bridgewater,Virginia,6765
DeFuniak Springs,Florida,6764
North Syracuse,New York,6763
Zimmerman,Minnesota,6762
La Feria,Texas,6758
Opp,Alabama,6757
Columbiana,Ohio,6757
Indiantown,Florida,6755
Elkins,West Virginia,6755
Jordan,Minnesota,6752
Lanett,Alabama,6751
Mount Carmel,Illinois,6751
Munford,Tennessee,6751
"Lynchburg, Moore County",Tennessee,6748
Lawrence,New York,6747
Morehead,Kentucky,6740
Folcroft,Pennsylvania,6735
Sturtevant,Wisconsin,6735
St. Gabriel,Louisiana,6733
Chester,Illinois,6732
Holly Springs,Mississippi,6732
Valley Park,Missouri,6725
Monessen,Pennsylvania,6723
Galax,Virginia,6717
Roeland Park,Kansas,6712
Lyman,South Carolina,6709
Carbondale,Colorado,6708
Connellsville,Pennsylvania,6700
Ellettsville,Indiana,6694
Hapeville,Georgia,6691
Calumet Park,Illinois,6685
Norwich,New York,6685
Huron,Ohio,6685
Bayville,New York,6683
Boonville,Indiana,6682
Thurmont,Maryland,6680
Brookings,Oregon,6672
Snowflake,Arizona,6670
Garrett,Indiana,6661
Boiling Spring Lakes,North Carolina,6658
New Haven,Michigan,6657
Ontario,Ohio,6653
Blakely,Pennsylvania,6653
Loudon,Tennessee,6652
High Springs,Florida,6648
Upper Sandusky,Ohio,6647
Willow Park,Texas,6630
Sweetwater,Tennessee,6628
Oakmont,Pennsylvania,6626
Hillsboro,Ohio,6617
Litchfield,Illinois,6614
Belpre,Ohio,6614
Carver,Minnesota,6613
Aspen,Colorado,6612
Highland Heights,Kentucky,6612
Osceola,Arkansas,6610
Walkersville,Maryland,6610
Steilacoom,Washington,6610
Fox Point,Wisconsin,6608
Black Diamond,Washington,6602
Lake Mills,Wisconsin,6602
Carthage,Texas,6601
Benton,Illinois,6598
Rockaway,New Jersey,6596
Dacono,Colorado,6595
Winthrop Harbor,Illinois,6594
Moraine,Ohio,6586
Eatonton,Georgia,6579
Orland Hills,Illinois,6578
Iowa Park,Texas,6578
North Caldwell,New Jersey,6574
North Vernon,Indiana,6566
Buena Vista,Virginia,6566
Elburn,Illinois,6559
Stone Mountain,Georgia,6553
Valley City,North Dakota,6551
Krum,Texas,6548
Pratt,Kansas,6546
Litchfield,Minnesota,6541
Bennettsville,South Carolina,6540
De Soto,Kansas,6539
Black Jack,Missouri,6538
Morris Plains,New Jersey,6538
Hempstead,Texas,6537
Swarthmore,Pennsylvania,6536
Cynthiana,Kentucky,6534
Harrah,Oklahoma,6534
Schuyler,Nebraska,6529
Colusa,California,6527
Normandy Park,Washington,6527
Geneseo,Illinois,6525
Warwick,New York,6523
Treasure Island,Florida,6522
Bonne Terre,Missouri,6522
Willard,Missouri,6521
Kennett Square,Pennsylvania,6521
Lebanon,Kentucky,6517
Bridgeport,Texas,6514
Milton,Pennsylvania,6497
Huntingburg,Indiana,6495
De Soto,Missouri,6493
Larchmont,New York,6493
Woodland,Washington,6493
Chesapeake Beach,Maryland,6492
Powell,Wyoming,6488
Red Lion,Pennsylvania,6487
Solvay,New York,6484
Sheridan,Oregon,6483
Jonesborough,Tennessee,6480
Adel,Iowa,6474
Catasauqua,Pennsylvania,6469
Eudora,Kansas,6466
Leitchfield,Kentucky,6463
St. John,Missouri,6460
Brier,Washington,6460
Mead,Colorado,6450
Douglas,Wyoming,6449
Milford,Ohio,6445
Abilene,Kansas,6443
Sidney,Nebraska,6440
Union Gap,Washington,6439
Salem,Indiana,6437
Oakdale,Louisiana,6437
West View,Pennsylvania,6437
Watchung,New Jersey,6434
Taos,New Mexico,6427
Nitro,West Virginia,6426
Crestwood,Kentucky,6424
Amory,Mississippi,6422
Cumberland,Indiana,6419
Milford,Michigan,6419
Irvington,New York,6417
Cold Spring,Kentucky,6414
Oakwood,Georgia,6412
Henderson,Tennessee,6412
Bronxville,New York,6404
Ralston,Nebraska,6401
Orange City,Iowa,6397
Mabank,Texas,6396
Morrow,Georgia,6395
Hampstead,Maryland,6395
Walker,Louisiana,6394
Wilmer,Texas,6385
Johnsburg,Illinois,6384
Palmer,Alaska,6378
Huron,California,6377
Prospect Park,Pennsylvania,6374
Horseheads,New York,6367
Oak Point,Texas,6367
Prosser,Washington,6366
Slinger,Wisconsin,6363
Twin Lakes,Wisconsin,6362
Temple,Georgia,6360
Pigeon Forge,Tennessee,6357
Mount Vernon,Indiana,6355
Franklin,Louisiana,6341
Lakemoor,Illinois,6338
Clyde,Ohio,6337
Tecumseh,Oklahoma,6335
Carlstadt,New Jersey,6333
Rossford,Ohio,6333
Waupaca,Wisconsin,6333
Talent,Oregon,6332
Penitas,Texas,6331
Barnesville,Georgia,6329
Sanibel,Florida,6328
Tiffin,Iowa,6325
Rupert,Idaho,6324
Elm Grove,Wisconsin,6316
Steelton,Pennsylvania,6308
Dillon,South Carolina,6306
Polk City,Iowa,6303
Pembroke Park,Florida,6300
Millersville,Tennessee,6299
Bethel,Alaska,6292
Aledo,Texas,6287
Crockett,Texas,6286
Chickasaw,Alabama,6283
Granville,Ohio,6281
Manistee,Michigan,6279
Cherryville,North Carolina,6278
Cherry Hills Village,Colorado,6273
Gladewater,Texas,6272
Glenarden,Maryland,6270
Paulsboro,New Jersey,6267
Blythewood,South Carolina,6267
Huntington Woods,Michigan,6260
Pass Christian,Mississippi,6255
Warrenton,Oregon,6255
Taylor,Pennsylvania,6246
Shrewsbury,Missouri,6243
Margaret,Alabama,6236
Blaine,Washington,6232
Alvarado,Texas,6225
White Oak,Texas,6221
Prospect Park,New Jersey,6219
Kingston,Tennessee,6218
Battlefield,Missouri,6217
Torrington,Wyoming,6212
Rochester,Indiana,6211
Jackson,Ohio,6206
Marion,South Carolina,6195
Princeton,Kentucky,6194
Parker,Texas,6192
Rushville,Indiana,6191
Forest Hills,Pennsylvania,6189
Calipatria,California,6188
Independence,Iowa,6188
Portland,Indiana,6187
Ishpeming,Michigan,6183
Braidwood,Illinois,6173
Rockford,Michigan,6171
Harriman,Tennessee,6171
Greenbrier,Arkansas,6170
Roseland,New Jersey,6168
Ville Platte,Louisiana,6167
Wesley Hills,New York,6167
Oceanport,New Jersey,6166
South Williamsport,Pennsylvania,6166
Wayne,Nebraska,6165
Willows,California,6160
Gardiner,Maine,6159
East Rochester,New York,6158
Elsmere,Delaware,6157
Dallas,North Carolina,6156
Lauderdale-by-the-Sea,Florida,6154
Lewistown,Montana,6149
Hutchins,Texas,6149
Countryside,Illinois,6147
Mocksville,North Carolina,6147
Jonesboro,Georgia,6140
Tequesta,Florida,6134
Byron,Georgia,6132
Aztec,New Mexico,6130
Edgewood,New Mexico,6130
Greenwood,Missouri,6123
Woodcliff Lake,New Jersey,6122
Willard,Ohio,6122
Hellertown,Pennsylvania,6117
Preston,Idaho,6112
Sidney,Montana,6112
Fair Haven,New Jersey,6109
Ephraim,Utah,6108
Rittman,Ohio,6105
Wilmore,Kentucky,6104
Tonganoxie,Kansas,6102
Peculiar,Missouri,6101
Gustine,California,6099
Crystal City,Texas,6099
Gas City,Indiana,6091
Madison,South Dakota,6091
Cave Springs,Arkansas,6081
Martins Ferry,Ohio,6076
Midway,Utah,6076
Corry,Pennsylvania,6075
Old Tappan,New Jersey,6074
Blackwell,Oklahoma,6072
Pevely,Missouri,6064
Fort Wright,Kentucky,6061
Nazareth,Pennsylvania,6061
Darlington,South Carolina,6057
Weiser,Idaho,6056
Little Silver,New Jersey,6053
Pauls Valley,Oklahoma,6053
Maquoketa,Iowa,6051
Glendale,Missouri,6051
Wappingers Falls,New York,6046
Dundee,Florida,6043
Cottleville,Missouri,6043
Homer,Alaska,6040
Alpine,Texas,6039
Watford City,North Dakota,6020
De Queen,Arkansas,6019
Monticello,Illinois,6018
The Village of Indian Hill,Ohio,6018
Stokesdale,North Carolina,6016
Cheverly,Maryland,6015
Edna,Texas,6012
Milan,Michigan,6009
Asbury,Iowa,6007
Waterville,Ohio,6003
Dickson City,Pennsylvania,6002
Truth or Consequences,New Mexico,6000
Westlake,Florida,5999
Plaquemine,Louisiana,5998
Alma,Arkansas,5997
Edgerton,Wisconsin,5991
Erwin,Tennessee,5989
Northville,Michigan,5982
Moosic,Pennsylvania,5982
Dundee,Michigan,5980
McGregor,Texas,5979
Raton,New Mexico,5978
Chillicothe,Illinois,5977
Hartford City,Indiana,5974
Belding,Michigan,5972
Solvang,California,5970
Bowie,Texas,5964
Lake City,South Carolina,5961
Richmond,Missouri,5958
Sharon Hill,Pennsylvania,5958
Avon,Colorado,5954
Kermit,Texas,5952
East Aurora,New York,5951
Walkertown,North Carolina,5950
Fruit Heights,Utah,5950
Clairton,Pennsylvania,5949
Everman,Texas,5941
Woodstock,Virginia,5940
Holly,Michigan,5938
Starke,Florida,5937
Perry,Utah,5936
Franklin,Pennsylvania,5935
Port Clinton,Ohio,5933
Mount Arlington,New Jersey,5931
Bellefonte,Pennsylvania,5930
Senoia,Georgia,5929
Hamlet,North Carolina,5928
Brookville,Ohio,5918
Holdenville,Oklahoma,5918
Dumfries,Virginia,5916
Louisville,Mississippi,5913
Sheridan,Colorado,5908
Medina,New York,5906
Salida,Colorado,5900
Somerset,Pennsylvania,5898
Justin,Texas,5892
Hilton,New York,5891
Norwood,Pennsylvania,5890
St. Clair,Michigan,5887
Pilot Point,Texas,5884
Pontotoc,Mississippi,5882
Mount Zion,Illinois,5878
Manasquan,New Jersey,5877
Belle Fourche,South Dakota,5873
Fruitland,Maryland,5869
Geneva,Ohio,5866
Crafton,Pennsylvania,5866
Media,Pennsylvania,5862
Yoakum,Texas,5862
Argyle,Texas,5859
West Bountiful,Utah,5857
Jackson,Georgia,5854
Locust,North Carolina,5854
Hightstown,New Jersey,5853
Oxford,Pennsylvania,5847
Semmes,Alabama,5846
Petoskey,Michigan,5846
Swartz Creek,Michigan,5840
Lafayette,Tennessee,5839
Tarrant,Alabama,5833
Eaton,Colorado,5832
Stroudsburg,Pennsylvania,5832
Richmond,Michigan,5831
Los Ranchos de Albuquerque,New Mexico,5828
Estes Park,Colorado,5824
Estherville,Iowa,5823
Evansville,Wisconsin,5823
Edinboro,Pennsylvania,5821
Attalla,Alabama,5818
Belmar,New Jersey,5816
District Heights,Maryland,5811
Clearfield,Pennsylvania,5810
Germantown,Ohio,5809
Carterville,Illinois,5808
Wake Village,Texas,5808
Groveport,Ohio,5806
Pontoon Beach,Illinois,5804
Dunlap,Tennessee,5804
Central City,Kentucky,5800
Oelwein,Iowa,5791
Dayton,Kentucky,5790
Hudson,New York,5790
Tallulah,Louisiana,5785
Coal City,Illinois,5784
Salamanca,New York,5783
Metropolis,Illinois,5782
Paola,Kansas,5780
Bartonville,Illinois,5779
Hillsboro,Illinois,5773
New Whiteland,Indiana,5773
Grafton,Ohio,5773
Belleview,Florida,5770
Childress,Texas,5770
Rainsville,Alabama,5768
Littlefield,Texas,5768
Windcrest,Texas,5759
Plymouth,Pennsylvania,5755
Berryville,Arkansas,5754
Luling,Texas,5754
Beardstown,Illinois,5749
Webster,New York,5749
New Holland,Pennsylvania,5748
Peoria Heights,Illinois,5747
Livingston,Texas,5747
Waterford,Wisconsin,5744
Carlisle,Ohio,5740
Nashville,North Carolina,5737
Verdigris,Oklahoma,5736
Jamesburg,New Jersey,5735
Monroeville,Alabama,5734
Goshen,New York,5733
Albion,New York,5730
Norwood,New Jersey,5729
Columbia,Mississippi,5727
Columbia Falls,Montana,5723
Poolesville,Maryland,5720
Monticello,Kentucky,5715
Philomath,Oregon,5714
Dos Palos,California,5708
Goddard,Kansas,5708
Anamosa,Iowa,5704
Adel,Georgia,5700
Kaser,New York,5699
Ranson corporation,West Virginia,5699
Chisago City,Minnesota,5698
McKees Rocks,Pennsylvania,5695
Du Quoin,Illinois,5694
Elsa,Texas,5693
Willow Springs,Illinois,5688
Hickory Creek,Texas,5688
Rensselaer,Indiana,5684
Slaton,Texas,5684
Bay Harbor Islands,Florida,5679
Winston,Oregon,5678
Hyde Park,Utah,5677
White City metro township,Utah,5676
Dowagiac,Michigan,5673
Glencoe,Minnesota,5672
Bellevue,Kentucky,5671
Union Beach,New Jersey,5671
Brookshire,Texas,5667
Villa Park,California,5664
Milton,Wisconsin,5658
Washingtonville,New York,5655
Zeeland,Michigan,5645
Horace,North Dakota,5643
Princeton,West Virginia,5642
East Alton,Illinois,5639
Odessa,Missouri,5638
Patterson,Louisiana,5636
Mount Carmel,Pennsylvania,5635
Rockwood,Tennessee,5635
Cicero,Indiana,5630
Walton,Kentucky,5629
Bessemer City,North Carolina,5625
Trenton,Missouri,5622
Kings Point,New York,5622
Mena,Arkansas,5618
Williams,California,5617
Marion,Virginia,5617
Ulysses,Kansas,5616
Palmerton,Pennsylvania,5616
Polson,Montana,5613
Punxsutawney,Pennsylvania,5613
Henryetta,Oklahoma,5612
Crescent City,California,5611
Berlin,Wisconsin,5611
Waynesboro,Georgia,5607
Pendleton,Indiana,5604
International Falls,Minnesota,5603
Buckley,Washington,5603
Okeechobee,Florida,5602
Creswell,Oregon,5597
Shippensburg,Pennsylvania,5594
Chestertown,Maryland,5590
Colby,Kansas,5589
Rockdale,Texas,5588
DeWitt,Iowa,5587
Ashland City,Tennessee,5586
McKenzie,Tennessee,5586
Rigby,Idaho,5577
Credit River,Minnesota,5575
Eastman,Georgia,5568
Wilmington,Illinois,5568
Osceola,Iowa,5568
Somerdale,New Jersey,5567
Marlin,Texas,5563
Selinsgrove,Pennsylvania,5562
Mount Carmel,Tennessee,5556
Holtville,California,5555
Pahokee,Florida,5553
Sinton,Texas,5551
New Castle,Delaware,5549
Covington,Virginia,5545
Northfield,Illinois,5543
Monticello,Indiana,5543
Holdrege,Nebraska,5542
Pelham Manor,New York,5542
Flagler Beach,Florida,5541
Bath,New York,5539
Sandersville,Georgia,5536
Lake Bluff,Illinois,5534
North Kansas City,Missouri,5534
New Brighton,Pennsylvania,5534
Spirit Lake,Iowa,5533
Walnut Ridge,Arkansas,5532
Carlinville,Illinois,5531
Manchester,Maryland,5527
Medina,Tennessee,5526
Exeter,Pennsylvania,5524
Anadarko,Oklahoma,5518
Rothschild,Wisconsin,5514
Spring Grove,Illinois,5512
Cameron,Texas,5511
Hollidaysburg,Pennsylvania,5506
Cramerton,North Carolina,5496
Macon,Missouri,5495
New Carlisle,Ohio,5494
Pleasant View,Tennessee,5488
Monaca,Pennsylvania,5487
Thatcher,Arizona,5486
Greenville,Pennsylvania,5484
Sandy Oaks,Texas,5480
Smiths Station,Alabama,5477
Walterboro,South Carolina,5475
Surfside,Florida,5472
Clementon,New Jersey,5465
Shillington,Pennsylvania,5464
Emporia,Virginia,5463
Red Oak,Iowa,5461
Williamsville,New York,5458
St. Robert,Missouri,5457
Wellston,Ohio,5457
Waynesville,Missouri,5455
Granite Shoals,Texas,5451
Grosse Pointe,Michigan,5449
Columbus,Wisconsin,5448
Hollywood,South Carolina,5445
Spring Valley,Illinois,5442
White Hall,Arkansas,5437
Genoa,Illinois,5437
Sylvester,Georgia,5436
Ione,California,5431
Sheldon,Iowa,5422
Estacada,Oregon,5421
Atlanta,Texas,5421
New Hempstead,New York,5419
Whiteland,Indiana,5415
Leesville,Louisiana,5408
Glencoe,Alabama,5404
Douglass Hills,Kentucky,5403
Malone,New York,5400
Sayre,Pennsylvania,5400
Smithville,Tennessee,5392
Hoschton,Georgia,5388
Roanoke,Alabama,5387
Olyphant,Pennsylvania,5380
Winterset,Iowa,5374
Prairie du Chien,Wisconsin,5373
St. Paul Park,Minnesota,5371
Primera,Texas,5371
North Hills,New York,5370
La Habra Heights,California,5368
North Fond du Lac,Wisconsin,5366
Archer Lodge,North Carolina,5365
Chelsea,Michigan,5364
Rusk,Texas,5362
Kimberly,Idaho,5359
Sunset,Utah,5358
Kodiak,Alaska,5354
Wright City,Missouri,5354
Hiram,Georgia,5353
Fairport,New York,5353
Odenville,Alabama,5352
Collegeville,Pennsylvania,5351
Berlin,Maryland,5346
Centerville,Iowa,5344
Coraopolis,Pennsylvania,5344
Algona,Iowa,5342
Ripley,Mississippi,5338
Benson,Arizona,5337
Deer Park,Ohio,5336
Posen,Illinois,5334
Headland,Alabama,5333
Canal Fulton,Ohio,5333
Social Circle,Georgia,5330
Reminderville,Ohio,5329
Tyrone,Pennsylvania,5328
Salem,New Jersey,5325
Sansom Park,Texas,5323
Central,South Carolina,5322
Newport,Minnesota,5321
Englewood Cliffs,New Jersey,5321
Whispering Pines,North Carolina,5320
Magnolia,Texas,5320
Iola,Kansas,5318
Madisonville,Tennessee,5318
Lake City,Minnesota,5315
Princeton,Minnesota,5312
Vinita,Oklahoma,5312
Johnstown,Ohio,5310
Bridgeport,Pennsylvania,5310
Cornelia,Georgia,5309
Middletown,Maryland,5307
Carolina Shores,North Carolina,5307
Clarinda,Iowa,5305
Highwood,Illinois,5304
Ada,Ohio,5302
West Salem,Wisconsin,5298
Batesburg-Leesville,South Carolina,5297
La Crescent,Minnesota,5294
South Pasadena,Florida,5288
Summit,Wisconsin,5287
Springfield,Michigan,5281
Forest,Mississippi,5279
Grambling,Louisiana,5278
Sergeant Bluff,Iowa,5274
St. Helena,California,5272
Fort Meade,Florida,5270
Brush,Colorado,5268
Westville,Indiana,5268
Hamilton,Montana,5268
Weldon Spring,Missouri,5263
Lehighton,Pennsylvania,5256
Schuylkill Haven,Pennsylvania,5256
St. Martinville,Louisiana,5255
Lewisburg,Pennsylvania,5255
Giddings,Texas,5254
Fort Myers Beach,Florida,5251
Glennville,Georgia,5245
Tipton,Indiana,5245
Herculaneum,Missouri,5245
Kanab,Utah,5240
Manchester,Iowa,5239
Chardon,Ohio,5239
Gladstone,Michigan,5237
Montevideo,Minnesota,5235
Springville,Alabama,5233
Rockmart,Georgia,5231
Caruthersville,Missouri,5228
Chester,South Carolina,5227
North Manchester,Indiana,5225
LaBelle,Florida,5222
Moab,Utah,5221
Blakely,Georgia,5218
Guadalupe,Arizona,5217
Barling,Arkansas,5215
Warren,Arkansas,5211
Northwood,Ohio,5211
Long View,North Carolina,5207
Porter,Indiana,5204
Hudson,Texas,5203
Sheridan,Arkansas,5202
Tillamook,Oregon,5196
Daytona Beach Shores,Florida,5194
Lawrenceburg,Indiana,5194
Linton,Indiana,5194
Toronto,Ohio,5190
Hugo,Oklahoma,5190
Lone Grove,Oklahoma,5190
Bristol,Wisconsin,5187
Eureka,Illinois,5186
Veneta,Oregon,5183
Shelley,Idaho,5182
Fox Chapel,Pennsylvania,5180
Glenwood,Iowa,5175
Shallotte,North Carolina,5171
West Hazleton,Pennsylvania,5171
Louisburg,Kansas,5170
Holly Ridge,North Carolina,5170
Williamsburg,Kentucky,5169
Brewton,Alabama,5167
Cherokee,Iowa,5167
Eaton Rapids,Michigan,5165
Titusville,Pennsylvania,5164
Alexandria,Indiana,5163
Frankenmuth,Michigan,5163
North Oaks,Minnesota,5163
Center,Texas,5163
Allegan,Michigan,5162
Margate City,New Jersey,5162
Garwood,New Jersey,5161
Orange,Virginia,5158
Uhrichsville,Ohio,5155
Cave Creek,Arizona,5152
Union Grove,Wisconsin,5152
Chadron,Nebraska,5145
Morris,Minnesota,5140
Breckenridge,Texas,5140
Mayville,Wisconsin,5138
Bolivar,Tennessee,5136
Lakeport,California,5135
Kingsford,Michigan,5134
Jackson,California,5132
Liberty,New York,5130
Poplar Grove,Illinois,5129
Bangor,Pennsylvania,5128
Utica,Michigan,5124
Wildwood,New Jersey,5123
Tucumcari,New Mexico,5123
Mineola,Texas,5119
Port Isabel,Texas,5118
Big Stone Gap,Virginia,5114
Nassau Bay,Texas,5113
Elmsford,New York,5103
Gilmer,Texas,5100
Winona Lake,Indiana,5099
Monee,Illinois,5097
Birdsboro,Pennsylvania,5095
Richlands,Virginia,5095
Lake Barrington,Illinois,5092
Ayden,North Carolina,5092
Camilla,Georgia,5089
Berkeley,Illinois,5089
Mechanicville,New York,5089
New Freedom,Pennsylvania,5089
Rogersville,Missouri,5087
New Martinsville,West Virginia,5087
Dodgeville,Wisconsin,5085
West York,Pennsylvania,5078
Duryea,Pennsylvania,5075
Becker,Minnesota,5074
Savannah,Missouri,5072
Duquesne,Pennsylvania,5072
Windsor Heights,Iowa,5067
Whitehouse,Ohio,5063
Horseshoe Bay,Texas,5063
Penn Yan,New York,5062
Clarks Summit,Pennsylvania,5060
Redwood Falls,Minnesota,5059
Terrell Hills,Texas,5059
Calistoga,California,5058
Pleasant Garden,North Carolina,5057
Kingfisher,Oklahoma,5057
Davison,Michigan,5056
Buckhannon,West Virginia,5055
Adairsville,Georgia,5052
Williamston,North Carolina,5051
Pana,Illinois,5049
Elko New Market,Minnesota,5048
Grant-Valkaria,Florida,5045
Woodside,California,5037
Ste. Genevieve,Missouri,5037
Progreso,Texas,5037
Colville,Washington,5037
Swoyersville,Pennsylvania,5030
Valparaiso,Florida,5029
Creedmoor,North Carolina,5026
Sawmills,North Carolina,5025
Palmetto,Georgia,5021
Lindstrom,Minnesota,5008
Franklin,New Jersey,5008
Big Bear Lake,California,5007
Concordia,Kansas,5004
Omak,Washington,5004
Iowa Falls,Iowa,5002
Pinckneyville,Illinois,4995
Ashland,Missouri,4995
Sea Cliff,New York,4995
Cheraw,South Carolina,4995
Crandall,Texas,4995
Bisbee,Arizona,4994
Manheim,Pennsylvania,4994
Buellton,California,4990
Harrington Park,New Jersey,4990
Wahoo,Nebraska,4987
Falcon Heights,Minnesota,4984
Fellsmere,Florida,4982
Denton,Maryland,4979
Alva,Oklahoma,4978
Colona,Illinois,4977
Island Park,New York,4976
Kenneth City,Florida,4975
Grayson,Georgia,4975
South Barrington,Illinois,4974
Leonardtown,Maryland,4974
St. Clairsville,Ohio,4973
Jasper,Georgia,4970
Mendham,New Jersey,4970
Muleshoe,Texas,4970
Milan,Illinois,4968
King City,Oregon,4968
Rocky Mount,Virginia,4968
Munroe Falls,Ohio,4966
Brady,Texas,4965
Madison,Georgia,4964
Hazard,Kentucky,4964
Midfield,Alabama,4960
Vandergrift,Pennsylvania,4958
Ironwood,Michigan,4957
Medical Lake,Washington,4957
Saltillo,Mississippi,4955
McLendon-Chisholm,Texas,4954
Staunton,Illinois,4951
Vinton,Iowa,4951
Midway,North Carolina,4948
Baxley,Georgia,4945
Nashville,Georgia,4945
Richland Center,Wisconsin,4944
Wauchula,Florida,4943
Breckenridge,Colorado,4940
Silverthorne,Colorado,4940
Lonsdale,Minnesota,4937
Cherokee Village,Arkansas,4936
Wadesboro,North Carolina,4935
Ballston Spa,New York,4933
Edwardsville,Pennsylvania,4932
Midland,North Carolina,4930
Baldwin City,Kansas,4929
Turtle Creek,Pennsylvania,4929
Daleville,Alabama,4926
Elk Ridge,Utah,4925
Brielle,New Jersey,4920
Circle Pines,Minnesota,4919
Luverne,Minnesota,4918
Sonora,California,4917
Ardsley,New York,4916
Royersford,Pennsylvania,4916
Sparta,Tennessee,4915
Granite Falls,North Carolina,4914
Rio Communities,New Mexico,4907
Hinton,Oklahoma,4907
Bluefield,Virginia,4906
Clarkdale,Arizona,4904
Flemington,New Jersey,4902
Forsyth,Georgia,4901
Deer Park,Washington,4898
Point Pleasant Beach,New Jersey,4897
Telford,Pennsylvania,4896
Harlan,Iowa,4891
Port Allen,Louisiana,4890
Wonder Lake,Illinois,4889
Shenandoah,Iowa,4884
Chatsworth,Georgia,4883
Edgewater,Colorado,4882
South Hill,Virginia,4881
Columbia,Kentucky,4880
Sulphur,Oklahoma,4880
Gibraltar,Michigan,4873
Saranac Lake,New York,4871
Winfield,Alabama,4869
Desloge,Missouri,4869
New Castle,Colorado,4866
Littlestown,Pennsylvania,4866
Penns Grove,New Jersey,4865
Abbeville,South Carolina,4863
La Joya,Texas,4863
Indian Wells,California,4862
South Bay,Florida,4861
Aberdeen,Mississippi,4860
Osage Beach,Missouri,4856
Wellington,Ohio,4851
Bullard,Texas,4848
Cheboygan,Michigan,4847
Bloomfield,Wisconsin,4847
Wamego,Kansas,4846
Coopersville,Michigan,4846
Demarest,New Jersey,4846
Lexington,Ohio,4846
Willits,California,4843
Keyser,West Virginia,4843
Pittsboro,North Carolina,4839
Marksville,Louisiana,4835
Spring Lake Heights,New Jersey,4834
Holbrook,Arizona,4833
Old Westbury,New York,4833
Granite Falls,Washington,4829
Creve Coeur,Illinois,4828
Platte City,Missouri,4828
Luray,Virginia,4828
Moxee,Washington,4827
Westmont,Pennsylvania,4825
Needles,California,4824
Mount Pleasant,Tennessee,4824
Carthage,Mississippi,4821
Northvale,New Jersey,4821
Fortville,Indiana,4814
Columbiana,Alabama,4812
Silverton,Ohio,4812
Hallsville,Texas,4812
Dellwood,Missouri,4811
South Bound Brook,New Jersey,4811
Chittenango,New York,4810
West Milton,Ohio,4805
Beaufort,North Carolina,4804
Fountain Hill,Pennsylvania,4798
Windom,Minnesota,4797
Glendive,Montana,4796
Sayre,Oklahoma,4793
Watertown,Minnesota,4791
Flower Hill,New York,4791
Clinton,Indiana,4790
Alfred,New York,4789
Richwood,Texas,4789
Ottawa Hills,Ohio,4786
Lemoyne,Pennsylvania,4785
Worland,Wyoming,4785
Berryville,Virginia,4782
American Falls,Idaho,4781
Surf City,North Carolina,4781
DeWitt,Michigan,4779
Elberton,Georgia,4778
Winchester,Indiana,4778
Marseilles,Illinois,4773
Dilworth,Minnesota,4772
Morgan's Point Resort,Texas,4771
Palos Park,Illinois,4765
Benton,Kentucky,4765
Ashville,Ohio,4760
McRae-Helena,Georgia,4759
Higginsville,Missouri,4757
Green Tree,Pennsylvania,4755
Tallassee,Alabama,4753
Florence,Mississippi,4753
Cochran,Georgia,4749
Centreville,Maryland,4745
Le Claire,Iowa,4744
Erwin,North Carolina,4739
Fairfield,Illinois,4738
Connell,Washington,4735
Rockford,Minnesota,4734
Canton,Texas,4734
Hoopeston,Illinois,4731
Centralia,Missouri,4728
Humboldt,Iowa,4723
Crystal City,Missouri,4717
Wood Village,Oregon,4717
St. Clair,Missouri,4716
Buhl,Idaho,4715
Salem,Missouri,4713
Coldwater,Ohio,4712
Flora,Illinois,4711
Ovilla,Texas,4709
East Troy,Wisconsin,4707
Piedmont,Alabama,4705
Aurora,Nebraska,4704
Waterloo,New York,4704
Sugarcreek,Pennsylvania,4704
St. James,Minnesota,4699
Valdese,North Carolina,4699
Jenkintown,Pennsylvania,4699
Coopertown,Tennessee,4698
Utqia?vik,Alaska,4694
Weaverville,North Carolina,4693
Lillington,North Carolina,4692
Carmi,Illinois,4688
Beecher,Illinois,4687
Chisholm,Minnesota,4687
Shannon Hills,Arkansas,4685
Folkston,Georgia,4684
Crystal Springs,Mississippi,4681
Ogallala,Nebraska,4680
Oak Park Heights,Minnesota,4678
Holts Summit,Missouri,4677
Whiteville,North Carolina,4677
Arnold,Pennsylvania,4676
Randleman,North Carolina,4674
Montoursville,Pennsylvania,4666
Winnsboro,Louisiana,4665
Ranlo,North Carolina,4664
Westlake,Louisiana,4663
Hollister,Missouri,4661
East Palestine,Ohio,4658
Mount Ephraim,New Jersey,4654
Negaunee,Michigan,4653
Ahoskie,North Carolina,4651
Rock Hill,Missouri,4649
Hokes Bluff,Alabama,4648
West Pittston,Pennsylvania,4648
Hurstbourne,Kentucky,4645
Mountain Grove,Missouri,4645
Edwardsville,Kansas,4641
California,Pennsylvania,4639
Hartwell,Georgia,4638
Childersburg,Alabama,4637
Boiling Springs,North Carolina,4637
Huxley,Iowa,4634
Rogersville,Tennessee,4633
Parker,Florida,4631
Carrizo Springs,Texas,4628
Dawsonville,Georgia,4627
Southampton,New York,4627
Montebello,New York,4624
Loxley,Alabama,4623
Manitou Springs,Colorado,4622
Bridgeville,Pennsylvania,4622
Cornwall,Pennsylvania,4622
Oconto,Wisconsin,4621
Buffalo,Wyoming,4621
Fox River Grove,Illinois,4619
Lake Worth,Texas,4616
Tuscola,Illinois,4614
Sauk Centre,Minnesota,4610
Ligonier,Indiana,4608
Mountain Lakes,New Jersey,4608
Bremen,Indiana,4604
Eldon,Missouri,4602
Madisonville,Texas,4602
Breese,Illinois,4600
Sherman,Illinois,4599
Meadows Place,Texas,4596
Fremont,Michigan,4595
Manlius,New York,4593
Grafton,West Virginia,4589
Avalon,Pennsylvania,4588
Jeanerette,Louisiana,4587
Lexington,Missouri,4585
Neptune City,New Jersey,4581
Devine,Texas,4580
Caldwell,Texas,4579
Crossett,Arkansas,4578
Soldotna,Alaska,4577
Brisbane,California,4577
Barnwell,South Carolina,4577
Mansfield,Louisiana,4575
China Grove,North Carolina,4572
Lebanon,Illinois,4571
Mount Vernon,Missouri,4571
East Petersburg,Pennsylvania,4571
Delmar,Maryland,4569
Woodruff,South Carolina,4569
Vilonia,Arkansas,4568
Wellsville,New York,4566
Greendale,Indiana,4564
Prospect,Kentucky,4564
Whiteville,Tennessee,4561
Shelbyville,Illinois,4560
Dyersville,Iowa,4557
Brookland,Arkansas,4556
Camanche,Iowa,4552
Mount Vernon,Iowa,4552
Diboll,Texas,4551
Crescent Springs,Kentucky,4550
New Boston,Texas,4548
Farmville,North Carolina,4546
Ellisville,Mississippi,4544
Raeford,North Carolina,4544
Sunset Beach,North Carolina,4544
West Reading,Pennsylvania,4543
La Grange,Texas,4541
Dewey-Humboldt,Arizona,4540
Mosinee,Wisconsin,4538
Morgan,Utah,4536
Hearne,Texas,4535
Fulton,Mississippi,4534
Waynesboro,Mississippi,4534
Newton Falls,Ohio,4534
Scottsville,Kentucky,4533
Berwick,Louisiana,4531
Olympia Fields,Illinois,4530
Lafayette,Oregon,4530
Jim Thorpe,Pennsylvania,4529
Clintonville,Wisconsin,4529
Pocola,Oklahoma,4527
Jackson,Alabama,4525
South Tucson,Arizona,4521
Vail,Colorado,4521
California,Missouri,4520
Nowthen,Minnesota,4519
Fredericktown,Missouri,4518
Nelsonville,Ohio,4518
Mills,Wyoming,4517
Little Falls,New York,4516
Sellersville,Pennsylvania,4515
Pittsburg,Texas,4515
Belton,South Carolina,4511
Watseka,Illinois,4510
La Verkin,Utah,4510
Springhill,Louisiana,4509
Dexter,Michigan,4509
Hancock,Michigan,4507
Whiting,Indiana,4506
Hummelstown,Pennsylvania,4505
Dardanelle,Arkansas,4504
Huntingdon,Tennessee,4504
Freeburg,Illinois,4501
Donora,Pennsylvania,4500
West Wendover,Nevada,4499
Belleair,Florida,4495
Marlow,Oklahoma,4495
Newport,North Carolina,4494
Robbins,Illinois,4493
Evansdale,Iowa,4490
Buena,New Jersey,4489
Cortland,Illinois,4488
West Jefferson,Ohio,4488
McLoud,Oklahoma,4488
Jessup,Pennsylvania,4488
Narberth,Pennsylvania,4488
Wapato,Washington,4486
Edenton,North Carolina,4485
Prescott,Wisconsin,4485
Wayland,Michigan,4484
Charleston,Missouri,4483
Selmer,Tennessee,4482
Perryville,Maryland,4480
Cobleskill,New York,4479
Forest Hills,Tennessee,4479
Hamburg,Pennsylvania,4474
Sheffield,Ohio,4471
Kimberly,Alabama,4463
Canastota,New York,4462
Menands,New York,4461
Crestline,Ohio,4460
Indian River Shores,Florida,4458
Waverly,Nebraska,4458
Georgetown,Ohio,4458
Oak Hill,Tennessee,4457
Triana,Alabama,4456
Seat Pleasant,Maryland,4456
Gentry,Arkansas,4449
Glendale,Colorado,4447
Archbold,Ohio,4447
New Lexington,Ohio,4447
Auburn,Illinois,4444
Honesdale,Pennsylvania,4438
Eagar,Arizona,4437
Viroqua,Wisconsin,4437
Wolverine Lake,Michigan,4436
Kewaskum,Wisconsin,4435
Duncan,South Carolina,4431
Haughton,Louisiana,4430
Edinburgh,Indiana,4429
Lincoln,North Dakota,4426
Middleville,Michigan,4424
Perry,Oklahoma,4424
Phoenix,Oregon,4422
Summerville,Georgia,4420
Falfurrias,Texas,4420
Canton,North Carolina,4418
Rio Bravo,Texas,4418
Riverside,Missouri,4417
Ottawa,Ohio,4416
Sykesville,Maryland,4412
Chelan,Washington,4412
Tulia,Texas,4408
Medford,Wisconsin,4406
Goodland,Kansas,4403
Harrogate,Tennessee,4403
Stone Park,Illinois,4402
Pocomoke City,Maryland,4401
Benson,North Carolina,4401
Russell,Kansas,4400
Minersville,Pennsylvania,4400
Clayton,Delaware,4399
Chalfont,Pennsylvania,4396
Argo,Alabama,4386
Egg Harbor City,New Jersey,4385
Atlantic Highlands,New Jersey,4383
Kildeer,Illinois,4377
Bloomfield Hills,Michigan,4377
Southport,North Carolina,4377
Greenville,Kentucky,4374
Gaylord,Michigan,4374
Palacios,Texas,4374
Isle of Palms,South Carolina,4370
Prairie du Sac,Wisconsin,4370
Bayside,Wisconsin,4369
Baldwin,Wisconsin,4366
Caseyville,Illinois,4359
Garden Ridge,Texas,4359
La Center,Washington,4357
Magnolia,New Jersey,4356
Barboursville,West Virginia,4355
Beaver,Pennsylvania,4352
Hunters Creek Village,Texas,4352
Mount Orab,Ohio,4349
Paxton,Illinois,4348
Breckenridge Hills,Missouri,4348
Scott City,Missouri,4348
Louisville,Tennessee,4347
Mulberry,Florida,4346
Dansville,New York,4346
Wingate,North Carolina,4342
Bowling Green,Missouri,4341
New Roads,Louisiana,4339
North Wilkesboro,North Carolina,4338
Plain City,Ohio,4338
Weston Lakes,Texas,4338
Scottdale,Pennsylvania,4337
Greenfield,Ohio,4336
Newport,Vermont,4336
Rose Hill,Kansas,4332
Ludlow,Kentucky,4332
Tazewell,Virginia,4332
Wadena,Minnesota,4331
Highlands,New Jersey,4329
Franklin,North Carolina,4328
Carlisle,Iowa,4326
Reedsport,Oregon,4321
Surfside Beach,South Carolina,4321
Westville,New Jersey,4317
Broadway,Virginia,4317
Jourdanton,Texas,4304
Park Rapids,Minnesota,4302
Lamar,Missouri,4302
Haleyville,Alabama,4301
Glassport,Pennsylvania,4301
Denver City,Texas,4301
Clarion,Pennsylvania,4295
Comanche,Texas,4294
Medford Lakes,New Jersey,4291
Laureldale,Pennsylvania,4286
Mathis,Texas,4285
Wayzata,Minnesota,4284
Spindale,North Carolina,4284
Chariton,Iowa,4280
Lonoke,Arkansas,4277
Laurel,Delaware,4275
Sinking Spring,Pennsylvania,4275
Waverly,Tennessee,4275
DeMotte,Indiana,4274
Taylor,Arizona,4272
Sullivan,Illinois,4272
Forest City,Iowa,4272
Hampton,Iowa,4272
Caro,Michigan,4272
Spring Valley Village,Texas,4272
Southside,Arkansas,4271
Sparta,Michigan,4271
Waverly,New York,4270
Boardman,Oregon,4268
Lakewood,Illinois,4267
Highland Beach,Florida,4266
Columbus,Minnesota,4266
Le Roy,New York,4265
Mount Olive,North Carolina,4261
Saukville,Wisconsin,4260
Cold Spring,Minnesota,4259
Wiggins,Mississippi,4259
Bristow,Oklahoma,4258
Butler,Missouri,4257
Slaughterville,Oklahoma,4257
Boyertown,Pennsylvania,4257
Larksville,Pennsylvania,4252
Cedarville,Ohio,4250
Slatington,Pennsylvania,4250
Shenandoah,Pennsylvania,4246
Lawrenceville,Illinois,4245
Greencastle,Pennsylvania,4244
Osawatomie,Kansas,4241
Pittsboro,Indiana,4235
Forty Fort,Pennsylvania,4233
Ho-Ho-Kus,New Jersey,4232
Nash,Texas,4230
Berne,Indiana,4227
Sullivan,Indiana,4223
Broken Bow,Oklahoma,4222
Le Sueur,Minnesota,4221
Blanchester,Ohio,4221
Danielson,Connecticut,4219
Bradley Beach,New Jersey,4219
Williamston,South Carolina,4219
Jacksboro,Texas,4219
Geneva,Alabama,4217
Bellville,Texas,4217
Unalaska,Alaska,4214
Normandy,Missouri,4213
Aldan,Pennsylvania,4210
Portola Valley,California,4204
Cannon Falls,Minnesota,4202
Dawson,Georgia,4200
Walhalla,South Carolina,4199
Ashburn,Georgia,4196
Lyons,Georgia,4195
Wellsville,Utah,4194
Pinetop-Lakeside,Arizona,4191
Buchanan,Michigan,4191
Camden,Delaware,4188
Peotone,Illinois,4187
Tarentum,Pennsylvania,4187
Caddo Mills,Texas,4183
Springtown,Texas,4181
Whitesboro,Texas,4181
Montesano,Washington,4179
Dillon,Montana,4176
Mauston,Wisconsin,4176
Farmersville,Texas,4175
Ellenville,New York,4174
Charleroi,Pennsylvania,4174
Dallastown,Pennsylvania,4174
Adamsville,Alabama,4172
Indian Head,Maryland,4170
Fayetteville,New York,4170
Eagle Lake,Florida,4169
Euharlee,Georgia,4168
Kaplan,Louisiana,4165
Aumsville,Oregon,4164
Kutztown,Pennsylvania,4164
North East,Maryland,4163
Ashdown,Arkansas,4162
Mount Pleasant,Pennsylvania,4161
White Bluff,Tennessee,4161
Austin,Indiana,4160
Paintsville,Kentucky,4160
Linden,Michigan,4160
Rice Lake,Minnesota,4160
Farrell,Pennsylvania,4160
Fairway,Kansas,4158
Lambertville,New Jersey,4157
Springville,New York,4155
North Braddock,Pennsylvania,4153
West Peoria,Illinois,4152
Jena,Louisiana,4151
Shrewsbury,New Jersey,4149
Sharpsville,Pennsylvania,4147
Lansford,Pennsylvania,4145
Danville,Pennsylvania,4140
Haskell,Arkansas,4138
Hometown,Illinois,4138
Swansboro,North Carolina,4137
Anna,Illinois,4136
Sebring,Ohio,4135
Roosevelt Park,Michigan,4132
Fayette,Alabama,4128
Smithville,Texas,4126
Algonac,Michigan,4125
Akron,Pennsylvania,4121
Algood,Tennessee,4117
Waverly,Ohio,4114
Crittenden,Kentucky,4106
Trent Woods,North Carolina,4106
Riverdale,New Jersey,4105
Lowell,Michigan,4103
Pipestone,Minnesota,4103
Throop,Pennsylvania,4102
Hawkinsville,Georgia,4100
Jefferson,Iowa,4100
Hamilton,New York,4100
Owego,New York,4096
Clay Center,Kansas,4094
Trenton,Tennessee,4092
Elkin,North Carolina,4088
Goodview,Minnesota,4087
Chagrin Falls,Ohio,4087
Jersey Shore,Pennsylvania,4087
Monongahela,Pennsylvania,4087
Mary Esther,Florida,4084
North Muskegon,Michigan,4082
Winona,Mississippi,4079
Bosque Farms,New Mexico,4076
Pittsfield,Illinois,4072
Brookfield,Missouri,4072
Hazlehurst,Georgia,4071
Dimmitt,Texas,4071
Monte Vista,Colorado,4070
McCall,Idaho,4066
Stanley,North Carolina,4065
Green Oaks,Illinois,4060
Grafton,North Dakota,4059
Camdenton,Missouri,4058
Pennsburg,Pennsylvania,4057
Friona,Texas,4057
Monticello,Iowa,4056
Otsego,Michigan,4054
Cross Plains,Wisconsin,4052
Edgefield,South Carolina,4051
Lancaster,Kentucky,4050
Pulaski,Wisconsin,4049
Fenton,Missouri,4048
Fleetwood,Pennsylvania,4046
Rock Valley,Iowa,4045
Falls City,Nebraska,4045
Erda,Utah,4045
Nashville,Arkansas,4043
North East,Pennsylvania,4043
Westover,West Virginia,4043
Livingston,Tennessee,4040
Amite City,Louisiana,4037
St. Charles,Minnesota,4037
Quitman,Georgia,4036
Dwight,Illinois,4034
Church Point,Louisiana,4030
Madill,Oklahoma,4028
Austin,Arkansas,4027
St. Anthony,Idaho,4025
Sparta,Illinois,4024
Wheatland,California,4022
Bordentown,New Jersey,4021
Jonesboro,Louisiana,4019
Barrington Hills,Illinois,4018
Marine City,Michigan,4017
Moscow Mills,Missouri,4017
Lathrup Village,Michigan,4013
Trappe,Pennsylvania,4009
Cisco,Texas,4006
Basalt,Colorado,4005
Zumbrota,Minnesota,4005
Carroll Valley,Pennsylvania,4004
Baldwin,Georgia,4003
Colonial Beach,Virginia,4003
South Haven,Michigan,4001
Madeira Beach,Florida,3999
West Milwaukee,Wisconsin,3997
Chester,New York,3996
Harlem,Georgia,3992
Rossville,Georgia,3991
Coquille,Oregon,3991
Colorado City,Texas,3987
Metter,Georgia,3986
Clyde,Texas,3985
Valley Grande,Alabama,3982
Morrison,Illinois,3981
Wills Point,Texas,3981
Troutman,North Carolina,3980
Jarrell,Texas,3980
Hanover,Minnesota,3977
Emerald Isle,North Carolina,3966
Coleman,Texas,3966
Williamstown,Kentucky,3964
Kiel,Wisconsin,3956
Capitol Heights,Maryland,3952
Jackson,Louisiana,3950
Scandia,Minnesota,3944
Millstadt,Illinois,3943
Raymond,Wisconsin,3943
Mitchell,Indiana,3942
Oaklyn,New Jersey,3940
South Russell,Ohio,3939
Chilton,Wisconsin,3939
Magee,Mississippi,3938
St. Bernard,Ohio,3938
Ridgway,Pennsylvania,3938
Cozad,Nebraska,3933
Grant,Minnesota,3932
Scott City,Kansas,3931
Vicksburg,Michigan,3929
Parkesburg,Pennsylvania,3928
Winnfield,Louisiana,3927
Centerville,Minnesota,3927
Cayuga Heights,New York,3925
Brookville,Pennsylvania,3918
Carrollton,Kentucky,3914
Walthourville,Georgia,3913
Citronelle,Alabama,3910
Barnesville,Ohio,3908
Point Pleasant,West Virginia,3908
Ely,Nevada,3907
Shrewsbury,Pennsylvania,3907
Castle Hills,Texas,3907
Montrose,Minnesota,3906
Belleville,Michigan,3904
St. James,Missouri,3903
Bluffton,Ohio,3903
Indian Head Park,Illinois,3900
Smithton,Illinois,3900
Rochester,Illinois,3899
Sullivan City,Texas,3899
Cresco,Iowa,3897
Lancaster,Wisconsin,3896
Hohenwald,Tennessee,3892
Spencer,Oklahoma,3890
Elkins,Arkansas,3889
Umatilla,Florida,3889
North Hudson,Wisconsin,3888
Kittanning,Pennsylvania,3887
Montpelier,Ohio,3886
Mullins,South Carolina,3885
Chandler,Indiana,3883
Frackville,Pennsylvania,3883
Pomona,New York,3882
Bunnell,Florida,3879
Marshall,Illinois,3879
Metamora,Illinois,3871
Pine Island,Minnesota,3871
Woodson Terrace,Missouri,3871
Mount Pleasant,Utah,3871
Burnham,Illinois,3869
Dell Rapids,South Dakota,3868
Del Mar,California,3867
Woodlawn,Ohio,3867
Juno Beach,Florida,3863
Florence,Colorado,3862
Haslet,Texas,3861
Harrington,Delaware,3860
Swanton,Ohio,3856
Lansing,New York,3855
Saugerties,New York,3848
Honea Path,South Carolina,3848
Maiden,North Carolina,3845
South Blooming Grove,New York,3840
Northumberland,Pennsylvania,3839
Vidalia,Louisiana,3837
South Chicago Heights,Illinois,3835
Windber,Pennsylvania,3835
Fairbury,Nebraska,3832
Boyne City,Michigan,3831
Fort Gibson,Oklahoma,3831
Baxter Springs,Kansas,3830
Spring City,Pennsylvania,3830
Nichols Hills,Oklahoma,3826
Boonsboro,Maryland,3823
Merchantville,New Jersey,3823
Freeland,Pennsylvania,3822
Dupo,Illinois,3821
Booneville,Arkansas,3820
Rocky Ford,Colorado,3819
Ravenswood,West Virginia,3819
Roland,Oklahoma,3818
Unicoi,Tennessee,3818
Coal Valley,Illinois,3816
Hephzibah,Georgia,3815
Oneida,Tennessee,3815
Hanover,Indiana,3814
Irwin,Pennsylvania,3813
Lindsborg,Kansas,3811
Ball,Louisiana,3811
Norwood Young America,Minnesota,3811
Marshall,Wisconsin,3810
Baden,Pennsylvania,3809
Upland,Indiana,3808
Grayson,Kentucky,3807
Richwood,Louisiana,3807
Shenandoah,Texas,3807
Valdez,Alaska,3805
Amberley,Ohio,3805
Landis,North Carolina,3803
Gooding,Idaho,3802
Manning,South Carolina,3802
Priceville,Alabama,3800
Mogadore,Ohio,3799
Stanley,Wisconsin,3798
Portland,Michigan,3797
Elmira Heights,New York,3797
Arcadia,Wisconsin,3796
Lake View,Alabama,3794
Lowell,North Carolina,3794
Zelienople,Pennsylvania,3791
Bayport,Minnesota,3788
Mora,Minnesota,3787
Columbus,Texas,3786
Lewisburg,West Virginia,3785
New Lebanon,Ohio,3784
Bunker Hill Village,Texas,3784
Centre,Alabama,3782
Georgetown,Indiana,3781
Clifton,Arizona,3780
Waukon,Iowa,3777
Weston,West Virginia,3776
Rochester,Wisconsin,3776
Port St. Joe,Florida,3775
Horicon,Wisconsin,3773
Byron,Illinois,3772
Williamston,Michigan,3772
Sewickley,Pennsylvania,3772
Stilwell,Oklahoma,3771
Leakesville,Mississippi,3767
Hudson,North Carolina,3767
Rosemont,Illinois,3766
Catskill,New York,3763
Bellaire,Ohio,3763
Mattawa,Washington,3761
Montgomery,New York,3760
Carter Lake,Iowa,3759
Denver,Pennsylvania,3758
Golf Manor,Ohio,3754
Angels,California,3752
Southgate,Kentucky,3752
Gravette,Arkansas,3750
Red Bud,Illinois,3750
Ridgeland,South Carolina,3749
Plainwell,Michigan,3747
Imlay City,Michigan,3744
Bishop,California,3742
Edgecliff Village,Texas,3742
Alexander,Arkansas,3740
Deephaven,Minnesota,3740
Riverwoods,Illinois,3737
South Toms River,New Jersey,3736
Laguna Vista,Texas,3736
Hebron,Indiana,3735
Benton City,Washington,3733
Romeo,Michigan,3731
West Liberty,Iowa,3728
Woodstown,New Jersey,3728
Waynesburg,Pennsylvania,3728
Delta,Utah,3728
Frontenac,Missouri,3727
Heyburn,Idaho,3726
Brentwood,Maryland,3725
Sloan,New York,3725
Shavano Park,Texas,3722
Prestonsburg,Kentucky,3721
Jamestown,North Carolina,3721
Leo-Cedarville,Indiana,3720
Chipley,Florida,3718
Yellow Springs,Ohio,3718
South Glens Falls,New York,3717
Manila,Arkansas,3714
Houston,Mississippi,3713
Kitty Hawk,North Carolina,3713
Taylor Lake Village,Texas,3713
Pine City,Minnesota,3711
Echols County,Georgia,3709
Hardin,Montana,3709
Bloomer,Wisconsin,3708
Long Prairie,Minnesota,3707
Gamewell,North Carolina,3704
Richfield,Ohio,3704
Minerva,Ohio,3701
Harrisburg,Oregon,3701
Gatlinburg,Tennessee,3701
Granger,Washington,3700
Fairview,North Carolina,3699
Wrightstown,Wisconsin,3699
Stanford,Kentucky,3698
Silt,Colorado,3697
Leland,Mississippi,3693
Etowah,Tennessee,3690
Rutherfordton,North Carolina,3685
Eastover,North Carolina,3684
Camden,Tennessee,3683
Tuckerton,New Jersey,3681
San Joaquin,California,3679
South Point,Ohio,3679
St. Augusta,Minnesota,3678
St. Joseph,Illinois,3677
Middlebury,Indiana,3676
Wintersville,Ohio,3676
Beaver,Utah,3676
Milton,Delaware,3675
Larned,Kansas,3675
Howe,Texas,3673
Johnson,Arkansas,3672
Cedar Springs,Michigan,3671
Tabor City,North Carolina,3670
Perham,Minnesota,3666
Netcong,New Jersey,3665
Anthony,Texas,3663
Barron,Wisconsin,3663
Dumas,Arkansas,3662
Albia,Iowa,3661
Wilkesboro,North Carolina,3661
Sidney,New York,3660
Pendleton,South Carolina,3657
Greenhills,Ohio,3656
Spencerport,New York,3655
Combined Locks,Wisconsin,3654
Highland Falls,New York,3647
Blackshear,Georgia,3646
Newcomerstown,Ohio,3646
Eastland,Texas,3645
Manti,Utah,3645
Russell,Kentucky,3644
Independence,Minnesota,3644
Carefree,Arizona,3642
Indian Rocks Beach,Florida,3640
Nome,Alaska,3639
Forsyth,Illinois,3639
Oglesby,Illinois,3639
Minoa,New York,3638
Oakland,Florida,3635
Washington,Georgia,3634
Cockrell Hill,Texas,3633
Watkinsville,Georgia,3631
Warsaw,New York,3629
Lake Delton,Wisconsin,3629
Deer Park,Illinois,3628
Islandia,New York,3627
Wellford,South Carolina,3627
Chandler,Texas,3625
Emmetsburg,Iowa,3623
Omro,Wisconsin,3623
St. Paul,Missouri,3622
Morton,Mississippi,3621
Jasper,Tennessee,3621
Gunnison,Utah,3621
Grangeville,Idaho,3617
Gouverneur,New York,3617
Dandridge,Tennessee,3617
West Columbia,Texas,3616
Hartford,South Dakota,3614
Winnsboro,Texas,3614
Hugoton,Kansas,3613
Elgin,Oklahoma,3612
Cotulla,Texas,3612
Ketchum,Idaho,3611
Melrose,Minnesota,3611
Waterloo,Wisconsin,3611
Groesbeck,Texas,3610
Hot Springs,South Dakota,3609
Eldorado,Illinois,3607
Greensboro,Georgia,3605
West Point,Georgia,3605
San Diego,Texas,3605
Lewes,Delaware,3604
Wind Gap,Pennsylvania,3601
Paoli,Indiana,3600
Palmyra,Missouri,3600
Knox,Indiana,3599
El Dorado Springs,Missouri,3595
High Bridge,New Jersey,3592
Whitesboro,New York,3591
Ozark,Arkansas,3590
Godley,Texas,3589
Black River Falls,Wisconsin,3587
Wrightsville,Georgia,3586
North Wildwood,New Jersey,3585
Perry,New York,3584
Thomasville,Alabama,3583
Northwoods,Missouri,3583
Franklinton,Louisiana,3581
Ballinger,Texas,3581
Slippery Rock,Pennsylvania,3579
O'Neill,Nebraska,3575
Stanhope,New Jersey,3575
Fairbury,Illinois,3574
Sweeny,Texas,3570
Aledo,Illinois,3569
Port Vue,Pennsylvania,3568
Fulton,Illinois,3567
Centerville,Tennessee,3567
Oregon,Illinois,3566
Eagle Grove,Iowa,3566
Merton,Wisconsin,3566
Flat Rock,North Carolina,3563
McGehee,Arkansas,3555
Leesburg,Georgia,3553
Nowata,Oklahoma,3551
Bennett,Colorado,3549
Reno,Texas,3544
Lake Clarke Shores,Florida,3542
Broken Bow,Nebraska,3542
New Palestine,Indiana,3541
Cleveland,Georgia,3539
Piggott,Arkansas,3538
Osage,Iowa,3537
Lloyd Harbor,New York,3537
Northfield,Ohio,3536
Teague,Texas,3536
West Point,Virginia,3536
Princess Anne,Maryland,3534
Mount Gilead,Ohio,3533
Clifton,Texas,3532
Two Harbors,Minnesota,3531
Paulding,Ohio,3531
Manchester,Georgia,3528
Plainview,Minnesota,3527
Mission Hills,Kansas,3525
Somerville,Tennessee,3525
Avondale Estates,Georgia,3524
Malden,Missouri,3524
Elba,Alabama,3522
Mahanoy City,Pennsylvania,3520
Manor,Pennsylvania,3520
Moundville,Alabama,3516
Seymour,Wisconsin,3515
Crystal River,Florida,3514
Toledo,Oregon,3514
Gray,Georgia,3513
Rural Hall,North Carolina,3513
Milbank,South Dakota,3512
Llano,Texas,3511
Wheatland,Wyoming,3509
Aurora,Indiana,3508
Montgomery,Minnesota,3508
Eagle Lake,Texas,3508
Heflin,Alabama,3507
Auburn,Nebraska,3507
Lake Park,North Carolina,3504
Hillsboro,Missouri,3502
Myrtle Creek,Oregon,3501
Kane,Pennsylvania,3499
Lyons,Kansas,3498
Beaver Dam,Kentucky,3498
Orange,Ohio,3495
Coplay,Pennsylvania,3494
Muttontown,New York,3492
Norton,Virginia,3492
Carey,Ohio,3491
Hainesville,Illinois,3489
Reno,Texas,3489
Hatfield,Pennsylvania,3486
Post,Texas,3486
Port Richey,Florida,3485
Pleasant Valley,West Virginia,3483
Tolono,Illinois,3482
Sleepy Eye,Minnesota,3482
Hazlehurst,Mississippi,3479
Oakwood,Ohio,3479
Midway,Florida,3478
Carrollton,Missouri,3478
Riverton,Illinois,3475
Sauk City,Wisconsin,3475
Hesston,Kansas,3473
Goldendale,Washington,3473
Alma,Georgia,3472
Wallace,North Carolina,3472
Durand,Michigan,3470
Le Roy,Illinois,3467
Lockland,Ohio,3464
Williams,Arizona,3463
Buffalo,Missouri,3462
Pen Argyl,Pennsylvania,3462
Northern Cambria,Pennsylvania,3461
Elma,Washington,3460
Monte Sereno,California,3459
Hahira,Georgia,3459
Wadsworth,Illinois,3459
West Point,Nebraska,3458
Loxahatchee Groves,Florida,3452
Jewett City,Connecticut,3451
Ponce Inlet,Florida,3450
West Liberty,Kentucky,3450
Oxford,Michigan,3449
Port Aransas,Texas,3446
Mariemont,Ohio,3441
Mifflinburg,Pennsylvania,3441
Johnson Creek,Wisconsin,3441
Germantown Hills,Illinois,3440
Benson,Minnesota,3437
Avon,New York,3437
Moreland Hills,Ohio,3437
Tiptonville,Tennessee,3437
Ringgold,Georgia,3435
Eveleth,Minnesota,3434
Pelham,Georgia,3432
Gothenburg,Nebraska,3430
Mount Angel,Oregon,3429
Peralta,New Mexico,3428
Wellsboro,Pennsylvania,3427
Moulton,Alabama,3426
Red Oak,North Carolina,3425
West Orange,Texas,3425
Annandale,Minnesota,3424
Malvern,Pennsylvania,3424
Union City,Indiana,3423
New Hampton,Iowa,3422
Hicksville,Ohio,3422
Dublin,Texas,3422
Dewey,Oklahoma,3419
Frederick,Oklahoma,3419
Forks,Washington,3418
Newburgh,Indiana,3416
Madison,Ohio,3416
North Wales,Pennsylvania,3416
Burgaw,North Carolina,3415
Welch,West Virginia,3414
Marysville,Kansas,3405
Kenedy,Texas,3403
Yuma,Colorado,3401
Parker,Arizona,3400
Oliver Springs,Tennessee,3398
Gibson City,Illinois,3396
Frostproof,Florida,3393
Rochester,Pennsylvania,3393
North Baltimore,Ohio,3392
Pickens,South Carolina,3391
Paw Paw,Michigan,3389
Story City,Iowa,3388
Clifton Forge,Virginia,3388
Peshtigo,Wisconsin,3387
Blanchard,Louisiana,3385
Hartville,Ohio,3385
Annetta,Texas,3385
Tomahawk,Wisconsin,3385
Ossian,Indiana,3382
Holton,Kansas,3382
Water Valley,Mississippi,3381
Mineral Springs,North Carolina,3379
Huntsville,Arkansas,3378
North Plains,Oregon,3378
Frontenac,Kansas,3372
Hubbard,Oregon,3372
Ferris,Texas,3370
Saddle River,New Jersey,3368
Waller,Texas,3368
Ashland,Nebraska,3367
Tusculum,Tennessee,3367
Beach City,Texas,3366
Shadyside,Ohio,3365
Brillion,Wisconsin,3365
New Baden,Illinois,3364
Hortonville,Wisconsin,3364
St. Johns,Arizona,3362
Crane,Texas,3362
Waldron,Arkansas,3361
Chattahoochee Hills,Georgia,3361
Sheridan,Indiana,3361
Evergreen,Alabama,3359
Beloit,Kansas,3358
Hobart,Oklahoma,3358
Yountville,California,3356
Cleves,Ohio,3355
Spencer,North Carolina,3354
Williamsburg,Iowa,3351
Hideaway,Texas,3349
Rush City,Minnesota,3344
Nesquehoning,Pennsylvania,3344
Summersville,West Virginia,3344
Wisconsin Dells,Wisconsin,3344
Muldrow,Oklahoma,3341
Ebensburg,Pennsylvania,3337
Blackstone,Virginia,3336
Mannford,Oklahoma,3335
Dilley,Texas,3333
Breckenridge,Minnesota,3331
Hamburg,New Jersey,3331
Altavista,Virginia,3331
Weaver,Alabama,3330
Tupper Lake,New York,3328
Lowville,New York,3327
Newcastle,Wyoming,3326
Hanceville,Alabama,3324
Haworth,New Jersey,3322
Lordstown,Ohio,3321
Goldsby,Oklahoma,3321
Marianna,Arkansas,3314
Orofino,Idaho,3313
Robins,Iowa,3312
Millersburg,Oregon,3311
Milford,Iowa,3309
Hodgenville,Kentucky,3309
Etna,Pennsylvania,3309
Liberty,South Carolina,3309
Rio Dell,California,3308
Johnston City,Illinois,3308
Gluckstadt,Mississippi,3308
Essexville,Michigan,3304
Bandon,Oregon,3304
Paris,Arkansas,3302
Lawnside,New Jersey,3301
Delta,Ohio,3301
Mayfield,Ohio,3300
Ohioville,Pennsylvania,3300
Ellsworth,Wisconsin,3298
Salmon,Idaho,3295
Green Level,North Carolina,3293
Welsh,Louisiana,3289
Farmerville,Louisiana,3286
Pottsville,Arkansas,3285
Springfield,Georgia,3284
Gallipolis,Ohio,3284
Thiensville,Wisconsin,3284
Hominy,Oklahoma,3280
Grantville,Georgia,3278
Clare,Michigan,3278
Palmyra,New York,3275
Newbern,Tennessee,3274
Springdale,Pennsylvania,3273
Jackson,Minnesota,3272
Chincoteague,Virginia,3271
Shelby,Montana,3270
Perkins,Oklahoma,3270
Louisburg,North Carolina,3269
Jefferson,Oregon,3267
Berwyn Heights,Maryland,3265
Elizabethtown,North Carolina,3265
Carthage,New York,3264
Winnsboro,South Carolina,3264
Blissfield,Michigan,3263
Macungie,Pennsylvania,3263
Avalon,California,3261
Melbourne Beach,Florida,3261
Mount Oliver,Pennsylvania,3261
Ingram,Pennsylvania,3259
Cashmere,Washington,3259
Mingo Junction,Ohio,3257
Grand Saline,Texas,3256
Nyssa,Oregon,3253
Orchard City,Colorado,3251
Eagle Lake,Minnesota,3251
Howards Grove,Wisconsin,3251
Galena,Illinois,3250
Windsor,North Carolina,3250
Millvale,Pennsylvania,3250
Inman,South Carolina,3249
Louisiana,Missouri,3248
Penbrook,Pennsylvania,3244
Yorkville,Wisconsin,3244
Trafford,Pennsylvania,3243
Bermuda Run,North Carolina,3239
Henrietta,Texas,3239
Valley,Nebraska,3236
Mount Penn,Pennsylvania,3235
Hogansville,Georgia,3234
Athens,Pennsylvania,3231
Attica,Indiana,3230
Cassville,Missouri,3230
Crestview Hills,Kentucky,3227
Raymond,Washington,3227
Fordyce,Arkansas,3225
Nevada City,California,3224
Rayville,Louisiana,3224
Mobridge,South Dakota,3224
Onalaska,Texas,3224
Ely,Minnesota,3223
Cleveland,Oklahoma,3223
Centerville,Pennsylvania,3222
Sherwood,Wisconsin,3222
Somerset,Wisconsin,3220
Early,Texas,3218
Syracuse,Indiana,3217
Algoma,Wisconsin,3217
Boscobel,Wisconsin,3217
Commercial Point,Ohio,3215
South Jacksonville,Illinois,3213
Ravena,New York,3213
Brodhead,Wisconsin,3212
DeCordova,Texas,3206
Bunkie,Louisiana,3205
Sugar Creek,Missouri,3204
Monmouth Beach,New Jersey,3204
Plymouth,North Carolina,3204
Blairsville,Pennsylvania,3203
Willcox,Arizona,3202
Williston,Florida,3201
Tallapoosa,Georgia,3201
Lodi,Wisconsin,3199
Cuba,Missouri,3198
Bethel Acres,Oklahoma,3198
Carlyle,Illinois,3197
Garnett,Kansas,3197
Bushnell,Florida,3196
Lake Providence,Louisiana,3194
Yerington,Nevada,3194
Algona,Washington,3191
Hiawatha,Kansas,3190
New York Mills,New York,3190
Nocona,Texas,3190
Burnettown,South Carolina,3189
Blanding,Utah,3189
Wallburg,North Carolina,3188
Warrior,Alabama,3187
Millersburg,Ohio,3186
Byrnes Mill,Missouri,3185
Red Bay,Alabama,3184
Selbyville,Delaware,3184
Jefferson,Ohio,3184
Stanton,Kentucky,3183
Solon,Iowa,3182
West Lake Hills,Texas,3181
Parowan,Utah,3181
Glasgow,Montana,3180
Mount Shasta,California,3179
Dundee,Oregon,3179
Lytle,Texas,3178
Soda Springs,Idaho,3171
Combes,Texas,3171
Unadilla,Georgia,3169
Libby,Montana,3169
Brightwaters,New York,3169
Jones,Oklahoma,3169
Troy,Texas,3169
Corydon,Indiana,3168
Virden,Illinois,3167
Blue Earth,Minnesota,3163
West Burlington,Iowa,3161
Hickman,Nebraska,3161
Green Forest,Arkansas,3160
Delhi,New York,3159
Masontown,Pennsylvania,3159
Ava,Missouri,3157
East Greenville,Pennsylvania,3157
Union Springs,Alabama,3154
Livingston,Alabama,3152
Hoosick Falls,New York,3151
Park Hills,Kentucky,3149
Smithsburg,Maryland,3149
Wesleyville,Pennsylvania,3148
Oakridge,Oregon,3147
Barbourville,Kentucky,3145
Fort Edward,New York,3145
Homedale,Idaho,3144
Morganfield,Kentucky,3143
Nags Head,North Carolina,3142
Red Springs,North Carolina,3142
Castroville,Texas,3141
Southern Shores,North Carolina,3138
Minden,Nebraska,3136
Rockwood,Michigan,3135
Cache,Oklahoma,3135
Port Washington North,New York,3134
Summit Hill,Pennsylvania,3134
Ellsworth,Kansas,3133
Maybrook,New York,3132
Sleepy Hollow,Illinois,3131
Bloomingdale,Georgia,3129
McDonald,Ohio,3129
Burlington,Colorado,3128
McSherrystown,Pennsylvania,3128
Woodbury Heights,New Jersey,3127
Brackenridge,Pennsylvania,3127
Calais,Maine,3126
Zillah,Washington,3122
Franklin,Michigan,3121
Malabar,Florida,3120
Tybee Island,Georgia,3119
Corning,Arkansas,3118
Wyoming,Pennsylvania,3118
Gladwin,Michigan,3117
East Dundee,Illinois,3115
San Saba,Texas,3115
Indialantic,Florida,3114
Gillespie,Illinois,3112
Karnes City,Texas,3112
Tuxedo,New York,3111
Lebanon,Virginia,3110
Myerstown,Pennsylvania,3109
Newton,Mississippi,3108
Moonachie,New Jersey,3108
Iowa,Louisiana,3106
Iona,Idaho,3105
North Barrington,Illinois,3105
Whitehall,Michigan,3105
Carmel-by-the-Sea,California,3104
Vinton,Louisiana,3103
Statham,Georgia,3102
Presidio,Texas,3102
Lincoln Heights,Ohio,3101
Oostburg,Wisconsin,3101
Wilder,Kentucky,3100
Denmark,South Carolina,3099
Greenwood,Louisiana,3095
Carrollton,Ohio,3095
Strasburg,Pennsylvania,3094
Windermere,Florida,3092
Mount Morris,Michigan,3092
Potterville,Michigan,3092
Central City,Nebraska,3090
Cactus,Texas,3090
Sunset,Louisiana,3088
Needville,Texas,3088
Proctor,Minnesota,3087
Great Neck Estates,New York,3087
Ladysmith,Wisconsin,3087
Walsenburg,Colorado,3085
Wewoka,Oklahoma,3084
Checotah,Oklahoma,3083
Bishop,Texas,3082
Fairport Harbor,Ohio,3081
Buena Vista,Colorado,3080
Iuka,Mississippi,3077
Homer,New York,3077
Clyde Hill,Washington,3077
La Villa,Texas,3075
Hollywood Park,Texas,3074
Kingstree,South Carolina,3072
Bean Station,Tennessee,3071
Everson,Washington,3071
Simpsonville,Kentucky,3068
Granite Quarry,North Carolina,3068
Saluda,South Carolina,3068
Wormleysburg,Pennsylvania,3067
Piney Point Village,Texas,3067
Baldwyn,Mississippi,3066
Madison,Illinois,3065
Shady Cove,Oregon,3064
National Park,New Jersey,3063
Wildwood Crest,New Jersey,3063
Tishomingo,Oklahoma,3062
Sharpsburg,Pennsylvania,3062
Timberville,Virginia,3062
Lexington,Minnesota,3059
Mansfield,Pennsylvania,3058
Haskell,Texas,3058
Chickamauga,Georgia,3057
Hilliard,Florida,3055
Lucedale,Mississippi,3055
Westville,Illinois,3054
Tipton,Iowa,3054
Double Oak,Texas,3054
Milaca,Minnesota,3053
Doylestown,Ohio,3053
West Union,Ohio,3051
Okemah,Oklahoma,3051
North Sioux City,South Dakota,3048
Talty,Texas,3048
Tama,Iowa,3046
Walbridge,Ohio,3043
Ripley,West Virginia,3043
Mount Pocono,Pennsylvania,3042
Orchard Park,New York,3041
Wellsville,Ohio,3041
Ball Ground,Georgia,3039
Little Flock,Arkansas,3037
Spearman,Texas,3037
Pima,Arizona,3036
Upland,Pennsylvania,3036
Elkton,Virginia,3036
Garner,Iowa,3035
Staples,Minnesota,3035
Churchill,Pennsylvania,3035
Lead,South Dakota,3035
Beulah,North Dakota,3034
Kalama,Washington,3033
Iron River,Michigan,3032
Richmond,Utah,3032
Momence,Illinois,3031
Deer Lodge,Montana,3030
Polk City,Florida,3028
Holmes Beach,Florida,3027
Georgetown,Illinois,3026
Edgewood,Pennsylvania,3026
Chaffee,Missouri,3025
David City,Nebraska,3024
Heavener,Oklahoma,3024
Calera,Oklahoma,3023
Corunna,Michigan,3022
Yadkinville,North Carolina,3018
Cut Bank,Montana,3017
Olney,Texas,3017
Bicknell,Indiana,3016
Clever,Missouri,3015
North Catasauqua,Pennsylvania,3015
Nashville,Illinois,3013
Brownstown,Indiana,3013
Sloatsburg,New York,3012
New Holstein,Wisconsin,3012
Prescott,Arkansas,3011
Snowmass Village,Colorado,3011
Wendell,Idaho,3010
Lakeland,Georgia,3008
Cornwall-on-Hudson,New York,3008
Moose Lake,Minnesota,3004
Madison,Florida,3003
East Syracuse,New York,3002
Orwigsburg,Pennsylvania,3002
Canton,South Dakota,3001
Bar Nunn,Wyoming,3001
Summerset,South Dakota,3000
Minster,Ohio,2999
Ferriday,Louisiana,2998
Delphi,Indiana,2997
Hamilton,Texas,2997
Grottoes,Virginia,2996
Tonkawa,Oklahoma,2995
Biscayne Park,Florida,2993
Lula,Georgia,2993
Chatfield,Minnesota,2993
Sherrill,New York,2992
Kenhorst,Pennsylvania,2992
Poteet,Texas,2992
Baltimore,Ohio,2991
Mountville,Pennsylvania,2991
Roslyn,New York,2990
Oconto Falls,Wisconsin,2989
Flemingsburg,Kentucky,2988
Pitcairn,Pennsylvania,2987
Paddock Lake,Wisconsin,2986
Bamberg,South Carolina,2985
Chattahoochee,Florida,2984
Greenwood Lake,New York,2983
Williams Bay,Wisconsin,2981
Kotzebue,Alaska,2979
Sisters,Oregon,2979
New Bremen,Ohio,2978
Bad Axe,Michigan,2977
Cadiz,Ohio,2977
South Pittsburg,Tennessee,2976
Fairfield,Texas,2972
Oak Ridge North,Texas,2968
Bal Harbour,Florida,2967
Licking,Missouri,2967
Lake Helen,Florida,2964
Dadeville,Alabama,2960
Millen,Georgia,2960
Emmitsburg,Maryland,2959
Vandalia,Missouri,2959
Shady Shores,Texas,2957
Kingwood,West Virginia,2956
Amery,Wisconsin,2956
Williamstown,West Virginia,2955
Marietta,Pennsylvania,2954
Atoka,Oklahoma,2953
Dresden,Tennessee,2953
Troy,North Carolina,2952
Filer,Idaho,2951
Carthage,North Carolina,2951
Ocilla,Georgia,2949
Lakewood,New York,2948
Genoa City,Wisconsin,2948
Brookville,New York,2947
Green Island,New York,2947
Wales,Wisconsin,2947
El Lago,Texas,2945
Brandenburg,Kentucky,2944
Eunice,New Mexico,2944
Girard,Pennsylvania,2944
Hackberry,Texas,2944
Vivian,Louisiana,2942
Stamford,Texas,2942
Jemison,Alabama,2941
Springfield,Kentucky,2941
Afton,Minnesota,2941
Ocean View,Delaware,2937
Jacksonville,Oregon,2936
Shallowater,Texas,2932
Mountain View,Arkansas,2931
Fort Branch,Indiana,2931
Ferrysburg,Michigan,2931
Fowlerville,Michigan,2931
Wilton,Iowa,2930
Dodge Center,Minnesota,2928
New Hope,Alabama,2927
Pawhuska,Oklahoma,2926
Guyton,Georgia,2925
Chandler,Oklahoma,2924
Rushville,Illinois,2923
Bethany,Missouri,2923
River Bend,North Carolina,2921
Westfield,New York,2920
Chester Heights,Pennsylvania,2918
Owens Cross Roads,Alabama,2917
Mohnton,Pennsylvania,2917
Cuthbert,Georgia,2915
Lutcher,Louisiana,2914
Taft,Texas,2914
Sublimity,Oregon,2912
Winner,South Dakota,2912
Youngwood,Pennsylvania,2910
Rogers City,Michigan,2909
Woodlynne,New Jersey,2909
Lakemore,Ohio,2905
Fairfax,Iowa,2904
Philippi,West Virginia,2904
Soperton,Georgia,2899
Windsor,Virginia,2899
Platteville,Colorado,2898
Montezuma,Georgia,2898
Kenova,West Virginia,2897
Lake City,Georgia,2896
Nicholls,Georgia,2896
Dixmoor,Illinois,2895
Oronogo,Missouri,2895
Marion,Kentucky,2894
Freemansburg,Pennsylvania,2894
DeWitt,Arkansas,2893
Knob Noster,Missouri,2891
Arcola,Illinois,2890
Kingman,Kansas,2890
Wise,Virginia,2890
Glen Rose,Texas,2887
Atkins,Arkansas,2884
Womelsdorf,Pennsylvania,2884
Akron,New York,2883
Walton,New York,2883
Brighton,Tennessee,2881
Wimberley,Texas,2881
Bath,Pennsylvania,2879
Buckner,Missouri,2877
Clarksville,Texas,2876
Winnebago,Illinois,2875
Bayfield,Colorado,2872
Osceola,Wisconsin,2872
Columbus,Kansas,2870
East Prairie,Missouri,2870
La Grange,North Carolina,2868
Florida,New York,2867
Chevy Chase,Maryland,2866
Lindsay,Oklahoma,2866
Union City,Pennsylvania,2866
Greenfield,Minnesota,2865
Cherry Valley,Illinois,2864
Heyworth,Illinois,2864
Lake City,Pennsylvania,2864
Seven Fields,Pennsylvania,2862
Bishopville,South Carolina,2862
Van,Texas,2862
Williston,South Carolina,2861
Manistique,Michigan,2860
Quarryville,Pennsylvania,2859
Hillsville,Virginia,2856
Indian Hills,Kentucky,2854
Mountain Iron,Minnesota,2854
Homestead,Pennsylvania,2853
Brazoria,Texas,2853
Abingdon,Illinois,2851
LaGrange,Ohio,2850
Woodbury,Tennessee,2849
Rancho Viejo,Texas,2848
Mondovi,Wisconsin,2848
Elm Springs,Arkansas,2847
DeQuincy,Louisiana,2847
Almont,Michigan,2847
Vienna,Georgia,2845
Abbeville,Georgia,2844
Windsor,Missouri,2844
Marietta,Oklahoma,2841
Medina,Washington,2841
Pennington,New Jersey,2840
Pembroke,Georgia,2839
Mount Morris,New York,2839
Norway,Michigan,2837
Monticello,Georgia,2833
Eufaula,Oklahoma,2833
Townsend,Delaware,2832
Lake Orion,Michigan,2832
Albany,Minnesota,2832
Pembroke,North Carolina,2832
Pearisburg,Virginia,2832
Williamson,West Virginia,2831
Bedford,Pennsylvania,2830
Bridgeville,Delaware,2829
Stroud,Oklahoma,2829
Havana,Illinois,2827
Donalsonville,Georgia,2826
Bonifay,Florida,2825
Honeoye Falls,New York,2825
Hypoluxo,Florida,2823
Providence,Kentucky,2822
Wilson's Mills,North Carolina,2820
Poplarville,Mississippi,2818
Mamou,Louisiana,2817
Harveys Lake,Pennsylvania,2817
Onawa,Iowa,2816
Graymoor-Devondale,Kentucky,2816
Maurice,Louisiana,2816
Knoxville,Illinois,2815
Lakeside Park,Kentucky,2815
Osage City,Kansas,2814
Abernathy,Texas,2814
Ithaca,Michigan,2813
Vinton,Texas,2813
Waynesville,Ohio,2812
New Britain,Pennsylvania,2812
Alamo,Georgia,2811
Mount Morris,Illinois,2809
Grundy Center,Iowa,2806
Aspinwall,Pennsylvania,2806
Fayette,Missouri,2805
West Grove,Pennsylvania,2805
Federalsburg,Maryland,2804
Voorheesville,New York,2804
Eatonville,Washington,2804
Fayetteville,West Virginia,2804
Lake Success,New York,2803
New Tazewell,Tennessee,2803
Walworth,Wisconsin,2803
Montgomery City,Missouri,2801
Davis,Oklahoma,2800
Madrid,Iowa,2799
Oak Harbor,Ohio,2799
Kewaunee,Wisconsin,2798
Owensville,Missouri,2796
Russell Springs,Kentucky,2794
Caledonia,Minnesota,2794
Manchester,Pennsylvania,2788
Sag Harbor,New York,2785
Westmoreland,Tennessee,2784
Schulenburg,Texas,2783
Forsyth,Missouri,2782
Clinton,New Jersey,2781
Riverton,New Jersey,2781
Ford City,Pennsylvania,2781
Bono,Arkansas,2780
Lodi,Ohio,2779
Pottsboro,Texas,2779
Evansville,Wyoming,2778
Loudonville,Ohio,2775
Kingston Springs,Tennessee,2775
Hallam,Pennsylvania,2774
Towanda,Pennsylvania,2774
Rising Sun,Maryland,2773
Colfax,Washington,2773
Bloomfield,Iowa,2772
Hudson,Iowa,2772
Cokato,Minnesota,2770
Wernersville,Pennsylvania,2770
Santa Rosa,New Mexico,2769
New Richmond,Ohio,2769
Montgomery,Texas,2769
Bellows Falls,Vermont,2769
Barnesville,Minnesota,2766
Munsey Park,New York,2765
Portageville,Missouri,2764
Frisco,Colorado,2763
Jasper,Florida,2762
Eutaw,Alabama,2761
Sibley,Iowa,2761
Fennimore,Wisconsin,2759
Cape May,New Jersey,2757
Ponder,Texas,2757
Refugio,Texas,2757
Mattawan,Michigan,2756
Stigler,Oklahoma,2756
Morton,Pennsylvania,2756
St. Clair,Pennsylvania,2756
Hallettsville,Texas,2756
Milton,West Virginia,2755
West Branch,Iowa,2754
Breezy Point,Minnesota,2754
Strasburg,Ohio,2753
Big Lake,Texas,2753
Luxemburg,Wisconsin,2753
Galena,Kansas,2752
Gramercy,Louisiana,2751
Spring Lake,New Jersey,2751
Middlefield,Ohio,2750
Centerville,Indiana,2749
Loris,South Carolina,2749
St. Marys,Kansas,2748
Monterey,Tennessee,2746
Clarion,Iowa,2745
Eminence,Kentucky,2744
Newton,Illinois,2743
Madison,West Virginia,2742
Thermopolis,Wyoming,2742
Swedesboro,New Jersey,2741
Mangum,Oklahoma,2740
Kalona,Iowa,2739
Cazenovia,New York,2739
Pioneer Village,Kentucky,2738
Edgewood,Florida,2737
Canton,Missouri,2736
Friday Harbor,Washington,2736
Seward,Alaska,2735
El Paso,Illinois,2735
Lagrange,Indiana,2735
Sands Point,New York,2735
Warsaw,North Carolina,2735
Marion,Alabama,2734
Colorado City,Arizona,2734
Gosnell,Arkansas,2733
Covington,Indiana,2733
Verona,Mississippi,2732
Abita Springs,Louisiana,2731
Keego Harbor,Michigan,2729
Hartford,Alabama,2726
Pleasant Valley,Missouri,2726
New Town,North Dakota,2725
Luzerne,Pennsylvania,2723
North Kingsville,Ohio,2721
Springdale,South Carolina,2720
Sutter Creek,California,2718
Thomaston,New York,2718
Franklinton,North Carolina,2718
Coxsackie,New York,2717
New Cordell,Oklahoma,2716
Montpelier,Idaho,2715
Wentworth,North Carolina,2715
Monticello,Florida,2714
Cohasset,Minnesota,2714
Versailles,Ohio,2714
Cadiz,Kentucky,2713
Highspire,Pennsylvania,2713
Savanna,Illinois,2712
Burns,Oregon,2710
Philipsburg,Pennsylvania,2710
Lithopolis,Ohio,2708
Lovettsville,Virginia,2707
Rock Rapids,Iowa,2706
Liberty,North Carolina,2704
Strafford,Missouri,2703
Lakehurst,New Jersey,2703
Kulpmont,Pennsylvania,2703
Centreville,Alabama,2701
Vassar,Michigan,2698
Cajah's Mountain,North Carolina,2698
Bonners Ferry,Idaho,2697
Landrum,South Carolina,2697
Pawnee,Illinois,2696
Tobaccoville,North Carolina,2696
Roseau,Minnesota,2692
Follansbee,West Virginia,2692
Dallas,Pennsylvania,2691
Charleston,Arkansas,2690
Oakbrook Terrace,Illinois,2690
Hamilton,Illinois,2689
Piperton,Tennessee,2689
Balcones Heights,Texas,2689
Luverne,Alabama,2688
Hillsboro,Kansas,2688
East Lansdowne,Pennsylvania,2687
Sandusky,Michigan,2685
Granite Falls,Minnesota,2685
Monroe,Utah,2685
Pine Lawn,Missouri,2683
Diamond,Illinois,2682
East Tawas,Michigan,2680
Lomira,Wisconsin,2680
Butler,Indiana,2679
Edcouch,Texas,2677
Norton,Kansas,2676
Mountain View,Missouri,2674
Belleville,Wisconsin,2674
Bushnell,Illinois,2673
Foley,Minnesota,2673
Marysville,Pennsylvania,2673
Victor,New York,2672
Fillmore,Utah,2671
Royston,Georgia,2670
Sylva,North Carolina,2668
Garland,Utah,2668
Warden,Washington,2667
Ault,Colorado,2666
Lena,Illinois,2665
Green Park,Missouri,2664
Dublin,Virginia,2663
Fairview,Oklahoma,2661
Westworth Village,Texas,2661
Marshville,North Carolina,2660
South Bloomfield,Ohio,2660
Brent,Alabama,2659
Fairmount,Indiana,2659
Bethel,Ohio,2659
Chewelah,Washington,2659
Alturas,California,2657
Missouri Valley,Iowa,2656
Hudson Oaks,Texas,2656
Monroe City,Missouri,2655
Newtown,Ohio,2655
Stanton,Texas,2654
Dennison,Ohio,2653
West Wyoming,Pennsylvania,2653
Dayton,Oregon,2650
Pearl River,Louisiana,2648
Hartford,Kentucky,2647
Hawarden,Iowa,2644
Corinth,New York,2644
Brookville,Indiana,2643
Trenton,Illinois,2642
Clearwater,Kansas,2642
Ravenel,South Carolina,2642
Versailles,Missouri,2639
Christopher,Illinois,2637
Glenwood,Minnesota,2637
Tipton,Missouri,2637
Lake Point,Utah,2635
Dillsburg,Pennsylvania,2634
Valentine,Nebraska,2631
New Hope,Pennsylvania,2631
Sylvania,Georgia,2630
Evendale,Ohio,2630
Lake City,Arkansas,2628
Leadville,Colorado,2628
St. Leo,Florida,2628
La Fayette,Alabama,2625
Williamsburg,Ohio,2624
New Madrid,Missouri,2623
Fredericktown,Ohio,2619
Mitchellville,Iowa,2617
Hoisington,Kansas,2617
Rockledge,Pennsylvania,2617
Loogootee,Indiana,2616
Maine,Wisconsin,2616
Good Hope,Alabama,2615
Hallowell,Maine,2613
McLeansboro,Illinois,2610
Homer,Louisiana,2610
Red Lodge,Montana,2610
Hampton,South Carolina,2610
Hoxie,Arkansas,2609
Santa Claus,Indiana,2609
Harriman,New York,2609
Delmont,Pennsylvania,2607
Watonga,Oklahoma,2606
West Newton,Pennsylvania,2605
Ashley,Pennsylvania,2603
Palisade,Colorado,2602
Ingalls,Indiana,2602
St. Henry,Ohio,2602
Brusly,Louisiana,2599
Tularosa,New Mexico,2599
East Williston,New York,2599
Covington,Ohio,2598
Pelican Rapids,Minnesota,2597
Sumner,Illinois,2596
Combine,Texas,2595
Jonestown,Texas,2595
Alden,New York,2594
Belle Meade,Tennessee,2594
Osceola,Indiana,2593
Burlington,Kansas,2593
Forest Heights,Maryland,2593
Rockville,Indiana,2592
Wabasha,Minnesota,2592
Salina,Utah,2592
Louisa,Kentucky,2591
Palmhurst,Texas,2591
Eldora,Iowa,2589
Yorkville,New York,2588
Palmer Lake,Colorado,2587
Mangonia Park,Florida,2586
Derry,Pennsylvania,2586
West,Texas,2586
Rhinebeck,New York,2584
Hayward,Wisconsin,2584
Lithonia,Georgia,2583
Silver Creek,New York,2583
White Salmon,Washington,2583
Yardley,Pennsylvania,2582
Clayton,New Mexico,2581
Maynardville,Tennessee,2581
Brooklyn,Indiana,2580
Arcadia,Louisiana,2580
Ruidoso Downs,New Mexico,2579
Pleasant Ridge,Michigan,2577
Alburtis,Pennsylvania,2577
Seymour,Texas,2576
Bellevue,Idaho,2575
Round Lake Heights,Illinois,2575
Brinkley,Arkansas,2574
Weed,California,2574
Wellton,Arizona,2572
Superior,Arizona,2571
White Pine,Tennessee,2571
Pelican Bay,Texas,2571
Trinity,Alabama,2567
Tilton,Illinois,2566
Vergennes,Vermont,2566
Lake Arthur,Louisiana,2565
Reidsville,Georgia,2563
Escobares,Texas,2563
Mineral Point,Wisconsin,2563
Kemah,Texas,2562
Greenport,New York,2561
Paynesville,Minnesota,2558
Buckeye Lake,Ohio,2558
Poynette,Wisconsin,2558
Mount Vernon,Texas,2557
Dupont,Pennsylvania,2556
Palmer,Texas,2555
Bethlehem,West Virginia,2553
Weatherly,Pennsylvania,2551
Delhi,Louisiana,2550
Center Point,Iowa,2549
Gervais,Oregon,2547
Andrews,South Carolina,2546
Star Valley,Arizona,2545
Mosheim,Tennessee,2544
Horseshoe Bend,Arkansas,2543
Clarkson Valley,Missouri,2543
Newaygo,Michigan,2542
Village of Grosse Pointe Shores,Michigan,2542
Potosi,Missouri,2540
La Pine,Oregon,2540
Thunderbolt,Georgia,2539
Peapack and Gladstone,New Jersey,2538
Davis Junction,Illinois,2537
Jesup,Iowa,2537
New Lisbon,Wisconsin,2537
Belvidere,New Jersey,2536
Stonewall,Louisiana,2535
Swepsonville,North Carolina,2535
Drumright,Oklahoma,2535
Blasdell,New York,2534
Juneau,Wisconsin,2534
Lisbon,Ohio,2533
Junction,Texas,2531
Four Oaks,North Carolina,2530
Sumiton,Alabama,2528
Mayer,Minnesota,2528
Lawson,Missouri,2526
Telluride,Colorado,2525
Clinton,Arkansas,2524
Avoca,Pennsylvania,2524
Millersburg,Pennsylvania,2522
Reed City,Michigan,2521
Spring Lake,Michigan,2521
Osseo,Minnesota,2521
Skaneateles,New York,2520
Floydada,Texas,2519
Calvert City,Kentucky,2517
Le Center,Minnesota,2517
Wolf Point,Montana,2517
Lake Lotawana,Missouri,2515
Penndel,Pennsylvania,2515
Deerfield,Wisconsin,2515
Lavaca,Arkansas,2514
Lake Placid,Florida,2514
Beverly,New Jersey,2514
Bald Knob,Arkansas,2513
Dalton Gardens,Idaho,2513
Dayton,Washington,2510
Darlington,Wisconsin,2509
Grifton,North Carolina,2507
Panorama Village,Texas,2507
South Hutchinson,Kansas,2506
Pagedale,Missouri,2506
Pageland,South Carolina,2504
Lake Crystal,Minnesota,2502
Daingerfield,Texas,2502
Winneconne,Wisconsin,2502
Chesterfield,Indiana,2501
Curwensville,Pennsylvania,2501
Brewster,New York,2500
Lewiston,New York,2500
East Dublin,Georgia,2499
Piermont,New York,2499
Silver Lake,Ohio,2498
Dermott,Arkansas,2497
Many,Louisiana,2497
Country Club,Missouri,2497
Village of Four Seasons,Missouri,2496
Reynoldsville,Pennsylvania,2496
Belgium,Wisconsin,2495
Richwood,Ohio,2494
Washington Park,Illinois,2493
Sabetha,Kansas,2493
Lennox,South Dakota,2493
Indian Springs Village,Alabama,2492
Chamberlain,South Dakota,2491
Marquette Heights,Illinois,2490
Allendale,South Carolina,2490
Spring Grove,Pennsylvania,2488
Cass City,Michigan,2487
Clinton,Michigan,2487
Moorefield,West Virginia,2487
Crisfield,Maryland,2486
Seaside Heights,New Jersey,2486
Coopersburg,Pennsylvania,2486
Ruleville,Mississippi,2485
Lineville,Alabama,2484
Red Hill,Pennsylvania,2484
Hooks,Texas,2484
Ashland,Pennsylvania,2483
Pantego,Texas,2481
Gibsonburg,Ohio,2480
Shenandoah,Virginia,2480
Spirit Lake,Idaho,2479
Hartford,Michigan,2479
Whitehall,New York,2478
Elizabeth,Colorado,2477
Pacolet,South Carolina,2477
Rainier,Washington,2476
Avilla,Indiana,2475
Anchorage,Kentucky,2475
Bells,Tennessee,2475
Claxton,Georgia,2474
Morgantown,Kentucky,2474
Cordova,Alaska,2473
St. Maries,Idaho,2473
Sandstone,Minnesota,2473
Casselton,North Dakota,2472
Sabina,Ohio,2472
Clio,Michigan,2471
Myrtle Point,Oregon,2471
McAdoo,Pennsylvania,2469
Janesville,Minnesota,2468
Millville,Utah,2468
Spooner,Wisconsin,2468
Naples,Utah,2466
Girard,Kansas,2465
Spencer,Indiana,2464
Pequot Lakes,Minnesota,2464
Garrettsville,Ohio,2463
Mountain City,Tennessee,2463
Gunter,Texas,2463
Norwood,North Carolina,2462
Spring Valley,Minnesota,2459
Jay,Oklahoma,2458
Lakeview,Oregon,2458
Milan,New Mexico,2457
Mount Vernon,Kentucky,2456
Gowanda,New York,2456
Macon,Mississippi,2455
Mayodan,North Carolina,2452
Kellogg,Idaho,2450
Bowling Green,Florida,2449
Trinity,Texas,2449
Hardinsburg,Kentucky,2448
West Lafayette,Ohio,2448
Colwyn,Pennsylvania,2448
Attica,New York,2447
Rugby,North Dakota,2446
Eddyville,Kentucky,2444
Decherd,Tennessee,2444
Okolona,Mississippi,2443
England,Arkansas,2441
Carthage,Illinois,2441
Brookwood,Alabama,2440
Villa Grove,Illinois,2440
Nanty-Glo,Pennsylvania,2438
Helmetta,New Jersey,2437
Enon,Ohio,2437
Castle Rock,Washington,2437
Eddystone,Pennsylvania,2435
Calabash,North Carolina,2433
Merkel,Texas,2433
Hull,Iowa,2432
West Union,Iowa,2432
Marcus Hook,Pennsylvania,2432
El Cenizo,Texas,2432
Crosslake,Minnesota,2431
East Newark,New Jersey,2428
North Pole,Alaska,2427
Guntown,Mississippi,2427
St. Paul,Nebraska,2427
Belville,North Carolina,2427
Coaldale,Pennsylvania,2427
Tahoka,Texas,2427
Rockville,Minnesota,2426
Emsworth,Pennsylvania,2426
Vernonia,Oregon,2425
Poland,Ohio,2423
Aviston,Illinois,2422
Denmark,Wisconsin,2422
Glenrock,Wyoming,2421
Chiefland,Florida,2420
Wrightsville Beach,North Carolina,2420
Sheridan,Illinois,2418
Tutwiler,Mississippi,2418
Sisseton,South Dakota,2418
Okanogan,Washington,2418
Dousman,Wisconsin,2418
Highfill,Arkansas,2417
Montague,Michigan,2417
Matamoras,Pennsylvania,2417
Granville,New York,2416
Holiday Island,Arkansas,2415
Postville,Iowa,2415
Richlands,North Carolina,2415
Galva,Illinois,2414
Hamburg,Arkansas,2413
Westminster,South Carolina,2413
Apalachicola,Florida,2412
Chesaning,Michigan,2412
Leavenworth,Washington,2412
Gold Bar,Washington,2411
Cedaredge,Colorado,2410
Nekoosa,Wisconsin,2409
Paden City,West Virginia,2408
Greentown,Indiana,2405
Marengo,Iowa,2404
Woodville,Texas,2404
Windy Hills,Kentucky,2403
Ashville,Alabama,2402
Conrad,Montana,2402
Crooksville,Ohio,2402
Kenilworth,Illinois,2401
Premont,Texas,2401
Prague,Oklahoma,2400
Belmond,Iowa,2399
Wells,Minnesota,2398
Muncy,Pennsylvania,2398
Elmendorf,Texas,2398
Kimberling City,Missouri,2395
Verona,Pennsylvania,2395
Carrollton,Illinois,2394
Salado,Texas,2394
Turner,Oregon,2393
Kemmerer,Wyoming,2393
Sonora,Texas,2391
Lapel,Indiana,2390
Quartzsite,Arizona,2389
New Haven,Missouri,2389
Nixon,Texas,2389
Portage,Pennsylvania,2388
Cascade,Iowa,2385
South Congaree,South Carolina,2385
Swanton,Vermont,2385
Hebron,Ohio,2384
Toledo,Iowa,2383
Carrabelle,Florida,2382
Kechi,Kansas,2380
University Park,Maryland,2379
Lockport,Louisiana,2378
Mohawk,New York,2378
Abbeville,Alabama,2377
Madelia,Minnesota,2375
New London,Ohio,2375
Las Animas,Colorado,2374
Midland,Pennsylvania,2374
Woodmont,Connecticut,2372
Santa Rosa,Texas,2372
The Hills,Texas,2372
Murfreesboro,North Carolina,2371
Rockwell,North Carolina,2370
Park Falls,Wisconsin,2369
Meeker,Colorado,2368
Winfield,West Virginia,2368
Seville,Ohio,2366
Westby,Wisconsin,2366
Sterlington,Louisiana,2365
Freer,Texas,2363
Hudson,Michigan,2362
Cave City,Kentucky,2360
Walters,Oklahoma,2359
West Branch,Michigan,2358
Flandreau,South Dakota,2358
Panhandle,Texas,2358
Rogue River,Oregon,2357
Lincoln,Arkansas,2355
Crosby,Minnesota,2355
Tazewell,Tennessee,2354
West Fork,Arkansas,2353
Pinckney,Michigan,2353
Healdton,Oklahoma,2353
Casey,Illinois,2350
Lovell,Wyoming,2350
Fowler,Indiana,2349
Alpha,New Jersey,2348
Haw River,North Carolina,2348
Charlevoix,Michigan,2347
Concordia,Missouri,2346
Arcola,Texas,2346
Malad City,Idaho,2344
Dannemora,New York,2343
Englishtown,New Jersey,2342
Byesville,Ohio,2341
Belle Plaine,Iowa,2340
Volga,South Dakota,2340
Webster County,Georgia,2337
Carleton,Michigan,2337
De Leon,Texas,2337
Ely,Iowa,2335
Morrisville,Vermont,2334
Alamo,Tennessee,2333
Sugarcreek,Ohio,2331
Bentleyville,Pennsylvania,2331
Gambier,Ohio,2330
Ashford,Alabama,2329
Johnsonburg,Pennsylvania,2329
Warsaw,Missouri,2328
Arcanum,Ohio,2328
Homerville,Georgia,2327
Duquesne,Missouri,2327
Riverview,Missouri,2327
Gold Beach,Oregon,2327
Mayflower,Arkansas,2326
Gaylord,Minnesota,2326
Lauderdale,Minnesota,2326
Jonesville,North Carolina,2326
Terrace Park,Ohio,2323
New Ellenton,South Carolina,2321
Dyer,Tennessee,2321
Abbotsford,Wisconsin,2321
Bellevue,Iowa,2320
Cambridge Springs,Pennsylvania,2320
Hedwig Village,Texas,2320
Waynesboro,Tennessee,2319
St. Hedwig,Texas,2319
Winters,Texas,2319
Overton,Texas,2316
Wray,Colorado,2315
Roaring Spring,Pennsylvania,2315
Coudersport,Pennsylvania,2314
Henry,Illinois,2312
Seneca,Illinois,2311
Neillsville,Wisconsin,2311
Hayti,Missouri,2310
Taylor,Alabama,2309
Wenonah,New Jersey,2309
Blue Mound,Texas,2308
York,Alabama,2307
Roman Forest,Texas,2306
Henagar,Alabama,2305
Arlington,Minnesota,2305
Cumberland,Wisconsin,2304
Farmington,Illinois,2303
Hickman,Kentucky,2303
Geistown,Pennsylvania,2303
Parkside,Pennsylvania,2303
Bloomfield,Indiana,2302
Anson,Texas,2302
Odem,Texas,2302
Wellsburg,West Virginia,2302
La Salle,Colorado,2301
Raceland,Kentucky,2301
Goshen,Arkansas,2299
Laurel Park,North Carolina,2299
Midland City,Alabama,2296
Croswell,Michigan,2296
Holyoke,Colorado,2295
Rio Hondo,Texas,2295
Tool,Texas,2295
Oxford,Georgia,2294
St. Ignace,Michigan,2293
Seneca,Missouri,2293
Ogdensburg,New Jersey,2293
Wilburton,Oklahoma,2293
Pine Ridge,South Carolina,2293
Youngsville,North Carolina,2291
Ross,California,2290
Lannon,Wisconsin,2290
Louisville,Georgia,2289
Fulton,Kentucky,2289
Junction City,Kentucky,2289
Olivia,Minnesota,2289
Frankfort,New York,2289
Nicoma Park,Oklahoma,2289
Enterprise,Utah,2289
Winamac,Indiana,2287
Rangely,Colorado,2286
Belleair Bluffs,Florida,2286
Tompkinsville,Kentucky,2286
New Concord,Ohio,2286
Westport,Washington,2286
Victor,Idaho,2285
New Stanton,Pennsylvania,2285
Eatonville,Florida,2284
Irvine,Kentucky,2284
Fredonia,Wisconsin,2284
Hawley,Minnesota,2283
Willard,Utah,2283
Albany,Indiana,2282
Ranger,Texas,2282
Georgetown-Quitman County,Georgia,2280
Jacksboro,Tennessee,2279
Excelsior,Minnesota,2277
Pine Level,North Carolina,2277
Hazen,North Dakota,2276
Adamsville,Tennessee,2276
Shinnston,West Virginia,2276
Sterling,Kansas,2275
Lake Placid,New York,2275
Dalworthington Gardens,Texas,2275
Thornton,Illinois,2273
Snow Hill,Maryland,2273
Holden,Missouri,2273
Taylorsville,North Carolina,2273
Bronson,Michigan,2272
Electra,Texas,2272
Collins,Mississippi,2271
Blountstown,Florida,2270
Cape Carteret,North Carolina,2270
Estill Springs,Tennessee,2270
Afton,Wyoming,2270
Pulaski,New York,2269
Dublin,Pennsylvania,2269
Polkton,North Carolina,2268
Petersburg,West Virginia,2268
Lathrop,Missouri,2267
Riverside,Alabama,2266
Commerce,Oklahoma,2266
Liberty,Pennsylvania,2266
Middletown,Indiana,2264
Eureka,Kansas,2264
Carthage,Tennessee,2264
Kinsey,Alabama,2263
Vance,Alabama,2263
Driggs,Idaho,2263
Glendale,Ohio,2263
Briarcliff,Texas,2263
Bridgeport,Alabama,2262
Colfax,Iowa,2262
Coats,North Carolina,2261
Virginia Gardens,Florida,2260
Oakland City,Indiana,2260
Petersburg,Indiana,2260
La Porte City,Iowa,2259
Horse Cave,Kentucky,2258
Willamina,Oregon,2258
Cheswold,Delaware,2257
Waldport,Oregon,2257
Mount Union,Pennsylvania,2257
Clifton,Tennessee,2257
Granby,Colorado,2256
Newtown,Pennsylvania,2256
Dora,Alabama,2255
Kiefer,Oklahoma,2255
Midway,Georgia,2253
East Brewton,Alabama,2252
Polo,Illinois,2252
St. Croix Falls,Wisconsin,2252
Arthur,Illinois,2251
Malakoff,Texas,2251
East Jordan,Michigan,2250
Liverpool,New York,2250
Tullytown,Pennsylvania,2250
Morris,Alabama,2249
North York,Pennsylvania,2247
Wrightsville,Pennsylvania,2247
Wayne,Illinois,2246
Phillipsburg,Kansas,2244
Tremont,Illinois,2243
Falconer,New York,2241
Plattsburg,Missouri,2240
Oyster Bay Cove,New York,2240
East Bernard,Texas,2240
Kalkaska,Michigan,2239
Gibbsboro,New Jersey,2239
New Miami,Ohio,2238
Brockway,Pennsylvania,2238
Crewe,Virginia,2238
Brighton,Alabama,2237
Amboy,Illinois,2236
Kohler,Wisconsin,2235
Greensburg,Kentucky,2233
Elkton,Kentucky,2230
New Boston,Ohio,2229
Rising Sun,Indiana,2228
Varnell,Georgia,2227
Gates Mills,Ohio,2227
Seagraves,Texas,2227
Clinton,Wisconsin,2227
Trenton,Georgia,2226
Pinehurst,Texas,2226
Quanah,Texas,2226
Winsted,Minnesota,2225
Carlton,Oregon,2225
Gassville,Arkansas,2223
Marriott-Slaterville,Utah,2223
Albion,Indiana,2222
Morenci,Michigan,2222
Mars Hill,North Carolina,2222
Wautoma,Wisconsin,2220
Willow Springs,Missouri,2219
Oakboro,North Carolina,2218
Newport,Washington,2217
Delmar,Delaware,2216
Buchanan,New York,2215
Watsontown,Pennsylvania,2214
Clayton,Alabama,2212
Bowdon,Georgia,2211
Dawson Springs,Kentucky,2211
Falmouth,Kentucky,2211
Milford,Nebraska,2211
Cle Elum,Washington,2211
Stevensville,Montana,2210
Rouses Point,New York,2210
Canadian,Texas,2210
Harrisburg,Arkansas,2209
Maple Lake,Minnesota,2209
Graceville,Florida,2208
Monrovia,Indiana,2208
Lisbon,Iowa,2208
New Glarus,Wisconsin,2208
Lyford,Texas,2207
Orchard Lake Village,Michigan,2206
Lordsburg,New Mexico,2203
Fairmont,North Carolina,2203
Marked Tree,Arkansas,2202
White Hall,Illinois,2201
Phoenix,New York,2201
Lake Ozark,Missouri,2200
Elwood,Illinois,2199
Dry Ridge,Kentucky,2199
North Prairie,Wisconsin,2198
Petersburg,Illinois,2197
South Fulton,Tennessee,2197
Neodesha,Kansas,2196
Rockwell City,Iowa,2195
Bellport,New York,2195
Churchville,New York,2195
Pine Beach,New Jersey,2193
Genoa,Ohio,2193
Antlers,Oklahoma,2193
New Market,Virginia,2193
Trenton,Florida,2192
Kimball,Nebraska,2192
Westhampton Beach,New York,2192
Spruce Pine,North Carolina,2191
Caryville,Tennessee,2191
Eureka Springs,Arkansas,2190
Holcomb,Kansas,2190
Cowpens,South Carolina,2190
Ferdinand,Indiana,2189
Madison,Nebraska,2189
Lyman,Wyoming,2189
Altamont,Illinois,2188
Versailles,Indiana,2188
Tappahannock,Virginia,2187
White Sulphur Springs,West Virginia,2187
Howard Lake,Minnesota,2186
Hermann,Missouri,2186
Houston,Missouri,2185
Stanley,North Dakota,2184
Shorewood Hills,Wisconsin,2182
Marlborough,Missouri,2180
Noel,Missouri,2180
River Heights,Utah,2180
Wewahitchka,Florida,2179
North Beach,Maryland,2177
Rice,Minnesota,2177
Kentwood,Louisiana,2176
Newkirk,Oklahoma,2176
Stewartstown,Pennsylvania,2176
Carnation,Washington,2176
Haverhill,Florida,2175
Fort Pierre,South Dakota,2175
Plainview,Tennessee,2175
Fairmont City,Illinois,2174
Shelby,Michigan,2174
Hennessey,Oklahoma,2174
Lisbon,North Dakota,2173
Southwest Greensburg,Pennsylvania,2173
Ronan,Montana,2172
Canisteo,New York,2172
Spiro,Oklahoma,2172
Jonesville,Michigan,2171
Bottineau,North Dakota,2171
Copper Canyon,Texas,2171
Woodsfield,Ohio,2170
Clifton Springs,New York,2169
Lavonia,Georgia,2167
Maysville,Georgia,2167
Leipsic,Ohio,2167
George West,Texas,2167
Brighton,Illinois,2166
Fairfield Bay,Arkansas,2165
Redington Shores,Florida,2164
Spencerville,Ohio,2164
Greensboro,Alabama,2163
Shiner,Texas,2163
Harrison,Michigan,2162
St. Bonifacius,Minnesota,2162
Hollandale,Mississippi,2162
Morrow,Ohio,2162
Olmos Park,Texas,2161
Chetek,Wisconsin,2161
Cheney,Kansas,2160
Waterloo,Indiana,2157
Piketon,Ohio,2157
Kure Beach,North Carolina,2156
Madison,North Carolina,2156
Middleport,Ohio,2156
Bridgeport,Washington,2156
Bayou La Batre,Alabama,2155
Schofield,Wisconsin,2154
Cloverdale,Indiana,2152
Aitkin,Minnesota,2152
Weimar,Texas,2152
Lyons,Colorado,2151
West Terre Haute,Indiana,2151
Knightstown,Indiana,2150
Louisa,Virginia,2150
Parma,Idaho,2149
Thorsby,Alabama,2148
Beattyville,Kentucky,2148
Guin,Alabama,2147
Houston,Alaska,2146
Eagle,Wisconsin,2146
Mendenhall,Mississippi,2145
Kamas,Utah,2145
Hope,Indiana,2144
Camden,New York,2143
Burns Harbor,Indiana,2142
Seneca,Kansas,2142
Hinton,West Virginia,2142
Fishkill,New York,2141
Atkins,Iowa,2140
Napavine,Washington,2140
Pink,Oklahoma,2139
Robesonia,Pennsylvania,2139
Blaine,Tennessee,2139
Halstead,Kansas,2138
East Helena,Montana,2138
Essex Fells,New Jersey,2138
Clyde,New York,2138
Creston,Ohio,2138
Woodbine,New Jersey,2136
Clarkesville,Georgia,2135
Geneva,Nebraska,2135
Conway,Pennsylvania,2135
Johnston,South Carolina,2135
Ridgetop,Tennessee,2134
Slocomb,Alabama,2133
Townsend,Montana,2133
Chouteau,Oklahoma,2133
Jellico,Tennessee,2132
Columbus Grove,Ohio,2131
Redfield,South Dakota,2131
Kountze,Texas,2131
Enterprise,Oregon,2130
Jermyn,Pennsylvania,2130
Oak Hill,Florida,2128
Cherryvale,Kansas,2128
Jackson,Kentucky,2128
Wrens,Georgia,2127
Dillingham,Alaska,2126
Perry,Michigan,2126
Helper,Utah,2126
Cuba City,Wisconsin,2126
Council Grove,Kansas,2125
Portola,California,2124
Peosta,Iowa,2122
Nisswa,Minnesota,2122
Sea Isle City,New Jersey,2122
Glen Rock,Pennsylvania,2122
Lakin,Kansas,2121
Waverly,Minnesota,2121
Union,Oregon,2118
Mountain Lake Park,Maryland,2117
Hughesville,Pennsylvania,2116
Mason,Texas,2116
Stephens City,Virginia,2116
Sugar City,Idaho,2115
Lake Mills,Iowa,2115
Utica,Ohio,2115
Richmond,Illinois,2114
Groton,New York,2114
Maxton,North Carolina,2114
Amherst,Virginia,2113
Chester,West Virginia,2113
Carlisle,Kentucky,2112
Parsons,Tennessee,2112
Weatherby Lake,Missouri,2111
Marceline,Missouri,2110
Elberta,Alabama,2109
Manhattan,Montana,2109
South Greensburg,Pennsylvania,2109
Kensington,Maryland,2108
Cedar Grove,Wisconsin,2108
Atlantis,Florida,2107
Troup,Texas,2107
San Juan Bautista,California,2106
Clearwater,Minnesota,2106
Idalou,Texas,2106
Jal,New Mexico,2105
Timmonsville,South Carolina,2105
Brewster,Ohio,2103
Seabrook Island,South Carolina,2103
Beresford,South Dakota,2103
Brownsville,Pennsylvania,2102
Flora,Indiana,2101
Cardington,Ohio,2101
Lima,New York,2099
Stanfield,Oregon,2099
Dunkirk,Indiana,2098
Herington,Kansas,2098
Tioga,North Dakota,2097
New Wilmington,Pennsylvania,2097
Eupora,Mississippi,2096
Moline Acres,Missouri,2096
Star City,Arkansas,2092
Roberts,Wisconsin,2092
Nokomis,Illinois,2091
Walkerton,Indiana,2091
Leechburg,Pennsylvania,2091
Whitney,Texas,2090
Williamsport,Maryland,2086
Marionville,Missouri,2086
Walnutport,Pennsylvania,2086
Veedersburg,Indiana,2085
New Llano,Louisiana,2085
Hurlock,Maryland,2085
Old Brookville,New York,2085
Benton,Louisiana,2083
Folly Beach,South Carolina,2083
Leonard,Texas,2083
Granby,Missouri,2081
Caledonia,New York,2080
Italy,Texas,2079
Bel-Ridge,Missouri,2078
Ord,Nebraska,2078
McCormick,South Carolina,2077
Jamestown,Tennessee,2077
Cologne,Minnesota,2075
Elk Point,South Dakota,2075
Lexington,Illinois,2074
Fredonia,Kansas,2073
Jamestown,Ohio,2073
West Tawakoni,Texas,2072
Glenwood,Arkansas,2070
Krebs,Oklahoma,2070
Orleans,Indiana,2069
Anthony,Kansas,2069
Southport,Indiana,2068
Kinder,Louisiana,2066
Lake Odessa,Michigan,2065
Manchester,Michigan,2065
Collinsville,Alabama,2064
Wrangell city and,Alaska,2064
Sewall's Point,Florida,2064
Sumrall,Mississippi,2064
Anderson,Missouri,2064
Bayard,New Mexico,2064
Brooklet,Georgia,2063
Clayton,Georgia,2063
Fremont,Indiana,2063
Huntington,Texas,2062
Pine Grove,Pennsylvania,2061
Ninety Six,South Carolina,2061
Bertram,Texas,2060
Galesburg,Michigan,2059
Port Allegany,Pennsylvania,2059
Edgewood,Indiana,2058
St. Pauls,North Carolina,2056
Aliceville,Alabama,2055
Hart,Michigan,2055
Colstrip,Montana,2055
Elmwood Place,Ohio,2055
Kouts,Indiana,2054
Astatula,Florida,2053
Oakwood Hills,Illinois,2053
Bridgman,Michigan,2053
Canajoharie,New York,2053
Lookout Mountain,Tennessee,2053
Cave Junction,Oregon,2052
Chase City,Virginia,2052
Elsberry,Missouri,2051
Pardeeville,Wisconsin,2051
Belvedere,California,2050
Colfax,California,2050
Keenesburg,Colorado,2050
Sussex,New Jersey,2050
Millville,Delaware,2049
Halls,Tennessee,2049
Northwood,Iowa,2048
Cambridge,Illinois,2047
Dakota City,Nebraska,2047
Demorest,Georgia,2046
Narrows,Virginia,2046
Auburn,Michigan,2044
Brewster,Washington,2044
Pecatonica,Illinois,2042
Star Valley Ranch,Wyoming,2042
South Padre Island,Texas,2041
Tracy,Minnesota,2040
Granger,Iowa,2038
Topton,Pennsylvania,2038
Johnson City,Texas,2037
McCleary,Washington,2037
Memphis,Texas,2035
Pegram,Tennessee,2034
Pinedale,Wyoming,2034
Greenfield,Iowa,2033
Lexington,Oklahoma,2032
Washburn,Wisconsin,2032
Sumner,Iowa,2031
Mount Sterling,Ohio,2030
Berkeley Lake,Georgia,2029
Sparks,Georgia,2029
Brundidge,Alabama,2028
Trail Creek,Indiana,2027
Chevy Chase Village,Maryland,2027
Waterford,New York,2026
Kirbyville,Texas,2026
Cooper,Texas,2025
Vincent,Alabama,2024
Epworth,Iowa,2024
Cabool,Missouri,2024
New Eagle,Pennsylvania,2024
Collinsville,Texas,2023
Gate City,Virginia,2023
Mount Zion,Georgia,2022
Union City,Oklahoma,2022
Angola,New York,2021
Redgranite,Wisconsin,2021
Cleona,Pennsylvania,2020
Sac City,Iowa,2019
Goodrich,Michigan,2019
Eyota,Minnesota,2019
Alta,Iowa,2018
Merriam Woods,Missouri,2018
Greenfield,Tennessee,2018
Durant,Mississippi,2017
McDonald,Pennsylvania,2017
Moscow,Pennsylvania,2017
Mount Sterling,Illinois,2016
Meyersdale,Pennsylvania,2016
Lake Butler,Florida,2015
Farmington,Mississippi,2015
Pawling,New York,2015
Quitman,Texas,2015
Carlisle,Arkansas,2014
Dolgeville,New York,2014
Rehobeth,Alabama,2013
Wapello,Iowa,2013
Riverside,Pennsylvania,2013
Mount Holly Springs,Pennsylvania,2011
Liberty,Indiana,2010
Monroe,Iowa,2010
Moriarty,New Mexico,2010
Carrington,North Dakota,2009
Elmwood,Illinois,2008
Jasonville,Indiana,2008
Irrigon,Oregon,2008
Mount Jackson,Virginia,2008
Boonville,New York,2007
Ganado,Texas,2007
Lipscomb,Alabama,2006
Blanco,Texas,2005
Shepherd,Texas,2005
Britt,Iowa,2004
Union,Mississippi,2004
Batavia,Ohio,2004
Liberty,Kentucky,2003
Limon,Colorado,2002
Yanceyville,North Carolina,2002
Fisher,Illinois,2001
Cowarts,Alabama,2000
Wakarusa,Indiana,1999
Audubon,Iowa,1999
Danville,Arkansas,1997
Anahuac,Texas,1997
Hale Center,Texas,1997
Upper Nyack,New York,1996
Southmont,Pennsylvania,1996
Scottsville,New York,1995
Cave City,Arkansas,1994
Cimarron,Kansas,1994
Chelsea,Oklahoma,1994
Cold Spring,New York,1993
McColl,South Carolina,1993
Springfield,Minnesota,1992
East McKeesport,Pennsylvania,1992
Appomattox,Virginia,1992
Ocean Gate,New Jersey,1991
Fort Plain,New York,1991
Dunnellon,Florida,1990
Ida Grove,Iowa,1990
Constantine,Michigan,1990
Hoyt Lakes,Minnesota,1990
Carlin,Nevada,1990
Mill City,Oregon,1990
Runaway Bay,Texas,1990
Coleraine,Minnesota,1989
Walton Hills,Ohio,1988
Belleville,Kansas,1987
Coaling,Alabama,1986
Three Forks,Montana,1986
Bellville,Ohio,1986
Sigourney,Iowa,1985
Woodville,Ohio,1985
Ortonville,Minnesota,1984
Laurel Springs,New Jersey,1984
Little River-Academy,Texas,1984
Parkersburg,Iowa,1983
Cresson,Texas,1983
Oakley,Kansas,1982
Warson Woods,Missouri,1982
Huntington,Utah,1982
Spencer,West Virginia,1982
Westmorland,California,1981
Mason City,Illinois,1981
Arcade,Georgia,1980
Hertford,North Carolina,1980
Walden,Tennessee,1979
Rockport,Indiana,1977
Bangor,Michigan,1977
Slayton,Minnesota,1977
Hillsboro Beach,Florida,1975
Mount Vernon,Georgia,1975
Kahoka,Missouri,1975
Camden,Ohio,1975
Kiawah Island,South Carolina,1975
Lamoni,Iowa,1974
Syracuse,Nebraska,1974
Stevenson,Alabama,1973
Quitman,Mississippi,1973
Rockdale,Illinois,1972
Hinckley,Illinois,1971
Livingston,Louisiana,1971
Toquerville,Utah,1970
Trion,Georgia,1969
Imperial,Nebraska,1969
Capac,Michigan,1968
Poth,Texas,1968
Creola,Alabama,1967
Dallas Center,Iowa,1966
Bennington,Nebraska,1966
Adamstown,Pennsylvania,1966
Williamsport,Indiana,1965
Burnham,Pennsylvania,1965
Lewistown,Illinois,1964
Cross Roads,Texas,1964
Uniontown,Alabama,1963
Ogden,Iowa,1963
Munising,Michigan,1963
Olathe,Colorado,1962
Mount Olive,Illinois,1961
New Chicago,Indiana,1961
Van Horn,Texas,1961
Ellinwood,Kansas,1960
Roundup,Montana,1960
Berlin,Pennsylvania,1960
Trainer,Pennsylvania,1960
Warroad,Minnesota,1959
Jones Creek,Texas,1958
Splendora,Texas,1958
Lewiston,Utah,1958
Erath,Louisiana,1957
Ponderay,Idaho,1956
St. Charles,Michigan,1956
Hanley Hills,Missouri,1956
Moundridge,Kansas,1955
Krugerville,Texas,1955
Newtown,Connecticut,1953
Cottonport,Louisiana,1952
Blooming Prairie,Minnesota,1952
Red Hook,New York,1949
Dover,Pennsylvania,1949
Spring City,Tennessee,1948
Prairie Grove,Illinois,1947
Denver,Iowa,1946
Grayling,Michigan,1946
Mountain Lake,Minnesota,1946
Sparta,Missouri,1946
Leesport,Pennsylvania,1946
Calico Rock,Arkansas,1945
Minerva Park,Ohio,1944
Pawnee,Oklahoma,1944
Columbia City,Oregon,1944
Winlock,Washington,1944
Hurstbourne Acres,Kentucky,1943
Myersville,Maryland,1943
Purvis,Mississippi,1943
Mabton,Washington,1943
Tenino,Washington,1943
Ashland,Alabama,1942
Waverly,Virginia,1942
Waskom,Texas,1940
Davisboro,Georgia,1939
Ellijay,Georgia,1938
Monon,Indiana,1938
Lakesite,Tennessee,1938
Minneapolis,Kansas,1936
L'Anse,Michigan,1936
Hinckley,Minnesota,1936
Mona,Utah,1935
Florala,Alabama,1934
Bull Shoals,Arkansas,1934
Roanoke,Illinois,1934
Baxter,Tennessee,1934
Campbellsport,Wisconsin,1934
Haynesville,Louisiana,1933
Avon-by-the-Sea,New Jersey,1933
Vale,Oregon,1933
Mercer,Pennsylvania,1933
Wilber,Nebraska,1931
Wellsville,Kansas,1930
Lake Isabella,Michigan,1929
Coupeville,Washington,1928
Wynnewood,Oklahoma,1927
Great Falls,South Carolina,1927
Wilsonville,Alabama,1926
Vinita Park,Missouri,1926
Rainier,Oregon,1926
Grandview,Texas,1926
Olton,Texas,1926
Colby,Wisconsin,1926
Greensboro,Maryland,1925
Arcade,New York,1925
Stewart Manor,New York,1925
Leachville,Arkansas,1924
Center,Colorado,1924
Catlin,Illinois,1924
Dalton,Ohio,1924
Silverhill,Alabama,1923
Long Lake,Minnesota,1923
Laurel Hollow,New York,1923
Albany,Texas,1923
Baraga,Michigan,1922
Sullivan's Island,South Carolina,1922
Biggs,California,1921
Ellis,Kansas,1921
Decatur,Mississippi,1920
Westlake,Texas,1920
Hayden,Colorado,1919
Mannington,West Virginia,1916
Springfield,South Dakota,1913
Surgoinsville,Tennessee,1913
Lake Village,Arkansas,1912
Gibbon,Nebraska,1912
Blacksburg,South Carolina,1912
Westover,Alabama,1911
New Carlisle,Indiana,1910
Seymour,Missouri,1909
Three Way,Tennessee,1909
Chapin,South Carolina,1908
Athens,Illinois,1907
Blackville,South Carolina,1907
Columbus,Montana,1906
Delaware City,Delaware,1905
Kershaw,South Carolina,1905
Prophetstown,Illinois,1904
Leslie,Michigan,1903
Minonk,Illinois,1902
South Zanesville,Ohio,1902
Burns Flat,Oklahoma,1902
Lester Prairie,Minnesota,1901
New Oxford,Pennsylvania,1901
Elida,Ohio,1900
Honey Brook,Pennsylvania,1900
Cedar Bluff,Alabama,1899
Marion,Kansas,1898
Thayer,Missouri,1898
El Portal,Florida,1897
Royal City,Washington,1897
Hartshorne,Oklahoma,1896
Dauphin Island,Alabama,1895
Howard City,Michigan,1895
Colquitt,Georgia,1894
Hopewell,New Jersey,1894
Sparta,North Carolina,1894
Parchment,Michigan,1893
Cross Plains,Tennessee,1893
Meadowlakes,Texas,1893
Augusta,Arkansas,1892
Nettleton,Mississippi,1892
Inola,Oklahoma,1892
Steeleville,Illinois,1890
Yale,Michigan,1890
St. Lawrence,Pennsylvania,1890
Fontana-on-Geneva Lake,Wisconsin,1890
Patton Village,Texas,1888
Merrionette Park,Illinois,1886
Stratford,Texas,1886
St. Paris,Ohio,1885
Porterdale,Georgia,1884
Melbourne,Arkansas,1883
Judsonia,Arkansas,1881
Raymond,Mississippi,1881
Pikeville,Tennessee,1880
Trempealeau,Wisconsin,1880
Battle Ground,Indiana,1879
Nicholson,Georgia,1878
Kenyon,Minnesota,1878
Jamestown,Kentucky,1876
Laurium,Michigan,1876
Warrenton,Georgia,1875
Dover,Tennessee,1875
New Athens,Illinois,1873
Malta,Montana,1872
Woodcreek,Texas,1872
Albion,Illinois,1871
New London,Iowa,1870
Shelby,Mississippi,1870
Gearhart,Oregon,1870
Caldwell,Ohio,1869
Wyoming,Delaware,1868
Beverly Hills,Texas,1867
San Augustine,Texas,1867
Churubusco,Indiana,1866
Edgerton,Ohio,1866
Duenweg,Missouri,1864
Lattingtown,New York,1864
Badin,North Carolina,1864
Dryden,New York,1863
New Hartford,New York,1862
Rushford,Minnesota,1861
Piedmont,Missouri,1861
Graysville,Alabama,1860
Samson,Alabama,1860
Durham,Oregon,1860
Lacon,Illinois,1859
Clarendon,Texas,1859
Sesser,Illinois,1857
Lykens,Pennsylvania,1857
Cameron,Wisconsin,1857
Phelps,New York,1856
Emporium,Pennsylvania,1856
Millwood,Washington,1856
Stuart,Iowa,1855
East Pittsburgh,Pennsylvania,1855
Buffalo,Texas,1855
Southside Place,Texas,1855
Gila Bend,Arizona,1854
South Roxana,Illinois,1854
Harlan,Kentucky,1854
Gallatin,Missouri,1854
Lakeside,Oregon,1854
Chapel Hill,Tennessee,1854
Marlette,Michigan,1853
Carterville,Missouri,1853
Biscoe,North Carolina,1852
Oroville,Washington,1852
Hamlin,Texas,1851
Jefferson,Texas,1851
Sour Lake,Texas,1851
Hammond,Wisconsin,1851
Ben Avon,Pennsylvania,1850
South Connellsville,Pennsylvania,1850
Vernon,Alabama,1849
Valley View,Ohio,1849
Arkoma,Oklahoma,1849
Brownsville,Oregon,1849
Ingram,Texas,1849
Mart,Texas,1849
Linden,Alabama,1848
Langdon,North Dakota,1847
Ludowici,Georgia,1846
Des Arc,Arkansas,1845
Mackinaw,Illinois,1845
Custer,South Dakota,1844
Aberdeen,Idaho,1843
Tawas City,Michigan,1843
Lavallette,New Jersey,1843
Rhome,Texas,1843
Durand,Wisconsin,1843
Pocahontas,Iowa,1842
Manchester,Ohio,1842
Ocean Ridge,Florida,1841
Sea Girt,New Jersey,1841
Central Square,New York,1840
Berry Hill,Tennessee,1840
Bellevue,Illinois,1839
Bluff City,Tennessee,1839
Crossville,Alabama,1838
Waurika,Oklahoma,1838
Cooperstown,New York,1837
Big Beaver,Pennsylvania,1837
Gurdon,Arkansas,1836
Bernie,Missouri,1834
Youngstown,New York,1834
St. George,South Carolina,1834
Eden,Texas,1834
Sulligent,Alabama,1832
Butler,Georgia,1832
Milan,Indiana,1832
Moorhead,Mississippi,1832
North Belle Vernon,Pennsylvania,1832
Level Plains,Alabama,1831
Itasca,Texas,1831
Magnolia,Mississippi,1830
Martinsburg,Pennsylvania,1830
Coal Grove,Ohio,1827
St. Matthews,South Carolina,1827
Bartonville,Texas,1827
Superior,Nebraska,1826
East Washington,Pennsylvania,1826
Pearson,Georgia,1825
Tennille,Georgia,1825
Rector,Arkansas,1824
Pierce,Nebraska,1822
Jacobus,Pennsylvania,1822
Bay,Arkansas,1821
Cumberland,Kentucky,1821
Uhland,Texas,1821
Wellington,Texas,1821
Oakland,Maryland,1820
Rankin,Pennsylvania,1820
Blountsville,Alabama,1818
South Whitley,Indiana,1818
Harpersville,Alabama,1817
Kearny,Arizona,1817
Leon,Iowa,1817
Conyngham,Pennsylvania,1817
Humboldt,Kansas,1816
Durant,Iowa,1815
Belmont,Mississippi,1815
Fairchance,Pennsylvania,1815
Cedar Point,North Carolina,1814
North Judson,Indiana,1813
Brooklawn,New Jersey,1813
Folsom,New Jersey,1813
Burns,Tennessee,1813
Linden,Texas,1813
Silver Bay,Minnesota,1812
Spencer,Wisconsin,1812
Farmer City,Illinois,1811
Shadeland,Indiana,1811
Weston,Missouri,1811
Sylvania,Alabama,1809
Francis,Utah,1809
Guttenberg,Iowa,1808
Port Carbon,Pennsylvania,1808
Banks,Oregon,1807
Newburgh Heights,Ohio,1806
New Johnsonville,Tennessee,1806
Somerset,Texas,1806
Pendergrass,Georgia,1805
Mayville,North Dakota,1805
Navarre,Ohio,1805
Priest River,Idaho,1804
West Homestead,Pennsylvania,1803
Lorena,Texas,1803
Slater,Missouri,1802
Loretto,Tennessee,1802
Doniphan,Missouri,1801
Morgan,Georgia,1800
Elkhart,Kansas,1800
Baker,Montana,1800
Lovelock,Nevada,1799
Callahan,Florida,1798
Newfield,New Jersey,1798
Enfield,North Carolina,1798
Questa,New Mexico,1797
Bradford,Ohio,1797
Panguitch,Utah,1797
Wiggins,Colorado,1796
Wesson,Mississippi,1796
Cambridge,New York,1796
Lebanon Junction,Kentucky,1795
Holland,Ohio,1794
Fritch,Texas,1794
Braham,Minnesota,1793
Yorktown,Texas,1793
Carbon Cliff,Illinois,1792
Frankton,Indiana,1792
Stockton,Missouri,1792
Mesilla,New Mexico,1792
Fall River,Wisconsin,1792
Jenkins,Kentucky,1791
Elkland,Pennsylvania,1791
Cross City,Florida,1790
Berrien Springs,Michigan,1790
Leetonia,Ohio,1790
Industry,Pennsylvania,1790
Union Point,Georgia,1789
Lawton,Michigan,1789
Oakfield,New York,1789
Belington,West Virginia,1789
Watkins Glen,New York,1788
Bonneauville,Pennsylvania,1788
Sardis City,Alabama,1787
North Newton,Kansas,1787
Choteau,Montana,1787
Osseo,Wisconsin,1787
Bristol,Indiana,1785
Ramseur,North Carolina,1785
Reidville,South Carolina,1785
Roanoke,Indiana,1784
Gruetli-Laager,Tennessee,1784
Rock Creek,Minnesota,1782
Jean Lafitte,Louisiana,1781
Oronoco,Minnesota,1781
Pinehurst,Idaho,1780
Adams,Wisconsin,1780
Bessemer,Michigan,1779
Saltville,Virginia,1779
Star City,West Virginia,1778
Vevay,Indiana,1777
Westernport,Maryland,1777
Whitewright,Texas,1776
Caledonia,Michigan,1775
Davenport,Washington,1775
Thorp,Wisconsin,1775
Pagosa Springs,Colorado,1773
Bellwood,Pennsylvania,1773
Akron,Colorado,1772
Sun Valley,Idaho,1771
Columbus Junction,Iowa,1771
Honey Grove,Texas,1771
Cowan,Tennessee,1770
South Bend,Washington,1770
Cambria,Illinois,1769
Randolph,Wisconsin,1769
Earle,Arkansas,1768
Weedsport,New York,1768
Butler,Alabama,1767
Syracuse,Kansas,1767
Estill,South Carolina,1767
Butler,Wisconsin,1766
Evart,Michigan,1765
Bayou Vista,Texas,1765
Landover Hills,Maryland,1764
Belzoni,Mississippi,1764
Oakes,North Dakota,1764
Montverde,Florida,1763
Hamilton,Georgia,1763
Upper Brookville,New York,1763
Amity,Oregon,1763
Mayfield,Pennsylvania,1763
Goldthwaite,Texas,1762
St. Marys,West Virginia,1762
Port Edwards,Wisconsin,1761
Somonauk,Illinois,1760
Delcambre,Louisiana,1760
Weyauwega,Wisconsin,1760
Warsaw,Kentucky,1759
Milan,Missouri,1759
Drexel,North Carolina,1759
Peebles,Ohio,1759
Stonewood,West Virginia,1759
Century,Florida,1758
Dundas,Minnesota,1758
Boyd,Texas,1757
Sneads,Florida,1756
Adrian,Missouri,1756
West Liberty,Ohio,1756
Long Beach,Washington,1756
Lamar,Arkansas,1755
Midway,Kentucky,1755
Marcellus,New York,1755
Meridian Hills,Indiana,1754
West Carthage,New York,1754
Clatskanie,Oregon,1753
Romney,West Virginia,1753
Marissa,Illinois,1752
Osakis,Minnesota,1752
Waterville,Minnesota,1752
Saratoga,Wyoming,1752
Forest City,Pennsylvania,1751
Alpine,New Jersey,1750
Mazomanie,Wisconsin,1750
Port Barre,Louisiana,1749
Village of the Branch,New York,1749
Stillwater,New York,1748
Mount Pleasant,North Carolina,1748
Girard,Illinois,1747
Hudson,Illinois,1747
Sharpsburg,North Carolina,1747
Victoria,Virginia,1747
Cridersville,Ohio,1746
Everett,Pennsylvania,1746
WaKeeney,Kansas,1745
Argos,Indiana,1744
Jeffersonville,Kentucky,1744
Lone Jack,Missouri,1744
Maggie Valley,North Carolina,1744
Soap Lake,Washington,1744
Fairfax,Ohio,1743
Grove Hill,Alabama,1742
Gordon,Georgia,1742
Havana,Florida,1740
Roseville,Ohio,1740
Dayton,Virginia,1740
Fennville,Michigan,1739
Hampton,Illinois,1738
Catlettsburg,Kentucky,1738
Bloomfield,Missouri,1738
West Unity,Ohio,1738
Andrews,North Carolina,1737
Navassa,North Carolina,1737
Tunkhannock,Pennsylvania,1737
Richland,Missouri,1736
Honeyville,Utah,1736
Zolfo Springs,Florida,1735
Albany,Kentucky,1735
Huntsville,Tennessee,1735
Caney,Kansas,1732
Lewisport,Kentucky,1732
Hallsville,Missouri,1732
McArthur,Ohio,1732
Carbon Hill,Alabama,1731
Ford Heights,Illinois,1731
French Lick,Indiana,1731
South Floral Park,New York,1731
Woodworth,Louisiana,1730
Holley,New York,1730
Calhoun Falls,South Carolina,1730
Cambridge City,Indiana,1729
Painted Post,New York,1729
Claremont,North Carolina,1729
Monticello,Utah,1729
Franklin,Texas,1728
Springerville,Arizona,1727
Decatur,Arkansas,1727
Moweaqua,Illinois,1727
Orion,Illinois,1727
Lewisburg,Ohio,1726
Paul,Idaho,1725
Shoshone,Idaho,1725
Van Meter,Iowa,1725
White Pigeon,Michigan,1725
Allentown,New Jersey,1724
Gregory,Texas,1724
Deatsville,Alabama,1723
Farley,Iowa,1722
Charleston,Mississippi,1722
Edgewood,Texas,1722
Westwood,Kansas,1721
Hollis,Oklahoma,1721
Steele,Missouri,1720
Woodbine,Iowa,1718
Edgerton,Kansas,1718
Cassopolis,Michigan,1718
Memphis,Missouri,1718
Lakefield,Minnesota,1717
McEwen,Tennessee,1717
McCamey,Texas,1717
Homer City,Pennsylvania,1716
Lake Winnebago,Missouri,1715
Tekamah,Nebraska,1715
Hooker,Oklahoma,1715
Wilmerding,Pennsylvania,1715
Twin City,Georgia,1714
Canton,Pennsylvania,1713
South Coatesville,Pennsylvania,1713
Prairie City,Iowa,1712
Munfordville,Kentucky,1711
Hemby Bridge,North Carolina,1711
Ritzville,Washington,1711
Camden,Alabama,1710
Montrose,Michigan,1709
Unionville,Missouri,1709
Valatie,New York,1709
Shamrock,Texas,1709
Sunray,Texas,1709
Greybull,Wyoming,1709
Idaho Springs,Colorado,1708
Charlotte,Tennessee,1708
Medicine Lodge,Kansas,1707
Edmonton,Kentucky,1706
Ragland,Alabama,1705
Sebewaing,Michigan,1705
Albany,Missouri,1705
Wayland,New York,1705
North Bennington,Vermont,1705
Bridgeport,Illinois,1704
Drew,Mississippi,1704
Ada,Minnesota,1703
Ware Shoals,South Carolina,1703
Stanley,Virginia,1703
Crandon,Wisconsin,1703
Daleville,Indiana,1702
Sylvan Lake,Michigan,1702
Clayton,New York,1701
Sodus,New York,1701
Stacy,Minnesota,1700
Island Heights,New Jersey,1699
Plainville,Kansas,1698
Atlantic Beach,New York,1697
Quogue,New York,1697
St. Johnsville,New York,1697
Crescent City,Florida,1696
Middleport,New York,1696
Stockton,Illinois,1695
Union City,Michigan,1695
Hamilton,Missouri,1694
New Buffalo,Michigan,1693
Avon,Minnesota,1693
Freeport,Pennsylvania,1693
Palmyra,Wisconsin,1693
Chenoa,Illinois,1692
Plymouth,Ohio,1692
Langston,Oklahoma,1692
Elgin,Oregon,1692
Moville,Iowa,1690
Pleasantville,Iowa,1690
Marion,Mississippi,1690
Haskell,Oklahoma,1690
South Charleston,Ohio,1689
Evans City,Pennsylvania,1689
Dundee,New York,1688
Webster,South Dakota,1687
Blue Grass,Iowa,1686
Sardis,Mississippi,1686
Big Timber,Montana,1686
Hidden Hills,California,1685
Wilder,Idaho,1685
Tremont,Pennsylvania,1684
Tuckerman,Arkansas,1683
Canby,Minnesota,1683
Patton,Pennsylvania,1683
Goliad,Texas,1683
Remsen,Iowa,1682
Glen Gardner,New Jersey,1682
Galesville,Wisconsin,1682
Wakefield,Michigan,1681
Trumansburg,New York,1681
Antwerp,Ohio,1681
Mechanicsburg,Ohio,1681
Albion,Nebraska,1680
Lowry Crossing,Texas,1680
Baldwin,Louisiana,1679
Estell Manor,New Jersey,1679
Youngsville,Pennsylvania,1679
Oak Leaf,Texas,1679
Darien,Georgia,1678
Gilman,Illinois,1678
Avoca,Iowa,1678
Coushatta,Louisiana,1678
Chester,New Jersey,1678
Adams,New York,1678
Hildebran,North Carolina,1678
Columbine Valley,Colorado,1677
Morton,Texas,1677
Danbury,Texas,1675
Howey-in-the-Hills,Florida,1674
Sturgis,Kentucky,1674
Marfa,Texas,1674
Bourbon,Indiana,1673
Warsaw,Virginia,1673
Cordova,Alabama,1672
Lookout Mountain,Georgia,1671
Centerburg,Ohio,1671
Lake City,Iowa,1670
Tecumseh,Nebraska,1670
Lebanon,New Jersey,1670
Culver,Oregon,1670
Braddock,Pennsylvania,1670
Hagerstown,Indiana,1669
Owenton,Kentucky,1669
Armada,Michigan,1669
Port Dickinson,New York,1669
Windham,Ohio,1668
Cambridge,Wisconsin,1668
Greenwich,New York,1667
Coalgate,Oklahoma,1666
Braddock Hills,Pennsylvania,1666
Vonore,Tennessee,1666
Cosmopolis,Washington,1666
Reinbeck,Iowa,1665
Lake Como,New Jersey,1665
Muenster,Texas,1665
Sumas,Washington,1665
Moore Haven,Florida,1664
Mediapolis,Iowa,1664
Gilbert,Minnesota,1664
Teutopolis,Illinois,1663
Canyonville,Oregon,1662
Lepanto,Arkansas,1660
Decatur,Michigan,1660
Aurora,Minnesota,1660
Lakeland,Minnesota,1660
Osburn,Idaho,1659
Stanfield,North Carolina,1659
John Day,Oregon,1659
Crested Butte,Colorado,1658
Whitesburg,Kentucky,1658
Murphy,North Carolina,1657
Manson,Iowa,1656
Kettle Falls,Washington,1656
Ina,Illinois,1653
Wright,Wyoming,1653
Franklinville,New York,1652
Independence,Louisiana,1650
Watervliet,Michigan,1650
Holliday,Texas,1650
Mapleton,Minnesota,1649
Shiremanstown,Pennsylvania,1649
Bovina,Texas,1649
Brookston,Indiana,1648
Homer,Georgia,1647
Plentywood,Montana,1647
Dresden,Ohio,1647
Maple Plain,Minnesota,1646
Newton,Alabama,1645
North Lewisburg,Ohio,1645
Jonestown,Pennsylvania,1645
Elgin,South Carolina,1645
Rolling Hills,California,1644
Jerome,Illinois,1644
Clinton,New York,1644
Lake Hamilton,Florida,1643
Jonesboro,Illinois,1643
Lumberton,Mississippi,1643
Duchesne,Utah,1643
Dunsmuir,California,1642
Kenly,North Carolina,1642
Moroni,Utah,1642
New Market,Maryland,1641
Hillsboro,North Dakota,1641
Three Rivers,Texas,1641
Spring Park,Minnesota,1640
Rocky Top,Tennessee,1640
Golden Meadow,Louisiana,1639
Altamont,New York,1639
McConnelsville,Ohio,1639
Shamokin Dam,Pennsylvania,1639
Tieton,Washington,1638
Atlanta,Illinois,1637
Oswego,Kansas,1637
Auburn,Kentucky,1637
Pittsville,Maryland,1637
Wind Point,Wisconsin,1636
Jefferson,North Carolina,1635
Pewee Valley,Kentucky,1634
Flora,Mississippi,1634
Bladenboro,North Carolina,1634
Gaston,South Carolina,1632
Wardsville,Missouri,1631
Manchester,New York,1631
Grandview Plaza,Kansas,1630
Tchula,Mississippi,1630
Decatur,Tennessee,1630
Wellington,Utah,1630
Glouster,Ohio,1629
Ridgeville,South Carolina,1629
Ogden,Kansas,1628
Granite,Oklahoma,1628
Paxtang,Pennsylvania,1628
Phoenix,Illinois,1627
Port Byron,Illinois,1627
Urbana,Iowa,1627
Edgeworth,Pennsylvania,1627
Mount Ayr,Iowa,1626
Hines,Oregon,1626
Archer City,Texas,1626
North Liberty,Indiana,1625
Langhorne,Pennsylvania,1624
Perryopolis,Pennsylvania,1624
Burnsville,North Carolina,1623
Richwood,West Virginia,1623
Haubstadt,Indiana,1622
Varnville,South Carolina,1622
Cottonwood Shores,Texas,1621
Stevenson,Washington,1621
Norris,Tennessee,1620
Chilhowie,Virginia,1620
Yacolt,Washington,1620
Kirkland,Illinois,1618
Jonesville,Louisiana,1618
Moody,Texas,1618
Hudson,Colorado,1617
Belleair Beach,Florida,1617
Eagle River,Wisconsin,1617
Mulberry,Arkansas,1616
White Castle,Louisiana,1616
Forsyth,Montana,1616
Bartlett,Texas,1616
Whitehall,Wisconsin,1616
Kentland,Indiana,1613
Ridgely,Tennessee,1613
Stinnett,Texas,1613
Rock Island,Washington,1613
McMechen,West Virginia,1613
Crystal Falls,Michigan,1612
Cheswick,Pennsylvania,1612
Whitwell,Tennessee,1612
Ridgely,Maryland,1611
Nashville,Michigan,1611
Homer,Michigan,1610
Manteo,North Carolina,1610
Cressona,Pennsylvania,1610
Genola,Utah,1610
Salem,Arkansas,1609
Princeville,Illinois,1609
Zwolle,Louisiana,1609
Fair Grove,Missouri,1609
Warner,Oklahoma,1609
Bruce,Mississippi,1608
Santa Clara,New Mexico,1608
East Spencer,North Carolina,1607
Kimball,Tennessee,1607
Milford,Indiana,1606
Nissequogue,New York,1606
Tryon,North Carolina,1606
Carrier Mills,Illinois,1605
Oberlin,Kansas,1605
Watertown,Tennessee,1605
Sylvan Springs,Alabama,1604
Pineville,Kentucky,1604
Jackson,South Carolina,1604
Monette,Arkansas,1603
Fox Lake,Wisconsin,1603
Wrightsville,Arkansas,1602
Winfield,Missouri,1602
Eudora,Arkansas,1601
Thomson,Illinois,1601
Huachuca City,Arizona,1600
Slater,Iowa,1600
Coal Run Village,Kentucky,1600
Harvey,North Dakota,1600
Inglis,Florida,1599
Comer,Georgia,1599
Bay Springs,Mississippi,1599
Scotland Neck,North Carolina,1598
Walnut Cove,North Carolina,1598
Perry,Ohio,1598
Whiting,Wisconsin,1598
Earlville,Illinois,1597
Lakeside,Texas,1597
Bunker Hill,Illinois,1596
Charlotte,Texas,1596
Owingsville,Kentucky,1595
Henderson,Louisiana,1595
Osgood,Indiana,1594
Elk Rapids,Michigan,1594
Orchard Grass Hills,Kentucky,1592
Brookside Village,Texas,1592
Fulton,Texas,1592
Woodburn,Indiana,1591
Eaton,Indiana,1590
Ainsworth,Nebraska,1590
De Pue,Illinois,1588
Luther,Oklahoma,1587
Akutan,Alaska,1586
Fort Loramie,Ohio,1586
Smith Center,Kansas,1585
Wellston,Missouri,1583
Victory Gardens,New Jersey,1583
Athens,New York,1583
West Baraboo,Wisconsin,1582
Smackover,Arkansas,1581
Sedgwick,Kansas,1581
Ripley,Ohio,1581
Stratford,Wisconsin,1581
South Carthage,Tennessee,1580
Woodstock,Alabama,1579
Guthrie Center,Iowa,1579
Garden City,Missouri,1579
Niagara,Wisconsin,1579
Gordo,Alabama,1578
Ralls,Texas,1578
Wolcott,New York,1577
Pennington Gap,Virginia,1577
Summerdale,Alabama,1576
Dunlap,Illinois,1576
Harbor Beach,Michigan,1576
Walnut Grove,Georgia,1575
South Rockwood,Michigan,1575
Cleveland,Wisconsin,1574
Random Lake,Wisconsin,1574
Edmonston,Maryland,1573
Mont Alto,Pennsylvania,1573
St. Stephen,South Carolina,1573
Sorrento,Louisiana,1572
Roaming Shores,Ohio,1572
Newton,Texas,1571
Woodland Hills,Utah,1571
Hartley,Iowa,1570
Haymarket,Virginia,1570
Darien,Wisconsin,1570
Wadley,Georgia,1569
Hatch,New Mexico,1568
Apollo,Pennsylvania,1568
Malvern,Alabama,1567
Malone,Florida,1567
Port Barrington,Illinois,1567
Salisbury,Missouri,1567
Shelbina,Missouri,1567
Deshler,Ohio,1567
East Berlin,Pennsylvania,1567
East Carbon,Utah,1567
New Plymouth,Idaho,1566
Oakley,Utah,1566
Ackerman,Mississippi,1565
Sharon,Wisconsin,1565
Addison,New York,1564
Union City,Ohio,1564
Trafalgar,Indiana,1563
Montour Falls,New York,1563
River Hills,Wisconsin,1563
Coeburn,Virginia,1562
South Amherst,Ohio,1560
Marathon City,Wisconsin,1560
Warren,Minnesota,1559
Roseto,Pennsylvania,1559
Pierson,Florida,1558
Cairo,Illinois,1558
New Fairview,Texas,1558
Poetry,Texas,1558
Hancock,Maryland,1557
Chatham,New York,1557
Mexico,New York,1557
Denton,North Carolina,1556
Colmar Manor,Maryland,1555
Allegany,New York,1555
Hurley,Wisconsin,1555
Hamilton,Indiana,1554
Dravosburg,Pennsylvania,1554
Aurora,Texas,1554
Harrisville,West Virginia,1554
Worthington Hills,Kentucky,1553
Englewood,Tennessee,1553
Southern View,Illinois,1552
Del Rey Oaks,California,1550
Traer,Iowa,1549
Walcott,Iowa,1549
Itta Bena,Mississippi,1549
Eldorado,Texas,1548
Hughes Springs,Texas,1548
Olive Hill,Kentucky,1546
Chesilhurst,New Jersey,1546
East Hampton,New York,1546
Norwood,New York,1544
Chadbourn,North Carolina,1544
Parkston,South Dakota,1544
Montgomery,Pennsylvania,1543
Bangs,Texas,1543
Akron,Iowa,1542
Douglass,Kansas,1542
Ellaville,Georgia,1541
Delavan,Illinois,1541
Alvord,Texas,1541
Birch Run,Michigan,1540
Buena Vista,Georgia,1539
Tonka Bay,Minnesota,1539
Spencer,Tennessee,1539
Nooksack,Washington,1539
Ackley,Iowa,1538
Connelly Springs,North Carolina,1538
Castle Dale,Utah,1538
Corydon,Iowa,1537
Quinlan,Texas,1537
Shepherdstown,West Virginia,1537
Spring Green,Wisconsin,1537
Keystone Heights,Florida,1536
Pinebluff,North Carolina,1536
Woodbranch,Texas,1535
Bridgeport,Ohio,1534
Helena,Oklahoma,1534
Eureka,Montana,1533
Lynchburg,Ohio,1533
Coalville,Utah,1533
Miami,Arizona,1532
Quincy,Michigan,1532
McComb,Ohio,1532
Ronceverte,West Virginia,1531
Maroa,Illinois,1530
Sebree,Kentucky,1529
Bourbon,Missouri,1529
Rural Retreat,Virginia,1529
Brooklyn,Wisconsin,1529
Depoe Bay,Oregon,1528
Gower,Missouri,1527
Mitchell,Nebraska,1527
Catawissa,Pennsylvania,1527
Dassel,Minnesota,1526
Stanton,Nebraska,1526
Pomeroy,Ohio,1526
Baird,Texas,1526
Salyersville,Kentucky,1525
Campbell,Missouri,1525
Glen Alpine,North Carolina,1525
Augusta,Wisconsin,1524
Cuba,New York,1523
Aberdeen,Ohio,1523
Limestone,Illinois,1522
Dale,Indiana,1522
Bells,Texas,1521
Plum Grove,Texas,1521
Charlestown,Maryland,1520
Senath,Missouri,1519
Ferron,Utah,1519
Oakland,Iowa,1518
St. Francisville,Louisiana,1517
Minco,Oklahoma,1517
Eleanor,West Virginia,1517
Roodhouse,Illinois,1516
Wellman,Iowa,1516
Phillips,Wisconsin,1516
Neligh,Nebraska,1515
Montpelier,Indiana,1514
Lakeshire,Missouri,1514
Deer Trail,Colorado,1513
Crane,Missouri,1513
Clarks Green,Pennsylvania,1513
Shoreacres,Texas,1513
Mount Pulaski,Illinois,1511
Orwell,Ohio,1511
Waterville,New York,1510
Bryson City,North Carolina,1510
Rolling Fork,Mississippi,1509
Springfield,Nebraska,1509
East Canton,Ohio,1509
Blossburg,Pennsylvania,1509
Ferndale,Pennsylvania,1508
Lewiston,Minnesota,1507
Wakefield,Nebraska,1507
Emigration Canyon metro township,Utah,1506
Palo,Iowa,1505
Ash Grove,Missouri,1505
Hawthorne,Florida,1503
Bedford,Iowa,1503
Nashua,Iowa,1503
Shepherd,Michigan,1503
Richmond,Minnesota,1503
Cannon Beach,Oregon,1503
Bruceton,Tennessee,1503
Aragon,Georgia,1502
Jonesboro,Indiana,1502
Bremen,Ohio,1502
Richland,Pennsylvania,1502
Big Bend,Wisconsin,1501
Rossville,Indiana,1500
McCrory,Arkansas,1499
Hartington,Nebraska,1499
New Brockton,Alabama,1498
Murfreesboro,Arkansas,1498
Zilwaukee,Michigan,1498
Shreve,Ohio,1498
Grayville,Illinois,1496
Albion,Pennsylvania,1496
Mercersburg,Pennsylvania,1496
Graysville,Tennessee,1496
West Conshohocken,Pennsylvania,1495
Kerens,Texas,1495
Winchester,Illinois,1494
Cannelton,Indiana,1494
Newport,Pennsylvania,1494
Crothersville,Indiana,1493
Gordonsville,Virginia,1492
Kersey,Colorado,1491
Corning,Iowa,1491
Madison,Minnesota,1491
Farmingdale,New Jersey,1491
Langhorne Manor,Pennsylvania,1491
Redfield,Arkansas,1490
Gallitzin,Pennsylvania,1490
Fairmount Heights,Maryland,1489
Nederland,Colorado,1488
San Antonio,Florida,1488
Herscher,Illinois,1488
Maineville,Ohio,1488
Nescopeck,Pennsylvania,1488
New Middletown,Ohio,1487
Grapeland,Texas,1487
Cresson,Pennsylvania,1486
Lake Park,Georgia,1485
East Dubuque,Illinois,1485
Erie,Illinois,1485
Ovid,Michigan,1485
Philmont,New York,1483
Interlachen,Florida,1482
Calhoun City,Mississippi,1482
Salem,West Virginia,1482
Manito,Illinois,1481
Ligonier,Pennsylvania,1481
Orfordville,Wisconsin,1481
Horton,Kansas,1480
Shannon,Mississippi,1480
Terry,Mississippi,1479
Maple Park,Illinois,1478
New Paris,Ohio,1478
Chester,Georgia,1477
White Cloud,Michigan,1477
Brooklyn Heights,Ohio,1476
Fort Recovery,Ohio,1476
Holstein,Iowa,1475
Kingston,Oklahoma,1475
Arcadia,Indiana,1474
Cadott,Wisconsin,1474
Crainville,Illinois,1473
Warsaw,Illinois,1473
Somerset,Ohio,1473
Mount Airy,Georgia,1472
Warren Park,Indiana,1472
Thompson Falls,Montana,1472
Frenchtown,New Jersey,1472
Weston,Ohio,1472
Independence,Wisconsin,1472
Tylertown,Mississippi,1471
Seaside Park,New Jersey,1471
Livonia,New York,1471
Pine Prairie,Louisiana,1470
New Windsor,Maryland,1470
Snow Hill,North Carolina,1470
Stockdale,Texas,1470
North Redington Beach,Florida,1469
Seven Points,Texas,1469
Bement,Illinois,1468
Zeigler,Illinois,1468
Head of the Harbor,New York,1467
Lanark,Illinois,1466
Darrington,Washington,1466
Monona,Iowa,1465
Bell Acres,Pennsylvania,1465
Hodgkins,Illinois,1464
Brooklyn,Iowa,1464
Garrison,North Dakota,1464
Freedom,Pennsylvania,1464
Dobson,North Carolina,1463
Clarendon,Arkansas,1462
Reform,Alabama,1461
Princeton,North Carolina,1461
De Kalb,Texas,1461
Bangor,Wisconsin,1461
Pierz,Minnesota,1460
Rosedale,Mississippi,1460
Anna,Ohio,1460
Avis,Pennsylvania,1460
Mill Hall,Pennsylvania,1460
Hico,Texas,1460
Paonia,Colorado,1459
Rosepine,Louisiana,1459
South Palm Beach,Florida,1458
Virginia,Illinois,1458
Tarkio,Missouri,1458
Venice,Illinois,1457
Standish,Michigan,1457
Mayville,New York,1457
Fraser,Colorado,1456
Worthington,Kentucky,1456
Castleton-on-Hudson,New York,1456
Blossom,Texas,1456
Summit,Mississippi,1455
Duncannon,Pennsylvania,1455
Laflin,Pennsylvania,1455
Bruceville-Eddy,Texas,1454
Wolfe City,Texas,1454
Nutter Fort,West Virginia,1454
Colwich,Kansas,1453
Sutton,Nebraska,1453
Arlington,Ohio,1453
Flomaton,Alabama,1452
Belle Plaine,Kansas,1452
Plandome,New York,1452
Hubbard,Texas,1452
Awendaw,South Carolina,1451
Columbus,New Mexico,1450
Kalida,Ohio,1450
Manton,Michigan,1449
Rockaway Beach,Oregon,1449
Montello,Wisconsin,1449
Bridgeport,Nebraska,1448
Black Earth,Wisconsin,1448
Lexington,Mississippi,1447
Ironton,Missouri,1447
Cherokee,Oklahoma,1446
Waterford,Pennsylvania,1446
Wheeler,Texas,1446
Kremmling,Colorado,1445
Schoolcraft,Michigan,1445
Lusk,Wyoming,1445
Sanborn,Iowa,1444
Gordon,Nebraska,1444
Benton,Tennessee,1444
Edgar,Wisconsin,1444
Steelville,Missouri,1443
Hampton,New Jersey,1443
Elephant Butte,New Mexico,1443
Kilmarnock,Virginia,1443
Meade,Kansas,1442
Millbrook,New York,1442
Loganville,Pennsylvania,1442
Mount Carroll,Illinois,1441
Greenville,Indiana,1441
West Liberty,West Virginia,1441
North Pekin,Illinois,1439
Towanda,Kansas,1439
Kittitas,Washington,1439
Hackleburg,Alabama,1438
Cedarville,Arkansas,1438
Stockton,Kansas,1438
Emerson,Georgia,1437
Kingsley,Michigan,1436
Biltmore Forest,North Carolina,1435
Mapleton,North Dakota,1435
Tracy City,Tennessee,1435
Corrigan,Texas,1435
Marmet,West Virginia,1435
Gridley,Illinois,1434
Greene,New York,1434
West Salem,Ohio,1434
Crosbyton,Texas,1434
Dawson,Minnesota,1433
Montezuma,Iowa,1432
Leoti,Kansas,1432
Jackson Center,Ohio,1432
Pilot Mountain,North Carolina,1431
Meggett,South Carolina,1431
Exmore,Virginia,1431
Williamsville,Illinois,1430
Tower City,Pennsylvania,1429
Meridian,Texas,1429
Manchester,Kentucky,1428
Mount Wolf,Pennsylvania,1428
Oakdale,Pennsylvania,1428
Pomeroy,Washington,1428
Irwindale,California,1426
Huntington Bay,New York,1426
Pine Knoll Shores,North Carolina,1426
Wilson,Oklahoma,1426
Versailles,Pennsylvania,1426
Wagner,South Dakota,1426
Stuart,Virginia,1426
Fort Benton,Montana,1425
Yutan,Nebraska,1425
Sea Bright,New Jersey,1425
Mars,Pennsylvania,1425
Glen Dale,West Virginia,1425
Coloma,Michigan,1424
Newberry,Michigan,1424
Linn,Missouri,1424
Whitmire,South Carolina,1424
Rollingwood,Texas,1424
Hazen,Arkansas,1423
Mishicot,Wisconsin,1423
Spring Valley,Wisconsin,1423
North Bonneville,Washington,1422
Ardmore,Alabama,1421
Waterman,Illinois,1421
Deposit,New York,1421
St. Regis Park,Kentucky,1420
Hillsboro,Wisconsin,1420
Lincolnton,Georgia,1419
Benld,Illinois,1419
Powhatan Point,Ohio,1419
Nevada,Texas,1419
Somerville,Texas,1419
Centerfield,Utah,1419
New Haven,West Virginia,1418
Mound Bayou,Mississippi,1417
Surrey,North Dakota,1417
Troy,Tennessee,1417
Thorntown,Indiana,1416
Manning,Iowa,1416
Simmesport,Louisiana,1415
Laingsburg,Michigan,1414
Lockney,Texas,1414
Del Norte,Colorado,1413
Leland Grove,Illinois,1413
Roxana,Illinois,1413
Earlham,Iowa,1413
Middletown,Virginia,1413
Terra Alta,West Virginia,1413
Cornell,Wisconsin,1413
Fall Creek,Wisconsin,1413
Milford,Utah,1412
Douglas,Michigan,1411
Bowman,North Dakota,1411
Stratford,Oklahoma,1411
Forreston,Illinois,1410
Fairview Park,Indiana,1410
Audubon Park,Kentucky,1410
Burton,Ohio,1410
Pioneer,Ohio,1410
Bonduel,Wisconsin,1410
Woodville,Wisconsin,1409
Louisville,Nebraska,1408
Colma,California,1407
Darmstadt,Indiana,1407
Atlantic Beach,North Carolina,1407
Dunes City,Oregon,1407
Tatamy,Pennsylvania,1407
Richland,Georgia,1406
Worthington,Indiana,1406
Belhaven,North Carolina,1406
Byng,Oklahoma,1406
Westville,Oklahoma,1406
Starbuck,Minnesota,1405
La Vernia,Texas,1405
Manawa,Wisconsin,1405
Kensett,Arkansas,1404
Comanche,Oklahoma,1404
Winchester,Missouri,1403
Burgettstown,Pennsylvania,1403
Pelzer,South Carolina,1403
Monteagle,Tennessee,1403
Blawnox,Pennsylvania,1402
Uintah,Utah,1402
Perryville,Arkansas,1401
Hawkins,Texas,1401
Naples,Texas,1401
Ladd,Illinois,1400
Queen City,Texas,1400
Entiat,Washington,1400
Bethel,North Carolina,1399
Celina,Tennessee,1399
Vanceburg,Kentucky,1398
Oak Hill,Ohio,1398
Hideout,Utah,1398
Lone Star,Texas,1397
Capron,Illinois,1395
Boston Heights,Ohio,1395
Bratenahl,Ohio,1395
Wayne,West Virginia,1395
Elmore,Alabama,1394
East Ellijay,Georgia,1394
Capitan,New Mexico,1393
State Center,Iowa,1392
Locust Grove,Oklahoma,1392
Kingsley,Iowa,1391
Colfax,Louisiana,1391
Elverson,Pennsylvania,1391
Three Oaks,Michigan,1390
Ferndale,California,1389
Walls,Mississippi,1389
Sarcoxie,Missouri,1389
Greenwich,Ohio,1389
Oceana,West Virginia,1389
Burkesville,Kentucky,1388
Mancelona,Michigan,1388
Hebron,Nebraska,1388
Vian,Oklahoma,1388
Hebron,Illinois,1387
Brooklyn,Michigan,1387
Lake Lure,North Carolina,1387
Appalachia,Virginia,1387
Bay City,Oregon,1386
Saxonburg,Pennsylvania,1386
Smethport,Pennsylvania,1386
Rogersville,Alabama,1385
Westport,Indiana,1385
Hill City,Kansas,1385
Park River,North Dakota,1385
Newville,Pennsylvania,1385
Arma,Kansas,1384
Litchfield,Michigan,1384
Monticello,Mississippi,1384
Fairfax,South Carolina,1384
Shell Lake,Wisconsin,1384
Dillsboro,Indiana,1383
Odon,Indiana,1383
Winnebago,Minnesota,1383
Clyde,North Carolina,1383
Weldon,North Carolina,1383
New Market,Tennessee,1383
Mullens,West Virginia,1383
Irvington,Kentucky,1382
Fosston,Minnesota,1382
Ravenna,Nebraska,1382
De Soto,Illinois,1381
Saranac,Michigan,1381
Belle,Missouri,1381
Rose Hill,North Carolina,1381
Pecos,New Mexico,1380
Gordonsville,Tennessee,1380
Farwell,Texas,1380
Ravenna,Michigan,1377
Ivanhoe,Texas,1377
Sabinal,Texas,1377
Tatum,Texas,1377
Mount Vernon,Alabama,1376
Babbitt,Minnesota,1376
Pemberton,New Jersey,1376
Foxfire,North Carolina,1376
Neoga,Illinois,1375
Marble Hill,Missouri,1375
Markesan,Wisconsin,1375
Grandview,Illinois,1374
Elmore,Ohio,1374
Redington Beach,Florida,1373
Carnegie,Oklahoma,1373
Lenox,Iowa,1372
Chapman,Kansas,1372
Stanton,Michigan,1372
Crescent,Oklahoma,1372
Durand,Illinois,1371
Prince's Lakes,Indiana,1371
Oak Grove,Louisiana,1371
Crooks,South Dakota,1371
Flatonia,Texas,1371
Granville,West Virginia,1371
Kinsley,Kansas,1370
Oakland,Missouri,1370
Germantown,Illinois,1369
St. Jacob,Illinois,1369
Sherburne,New York,1369
Medford,Minnesota,1368
Elmer,New Jersey,1368
Johnsonville,South Carolina,1368
Glade Spring,Virginia,1368
Clermont,Indiana,1367
Shortsville,New York,1367
Baldwin,Florida,1366
Emory,Texas,1366
Parachute,Colorado,1365
Appleton,Minnesota,1365
Sackets Harbor,New York,1364
Thorndale,Texas,1364
Gardner,Illinois,1363
Woodward,Iowa,1363
Shaw,Mississippi,1363
Booker,Texas,1362
Chesterfield,South Carolina,1361
Remington,Indiana,1360
Kent City,Michigan,1360
Clara City,Minnesota,1360
Oakland,Nebraska,1359
Cascade Locks,Oregon,1359
Gleason,Tennessee,1359
Dayton,Indiana,1358
Glyndon,Minnesota,1358
Fayette,Mississippi,1358
Palm Valley,Texas,1358
West Buechel,Kentucky,1357
Byhalia,Mississippi,1357
Huntsville,Missouri,1357
Felton,Delaware,1356
Scottville,Michigan,1356
Hayfield,Minnesota,1356
Shoemakersville,Pennsylvania,1356
Hayden,Alabama,1355
Walford,Iowa,1355
New York Mills,Minnesota,1355
Bel-Nor,Missouri,1355
Elizabeth,Pennsylvania,1355
Groton,South Dakota,1355
Logan,Iowa,1354
Roland,Iowa,1354
Mason,Tennessee,1354
Luna Pier,Michigan,1353
Claycomo,Missouri,1353
Blowing Rock,North Carolina,1353
Gretna,Florida,1352
New Berlin,Illinois,1352
Sublette,Kansas,1352
Frazeysburg,Ohio,1352
Dover,Arkansas,1351
Okawville,Illinois,1351
Dickson,Oklahoma,1351
Windsor,Pennsylvania,1351
Bogart,Georgia,1350
Schuylerville,New York,1350
Milan,Ohio,1350
Sneedville,Tennessee,1349
Wallis,Texas,1349
Nora Springs,Iowa,1348
Minneota,Minnesota,1348
Kemp,Texas,1348
Olivet,Michigan,1347
Menahga,Minnesota,1347
Grantsburg,Wisconsin,1347
Oblong,Illinois,1345
Philo,Illinois,1345
Trappe,Maryland,1345
Broadway,North Carolina,1345
Tennessee Ridge,Tennessee,1345
Enosburg Falls,Vermont,1345
Wymore,Nebraska,1344
Oriskany,New York,1344
Munford,Alabama,1343
Vienna,Illinois,1343
Hughestown,Pennsylvania,1343
New Beaver,Pennsylvania,1343
Susquehanna Depot,Pennsylvania,1343
Deadwood,South Dakota,1343
Menard,Texas,1343
Greenup,Illinois,1342
Gerald,Missouri,1342
Broadalbin,New York,1342
Ceredo,West Virginia,1341
Black Creek,Wisconsin,1341
Elizabethville,Pennsylvania,1340
Wheaton,Minnesota,1339
Coldwater,Mississippi,1339
Richlandtown,Pennsylvania,1339
Rosebud,Texas,1339
Bellevue,Michigan,1338
Terre Hill,Pennsylvania,1338
Old River-Winfree,Texas,1338
Clintwood,Virginia,1337
Logan,West Virginia,1337
Owensville,Indiana,1336
Lone Tree,Iowa,1336
Red Lake Falls,Minnesota,1336
Natalia,Texas,1336
Guthrie,Kentucky,1335
Advance,Missouri,1335
Stoneville,North Carolina,1335
Oologah,Oklahoma,1335
Salem,South Dakota,1335
Toluca,Illinois,1334
Johnson City,Kansas,1334
West Jefferson,North Carolina,1334
Brackettville,Texas,1334
Mendon,Utah,1334
Fulda,Minnesota,1333
Spring Hope,North Carolina,1333
Smithville,Ohio,1333
North Utica,Illinois,1332
Logansport,Louisiana,1332
Oxford,New York,1332
Pittsford,New York,1332
Pemberville,Ohio,1332
Alpine,Wyoming,1332
Flippin,Arkansas,1331
Gilbert,Iowa,1331
Oberlin,Louisiana,1331
Ortonville,Michigan,1331
Forest,Ohio,1331
Rutledge,Tennessee,1331
Monroeville,Indiana,1330
Loving,New Mexico,1330
Basin,Wyoming,1330
Barneveld,Wisconsin,1329
Winthrop,Minnesota,1328
Morrisville,New York,1328
Plains,Texas,1328
Palm Beach Shores,Florida,1327
Yates Center,Kansas,1327
Johnson,Vermont,1327
Sistersville,West Virginia,1327
Miller,South Dakota,1326
Elroy,Wisconsin,1326
Kingsford Heights,Indiana,1325
Baltic,South Dakota,1325
Zebulon,Georgia,1324
Lakewood Club,Michigan,1324
Preston,Minnesota,1324
New Pekin,Indiana,1323
Russells Point,Ohio,1323
Waukomis,Oklahoma,1323
Cornersville,Tennessee,1323
Westfield,Wisconsin,1323
Centreville,Michigan,1321
Grand Marais,Minnesota,1321
Morris,Oklahoma,1321
Gold Hill,Oregon,1321
Omega,Georgia,1320
Sparta,Georgia,1320
Inman,Kansas,1320
Hewlett Harbor,New York,1320
Granville,Illinois,1319
Carbondale,Kansas,1318
Ashley,Ohio,1318
Middleburg,Pennsylvania,1318
Hanover,Ohio,1317
Duson,Louisiana,1316
Ringgold,Louisiana,1316
Marshall,Arkansas,1315
Buhler,Kansas,1315
Silver Lake,Kansas,1315
Brocton,New York,1315
Roslyn Estates,New York,1315
Girardville,Pennsylvania,1315
Clymer,Pennsylvania,1314
Webb,Alabama,1312
Tombstone,Arizona,1312
Kincaid,Illinois,1312
Ness City,Kansas,1311
Clinton,Louisiana,1311
Arlington,Nebraska,1311
Coburg,Oregon,1311
Freeman,South Dakota,1311
Russiaville,Indiana,1310
Taylorsville,Kentucky,1310
Bernice,Louisiana,1310
Atkinson,Nebraska,1310
New Rockford,North Dakota,1310
Nashotah,Wisconsin,1310
Sweet Springs,Missouri,1309
Rotan,Texas,1309
Hooper Bay,Alaska,1308
Frazee,Minnesota,1308
Big Sandy,Texas,1308
Maple Bluff,Wisconsin,1308
Fanning Springs,Florida,1307
Pilot Rock,Oregon,1307
Cerro Gordo,Illinois,1306
Burlington,North Dakota,1306
West Alexandria,Ohio,1306
Bagley,Minnesota,1305
Glenns Ferry,Idaho,1304
Clifton,Illinois,1304
Rome City,Indiana,1304
Harper,Kansas,1304
Atglen,Pennsylvania,1304
Woodway,Washington,1304
Glenwood City,Wisconsin,1304
Osborne,Kansas,1303
Mantua,Utah,1303
Fredonia,Arizona,1302
Panama,Oklahoma,1302
Bryn Athyn,Pennsylvania,1302
Clarksville,Virginia,1302
Madison Lake,Minnesota,1301
Valley Mills,Texas,1301
Eastport,Maine,1300
Warren,Illinois,1298
Dike,Iowa,1298
Cottage City,Maryland,1298
Bloomfield,New York,1298
Olla,Louisiana,1297
Stedman,North Carolina,1296
Clear Lake Shores,Texas,1296
Blades,Delaware,1295
Brown City,Michigan,1295
Estancia,New Mexico,1295
Marion,Wisconsin,1294
Williamstown,Pennsylvania,1293
Oak Ridge,Texas,1293
Brownsboro,Texas,1292
Sundown,Texas,1292
Springfield,Colorado,1290
Edwardsburg,Michigan,1290
Waymart,Pennsylvania,1290
Chesapeake,West Virginia,1290
Webberville,Michigan,1289
Dalton,Pennsylvania,1289
Lexington,Texas,1289
Courtland,Virginia,1289
Parsons,West Virginia,1289
Surf City,New Jersey,1288
Poncha Springs,Colorado,1287
Schwenksville,Pennsylvania,1287
Lakeside City,Texas,1287
Pelahatchie,Mississippi,1286
Fayette,Ohio,1285
Oakwood,Illinois,1284
New London,Minnesota,1284
Mansfield,Missouri,1284
Gretna,Virginia,1284
Onarga,Illinois,1283
Coldstream,Kentucky,1283
Marks,Mississippi,1283
Marthasville,Missouri,1283
Boulder,Montana,1283
Washburn,North Dakota,1283
Tioga,Texas,1283
Ontonagon,Michigan,1282
Goodman,Missouri,1282
North Charleroi,Pennsylvania,1282
Powells Crossroads,Tennessee,1282
China,Texas,1282
Mabscott,West Virginia,1282
Pine Mountain,Georgia,1281
Elbow Lake,Minnesota,1281
Royalton,Minnesota,1281
Princeville,North Carolina,1281
Fairview,Utah,1281
Grant Park,Illinois,1280
Leesburg,Ohio,1280
Monroeville,Ohio,1280
Woodsboro,Texas,1280
Elwood,Utah,1280
Mountain View,Wyoming,1280
Walnut,Illinois,1279
Mansura,Louisiana,1279
Montrose,Pennsylvania,1279
Stockbridge,Michigan,1278
Frankfort,Michigan,1277
Galveston,Indiana,1276
St. Francis,Kansas,1276
Fountain Green,Utah,1276
Mount Hope,West Virginia,1276
Gillett,Wisconsin,1276
Geneva,Indiana,1275
Chrisman,Illinois,1274
Charlack,Missouri,1274
Georgiana,Alabama,1273
Shell Rock,Iowa,1272
Ansted,West Virginia,1272
Camillus,New York,1271
Parker,South Dakota,1271
Harbor Springs,Michigan,1270
Blair,Wisconsin,1270
Coleman,Michigan,1269
Kempner,Texas,1269
Coon Rapids,Iowa,1268
Reese,Michigan,1268
Konawa,Oklahoma,1268
Harristown,Illinois,1266
Coosada,Alabama,1265
Remerton,Georgia,1265
Nashville,Indiana,1265
Renville,Minnesota,1265
Pierce City,Missouri,1265
North Collins,New York,1265
Cape Charles,Virginia,1265
Plainview,Nebraska,1264
Parker City,Indiana,1263
Breckenridge,Michigan,1263
Flemington,Pennsylvania,1263
Barry,Illinois,1262
Archie,Missouri,1262
Beaver,Oklahoma,1262
Orangeville,Utah,1262
Muscoda,Wisconsin,1262
Princeton,Wisconsin,1262
Dysart,Iowa,1261
Auburn,Kansas,1261
Avondale,Pennsylvania,1261
Elkhart,Texas,1260
Beechwood Village,Kentucky,1259
Wyoming,Illinois,1258
Goodwater,Alabama,1257
Georgetown,Colorado,1257
Pleasant Hill,Ohio,1257
Kenton,Tennessee,1257
Point Venture,Texas,1257
Marsing,Idaho,1256
Iota,Louisiana,1256
Lowell,Oregon,1256
Martindale,Texas,1256
Theresa,Wisconsin,1256
Bainbridge,New York,1255
Lake Waccamaw,North Carolina,1255
Edmore,Michigan,1254
Robbins,North Carolina,1254
Cleveland,Alabama,1252
Haskins,Ohio,1252
Holly Hill,South Carolina,1252
Latta,South Carolina,1252
De Graff,Ohio,1251
Farmland,Indiana,1250
Snyder,Oklahoma,1250
Laurens,Iowa,1249
Wathena,Kansas,1249
Earlington,Kentucky,1249
Edgerton,Minnesota,1249
Mancos,Colorado,1248
Ridgway,Colorado,1247
New Sharon,Iowa,1247
Rich Hill,Missouri,1247
Tangent,Oregon,1247
St. Elmo,Illinois,1245
Goodhue,Minnesota,1245
Velda City,Missouri,1245
Fletcher,Oklahoma,1245
Biglerville,Pennsylvania,1245
North Bend,Nebraska,1244
Wells,Nevada,1244
Moravia,New York,1244
Kingston,Ohio,1244
Willacoochee,Georgia,1243
Alton,Iowa,1243
Clarksville,Iowa,1243
West Leechburg,Pennsylvania,1243
Atwood,Kansas,1242
Reeds Spring,Missouri,1242
Jeffersonville,Ohio,1242
Platte,South Dakota,1242
Hurt,Virginia,1242
Central City,Iowa,1241
Stryker,Ohio,1241
Troy,Pennsylvania,1241
West Easton,Pennsylvania,1241
Fayette,Iowa,1240
Bismarck,Missouri,1240
Franklinville,North Carolina,1240
Albany,Louisiana,1239
La Plata,Missouri,1239
Heidelberg,Pennsylvania,1239
Hildale,Utah,1239
Marmaduke,Arkansas,1238
Julesburg,Colorado,1238
Weber City,Virginia,1238
Black River,New York,1237
Hanna City,Illinois,1236
Utica,Indiana,1236
Centre Hall,Pennsylvania,1236
Bronson,Florida,1235
Ucon,Idaho,1235
Locust Fork,Alabama,1233
Bellefonte,Delaware,1233
Blue Ridge,Georgia,1233
Sutherland,Nebraska,1233
Newark,Texas,1233
East Hazel Crest,Illinois,1232
Manly,Iowa,1231
Ballard,Utah,1231
Mountain Village,Colorado,1230
Fowler,Michigan,1230
Greenfield,Missouri,1230
Hurley,New Mexico,1230
Gholson,Texas,1229
Killian,Louisiana,1228
Wisner,Nebraska,1228
Central High,Oklahoma,1228
Eagle Butte,South Dakota,1228
Rock Port,Missouri,1227
Rice,Texas,1227
Tolar,Texas,1227
Port Byron,New York,1225
Tiltonsville,Ohio,1225
Bowling Green,Virginia,1225
Larimore,North Dakota,1224
Riddle,Oregon,1224
Ardmore,Tennessee,1224
Montgomery,West Virginia,1224
Topeka,Indiana,1223
Cavalier,North Dakota,1223
Hawley,Pennsylvania,1223
North Apollo,Pennsylvania,1223
Coulee Dam,Washington,1223
Plains,Montana,1222
West Yellowstone,Montana,1222
Milford,New Jersey,1222
Green Springs,Ohio,1222
Gregory,South Dakota,1222
Munday,Texas,1222
Fullerton,Nebraska,1221
Bloomfield,Pennsylvania,1221
Diaz,Arkansas,1220
Greenland,Arkansas,1220
Rehoboth Beach,Delaware,1220
Siletz,Oregon,1220
Roscoe,Texas,1220
Tye,Texas,1220
Stamps,Arkansas,1219
Long Creek,Illinois,1219
Spring Grove,Minnesota,1219
Wilson,New York,1219
Avalon,New Jersey,1218
Robersonville,North Carolina,1218
Bally,Pennsylvania,1218
Mulberry,Indiana,1217
Keedysville,Maryland,1217
Rutherford College,North Carolina,1217
Boston,Georgia,1216
New Richland,Minnesota,1216
Duncansville,Pennsylvania,1216
Due West,South Carolina,1216
Clear Lake,South Dakota,1216
St. Martins,Missouri,1215
Elm City,North Carolina,1214
Red Boiling Springs,Tennessee,1214
Hillcrest,Illinois,1213
Fairfax,Minnesota,1213
Dixon,Missouri,1213
Valmeyer,Illinois,1212
Morningside,Maryland,1212
Prosperity,South Carolina,1212
Fowler,Colorado,1211
Lyndonville,Vermont,1211
Edinburg,Virginia,1211
Hilbert,Wisconsin,1211
Litchfield,Connecticut,1210
Mahnomen,Minnesota,1210
Shattuck,Oklahoma,1210
Oyster Creek,Texas,1210
Buchanan,Virginia,1210
Eclectic,Alabama,1209
Palm Shores,Florida,1209
La Crosse,Kansas,1209
Bergen,New York,1209
Beverly,Ohio,1209
Gnadenhutten,Ohio,1209
Britton,South Dakota,1209
La Grulla,Texas,1209
Eagle,Nebraska,1207
Lyons,Oregon,1207
LaCoste,Texas,1206
Lapwai,Idaho,1205
Bethany,Illinois,1205
Oran,Missouri,1205
Buffalo,West Virginia,1205
Cave Spring,Georgia,1204
Barbourmeade,Kentucky,1204
Silver Grove,Kentucky,1204
Boswell,Pennsylvania,1204
Palestine,Illinois,1203
Heritage Creek,Kentucky,1203
Jordan,New York,1203
Florence,Texas,1203
Iola,Wisconsin,1203
Tripoli,Iowa,1202
Clinton,Kentucky,1202
Westfield Center,Ohio,1202
Millbourne,Pennsylvania,1202
Boonville,North Carolina,1201
Barrackville,West Virginia,1201
Brookside,Alabama,1200
Clio,Alabama,1200
Tower Lakes,Illinois,1200
Lincoln,Missouri,1200
Blue Ridge,Texas,1200
Pleasanton,Kansas,1199
Fremont,North Carolina,1199
Lakeview,Ohio,1199
Hoxie,Kansas,1198
Livermore,Kentucky,1198
Colon,Michigan,1198
Pigeon,Michigan,1198
Joseph,Oregon,1198
Williamsburg,Pennsylvania,1198
Chatham,Virginia,1198
Asotin,Washington,1198
Ohatchee,Alabama,1197
Elkader,Iowa,1197
Millbury,Ohio,1197
Ostrander,Ohio,1197
Lindsay,Texas,1197
Culver,Indiana,1196
Reedsville,Wisconsin,1196
Falkville,Alabama,1195
Winterville,Georgia,1195
Shafer,Minnesota,1195
Honaker,Virginia,1195
Drain,Oregon,1194
Greenback,Tennessee,1194
Von Ormy,Texas,1194
Pinetops,North Carolina,1193
Granger,Texas,1193
Indian Shores,Florida,1192
Erin,Tennessee,1192
Shullsburg,Wisconsin,1192
Warren,Indiana,1191
Benwood,West Virginia,1191
Berry,Alabama,1190
Kensington,New York,1190
Rio Vista,Texas,1190
West Blocton,Alabama,1189
Morristown,Indiana,1189
Rock Hall,Maryland,1189
Clinton,Ohio,1189
Laverne,Oklahoma,1189
Hastings,Pennsylvania,1189
Pandora,Ohio,1188
Colfax,Wisconsin,1188
University Heights,Iowa,1187
Basile,Louisiana,1187
Lincolnville,South Carolina,1187
Loyal,Wisconsin,1187
Kamiah,Idaho,1186
Beggs,Oklahoma,1186
Athena,Oregon,1186
Claude,Texas,1186
Arnolds Park,Iowa,1185
Battle Creek,Nebraska,1185
Melcher-Dallas,Iowa,1184
Pinconning,Michigan,1184
Cut and Shoot,Texas,1184
Jewell Junction,Iowa,1183
Apple Creek,Ohio,1183
Bethesda,Ohio,1183
Montague,California,1182
Adrian,Minnesota,1182
Duck Hill,Mississippi,1181
Goodman,Mississippi,1181
Hillsdale,Missouri,1181
Pine Island,Texas,1181
Payne,Ohio,1180
Newark,Arkansas,1178
Clay City,Kentucky,1178
Mount Gilead,North Carolina,1178
White Haven,Pennsylvania,1178
Orange Grove,Texas,1178
Edison,Georgia,1177
Ashland,Illinois,1177
Downs,Illinois,1177
Somerset,Maryland,1177
Hazel Green,Wisconsin,1177
Rossville,Illinois,1176
Billings,Missouri,1176
Angel Fire,New Mexico,1176
Botkins,Ohio,1176
Okarche,Oklahoma,1176
Ash Flat,Arkansas,1175
North Haven,New York,1175
Duboistown,Pennsylvania,1175
Garretson,South Dakota,1175
Ore City,Texas,1175
Monticello,Wisconsin,1175
Long Beach,Indiana,1174
Woodsboro,Maryland,1174
Iva,South Carolina,1174
Waitsburg,Washington,1174
Ogden Dunes,Indiana,1173
Salineville,Ohio,1173
Blue Lake,California,1172
St. John,Kansas,1171
Beaverton,Michigan,1170
Dimondale,Michigan,1170
Port Gibson,Mississippi,1170
Hallstead,Pennsylvania,1170
McCaysville,Georgia,1169
Nelson,Georgia,1168
Haven,Kansas,1168
Centreville,Mississippi,1168
New Waterford,Ohio,1168
Loretto,Pennsylvania,1168
West Mayfield,Pennsylvania,1168
Ranchester,Wyoming,1168
Franklin Springs,Georgia,1167
Cole Camp,Missouri,1167
Leadwood,Missouri,1167
Taos,Missouri,1167
Cashton,Wisconsin,1167
Livonia,Louisiana,1166
Rossville,Tennessee,1166
Oxford,Indiana,1165
Rolla,North Dakota,1165
Factoryville,Pennsylvania,1165
Sister Bay,Wisconsin,1165
Yellville,Arkansas,1164
Sidney,Illinois,1164
Buffalo,Iowa,1164
Middleburgh,New York,1164
Geronimo,Oklahoma,1164
Chatsworth,Illinois,1161
St. Ansgar,Iowa,1160
Chinook,Montana,1160
Andalusia,Illinois,1159
West Kittanning,Pennsylvania,1159
Clark,South Dakota,1159
Ransom Canyon,Texas,1159
Rainelle,West Virginia,1159
Waverly,Illinois,1158
Lake Park,Iowa,1158
Wood River,Nebraska,1158
Hartford,Illinois,1157
Eustace,Texas,1157
Onancock,Virginia,1157
Petersburg,Michigan,1156
Vernon,New York,1156
Lemmon,South Dakota,1156
Lincoln Center,Kansas,1155
Stromsburg,Nebraska,1155
Roseboro,North Carolina,1155
Archer,Florida,1154
Fort Deposit,Alabama,1153
Fruitport,Michigan,1153
Paris,Missouri,1153
Bellerose,New York,1153
Kinderhook,New York,1153
Yamhill,Oregon,1153
La Harpe,Illinois,1152
Toulon,Illinois,1152
Houston,Pennsylvania,1152
Altamont,Tennessee,1152
Nunda,New York,1151
Glidden,Iowa,1150
Philadelphia,New York,1150
Oak Grove Heights,Arkansas,1149
Winter Park,Colorado,1149
Arlington,Georgia,1149
Dellwood,Minnesota,1149
Ansonia,Ohio,1149
Springville,Iowa,1148
Elgin,Minnesota,1148
Stanberry,Missouri,1148
Sperry,Oklahoma,1148
Aurora,South Dakota,1148
Strawberry Point,Iowa,1147
Frederic,Wisconsin,1147
Langley,Washington,1146
Hampton,Arkansas,1145
Resaca,Georgia,1145
Grabill,Indiana,1144
Bradford Woods,Pennsylvania,1144
Benavides,Texas,1144
Stevensville,Michigan,1143
Champlain,New York,1142
Mission,South Dakota,1142
French Settlement,Louisiana,1141
Rutherford,Tennessee,1141
Cuba,Illinois,1140
Cloverport,Kentucky,1140
Mantachie,Mississippi,1140
Harris,Minnesota,1139
Mooreland,Oklahoma,1139
Rochelle,Georgia,1138
Lake View,Iowa,1138
Cottonwood,Minnesota,1138
Beulaville,North Carolina,1138
Sterling City,Texas,1138
Toledo,Illinois,1137
Thomas,Oklahoma,1137
Ames,Texas,1137
Grant,Nebraska,1136
Minier,Illinois,1135
Oolitic,Indiana,1135
Wetumka,Oklahoma,1135
Port Orford,Oregon,1135
Whitaker,Pennsylvania,1135
Lambert,Mississippi,1134
Mammoth,Arizona,1133
Lake Nebagamon,Wisconsin,1133
Malta,Illinois,1132
Wendover,Utah,1132
Newburg,Wisconsin,1132
Plymouth,California,1131
Grand Meadow,Minnesota,1131
China Grove,Texas,1131
Rio,Wisconsin,1131
Macon,Illinois,1130
Otterbein,Indiana,1130
Banner Elk,North Carolina,1130
Pembroke,Virginia,1130
St. Anne,Illinois,1129
Fairbank,Iowa,1128
Milford,Pennsylvania,1128
Waterville,Washington,1128
Sandoval,Illinois,1127
Royalton,Pennsylvania,1127
Clermont,Georgia,1126
Gueydan,Louisiana,1125
Amherst,Wisconsin,1125
Frisco City,Alabama,1124
Mapleton,Iowa,1124
Brodhead,Kentucky,1124
Bayard,Nebraska,1124
Leetsdale,Pennsylvania,1124
McConnellsburg,Pennsylvania,1124
Carson City,Michigan,1123
Holland,Texas,1123
Pleak,Texas,1123
Mexico Beach,Florida,1122
Elwood,Kansas,1122
St. George,Kansas,1122
Calverton Park,Missouri,1122
Lake Shore,Minnesota,1121
Island City,Oregon,1121
Pine Bluffs,Wyoming,1121
Franklin,Idaho,1120
East Gull Lake,Minnesota,1120
Heppner,Oregon,1120
Waldo,Arkansas,1119
Louisville,Illinois,1119
Aurora,Oregon,1118
Cripple Creek,Colorado,1117
Albers,Illinois,1117
Converse,Indiana,1117
Shelburn,Indiana,1117
Conway Springs,Kansas,1117
Frederica,Delaware,1116
Creighton,Nebraska,1116
Kenbridge,Virginia,1116
Ilwaco,Washington,1116
Mayo,Florida,1115
Caledonia,Mississippi,1115
Double Springs,Alabama,1114
Camp Point,Illinois,1114
Divernon,Illinois,1114
Milford,Illinois,1114
Ship Bottom,New Jersey,1114
Plummer,Idaho,1113
Assumption,Illinois,1113
Bull Valley,Illinois,1113
Akron,Indiana,1113
Villisca,Iowa,1113
Dortches,North Carolina,1113
Hansen,Idaho,1112
Victoria,Kansas,1112
Nicollet,Minnesota,1112
Taylorsville,Mississippi,1112
Hagaman,New York,1112
Greenwood,Wisconsin,1112
Point Marion,Pennsylvania,1111
Frankston,Texas,1111
Highlands,North Carolina,1110
Tonasket,Washington,1110
Port Republic,New Jersey,1109
Boise City,Oklahoma,1109
Tiki Island,Texas,1109
Sheffield,Iowa,1107
Wanamingo,Minnesota,1107
Frankfort,Ohio,1107
East Bangor,Pennsylvania,1107
Malvern,Ohio,1106
Belle,West Virginia,1106
Norris City,Illinois,1105
Hebron,Maryland,1105
North Branch,Michigan,1105
Fairland,Oklahoma,1105
Daisetta,Texas,1105
Rogers,Texas,1105
Yarrow Point,Washington,1105
Tyler,Minnesota,1104
Guernsey,Wyoming,1104
George,Iowa,1103
Fairfax,Oklahoma,1103
Clear Lake,Wisconsin,1102
Mantorville,Minnesota,1101
New Vienna,Ohio,1100
Atwood,Illinois,1099
Fort Calhoun,Nebraska,1099
Christiana,Pennsylvania,1099
Cochranton,Pennsylvania,1099
Boyceville,Wisconsin,1099
Crivitz,Wisconsin,1099
Enigma,Georgia,1098
Linn Valley,Kansas,1098
Walnut Creek,North Carolina,1098
Poultney,Vermont,1098
Sundance,Wyoming,1098
Caraway,Arkansas,1097
Third Lake,Illinois,1097
Calmar,Iowa,1097
Columbus,North Carolina,1097
Liberty Center,Ohio,1097
Salina,Oklahoma,1097
Westfield,Pennsylvania,1097
Grass Lake,Michigan,1096
Conrad,Iowa,1095
Treynor,Iowa,1095
Bogata,Texas,1095
Maysville,Missouri,1093
Ellendale,North Dakota,1093
Linden,Tennessee,1093
Ladoga,Indiana,1092
Fremont Hills,Missouri,1092
Thornville,Ohio,1092
Dover,Idaho,1091
Ellport,Pennsylvania,1091
Prospect,Pennsylvania,1091
Halifax,Virginia,1091
Colchester,Illinois,1090
Rossville,Kansas,1090
Augusta,Kentucky,1090
Greenwood,Delaware,1089
Blue Mound,Illinois,1089
Kingston,Illinois,1089
Aplington,Iowa,1089
Sardinia,Ohio,1089
Sykesville,Pennsylvania,1089
Morton,Washington,1088
Dane,Wisconsin,1088
Raleigh,Mississippi,1087
Richfield Springs,New York,1087
Unadilla,New York,1087
Continental,Ohio,1087
Cottonwood,Alabama,1086
Martinsville,Illinois,1086
Boley,Oklahoma,1086
Bingham Farms,Michigan,1085
Reading,Michigan,1085
Atwater,Minnesota,1085
Roslyn Harbor,New York,1085
Big Rock,Illinois,1084
Warrensburg,Illinois,1084
Concord,Michigan,1084
Henderson,Nebraska,1084
Panora,Iowa,1083
Maysville,Oklahoma,1083
Gruver,Texas,1083
Southmayd,Texas,1083
Hustisford,Wisconsin,1083
Yemassee,South Carolina,1082
Sophia,West Virginia,1082
Spicer,Minnesota,1081
Nassau,New York,1081
Pierce,Colorado,1080
Moyie Springs,Idaho,1080
Oskaloosa,Kansas,1080
Ecru,Mississippi,1080
Whitehall,Montana,1080
Bennet,Nebraska,1080
Union Springs,New York,1080
Naches,Washington,1080
Markle,Indiana,1079
Sibley,Louisiana,1079
Glasgow,Missouri,1079
Glenville,West Virginia,1079
Oquawka,Illinois,1078
Brookneal,Virginia,1078
Appleton City,Missouri,1077
Wurtsboro,New York,1077
Central City,Illinois,1076
Colbert,Oklahoma,1076
Knox,Pennsylvania,1076
Jamaica Beach,Texas,1076
Broxton,Georgia,1075
Genesee,Idaho,1075
Valley Falls,Kansas,1075
Como,Mississippi,1075
Tyndall,South Dakota,1075
Ordway,Colorado,1074
Cambridge,Nebraska,1074
Marion,Texas,1074
Albany,Wisconsin,1074
Redkey,Indiana,1073
South Corning,New York,1073
Gettysburg,South Dakota,1072
Morocco,Indiana,1071
Danvers,Illinois,1070
Worden,Illinois,1070
Stamford,New York,1070
Brunswick,North Carolina,1070
Shinglehouse,Pennsylvania,1070
Speers,Pennsylvania,1070
Beach Haven,New Jersey,1069
North Topsail Beach,North Carolina,1069
Thompson,North Dakota,1069
Yale,Oklahoma,1069
Athens,Wisconsin,1069
Chatom,Alabama,1068
Luck,Wisconsin,1067
Falls City,Oregon,1066
Farmersburg,Indiana,1065
Washington,Kansas,1065
Milesburg,Pennsylvania,1065
New Philadelphia,Pennsylvania,1065
South Waverly,Pennsylvania,1065
Twisp,Washington,1065
Sweetser,Indiana,1064
South Shore,Kentucky,1064
Truman,Minnesota,1064
Luttrell,Tennessee,1064
Chico,Texas,1064
Town Creek,Alabama,1063
Craig Beach,Ohio,1063
Memphis,Michigan,1062
Loup City,Nebraska,1062
Weeping Water,Nebraska,1062
Riesel,Texas,1062
St. Michaels,Maryland,1061
Eden Valley,Minnesota,1061
Mineral Springs,Arkansas,1060
Goreville,Illinois,1060
Griggsville,Illinois,1060
Stillman Valley,Illinois,1060
Marcus,Iowa,1060
Bethany Beach,Delaware,1059
Woodbine,Georgia,1059
Little Valley,New York,1059
Wooster,Arkansas,1058
Sloan,Iowa,1058
Vardaman,Mississippi,1058
Wister,Oklahoma,1058
Grant,Alabama,1057
Edinburg,Illinois,1057
Celoron,New York,1057
East Conemaugh,Pennsylvania,1057
Oakfield,Wisconsin,1057
Strum,Wisconsin,1057
Bear Creek,Alabama,1056
Greenup,Kentucky,1056
West Siloam Springs,Oklahoma,1056
Elk Run Heights,Iowa,1055
Satanta,Kansas,1055
Burwell,Nebraska,1055
Caddo,Oklahoma,1055
Kootenai,Idaho,1054
Taylors Falls,Minnesota,1054
Dexter,New Mexico,1054
Pamplico,South Carolina,1054
Alto,Texas,1054
Nickerson,Kansas,1053
Pender,Nebraska,1053
Yoe,Pennsylvania,1053
Holiday Lakes,Texas,1053
Mansfield,Arkansas,1052
Prospect,Ohio,1052
Andrews,Indiana,1051
Janesville,Iowa,1051
Malvern,Iowa,1051
Aynor,South Carolina,1051
Sherburn,Minnesota,1050
Marcellus,Michigan,1049
Purdy,Missouri,1049
Stover,Missouri,1049
Edisto Beach,South Carolina,1049
Bessemer,Pennsylvania,1048
Altamont,Kansas,1047
Laurie,Missouri,1047
Ennis,Montana,1047
Cando,North Dakota,1047
Renovo,Pennsylvania,1047
Occoquan,Virginia,1047
Riverside,Iowa,1046
Glenmora,Louisiana,1046
Lucama,North Carolina,1046
Velva,North Dakota,1046
Forest Park,Oklahoma,1046
Okeene,Oklahoma,1046
De Smet,South Dakota,1046
Knox City,Texas,1046
Littleville,Alabama,1045
Shelton,Nebraska,1045
Terrytown,Nebraska,1045
Linton,North Dakota,1045
Windsor,Illinois,1044
Rockwell,Iowa,1044
Royalton,Illinois,1043
Ashley,Indiana,1043
Hettinger,North Dakota,1043
Holgate,Ohio,1043
Snead,Alabama,1042
Oxford,Kansas,1042
Harmony,Minnesota,1042
Craig,Alaska,1041
Highland,Arkansas,1041
Lily Lake,Illinois,1041
Elkhart,Iowa,1041
Abbottstown,Pennsylvania,1041
Bevil Oaks,Texas,1041
Palouse,Washington,1041
Hebron Estates,Kentucky,1040
Sidney,Iowa,1039
Lyndon,Kansas,1039
Monongah,West Virginia,1039
Bellaire,Michigan,1038
Yoncalla,Oregon,1038
Aurora,Utah,1038
Clarks,Louisiana,1037
Robert Lee,Texas,1037
Glasgow,Virginia,1037
Turtle Lake,Wisconsin,1037
London,Arkansas,1036
Medley,Florida,1036
Camargo,Kentucky,1036
Crosby,North Dakota,1036
Killen,Alabama,1035
Cobden,Illinois,1035
Homer,Illinois,1035
Dunlap,Iowa,1035
North English,Iowa,1035
La Cygne,Kansas,1035
Kibler,Arkansas,1034
Lakeview,Michigan,1034
Kellyville,Oklahoma,1034
Hemphill,Texas,1033
Rosendale,Wisconsin,1033
Delevan,New York,1032
Dryden,Michigan,1031
Santa Anna,Texas,1030
Rockford,Ohio,1029
Nahunta,Georgia,1028
Wolcottville,Indiana,1028
Parkers Prairie,Minnesota,1028
Alamance,North Carolina,1028
Paradise,Utah,1028
Ruston,Washington,1028
Alma,Nebraska,1027
New Salem,North Dakota,1027
Wortham,Texas,1027
Ivey,Georgia,1026
Bayboro,North Carolina,1026
Lovington,Illinois,1024
Kindred,North Dakota,1024
Tuscarawas,Ohio,1024
Cedar Bluff,Virginia,1024
Green Lake,Wisconsin,1024
Forrest,Illinois,1023
White Sulphur Springs,Montana,1022
Metolius,Oregon,1022
Gilcrest,Colorado,1020
Ray City,Georgia,1020
Washburn,Illinois,1020
Meeker,Oklahoma,1020
Erie,Kansas,1019
Millington,Michigan,1019
Lake Linden,Michigan,1018
Vass,North Carolina,1018
Galena,Ohio,1018
Adair Village,Oregon,1018
Rocky Ridge,Utah,1018
Greenfield,Illinois,1017
Plains,Kansas,1017
Choudrant,Louisiana,1017
Watkins,Minnesota,1017
New Franklin,Missouri,1017
Dickeyville,Wisconsin,1017
Dillon,Colorado,1016
Buffalo City,Wisconsin,1016
Stem,North Carolina,1015
Buffalo,Oklahoma,1015
Piedmont,South Dakota,1015
Winfield,Iowa,1014
Lake Quivira,Kansas,1014
Muldraugh,Kentucky,1014
Auxvasse,Missouri,1014
Magnolia,Ohio,1014
Carrolltown,Pennsylvania,1014
Falls Creek,Pennsylvania,1014
Clint,Texas,1014
Republic,Washington,1014
Pennsboro,West Virginia,1014
Chebanse,Illinois,1013
Califon,New Jersey,1013
Osceola Mills,Pennsylvania,1013
Cascade,Idaho,1012
Lawrence,Michigan,1012
Mound City,Missouri,1012
Tivoli,New York,1012
Luckey,Ohio,1012
Williamsport,Ohio,1012
Rose Valley,Pennsylvania,1012
Tenaha,Texas,1012
Barnsdall,Oklahoma,1011
Wakeman,Ohio,1010
Yachats,Oregon,1010
Maricopa,California,1009
Seelyville,Indiana,1009
Edina,Missouri,1009
Mantua,Ohio,1009
Los Indios,Texas,1009
Seadrift,Texas,1009
Anna Maria,Florida,1008
Caldwell,Kansas,1008
Lake St. Croix Beach,Minnesota,1008
La Monte,Missouri,1008
Dexter,New York,1008
Rush Springs,Oklahoma,1008
Bolivar,New York,1007
Spring City,Utah,1007
Slaughter,Louisiana,1006
Morristown,Minnesota,1006
Cool Valley,Missouri,1006
Wellsville,Missouri,1006
Baxter Estates,New York,1006
West Pelzer,South Carolina,1006
Belmont,Wisconsin,1006
Mount Ida,Arkansas,1005
Bannockburn,Illinois,1005
Browning,Montana,1005
Lake George,New York,1005
Northwest,North Carolina,1005
Independence,Virginia,1005
Bolivar,West Virginia,1005
Clarence,Iowa,1004
Scanlon,Minnesota,1004
Winfield,Tennessee,1004
Morgantown,Indiana,1003
West Cape May,New Jersey,1003
Center Hill,Florida,1002
Hiawassee,Georgia,1002
Milledgeville,Illinois,1002
Plandome Heights,New York,1002
Apache,Oklahoma,1002
Timpson,Texas,1002
Mill Neck,New York,1001
Lawrenceville,Virginia,1001
Moorcroft,Wyoming,1001
Steele,Alabama,1000
Payson,Illinois,1000
Solomon,Kansas,1000
Burgin,Kentucky,1000
Convoy,Ohio,1000
Donald,Oregon,1000
Fairchilds,Texas,1000
Sardis,Georgia,999
Arnaudville,Louisiana,999
Thomasboro,Illinois,998
Northville,New York,998
Sugar Notch,Pennsylvania,998
Onsted,Michigan,997
Alto,Georgia,996
Watterson Park,Kentucky,996
Chevy Chase View,Maryland,996
Danville,Ohio,996
Urbancrest,Ohio,996
Wittenberg,Wisconsin,996
Bray,Oklahoma,995
North Enid,Oklahoma,995
Iraan,Texas,995
White Deer,Texas,995
Stonington,Connecticut,994
Shawneetown,Illinois,994
North Webster,Indiana,994
Clay,Kentucky,994
Hawesville,Kentucky,994
Country Club Hills,Missouri,994
Otisville,New York,994
Shady Point,Oklahoma,994
Gore,Oklahoma,993
Beavertown,Pennsylvania,993
Orlinda,Tennessee,993
Hughes,Arkansas,992
Mechanicsville,Iowa,992
Hamlin,West Virginia,992
Summitville,Indiana,991
Griswold,Iowa,991
Morrice,Michigan,991
Belle Vernon,Pennsylvania,991
Bradford,Tennessee,991
Baldwin,Michigan,990
Hector,Minnesota,990
Audubon Park,New Jersey,990
Van Wyck,South Carolina,990
Alexandria,Tennessee,990
Paducah,Texas,990
Dubois,Wyoming,990
Flanagan,Illinois,989
Shellsburg,Iowa,989
Sedan,Kansas,989
Roscommon,Michigan,989
Tilden,Nebraska,989
Lakeport,Texas,989
Hagerman,Idaho,988
Wanatah,Indiana,988
Princeton,Missouri,988
Castile,New York,988
Lowellville,Ohio,988
Marshallville,Georgia,987
Newark,Illinois,986
Northfield,Kentucky,986
Elton,Louisiana,986
New Waverly,Texas,986
St. Paul,Texas,986
Elk Mound,Wisconsin,986
Leesburg,Alabama,985
Odell,Illinois,985
Walton,Indiana,985
Odebolt,Iowa,985
Loma Linda,Missouri,985
Rhodhiss,North Carolina,985
Tabor,Iowa,984
Overbrook,Kansas,984
Lonaconing,Maryland,984
Millville,Pennsylvania,984
Gorman,Texas,984
New Cumberland,West Virginia,984
Houston,Minnesota,983
Highlandville,Missouri,983
Scobey,Montana,983
Mustang Ridge,Texas,983
Fyffe,Alabama,982
Fort Gaines,Georgia,982
Garrett Park,Maryland,982
La Conner,Washington,982
Colfax,Illinois,981
Elkhorn City,Kentucky,981
Walker,Minnesota,981
Winona,Missouri,981
Saddle Rock,New York,981
Winchester,Ohio,981
Hulmeville,Pennsylvania,981
Mazon,Illinois,980
Bloomingburg,New York,980
Ocean Isle Beach,North Carolina,980
Geary,Oklahoma,980
New London,Texas,980
Phil Campbell,Alabama,979
Tunnel Hill,Georgia,979
Wayne City,Illinois,979
Grant,Michigan,979
Bradner,Ohio,979
Carrollton,Alabama,978
Elm Creek,Nebraska,978
Greene,Iowa,977
Nortonville,Kentucky,977
Willards,Maryland,977
Central Lake,Michigan,977
Bird Island,Minnesota,977
McGraw,New York,977
Glenwillow,Ohio,977
Morrisonville,Illinois,976
Baxter,Iowa,976
Fredericksburg,Iowa,976
Montezuma,Kansas,976
Bloomfield,Kentucky,976
Dunbar,Pennsylvania,976
Obion,Tennessee,976
Norman Park,Georgia,975
Henderson,Minnesota,975
Loch Lloyd,Missouri,975
Cooleemee,North Carolina,975
Millersport,Ohio,975
Gaston,North Carolina,974
Glandorf,Ohio,974
Millport,Alabama,973
Waynetown,Indiana,973
Hesperia,Michigan,973
Farmersville,Ohio,973
Fort Lawn,South Carolina,973
Petersburg,Texas,973
Golden Beach,Florida,972
Ceresco,Nebraska,972
Beach,North Dakota,972
Central City,Pennsylvania,972
Arp,Texas,972
Keewatin,Minnesota,971
Osceola,Missouri,971
Caliente,Nevada,971
Mounds,Oklahoma,971
Palo Alto,Pennsylvania,971
West Brownsville,Pennsylvania,971
Branchville,South Carolina,971
Elkhart Lake,Wisconsin,971
Parrish,Alabama,970
Aurelia,Iowa,970
Ottoville,Ohio,970
Seaman,Ohio,970
Calvert,Texas,970
Haxtun,Colorado,969
Wenona,Illinois,969
Wurtland,Kentucky,969
Southwest City,Missouri,969
Belfield,North Dakota,969
Marlinton,West Virginia,969
Gulf Stream,Florida,968
McCullom Lake,Illinois,968
Paullina,Iowa,968
New London,Missouri,968
Dibble,Oklahoma,968
Lobelville,Tennessee,968
Goshen,Utah,968
Benton,Wisconsin,968
Minturn,Colorado,967
Poseyville,Indiana,967
Erick,Oklahoma,967
Gainesboro,Tennessee,967
Cherokee,Alabama,966
South Pekin,Illinois,966
Troy,Kansas,966
Grand Isle,Louisiana,966
Liverpool,Pennsylvania,966
Maud,Texas,966
Camp Hill,Alabama,965
Franklin,Georgia,965
Goodland,Indiana,965
Anita,Iowa,965
Bay Head,New Jersey,965
Cattaraugus,New York,965
Bolivar,Ohio,965
Maypearl,Texas,965
Dale,Pennsylvania,964
Valders,Wisconsin,964
Wamac,Illinois,963
Biwabik,Minnesota,963
Arapahoe,Nebraska,963
Manassa,Colorado,961
Mount Crested Butte,Colorado,961
Dagsboro,Delaware,961
Waleska,Georgia,961
Goodfield,Illinois,961
Au Gres,Michigan,961
Cooperstown,North Dakota,961
Scio,Oregon,961
New Hope,Tennessee,961
St. Paul,Indiana,960
Athens,Michigan,960
Carlton,Minnesota,960
Carrizozo,New Mexico,960
Underwood,Iowa,959
Nashwauk,Minnesota,959
Logan,New Mexico,959
Galeton,Pennsylvania,959
Bronte,Texas,959
Buchanan,Georgia,958
Eddyville,Iowa,958
Grantsville,Maryland,958
Grand Coulee,Washington,958
Council,Idaho,957
Inwood,Iowa,957
Merryville,Louisiana,957
Centerville,South Dakota,957
Spiceland,Indiana,956
Clarkton,Missouri,956
East Mountain,Texas,956
Chapmanville,West Virginia,956
Delta Junction,Alaska,955
Rosiclare,Illinois,955
Hinton,Iowa,955
Burlingame,Kansas,955
Naples,New York,955
Atwood,Tennessee,955
Waelder,Texas,955
Lumber City,Georgia,954
Wolcott,Indiana,954
Lansing,Iowa,954
Hagerman,New Mexico,954
Roslyn,Washington,954
Oglethorpe,Georgia,953
Energy,Illinois,953
Clarkson,Kentucky,953
Union Bridge,Maryland,953
Le Roy,Minnesota,953
New Bethlehem,Pennsylvania,953
Hill City,South Dakota,953
Garden Plain,Kansas,952
Ashton,Idaho,951
Jamestown,Indiana,951
Hilltop,Minnesota,951
Bloomfield,Nebraska,951
Alexandria Bay,New York,951
Elbridge,New York,951
Pleasantville,Ohio,951
Halsey,Oregon,951
Oakland,Oregon,951
Altoona,Alabama,950
Foreman,Arkansas,950
Larchwood,Iowa,950
Northwood,North Dakota,950
Harlowton,Montana,949
Centerville,Texas,949
Hoonah,Alaska,948
Millersburg,Indiana,948
Quinter,Kansas,948
Laurel,Nebraska,948
Ivyland,Pennsylvania,948
Ashton,Illinois,947
Wayland,Iowa,947
Buhl,Minnesota,947
Schoharie,New York,947
Ipswich,South Dakota,947
Hill Country Village,Texas,947
Red Cloud,Nebraska,946
Runge,Texas,946
Electric City,Washington,946
Grace,Idaho,945
Keosauqua,Iowa,945
Benton,Kansas,945
Sturgeon,Missouri,945
Harvard,Nebraska,945
Hiram,Ohio,945
Tom Bean,Texas,945
Cotter,Arkansas,944
Cayuga,Indiana,944
Andover,Ohio,944
Chauncey,Ohio,944
St. Jo,Texas,944
Lynn,Indiana,943
Richland,Michigan,943
Drexel,Missouri,943
Whitewood,South Dakota,943
Milltown,Wisconsin,943
Mammoth Spring,Arkansas,942
Allison,Iowa,942
Elsie,Michigan,942
Yorkville,Ohio,942
Linesville,Pennsylvania,942
Eagleville,Tennessee,942
Wartburg,Tennessee,942
Athens,West Virginia,942
Marine,Illinois,941
Lanesville,Indiana,941
Westphalia,Michigan,941
Alderson,West Virginia,941
Waddington,New York,940
Rison,Arkansas,939
Hagan,Georgia,939
Mountain City,Georgia,939
Brownville,New York,939
Holden Beach,North Carolina,939
Middlesex,North Carolina,939
Dresser,Wisconsin,939
Shiocton,Wisconsin,939
Atkinson,Illinois,938
Rapids City,Illinois,938
Wheatfield,Indiana,938
Lawton,Iowa,938
Preston,Iowa,938
Dighton,Kansas,938
Butler,Ohio,938
Edwards,Mississippi,937
Woodstock,Vermont,937
Ryland Heights,Kentucky,936
Gowrie,Iowa,935
Moreauville,Louisiana,935
Baudette,Minnesota,935
Cross Plains,Texas,935
Brook,Indiana,934
Humansville,Missouri,934
Groveton,Texas,934
De Soto,Iowa,933
Lynnview,Kentucky,933
Geneva-on-the-Lake,Ohio,933
Sudan,Texas,933
Sheldon,Illinois,932
Woodlawn Park,Kentucky,932
Omaha,Texas,932
Webster,Florida,931
Sunman,Indiana,931
Martin's Additions,Maryland,931
Lake Waukomis,Missouri,931
Talihina,Oklahoma,931
Stoneboro,Pennsylvania,931
Arco,Idaho,930
Leland,Illinois,930
Fruitland,Iowa,930
Pine River,Minnesota,930
Russell Gardens,New York,930
Hotchkiss,Colorado,929
Riley,Kansas,929
West Point,Kentucky,929
Lilbourn,Missouri,929
North Randall,Ohio,929
Red Lick,Texas,929
Hollywood,Alabama,928
Meigs,Georgia,928
Mansfield,Illinois,928
Andale,Kansas,928
Hi-Nella,New Jersey,928
Grand Rapids,Ohio,928
Goldsboro,Pennsylvania,928
Arlington,South Dakota,928
Clayton,Indiana,927
Montezuma,Indiana,927
Lexington,Michigan,927
Friend,Nebraska,927
Springer,New Mexico,927
East Prospect,Pennsylvania,927
Dasher,Georgia,926
Blue Mountain,Mississippi,926
Hillburn,New York,926
Harmony,Pennsylvania,926
Martin,South Dakota,926
Sharon,Tennessee,926
Odessa,Washington,926
Jeffersonville,Georgia,925
Troy,Idaho,925
Carthage,Indiana,925
Pierceton,Indiana,925
Stafford,Kansas,925
Prentiss,Mississippi,925
Superior,Montana,925
Morrill,Nebraska,925
Ellsworth,Pennsylvania,925
Crump,Tennessee,925
Crawford,Texas,925
Powell,Alabama,924
Bristol,Florida,924
Challis,Idaho,924
Blue Rapids,Kansas,924
Poquott,New York,924
Albany,Ohio,924
Lorenzo,Texas,924
Wilbur,Washington,924
Dolores,Colorado,923
Nauvoo,Illinois,923
Goshen,Kentucky,923
Rolling Hills,Kentucky,923
Truesdale,Missouri,923
Beach City,Ohio,923
Miles,Texas,923
Plainfield,Wisconsin,923
Mentone,Indiana,922
Highland,Kansas,922
Texico,New Mexico,922
South Fork,Pennsylvania,922
Balsam Lake,Wisconsin,922
Raymond,Illinois,921
Grantwood Village,Missouri,921
Ola,Arkansas,920
Ouray,Colorado,920
Peabody,Kansas,920
McAdenville,North Carolina,920
Goodwell,Oklahoma,920
Lumpkin,Georgia,919
Montreat,North Carolina,919
Waynesburg,Ohio,919
Cashion,Oklahoma,919
Rimersburg,Pennsylvania,919
Blue Mounds,Wisconsin,919
Rib Lake,Wisconsin,919
Hamel,Illinois,918
Hankinson,North Dakota,918
Worthing,South Dakota,918
Derma,Mississippi,917
Bradenton Beach,Florida,916
Rutledge,Georgia,916
Princeton,Iowa,916
Crocker,Missouri,916
Kenesaw,Nebraska,916
Gwinner,North Dakota,916
Anton,Texas,916
Apple Valley,Utah,916
Norlina,North Carolina,915
Shawnee Hills,Ohio,915
Midway,Pennsylvania,915
Far Hills,New Jersey,914
Kenmare,North Dakota,914
Geraldine,Alabama,913
Otego,New York,913
Stockertown,Pennsylvania,913
Necedah,Wisconsin,913
Grand Ridge,Florida,912
Beckemeyer,Illinois,912
Onaway,Michigan,912
Waterloo,Nebraska,912
Chama,New Mexico,912
Friendsville,Tennessee,912
Iron Ridge,Wisconsin,912
Cottonwood,Idaho,911
Chetopa,Kansas,911
Baroda,Michigan,911
Battle Lake,Minnesota,911
Odin,Illinois,910
Edgewood,Iowa,910
Hills,Iowa,910
Philipsburg,Montana,910
Craigsville,Virginia,910
Percy,Illinois,909
West Point,Iowa,909
Village of Clarkston,Michigan,909
Franklin,Nebraska,909
Chevak,Alaska,908
Pleasant Hill,Illinois,908
Danville,Iowa,908
Dixon,Kentucky,908
Mayville,Michigan,908
Benton,Missouri,908
Mountainair,New Mexico,908
Killdeer,North Dakota,908
North Perry,Ohio,908
Levan,Utah,907
Owen,Wisconsin,907
Neola,Iowa,906
Deer River,Minnesota,906
Collinwood,Tennessee,906
New Berlin,New York,905
New Knoxville,Ohio,905
Chesnee,South Carolina,905
Quinby,South Carolina,905
Swisher,Iowa,904
Hancock,New York,904
Addyston,Ohio,904
Berryville,Texas,904
Reynolds,Georgia,903
Timberlane,Illinois,903
Newark Valley,New York,903
Hopedale,Ohio,903
Milford Center,Ohio,903
Hydro,Oklahoma,903
Log Lane Village,Colorado,902
Kingston,Georgia,902
Palmyra,Indiana,902
Swayzee,Indiana,902
Pentwater,Michigan,902
Jonestown,Mississippi,902
Bernville,Pennsylvania,902
Coahoma,Texas,902
Pineland,Texas,902
Uniontown,Kentucky,901
Whitney Point,New York,901
Eden,Wisconsin,901
Miner,Missouri,900
Grandfield,Oklahoma,900
Homeland,Georgia,899
Troy,Montana,899
Old Field,New York,899
Pringle,Pennsylvania,899
East Tawakoni,Texas,899
Tunica,Mississippi,898
Parshall,North Dakota,898
Horatio,Arkansas,897
Oriental,North Carolina,897
Earth,Texas,897
Newport,Delaware,896
Farwell,Michigan,896
Richton,Mississippi,896
Beaver Meadows,Pennsylvania,896
Ramsey,Illinois,895
Sunflower,Mississippi,895
Ponca,Nebraska,895
Andover,New York,895
Bowmanstown,Pennsylvania,895
Lincoln,Pennsylvania,895
Trumbauersville,Pennsylvania,895
Charleston,Tennessee,895
Centuria,Wisconsin,895
Dierks,Arkansas,894
Monroe,Indiana,894
Le Grand,Iowa,894
Keota,Iowa,893
Bellemeade,Kentucky,893
Chicora,Pennsylvania,893
Bradbury,California,892
Sanford,Colorado,892
Beloit,Ohio,892
Oakland,Oklahoma,892
Kekoskee,Wisconsin,892
Astoria,Illinois,891
New Castle,Kentucky,891
Roseland,Louisiana,891
Tully,New York,891
Huntland,Tennessee,891
Pomona,Kansas,890
Dubach,Louisiana,890
Oilton,Oklahoma,890
Deerfield,Michigan,889
Rowland,North Carolina,889
Newhall,Iowa,888
Brownsville,Kentucky,888
Winnebago,Nebraska,888
Deal,New Jersey,888
New Summerfield,Texas,888
Post Oak Bend,Texas,888
Upton,Wyoming,888
Krotz Springs,Louisiana,887
Portville,New York,887
Clay City,Indiana,886
Bellefonte,Kentucky,886
Campti,Louisiana,886
Paint,Pennsylvania,886
Sully,Iowa,885
Brooksville,Mississippi,885
Medford,Oklahoma,885
Avonmore,Pennsylvania,885
McClure,Pennsylvania,885
Scotts Hill,Tennessee,885
George,Washington,885
Primghar,Iowa,884
Mazeppa,Minnesota,884
Bentleyville,Ohio,884
Vega,Texas,884
Gifford,Illinois,883
Pasadena Hills,Missouri,883
Marathon,New York,883
Bear River City,Utah,883
Luxora,Arkansas,882
Pond Creek,Oklahoma,882
Vaiden,Mississippi,881
Seligman,Missouri,881
Sylvan Beach,New York,881
Arendtsville,Pennsylvania,881
Green River,Utah,881
Coker,Alabama,880
Crawford,Georgia,880
Millerton,New York,880
Walhalla,North Dakota,880
Siren,Wisconsin,880
Argenta,Illinois,879
Franklin Grove,Illinois,879
Cleveland,North Carolina,879
Bandera,Texas,879
Wells,Texas,879
La Veta,Colorado,878
Frankford,Delaware,878
Plain Dealing,Louisiana,878
Deckerville,Michigan,878
Morgan,Minnesota,878
Longport,New Jersey,878
Valley Springs,South Dakota,878
Walnut Springs,Texas,878
Randolph,Nebraska,877
Vanceboro,North Carolina,877
Export,Pennsylvania,877
Annabella,Utah,877
Lewisville,Arkansas,876
Lakeville,Indiana,876
Leonville,Louisiana,876
Woodsburgh,New York,876
Henning,Tennessee,876
Wink,Texas,876
Notasulga,Alabama,875
Lebo,Kansas,875
Saugatuck,Michigan,875
Mount Olive,Mississippi,875
Jasper,Missouri,875
Belwood,North Carolina,875
Pembroke,Kentucky,874
Fordoche,Louisiana,874
Richmondville,New York,874
Bechtelsville,Pennsylvania,874
Marion,South Dakota,874
Bowman,Georgia,873
Hallock,Minnesota,873
Norwood Court,Missouri,873
Maud,Oklahoma,873
Bremond,Texas,873
Diamond,Missouri,872
Osceola,Nebraska,872
Bloomingburg,Ohio,872
Elsinore,Utah,872
Adairville,Kentucky,871
Boyce,Louisiana,871
Madisonville,Louisiana,871
Corinne,Utah,871
Dieterich,Illinois,870
Blooming Grove,Texas,870
Brandon,Wisconsin,870
Wyanet,Illinois,869
Kiowa,Kansas,869
Ringling,Oklahoma,869
Cottondale,Florida,868
Silver Lake,Indiana,868
Hamburg,Iowa,868
Oil City,Louisiana,868
Mendon,Michigan,868
Genoa,Nebraska,868
Attica,Ohio,868
Celeste,Texas,868
Indian Lake,Texas,868
Tulelake,California,867
Annawan,Illinois,867
Highland,Wisconsin,867
Lynnville,Indiana,866
Donnellson,Iowa,866
Fairview,Montana,866
Coldspring,Texas,866
Woodbury,Georgia,865
Pinesdale,Montana,865
Windsor,New York,865
Garysburg,North Carolina,865
Garrett,Texas,865
Thrall,Texas,865
Flemington,Georgia,864
Ferguson,Kentucky,864
Langdon Place,Kentucky,864
Woodville,Mississippi,864
Glendale,Oregon,864
Valley View,Texas,864
Leeds,Utah,864
Poca,West Virginia,864
Afton,Iowa,863
Emily,Minnesota,863
Hancock,Minnesota,863
Fort Sumner,New Mexico,863
La Center,Kentucky,862
Clendenin,West Virginia,862
Hauser,Idaho,861
Roachdale,Indiana,861
Shoreham,Michigan,861
Silver Lake,Minnesota,861
Puxico,Missouri,861
Marbleton,Wyoming,861
Holly Pond,Alabama,860
Readlyn,Iowa,860
Darby,Montana,860
Henning,Minnesota,859
Gloster,Mississippi,859
Moulton,Texas,859
Oak Creek,Colorado,858
Oreana,Illinois,857
Viola,Illinois,857
Lilly,Pennsylvania,857
Daniel,Utah,857
Stoddard,Wisconsin,857
Allenhurst,Georgia,856
Armstrong,Iowa,856
Kimball,Minnesota,856
Lockwood,Missouri,856
Enderlin,North Dakota,856
New Washington,Ohio,856
Roseville,Illinois,855
Shipshewana,Indiana,855
Mathiston,Mississippi,855
Magnolia,North Carolina,855
Rich Square,North Carolina,855
Hart,Texas,855
Redwater,Texas,855
Biron,Wisconsin,855
Essex,Illinois,854
Maxwell,Iowa,854
Cottonwood Falls,Kansas,854
Humphrey,Nebraska,854
Round Lake,New York,854
Arcadia Lakes,South Carolina,854
Chester,Montana,853
Bloomville,Ohio,853
Trinidad,Texas,853
Arena,Wisconsin,853
Blue River,Colorado,852
Victor,Iowa,852
Funkstown,Maryland,852
Hyndman,Pennsylvania,852
Copperton metro township,Utah,852
Skyline,Alabama,851
Higginson,Arkansas,851
Mendon,Illinois,851
Roseland,Indiana,851
Perry,Kansas,851
Chappell,Nebraska,851
Wayne,Ohio,851
Saegertown,Pennsylvania,851
Gurley,Alabama,850
Baconton,Georgia,850
Shabbona,Illinois,850
Augusta,Michigan,850
Jonesville,Virginia,850
Velda Village Hills,Missouri,849
Quinton,Oklahoma,849
Shannon,Illinois,848
Campbellsburg,Kentucky,848
Rocksprings,Texas,848
Gosport,Indiana,847
Buffalo Center,Iowa,847
Newell,Iowa,847
Mackinaw City,Michigan,847
Matinecock,New York,847
Hardin,Texas,847
Minersville,Utah,847
Carpendale,West Virginia,847
Rupert,West Virginia,847
Eton,Georgia,846
Albany,Illinois,846
Flint Hill,Missouri,846
Pawnee City,Nebraska,846
Tipton,Oklahoma,846
Hackett,Arkansas,845
Ignacio,Colorado,845
Burnsville,Mississippi,845
Cowley,Wyoming,845
Magnolia Springs,Alabama,844
Wadley,Alabama,844
Long Grove,Iowa,844
Pound,Virginia,844
Burrton,Kansas,843
Wakefield,Kansas,843
Plantersville,Mississippi,843
Stonewall,Mississippi,843
Ellerbe,North Carolina,843
Lamar,South Carolina,843
Greers Ferry,Arkansas,842
Colo,Iowa,842
Gobles,Michigan,842
Edmundson,Missouri,842
White Lake,North Carolina,842
Hanover,Illinois,841
West Concord,Minnesota,841
Maysville,North Carolina,841
Reile's Acres,North Dakota,841
Wishek,North Dakota,841
Riegelsville,Pennsylvania,841
Teton,Idaho,840
Landfall,Minnesota,840
Friars Point,Mississippi,840
Davenport,Oklahoma,840
Glasford,Illinois,839
Lake City,Michigan,839
Marblehead,Ohio,839
Tuscola,Texas,839
Penney Farms,Florida,838
Faith,North Carolina,838
St. Paul,Virginia,838
Hubbard,Iowa,837
Wilson,Kansas,837
Fincastle,Kentucky,837
De Kalb,Mississippi,837
Pickens,Mississippi,837
Belmont,New York,837
Temple,Oklahoma,837
Grundy,Virginia,837
Horseshoe Bend,Idaho,836
White Plains,Kentucky,836
Prairie City,Oregon,836
Dennis,Texas,836
Sutton,West Virginia,836
McLouth,Kansas,835
Ubly,Michigan,835
Avoca,New York,835
Danielsville,Georgia,834
Birchwood Village,Minnesota,834
Oregon,Missouri,834
Merrill,Oregon,834
Viborg,South Dakota,834
Belmont,West Virginia,834
Mason,West Virginia,834
Arlington,Wisconsin,834
Dorchester,Wisconsin,834
Howard,South Dakota,833
Dorris,California,832
Inkom,Idaho,832
Clay City,Illinois,832
Dunkerton,Iowa,832
Heath Springs,South Carolina,832
Footville,Wisconsin,832
Illiopolis,Illinois,831
Browerville,Minnesota,831
Onamia,Minnesota,831
Gratis,Ohio,831
Brilliant,Alabama,830
New Holland,Ohio,830
New Madison,Ohio,830
Spur,Texas,830
Galva,Kansas,829
King City,Missouri,829
Sodus Point,New York,829
Sewickley Heights,Pennsylvania,829
Scurry,Texas,829
Newton,Utah,829
Jupiter Island,Florida,828
Cambridge,Iowa,828
Utica,Nebraska,828
Wallowa,Oregon,828
Rockwood,Pennsylvania,828
Coulterville,Illinois,827
Evarts,Kentucky,827
Clarkfield,Minnesota,827
Rockaway Beach,Missouri,827
Harwood,North Dakota,827
North Bend,Ohio,827
Quapaw,Oklahoma,827
Escalante,Utah,827
Lone Rock,Wisconsin,827
Dayton,Wyoming,827
Francesville,Indiana,826
Pineville,Missouri,826
Baltic,Ohio,826
Pleasantville,Pennsylvania,826
Wallace,Idaho,825
Maringouin,Louisiana,825
Shellman,Georgia,824
Isle,Minnesota,824
Crawford,Nebraska,824
Curtis,Nebraska,824
Alger,Ohio,824
Bow Mar,Colorado,823
Stamping Ground,Kentucky,823
Garibaldi,Oregon,823
Mount Jewett,Pennsylvania,823
Faulkton,South Dakota,823
Road Runner,Texas,823
Diamond City,Arkansas,822
Holly,Colorado,822
Elkville,Illinois,822
Shirley,Indiana,822
Alma,Kansas,822
Star,North Carolina,822
Warrenton,North Carolina,822
Benton,Pennsylvania,822
New Salem,Pennsylvania,822
Blanchardville,Wisconsin,822
Ringwood,Illinois,821
Lecompte,Louisiana,821
Millheim,Pennsylvania,821
Jonesville,South Carolina,821
Jewett,Texas,821
Cameron,West Virginia,821
St. Ignatius,Montana,820
Glenwood,Georgia,819
Church Hill,Maryland,819
Springport,Michigan,819
Candor,North Carolina,819
Texhoma,Oklahoma,819
Rockford,Tennessee,819
St. Joseph,Tennessee,819
Oak Grove,Texas,819
Waldo,Florida,818
Winthrop,Iowa,818
Caspian,Michigan,818
Blackduck,Minnesota,818
Old Fort,North Carolina,818
Mifflintown,Pennsylvania,818
Pittsville,Wisconsin,818
Somerville,Alabama,817
Plantation,Kentucky,817
Interlaken,New Jersey,817
Dawson,Texas,817
Garrison,Texas,817
North Hills,West Virginia,817
McCammon,Idaho,816
Oakley,Idaho,816
Stockton,Minnesota,816
Weston,Texas,816
Marengo,Indiana,815
Trenton,Texas,815
Henefer,Utah,815
Luthersville,Georgia,814
Milner,Georgia,814
North Irwin,Pennsylvania,814
Fouke,Arkansas,813
Hazelton,Idaho,813
Graettinger,Iowa,813
Mankato,Kansas,813
New Haven,Kentucky,813
Folsom,Louisiana,813
Bovey,Minnesota,813
Lyons,Nebraska,813
Grover,North Carolina,813
Seiling,Oklahoma,813
Rivesville,West Virginia,813
Pomona Park,Florida,812
Santee,South Carolina,812
Byrdstown,Tennessee,812
Coal Hill,Arkansas,811
Paw Paw,Illinois,811
Doniphan,Nebraska,811
Sherwood,Ohio,811
Coalmont,Tennessee,811
Stonington,Illinois,810
Anacoco,Louisiana,810
Scribner,Nebraska,810
Arlington Heights,Ohio,810
Owensville,Ohio,810
Hilshire Village,Texas,810
Elmwood,Wisconsin,810
Cohutta,Georgia,809
Ridgway,Illinois,809
Rural Valley,Pennsylvania,809
Parksley,Virginia,809
Newellton,Louisiana,808
Branchville,New Jersey,808
Otisville,Michigan,807
Pellston,Michigan,807
Marshall,North Carolina,807
Flushing,Ohio,807
Allen,Oklahoma,807
Ninnekah,Oklahoma,807
Emerson,Nebraska,806
Valliant,Oklahoma,806
Trezevant,Tennessee,806
Knollwood,Texas,806
Hopedale,Illinois,805
Borden,Indiana,805
Inverness,Mississippi,805
Fordland,Missouri,805
Belle Center,Ohio,805
Halifax,Pennsylvania,805
Smithfield,Pennsylvania,805
Decaturville,Tennessee,805
Tekoa,Washington,805
Autaugaville,Alabama,804
Savoonga,Alaska,804
Young Harris,Georgia,804
Pleasant Plains,Illinois,804
Sheffield,Illinois,804
Riceville,Iowa,804
McKee,Kentucky,804
Cairo,Nebraska,804
Killbuck,Ohio,804
Brantley,Alabama,803
Screven,Georgia,803
Schleswig,Iowa,803
Rushford Village,Minnesota,803
St. Stephen,Minnesota,803
Airport Drive,Missouri,803
La Grange,Missouri,803
East Brady,Pennsylvania,803
Santa Clara,Texas,803
Redmond,Utah,803
Viola,Wisconsin,803
Meredosia,Illinois,802
New Milford,Pennsylvania,802
Niota,Tennessee,802
Boswell,Indiana,801
Waverly,Missouri,801
Plandome Manor,New York,801
Maywood Park,Oregon,801
Bunker Hill,Indiana,800
Gaston,Indiana,800
Mount Hope,Kansas,800
Harrisville,Pennsylvania,800
Lometa,Texas,800
Susan Moore,Alabama,799
Greenville,Georgia,799
Stephenson,Michigan,799
Roosevelt,New Jersey,799
Hewitt,Wisconsin,799
Faison,North Carolina,798
Red Cross,North Carolina,798
Cyril,Oklahoma,798
Weleetka,Oklahoma,798
Silverdale,Pennsylvania,798
Loami,Illinois,797
Milltown,Indiana,797
Royal Center,Indiana,797
Pleasureville,Kentucky,797
Simsboro,Louisiana,797
Brunswick,Missouri,797
Log Cabin,Texas,797
Dugger,Indiana,796
Osmond,Nebraska,796
Bloomsbury,New Jersey,796
Chester Hill,Pennsylvania,796
Roy,Washington,796
La Fontaine,Indiana,795
Smiths Grove,Kentucky,795
Blue Hill,Nebraska,795
Argyle,Wisconsin,795
Marion,Michigan,794
West Middlesex,Pennsylvania,794
Keysville,Virginia,794
Montreal,Wisconsin,794
Galatia,Illinois,793
Port Royal,Pennsylvania,793
Mossyrock,Washington,793
Potlatch,Idaho,792
Perryville,Kentucky,792
Wild Rose,Wisconsin,792
Gilbertville,Iowa,791
Chevy Chase Section Three,Maryland,791
Russellville,Missouri,791
Stone Harbor,New Jersey,791
Peletier,North Carolina,791
Sunrise Beach Village,Texas,791
East Bank,West Virginia,791
Greenleaf,Idaho,790
New Milford,Illinois,790
Downs,Kansas,790
Hollow Creek,Kentucky,790
Humboldt,Nebraska,790
Marshallville,Ohio,790
Dauphin,Pennsylvania,790
Mosses,Alabama,789
Patagonia,Arizona,789
Grant City,Missouri,789
Cimarron,New Mexico,789
Palatine Bridge,New York,789
Summerton,South Carolina,789
Ludlow,Vermont,789
Dallas City,Illinois,788
Kerkhoven,Minnesota,788
Raymond,Minnesota,788
Hebron,North Dakota,788
Bailey's Prairie,Texas,788
Emmonak,Alaska,787
Lyons,Michigan,787
Gibbon,Minnesota,787
New Berlin,Pennsylvania,787
McBee,South Carolina,787
Damascus,Virginia,787
Concrete,Washington,787
Lakeview,Arkansas,786
Hardin,Illinois,786
Elkton,Michigan,786
Afton,New York,786
Edon,Ohio,786
Coolidge,Texas,786
Boyce,Virginia,786
Blairsville,Georgia,785
Spearville,Kansas,785
Belle Terre,New York,785
Lyndonville,New York,785
Clarksville City,Texas,785
Parkin,Arkansas,784
Roberta,Georgia,784
Spaulding,Illinois,784
Blue Ridge Manor,Kentucky,784
Fertile,Minnesota,784
Fairfield,Montana,784
Hooper,Nebraska,784
Rushville,Nebraska,784
Scotland,South Dakota,784
Van Buren,Indiana,783
Ossian,Iowa,783
Lamberton,Minnesota,783
Bude,Mississippi,783
Douglas,Alabama,782
Kwethluk,Alaska,782
Cissna Park,Illinois,782
Montgomery,Indiana,782
Powderly,Kentucky,782
Lilydale,Minnesota,782
North Hornell,New York,782
Plankinton,South Dakota,782
Point,Texas,782
Point Hope,Alaska,781
Dyer,Arkansas,781
Stronghurst,Illinois,781
Adair,Iowa,781
Gladbrook,Iowa,781
Mayfield,New York,781
Jefferson,South Carolina,781
Alcester,South Dakota,781
Lone Oak,Texas,781
Alanson,Michigan,779
Magdalena,New Mexico,779
Syracuse,Ohio,779
Eastview,Tennessee,779
Ector,Texas,779
Walnut Grove,Alabama,778
Togiak,Alaska,778
Central,Colorado,778
Greenville,Florida,778
Enfield,Illinois,778
Lowden,Iowa,778
Dover,Minnesota,778
Rutledge,Pennsylvania,778
Milford,Texas,778
Fountain City,Wisconsin,778
Rockland,Wisconsin,778
Hayneville,Alabama,777
Isleton,California,777
Bethlehem,Georgia,777
Eldon,Iowa,777
Lake Tapawingo,Missouri,777
Gray Court,South Carolina,777
Tellico Plains,Tennessee,777
Coffeeville,Mississippi,776
Elkton,South Dakota,776
West Bend,Iowa,775
Lewisburg,Kentucky,775
Aspermont,Texas,775
Hugo,Colorado,774
Gainesville,Missouri,774
Underwood,North Dakota,774
Bingen,Washington,774
Section,Alabama,773
Patterson,Georgia,773
Ellington,Missouri,773
Oklahoma,Pennsylvania,773
Eureka,South Dakota,773
Orleans,Vermont,773
Hamlet,Indiana,772
Americus,Kansas,772
Buckley,Michigan,772
Earlville,New York,772
Sycamore,Ohio,772
King Cove,Alaska,771
Coleman,Florida,771
Jonesburg,Missouri,771
Arkport,New York,771
Fair Haven,New York,771
Hunting Valley,Ohio,771
Morrison,Tennessee,771
Rising Star,Texas,771
Manchester,Vermont,771
Cassville,Wisconsin,771
Blythe,Georgia,770
Oshkosh,Nebraska,770
Jennings,Florida,769
Newman,Illinois,769
Van Horne,Iowa,769
Chiloquin,Oregon,769
New Site,Alabama,768
Melbourne,Iowa,768
Benkelman,Nebraska,768
Estelline,South Dakota,768
Alexis,Illinois,767
Leadington,Missouri,767
Hemingford,Nebraska,767
Edgemont,South Dakota,767
Mulga,Alabama,766
East Camden,Arkansas,766
Carson,Iowa,766
Parma,Michigan,766
Axtell,Nebraska,766
Gordon,Pennsylvania,766
Mertzon,Texas,766
Fincastle,Virginia,766
Cambria,Wisconsin,766
Williamsburg,Colorado,765
Fairmount,Georgia,765
Grafton,Illinois,765
Cleveland,Minnesota,765
Saltsburg,Pennsylvania,765
Bowman,South Carolina,765
Lake View,South Carolina,765
Bulls Gap,Tennessee,765
Throckmorton,Texas,765
Hardy,Arkansas,764
Witt,Illinois,764
Bantam,Connecticut,763
Exira,Iowa,763
Wheatland,Iowa,763
Grand Coteau,Louisiana,763
Sanford,Michigan,763
Kenansville,North Carolina,763
St. Joseph,Louisiana,762
Toledo,Washington,762
Coon Valley,Wisconsin,762
Brimfield,Illinois,761
Milo,Iowa,761
Van Buren,Missouri,761
Sheridan,Montana,761
Candor,New York,761
Wessington Springs,South Dakota,761
Selawik,Alaska,760
Shalimar,Florida,760
White Springs,Florida,760
Pearl City,Illinois,760
Burr Oak,Michigan,760
Metcalfe,Mississippi,760
Fultonville,New York,760
LaMoure,North Dakota,760
Swansea,South Carolina,760
Dayton,Iowa,759
Crofton,Nebraska,759
Dewar,Oklahoma,759
Noonday,Texas,759
Maben,Mississippi,758
Cloudcroft,New Mexico,758
West Mansfield,Ohio,758
Philip,South Dakota,758
Winslow,Indiana,757
Crab Orchard,Kentucky,757
Stantonsburg,North Carolina,757
Dunkirk,Ohio,757
Clarkston,Utah,757
White Hall,Alabama,756
Branford,Florida,756
Key Colony Beach,Florida,756
Forest View,Illinois,756
Ridge Farm,Illinois,756
Dakota City,Iowa,756
Harlem,Montana,756
Jeffersonville,Vermont,756
Bethany,West Virginia,756
Marvell,Arkansas,755
Connoquenessing,Pennsylvania,755
Cammack Village,Arkansas,754
Braymer,Missouri,754
Wellington,Missouri,754
Wood Heights,Missouri,754
Six Mile,South Carolina,754
Kenefick,Texas,754
Bainbridge,Ohio,753
Colcord,Oklahoma,753
Savoy,Texas,753
Bruce,Wisconsin,753
Payne Springs,Texas,752
Bath,West Virginia,752
Reeseville,Wisconsin,752
Jacksons' Gap,Alabama,751
Oakman,Alabama,751
Woodville,Alabama,751
Garnavillo,Iowa,751
Sharon Springs,Kansas,751
Cotton Valley,Louisiana,751
Alliance,North Carolina,751
Coward,South Carolina,751
Quinhagak,Alaska,750
Crowell,Texas,750
Pine Lake,Georgia,749
Hurst,Illinois,749
Melville,Louisiana,749
Exeter,Missouri,749
Chocowinity,North Carolina,749
Bethel Springs,Tennessee,749
Raymond,Iowa,748
Wall Lake,Iowa,748
Hanson,Kentucky,748
Wisner,Louisiana,748
Sentinel,Oklahoma,748
Bendersville,Pennsylvania,748
Wakefield,Virginia,748
Wedowee,Alabama,747
Oppelo,Arkansas,747
Vermontville,Michigan,747
Theresa,New York,747
Castalia,Ohio,747
Norris,South Carolina,747
New Berlin,Texas,747
Stephens,Arkansas,746
Atlanta,Indiana,746
Correctionville,Iowa,746
Chesapeake City,Maryland,746
Turbeville,South Carolina,746
Como,Texas,746
Vernon,Florida,745
Livingston,Illinois,745
Tilden,Illinois,745
Napoleon,North Dakota,745
Elmore City,Oklahoma,745
Rock Island,Oklahoma,745
Hobson City,Alabama,744
Guy,Arkansas,744
Magazine,Arkansas,744
Elysian,Minnesota,744
Chateaugay,New York,744
Duck,North Carolina,744
Rosman,North Carolina,744
Kansas,Oklahoma,744
Welaka,Florida,743
Eastborough,Kansas,743
East Sparta,Ohio,743
Deemston,Pennsylvania,743
East Butler,Pennsylvania,743
Houtzdale,Pennsylvania,743
Orangeville,Illinois,742
Manilla,Iowa,742
Hessmer,Louisiana,742
Juniata,Nebraska,742
Beckville,Texas,742
Pecan Hill,Texas,742
Unalakleet,Alaska,741
Williamson,Georgia,741
Hennepin,Illinois,741
Homecroft,Indiana,741
Rockford,Iowa,741
Millersburg,Kentucky,741
South Range,Michigan,741
Malin,Oregon,741
Wyocena,Wisconsin,741
Plumerville,Arkansas,740
Kiowa,Colorado,740
East Galesburg,Illinois,740
West Salem,Illinois,740
Selma,Indiana,740
Jetmore,Kansas,740
Sebeka,Minnesota,740
Orrick,Missouri,740
Rocky Hill,New Jersey,740
Adair,Oklahoma,740
Everson,Pennsylvania,740
Bloomington,Wisconsin,740
Pepin,Wisconsin,740
Bearden,Arkansas,739
Gibsland,Louisiana,739
Queenstown,Maryland,739
Climax,Michigan,739
Ellenboro,North Carolina,739
Lakewood Village,Texas,739
Fairplay,Colorado,738
Woodhull,Illinois,738
Alden,Iowa,738
Holdingford,Minnesota,738
Campobello,South Carolina,738
Wonewoc,Wisconsin,738
Lenox,Georgia,737
Okoboji,Iowa,737
New Bloomfield,Missouri,737
Fair Bluff,North Carolina,737
Waynesfield,Ohio,737
Ridgeway,Virginia,737
Carbonado,Washington,737
Talbotton,Georgia,736
Walnut Grove,Minnesota,736
Hawk Point,Missouri,736
Sagaponack,New York,736
Eldred,Pennsylvania,736
Joaquin,Texas,736
Whitelaw,Wisconsin,736
Ider,Alabama,735
Lexington,Alabama,735
Foxfield,Colorado,735
Tonica,Illinois,735
Belgrade,Minnesota,735
Conway,Missouri,735
West Winfield,New York,735
Drayton,North Dakota,735
Mountain View,Oklahoma,735
New Deal,Texas,735
Athol,Idaho,734
Menan,Idaho,734
Westbrook,Minnesota,734
Stewartsville,Missouri,734
Shelby,Nebraska,734
Afton,Oklahoma,734
Gassaway,West Virginia,734
Gratz,Pennsylvania,733
Rankin,Texas,733
Rich Creek,Virginia,733
Cedar Key,Florida,732
Cheyenne,Oklahoma,732
Empire City,Oklahoma,732
Bridgewater,Pennsylvania,732
Crab Orchard,Tennessee,732
Birnamwood,Wisconsin,732
Plain,Wisconsin,732
Newborn,Georgia,731
Sycamore,Georgia,731
St. Clair,Minnesota,731
Bella Villa,Missouri,731
Cleveland,New York,731
Beech Creek,Pennsylvania,731
Mannsville,Oklahoma,730
McLean,Illinois,729
Chesapeake,Ohio,729
Copan,Oklahoma,729
Loyalton,California,728
Taylor Springs,Illinois,728
Tiskilwa,Illinois,728
Shelby,Iowa,728
Wabasso,Minnesota,728
Gideon,Missouri,728
Clay Center,Nebraska,728
Cape Vincent,New York,728
Perrysville,Ohio,728
Scalp Level,Pennsylvania,728
Lake Tanglewood,Texas,728
Oakville,Washington,728
Norphlet,Arkansas,727
Piper City,Illinois,727
Montrose,Iowa,727
Whiting,Iowa,727
Poplar,Montana,727
Man,West Virginia,727
Calhan,Colorado,726
Poulan,Georgia,726
Corydon,Kentucky,726
Scooba,Mississippi,726
Barton,Vermont,726
Linden,Indiana,725
Hartford,Iowa,725
McGregor,Iowa,725
Walnut,Iowa,725
Meriden,Kansas,725
Deshler,Nebraska,725
Glen Ullin,North Dakota,725
Ashland,Kansas,724
Vernon,Michigan,724
Russia,Ohio,724
Seven Mile,Ohio,724
O'Donnell,Texas,724
Weir,Texas,724
Alakanuk,Alaska,723
Braceville,Illinois,723
Oakland,Illinois,723
Shueyville,Iowa,723
Westmoreland,Kansas,723
Mortons Gap,Kentucky,723
Ray,North Dakota,723
Rio Grande,Ohio,723
Coleman,Wisconsin,723
Cheyenne Wells,Colorado,722
Hedrick,Iowa,722
Washington,Louisiana,722
Iberia,Missouri,722
Wrightstown,New Jersey,722
Ashkum,Illinois,721
Greenview,Illinois,721
Woodland Hills,Kentucky,721
Courtland,Minnesota,721
Newland,North Carolina,721
Meyers Lake,Ohio,721
Philo,Ohio,721
Vandling,Pennsylvania,721
Swifton,Arkansas,720
Lanesboro,Minnesota,720
Clarence,Missouri,720
Heuvelton,New York,720
Silver Springs,New York,720
Conway,North Carolina,720
Junction City,Ohio,720
Conneautville,Pennsylvania,720
Ringtown,Pennsylvania,720
Keiser,Arkansas,719
Wilson,Arkansas,719
Stewardson,Illinois,719
Redfield,Iowa,719
Lake Park,Minnesota,719
Catawba,North Carolina,719
Pikeville,North Carolina,719
Chalfant,Pennsylvania,719
Claysville,Pennsylvania,719
Carnesville,Georgia,718
Doerun,Georgia,718
Darlington,Indiana,718
Sioux Rapids,Iowa,718
Meadow Vale,Kentucky,718
Hampton,Minnesota,718
Culbertson,Montana,718
Cohocton,New York,718
Washington,Oklahoma,718
Condon,Oregon,718
Harleyville,South Carolina,718
Cascade,Wisconsin,718
La Farge,Wisconsin,718
St. Nazianz,Wisconsin,718
Madison,Arkansas,717
Earlville,Iowa,717
Essex,Iowa,717
Schaller,Iowa,717
Frankfort,Kansas,717
Bromley,Kentucky,717
Aulander,North Carolina,717
Garber,Oklahoma,717
Tyrone,Oklahoma,717
Graford,Texas,717
Alma,Wisconsin,717
La Jara,Colorado,716
Kinmundy,Illinois,716
South Wilmington,Illinois,716
Wataga,Illinois,716
Wellsburg,Iowa,716
Middleton,Tennessee,716
Olympian Village,Missouri,715
Morrison,Oklahoma,715
San Felipe,Texas,715
Montfort,Wisconsin,715
Gilbertown,Alabama,714
Ogden,Illinois,714
Calhoun,Kentucky,714
Loretto,Kentucky,714
Kasota,Minnesota,714
Bridger,Montana,714
Bertrand,Nebraska,714
Wilton,North Dakota,714
Hamden,Ohio,714
Silverton,Colorado,713
Tribune,Kansas,713
Salem,Kentucky,713
Brownton,Minnesota,713
Saxton,Pennsylvania,713
Garden City,Utah,713
Pine Hill,Alabama,712
Ruthven,Iowa,712
Columbiaville,Michigan,712
Mabel,Minnesota,712
Grantsboro,North Carolina,712
Blair,Oklahoma,712
Miller,Missouri,711
St. Edward,Nebraska,711
Woodridge,New York,711
Cottageville,South Carolina,711
Klawock,Alaska,710
Hazleton,Iowa,710
Merrill,Iowa,710
Oxford,Iowa,710
Enterprise,Kansas,710
Sheridan,Michigan,710
Hoffman,Minnesota,710
Superior,Wisconsin,710
Rolling Fields,Kentucky,709
Upton,Kentucky,709
Ottertail,Minnesota,709
Minatare,Nebraska,709
Angelica,New York,709
Powers,Oregon,709
Nicholson,Pennsylvania,709
Smithers,West Virginia,709
Smelterville,Idaho,708
Grand Junction,Iowa,708
Algoma,Mississippi,708
Bogue,North Carolina,708
Puryear,Tennessee,708
Silver Cliff,Colorado,707
Fountain City,Indiana,707
Patoka,Indiana,707
Burnside,Kentucky,707
Mooringsport,Louisiana,707
Elgin,Nebraska,707
Confluence,Pennsylvania,707
Roscoe,Pennsylvania,707
Detroit,Texas,707
Tigerton,Wisconsin,707
Webster,Wisconsin,707
Bainbridge,Indiana,706
Hospers,Iowa,706
Bucklin,Kansas,706
Green Spring,Kentucky,706
Castlewood,South Dakota,706
Cumby,Texas,706
Ririe,Idaho,705
Kirklin,Indiana,705
Alton,Missouri,705
Flordell Hills,Missouri,705
Delta,Pennsylvania,705
St. Florian,Alabama,704
Blairstown,Iowa,704
Greensburg,Kansas,704
Twin Valley,Minnesota,704
Almena,Wisconsin,704
Upper Marlboro,Maryland,703
Armour,South Dakota,703
Gary,West Virginia,703
White Hall,West Virginia,703
Greenwood,Minnesota,702
Hatton,North Dakota,702
Haileyville,Oklahoma,702
Bertrand,Missouri,701
Oxford,Nebraska,701
Washingtonville,Ohio,701
Paradise,Texas,701
Virgin,Utah,701
Piedmont,West Virginia,701
Columbia,Alabama,700
Quitman,Arkansas,700
Knightsville,Indiana,700
Spencer,New York,700
Highland Hills,Ohio,700
Weston,Oregon,700
Colton,South Dakota,700
Marble Cliff,Ohio,699
Waynoka,Oklahoma,699
Hollow Rock,Tennessee,699
Colfax,Indiana,698
Sharptown,Maryland,698
Welcome,Minnesota,698
York Springs,Pennsylvania,698
Elizabeth,West Virginia,698
Auburndale,Wisconsin,698
Mellen,Wisconsin,698
Boyden,Iowa,697
Ventura,Iowa,697
Springer,Oklahoma,697
Burke,Texas,697
Matherville,Illinois,696
Morehouse,Missouri,696
Koppel,Pennsylvania,696
Elizabeth,Illinois,695
Urania,Louisiana,695
Lumberport,West Virginia,695
Brookport,Illinois,694
Grandview,Indiana,694
Thaxton,Mississippi,694
McClure,Ohio,694
Courtdale,Pennsylvania,694
Millerstown,Pennsylvania,694
Morning Sun,Iowa,693
Trimont,Minnesota,693
Nevada,Ohio,693
West Lebanon,Indiana,692
Wellston,Oklahoma,692
Beasley,Texas,692
Surfside Beach,Texas,692
Minneola,Kansas,691
Clarks Grove,Minnesota,691
Renova,Mississippi,691
Spencer,Ohio,691
Hillcrest Village,Texas,691
Cedar Grove,West Virginia,691
Canon,Georgia,690
Sherrard,Illinois,690
Bardwell,Kentucky,690
Corfu,New York,690
Black Creek,North Carolina,690
Valencia,Pennsylvania,690
York Haven,Pennsylvania,690
Asherton,Texas,690
Pisgah,Alabama,689
Port Vincent,Louisiana,689
Mohall,North Dakota,689
Kirtland Hills,Ohio,689
Matamoras,Ohio,689
Addison,West Virginia,689
Carey,Idaho,688
Hanover,Kansas,688
Adams,Minnesota,688
Motley,Minnesota,688
Fonda,New York,688
Lawrenceville,Pennsylvania,688
Salisbury,Pennsylvania,688
Sewickley Hills,Pennsylvania,688
Wall,South Dakota,688
Moores Hill,Indiana,687
Cecilton,Maryland,687
New Houlka,Mississippi,687
Wayne Lakes,Ohio,687
Round Hill,Virginia,687
New Harmony,Indiana,686
Coggon,Iowa,686
Lakeside,Iowa,686
Cass Lake,Minnesota,686
Point Blank,Texas,686
Battle Creek,Iowa,685
Fremont,Iowa,685
Pleasant Hope,Missouri,685
Elmwood,Nebraska,685
Sedalia,North Carolina,685
Lakota,North Dakota,685
Lake Andes,South Dakota,685
Tyronza,Arkansas,684
Dove Creek,Colorado,684
Melbourne Village,Florida,684
Ridgeville,Indiana,684
Windfall City,Indiana,684
Karlstad,Minnesota,684
Perry,Missouri,684
Dobbins Heights,North Carolina,684
South Coffeyville,Oklahoma,684
Glasgow,West Virginia,684
Baileyton,Alabama,683
Flovilla,Georgia,683
Deerfield,Kansas,683
Sarepta,Louisiana,683
Bloomsdale,Missouri,683
Annetta South,Texas,683
Eleva,Wisconsin,683
Stratford,Iowa,682
Cullen,Louisiana,682
Walnut,Mississippi,682
Pilot Knob,Missouri,682
Walthill,Nebraska,682
Parker,Pennsylvania,682
Vader,Washington,682
Brownstown,Illinois,681
Clyde,Kansas,681
Tickfaw,Louisiana,681
Tatum,New Mexico,681
Fremont,Wisconsin,681
Rockport,Arkansas,680
Pocahontas,Illinois,680
Shoals,Indiana,680
Bancroft,Iowa,680
Amanda,Ohio,680
Jacksonburg,Ohio,680
Friendship,Wisconsin,680
Bradford,Arkansas,679
Calumet,Michigan,679
Golinda,Texas,679
Niederwald,Texas,679
Winona,Texas,679
Central Valley,Utah,679
Reardan,Washington,679
English,Indiana,678
Estherwood,Louisiana,678
Freeport,Minnesota,678
Pilot Grove,Missouri,678
Brownstown,Pennsylvania,678
Deer Lake,Pennsylvania,678
Middlebourne,West Virginia,678
Portal,Georgia,677
Mullan,Idaho,677
Dublin,Indiana,677
Rollingstone,Minnesota,677
Lancaster,Missouri,677
Wheaton,Missouri,677
Rushville,New York,677
Amity,Arkansas,676
Avon,Illinois,676
Tampico,Illinois,676
Stanton,Iowa,676
North Chevy Chase,Maryland,676
Preston,Maryland,676
Taylortown,North Carolina,676
New England,North Dakota,676
North,South Carolina,676
Wagener,South Carolina,676
Mountain City,Texas,676
Middleburg,Virginia,676
Altus,Arkansas,675
Oneida,Illinois,675
Onaga,Kansas,675
Savona,New York,675
Victory,New York,675
Auburn,Pennsylvania,675
Agua Dulce,Texas,675
New Hope,Texas,675
La Moille,Illinois,674
Elgin,Iowa,674
Greenbush,Minnesota,674
Grant Town,West Virginia,674
Hatley,Wisconsin,674
Fort Jones,California,673
Ochlocknee,Georgia,673
Harmony,Indiana,673
Coldwater,Kansas,673
Strathmoor Village,Kentucky,673
Morley,Missouri,673
La Rue,Ohio,673
Monroe,Oregon,673
Sligo,Pennsylvania,673
Merrill,Michigan,671
Sherman,New York,671
Richardton,North Dakota,671
Racine,Ohio,671
Knoxville,Pennsylvania,671
Nuangola,Pennsylvania,671
Duncan,Arizona,670
Lawtey,Florida,670
Fontanelle,Iowa,670
Solon Springs,Wisconsin,670
Hayden Lake,Idaho,669
Farmersville,Illinois,669
Lake Benton,Minnesota,669
La Prairie,Minnesota,669
Sterling,Oklahoma,669
Walker,Iowa,668
Madison,Kansas,668
Tekonsha,Michigan,668
Clear Lake,Minnesota,668
Hills,Minnesota,668
Lacona,New York,668
Ryan,Oklahoma,668
Michie,Tennessee,668
Lott,Texas,668
Hanna,Wyoming,668
Addison,Alabama,667
Colbert,Georgia,667
Waverly Hall,Georgia,667
Alburnett,Iowa,667
Kuttawa,Kentucky,667
Spring Valley,Kentucky,667
Gaston,Oregon,667
Potomac,Illinois,666
Ellendale,Minnesota,666
Kingstown,North Carolina,666
Delaware Water Gap,Pennsylvania,666
Jennerstown,Pennsylvania,666
Wartrace,Tennessee,666
Derby Line,Vermont,666
Pe Ell,Washington,666
St. Leon,Indiana,665
Canton,Kansas,665
Whitewater,Kansas,664
Turbotville,Pennsylvania,664
Bardwell,Texas,664
Francis Creek,Wisconsin,664
Dexter,Georgia,663
Chevy Chase Section Five,Maryland,663
Green Isle,Minnesota,663
Philadelphia,Tennessee,663
Ridgeway,Wisconsin,663
Ariton,Alabama,662
Knoxville,Arkansas,662
Hot Sulphur Springs,Colorado,662
Elberfeld,Indiana,662
Leon,Kansas,662
Wayne,Oklahoma,662
Eureka,Utah,662
Casco,Wisconsin,662
Star Prairie,Wisconsin,662
Haviland,Kansas,661
Copenhagen,New York,661
Chippewa Lake,Ohio,661
Driscoll,Texas,661
Fort Gay,West Virginia,661
Windsor,Illinois,660
Beaumont,Mississippi,660
Arapaho,Oklahoma,660
Watson,Illinois,659
Hymera,Indiana,659
Seneca Gardens,Kentucky,659
Walkerville,Montana,659
Howard,Pennsylvania,659
Simonton,Texas,659
Alpha,Illinois,658
Mechanicsburg,Illinois,658
Minnesota Lake,Minnesota,658
Viburnum,Missouri,658
Beech Mountain,North Carolina,658
Onida,South Dakota,658
Altheimer,Arkansas,657
Marine on St. Croix,Minnesota,657
Golden City,Missouri,657
Berlin Heights,Ohio,657
Rock Creek,Ohio,657
New Florence,Pennsylvania,657
Snow Shoe,Pennsylvania,657
Stockbridge,Wisconsin,657
Riceboro,Georgia,656
Bradford,Illinois,656
Cordova,Illinois,656
Felicity,Ohio,656
Olin,Iowa,655
Hindman,Kentucky,655
Port Austin,Michigan,655
Bloomdale,Ohio,655
Scranton,South Carolina,655
Amherst,Texas,655
Hillman,Michigan,654
Clarissa,Minnesota,654
Canyon City,Oregon,654
Alexandria,South Dakota,654
Colman,South Dakota,654
Gates,Tennessee,654
Leighton,Alabama,653
Wickes,Arkansas,653
Etna,California,653
Pretty Prairie,Kansas,653
Midvale,Ohio,653
Scio,Ohio,653
Jefferson,Pennsylvania,653
Adams,Tennessee,653
Micanopy,Florida,652
Findlay,Illinois,652
Waterville,Kansas,652
Brooksville,Kentucky,652
Science Hill,Kentucky,652
Wickliffe,Kentucky,652
Barnegat Light,New Jersey,652
Steele,North Dakota,652
South Webster,Ohio,652
Potosi,Wisconsin,652
Maplesville,Alabama,651
Rosedale,Indiana,651
Doyline,Louisiana,651
New Straitsville,Ohio,651
Triadelphia,West Virginia,651
Ferrelview,Missouri,650
Parkway,Missouri,650
Langley,Oklahoma,650
Pennsbury Village,Pennsylvania,650
Deer Creek,Illinois,649
Agency,Missouri,649
Brownsville,Wisconsin,649
Fort White,Florida,648
Dalzell,Illinois,648
Kansas,Illinois,648
Kirkwood,Illinois,648
Oldenburg,Indiana,648
Warsaw,Ohio,648
Woonsocket,South Dakota,648
McLean,Texas,648
McBain,Michigan,647
La Belle,Missouri,647
Firth,Nebraska,647
Wade,North Carolina,647
Valleyview,Ohio,647
Valley Brook,Oklahoma,647
Stratton,Colorado,646
Cedarville,Illinois,646
Muir,Michigan,646
Iron Mountain Lake,Missouri,646
Lowry City,Missouri,646
Adena,Ohio,646
Cove,Texas,646
Remington,Virginia,646
Livingston,Wisconsin,646
Noorvik,Alaska,645
White,Georgia,645
Aroma Park,Illinois,645
Mound City,Kansas,645
Scranton,Kansas,645
New Chapel Hill,Texas,645
Bauxite,Arkansas,644
Udall,Kansas,644
Caseville,Michigan,644
Taconite,Minnesota,644
Yatesville,Pennsylvania,644
Paxton,Florida,643
Saybrook,Illinois,643
Rocky Ripple,Indiana,643
St. Charles,Iowa,643
Alda,Nebraska,643
Oriskany Falls,New York,643
Saluda,North Carolina,643
Hinckley,Utah,643
Doon,Iowa,642
Butler,Kentucky,642
Crofton,Kentucky,642
Newman Grove,Nebraska,642
Manzanita,Oregon,642
Canistota,South Dakota,642
Sullivan,Wisconsin,642
Imboden,Arkansas,641
West City,Illinois,641
Bennington,Kansas,641
Brooten,Minnesota,641
New Florence,Missouri,641
Ohio City,Ohio,641
Babbie,Alabama,640
West Point,Alabama,640
Walnut Grove,Missouri,640
Beemer,Nebraska,640
Howe,Oklahoma,640
Welch,Oklahoma,640
Danville,West Virginia,640
Ty Ty,Georgia,639
Dongola,Illinois,639
Kanawha,Iowa,639
Seymour,Iowa,639
Cleveland,Missouri,639
Innsbrook,Missouri,639
Trimble,Missouri,639
Arlington,Oregon,639
West Union,West Virginia,639
Toksook Bay,Alaska,638
Barlow,Kentucky,638
Hermitage,Missouri,638
Cuba,New Mexico,638
Croghan,New York,638
Woodmere,Ohio,638
Cole,Oklahoma,638
Juliaetta,Idaho,637
Liberal,Missouri,637
Elwood,Nebraska,637
East Bend,North Carolina,637
Whitakers,North Carolina,637
Mott,North Dakota,637
Eads,Colorado,636
New Meadows,Idaho,636
Loreauville,Louisiana,636
Buffalo Lake,Minnesota,636
Fallston,North Carolina,636
Highmore,South Dakota,636
Westover Hills,Texas,636
Brownsboro Farm,Kentucky,635
Center City,Minnesota,635
Unionville,New York,635
Millville,Ohio,635
Oak City,Utah,635
Jarratt,Virginia,635
Camp Douglas,Wisconsin,635
Maple Hill,Kansas,634
Parks,Louisiana,634
Clarkson,Nebraska,634
South New Castle,Pennsylvania,634
Derby Center,Vermont,634
Bartelso,Illinois,633
Lyons,Indiana,633
Fonda,Iowa,633
Mead,Nebraska,633
Big Run,Pennsylvania,633
Sandy Lake,Pennsylvania,633
Gould,Arkansas,632
Grove City,Minnesota,632
Roff,Oklahoma,632
Poplar,Wisconsin,632
Medora,Indiana,631
Elk Horn,Iowa,631
Rosedale,Louisiana,631
Brownsdale,Minnesota,631
Greendale,Missouri,631
Leawood,Missouri,631
New London,North Carolina,631
Dufur,Oregon,631
Gibson,Georgia,630
Coffeen,Illinois,630
Golden,Illinois,630
Bevier,Missouri,630
Norborne,Missouri,630
Nelsonville,New York,630
Picture Rocks,Pennsylvania,630
Godley,Illinois,629
Dexter,Iowa,629
Frost,Texas,629
Silverton,Texas,629
Kotlik,Alaska,628
Yankeetown,Florida,628
Ashmore,Illinois,627
Elnora,Indiana,627
Ozawkie,Kansas,627
Hopkins,Michigan,627
Brooklyn,Illinois,626
Albert City,Iowa,626
Moravia,Iowa,626
Greensburg,Louisiana,626
Sherman,Mississippi,626
Shickshinny,Pennsylvania,626
Sutherland,Iowa,625
Sandy Hook,Kentucky,625
Port Deposit,Maryland,625
Gordonville,Missouri,625
Hartville,Missouri,625
Pelion,South Carolina,625
Wauzeka,Wisconsin,625
Crescent,Iowa,624
Hopkinton,Iowa,624
Murray,Iowa,624
Hershey,Nebraska,624
Tuxedo Park,New York,624
Porter,Oklahoma,624
Pattison,Texas,624
Sunset Valley,Texas,624
Stockton,Utah,624
Yates City,Illinois,623
Aurora,New York,623
Great Bend,Pennsylvania,623
Polk,Pennsylvania,623
Thompsontown,Pennsylvania,623
Antonito,Colorado,622
San Luis,Colorado,622
Whitesburg,Georgia,622
Golconda,Illinois,622
Mineral City,Ohio,622
Echo,Oregon,622
Fielding,Utah,622
Weiner,Arkansas,621
Clayton,Illinois,621
Millington,Illinois,621
Keystone,Iowa,621
Sandersville,Mississippi,621
Fairfax,Missouri,621
Evans Mills,New York,621
Sandy Creek,New York,621
Patterson Heights,Pennsylvania,621
Eastover,South Carolina,621
Ladonia,Texas,621
Gambell,Alaska,620
Simla,Colorado,620
Noble,Illinois,620
Stanwood,Iowa,620
Montgomery,Louisiana,620
Joliet,Montana,620
Penn,Pennsylvania,620
Creston,Illinois,619
Cedar Bluffs,Nebraska,619
Menno,South Dakota,619
Lynn,Alabama,618
Dumont,Iowa,618
Cove,Oregon,618
McClellanville,South Carolina,618
Smithville,Georgia,617
Cisne,Illinois,617
Hot Springs,Montana,617
Cokeburg,Pennsylvania,617
Buffalo Gap,Texas,617
Mounds,Illinois,616
Carlisle,Indiana,616
Heidelberg,Mississippi,616
Foristell,Missouri,616
Adams,Nebraska,616
Savanna,Oklahoma,616
Townsend,Tennessee,616
Sulphur Rock,Arkansas,615
Thayer,Illinois,615
Pennville,Indiana,615
Utica,Mississippi,615
Interlaken,New York,615
Friendship,Tennessee,615
Peaster,Texas,615
Bucoda,Washington,615
Boyd,Wisconsin,615
Agency,Iowa,614
Goldfield,Iowa,614
Frenchburg,Kentucky,614
High Shoals,North Carolina,614
Milnor,North Dakota,614
Shiloh,Ohio,614
Sankertown,Pennsylvania,614
Clarks Hill,Indiana,613
Park City,Kentucky,613
Crenshaw,Mississippi,613
Tidioute,Pennsylvania,613
Lake Preston,South Dakota,613
Annetta North,Texas,613
Meadow,Texas,613
Gustavus,Alaska,612
Stebbins,Alaska,612
Green Valley,Illinois,612
Randall,Minnesota,612
Norwood,Missouri,612
Mendon,Ohio,612
Timberlake,Ohio,612
Conneaut Lake,Pennsylvania,612
McRae,Arkansas,611
New Boston,Illinois,611
Parkway Village,Kentucky,611
Greenwood,Nebraska,611
Dunseith,North Dakota,611
La Crosse,Virginia,611
Pateros,Washington,611
Garfield,Arkansas,610
St. Libory,Illinois,610
Holland,Indiana,610
Grand Mound,Iowa,610
Dorchester,Nebraska,610
Hooversville,Pennsylvania,610
Wyalusing,Pennsylvania,610
Gilbert,South Carolina,610
New Underwood,South Dakota,610
Zavalla,Texas,610
Rosalia,Washington,610
Pineville,West Virginia,610
South Vinemont,Alabama,609
Green Mountain Falls,Colorado,609
Bluford,Illinois,609
Lynch,Kentucky,609
Hill City,Minnesota,609
Marble,Minnesota,609
Wagram,North Carolina,609
Minto,North Dakota,609
Alburgh,Vermont,609
Black Rock,Arkansas,608
Bonanza,Arkansas,608
Laurel Hill,Florida,608
Alhambra,Illinois,608
Loretto,Minnesota,608
Arcadia,Missouri,608
Earlsboro,Oklahoma,608
Porum,Oklahoma,608
Winterstown,Pennsylvania,608
Happy,Texas,608
Reece City,Alabama,607
Pavo,Georgia,607
Holiday Hills,Illinois,607
Pleasant Hill,Louisiana,607
Boys Town,Nebraska,607
Selby,South Dakota,607
Hamilton,Virginia,607
Milan,Georgia,606
Mangham,Louisiana,606
Sabin,Minnesota,606
St. Lucie Village,Florida,605
North Middletown,Kentucky,605
Barnum,Minnesota,605
Edgerton,Missouri,605
Valparaiso,Nebraska,605
Thurston,Ohio,605
Notus,Idaho,604
Forest Hill,Louisiana,604
Marion,Louisiana,604
Richfield,North Carolina,604
Winton,North Carolina,604
Hamler,Ohio,604
Woodlawn,Illinois,603
Beverly Shores,Indiana,603
St. Paul,Kansas,603
Andover,New Jersey,603
Melrose,New Mexico,603
Misenheimer,North Carolina,603
Emlenton,Pennsylvania,603
North Troy,Vermont,603
Bayfield,Wisconsin,603
Crossville,Illinois,602
Metamora,Michigan,602
Asharoken,New York,602
Clarkton,North Carolina,602
Columbia,North Carolina,602
Ashley,North Dakota,602
Tioga,Pennsylvania,602
Ingleside on the Bay,Texas,602
Beverly,West Virginia,602
Thomas,West Virginia,602
Oxford,Arkansas,601
Hendricks,Minnesota,601
Garland,North Carolina,601
Sand Rock,Alabama,600
Sand Point,Alaska,600
Helen,Georgia,600
Camden,Indiana,600
Oxford,Maryland,600
Green Ridge,Missouri,600
Kiowa,Oklahoma,600
Gillett,Arkansas,599
Moulton,Iowa,599
Loyall,Kentucky,599
Dillonvale,Ohio,599
Bokchito,Oklahoma,599
Wright City,Oklahoma,599
Peck,Michigan,598
Peru,Nebraska,598
Chaumont,New York,598
Lake Norden,South Dakota,598
What Cheer,Iowa,597
Morse,Louisiana,597
Holcomb,Missouri,597
Newell,South Dakota,597
Norwalk,Wisconsin,597
Wausaukee,Wisconsin,597
Kellogg,Iowa,596
Jasper,Minnesota,596
Briar Creek,Pennsylvania,596
Kress,Texas,596
Kinston,Alabama,595
Holland,Arkansas,595
Dudley,Georgia,595
Fairmount,Illinois,595
Franklin,Illinois,595
Palmyra,Illinois,595
Hoyt,Kansas,595
Lecompton,Kansas,595
Mount Victory,Ohio,595
Avon,South Dakota,595
Huntsville,Utah,595
St. John,Washington,595
Mountain Village,Alaska,594
Lockesburg,Arkansas,594
Union,Illinois,594
Town of Pines,Indiana,594
Lyons Falls,New York,594
Port Leyden,New York,594
Bay View,Ohio,594
Mayfield,Utah,594
Cathlamet,Washington,594
Wilton,Alabama,593
Whitsett,North Carolina,593
Lidgerwood,North Dakota,593
Bettsville,Ohio,593
Oak Grove,Alabama,592
Pinckard,Alabama,592
Trafford,Alabama,592
Pilot Station,Alaska,592
Bluffs,Illinois,592
Ursa,Illinois,592
Marquette,Kansas,592
Milton,Kentucky,592
Mackinac Island,Michigan,592
Butterfield,Minnesota,592
Kachemak,Alaska,591
Wainwright,Alaska,591
Hudson,Indiana,591
Minden,Iowa,591
Quasqueton,Iowa,591
Nortonville,Kansas,591
Heron Lake,Minnesota,591
Arnold,Nebraska,591
Overton,Nebraska,591
East Vandergrift,Pennsylvania,591
Campbell,Texas,591
Orderville,Utah,591
Valley Head,Alabama,590
Caddo Valley,Arkansas,590
Evansville,Minnesota,590
Isola,Mississippi,590
Fairmont,Nebraska,590
Elba,New York,590
Lyons,Ohio,590
Allardt,Tennessee,590
Stagecoach,Texas,590
Fairfield,Washington,590
Eva,Alabama,589
Swink,Colorado,589
Turin,Georgia,589
Niantic,Illinois,589
Brighton,Iowa,589
Farmington,Iowa,589
Cherokee,Kansas,589
Ulysses,Pennsylvania,589
Springdale,Utah,589
Courtland,Alabama,588
Melba,Idaho,588
Zanesville,Indiana,588
Addison,Michigan,588
Big Sandy,Montana,588
Lucas,Ohio,588
Kilmichael,Mississippi,587
Polkville,Mississippi,587
Indian Point,Missouri,587
Cascade,Montana,587
North Freedom,Wisconsin,587
Stanford,Illinois,586
Suttons Bay,Michigan,586
Hammondsport,New York,586
Grimes,Alabama,585
Glenview,Kentucky,585
Twin Oaks,Missouri,585
Vici,Oklahoma,585
Oaktown,Indiana,584
Hardin,Kentucky,584
Pippa Passes,Kentucky,584
McIntosh,Minnesota,584
Patterson Springs,North Carolina,584
Paoli,Oklahoma,584
Gilberton,Pennsylvania,584
Maury City,Tennessee,584
Lovelady,Texas,584
Oconomowoc Lake,Wisconsin,584
Tusayan,Arizona,583
Nucla,Colorado,583
Hopkins Park,Illinois,583
Maple Rapids,Michigan,583
New Lothrop,Michigan,583
Balaton,Minnesota,583
Oneida Castle,New York,583
Boswell,Oklahoma,583
Corn,Oklahoma,583
Plum City,Wisconsin,583
Bedford Park,Illinois,582
Clio,South Carolina,582
Vanleer,Tennessee,582
Quantico,Virginia,582
Early,Iowa,581
Center,North Dakota,581
Ridge Spring,South Carolina,581
Kimball,South Dakota,581
Roby,Texas,581
Davis,West Virginia,581
Neosho,Wisconsin,581
Nunapitchuk,Alaska,580
Cankton,Louisiana,580
Greenevers,North Carolina,580
Whitesville,Kentucky,579
Rose City,Michigan,579
Lorain,Pennsylvania,579
Humboldt,South Dakota,579
Perdido Beach,Alabama,578
Scammon Bay,Alaska,578
Roberts,Idaho,578
Arcadia,Iowa,578
Ireton,Iowa,578
Wingo,Kentucky,578
Deerwood,Minnesota,578
Stephen,Minnesota,578
Green City,Missouri,578
Wausa,Nebraska,578
Newton Grove,North Carolina,578
Velma,Oklahoma,578
Port Matilda,Pennsylvania,578
Winthrop,Washington,578
St. Mary's,Alaska,577
Bailey,North Carolina,577
Harmony,North Carolina,577
Lawndale,North Carolina,577
Portland,North Dakota,577
Stoutsville,Ohio,577
Worthington,Pennsylvania,577
Burke,South Dakota,577
Ridgeley,West Virginia,577
Alden,Minnesota,576
Vienna,Missouri,576
Kirtland,New Mexico,576
Edgeley,North Dakota,576
Cushing,Texas,576
Brooks,Georgia,575
Waco,Georgia,575
Danforth,Illinois,575
Kevil,Kentucky,575
North Brentwood,Maryland,575
Dodge,Nebraska,575
Hay Springs,Nebraska,575
Riverlea,Ohio,575
Terry,Montana,574
Billings,Oklahoma,574
Rockford,Washington,574
Byron,Wyoming,574
Mountain Pine,Arkansas,573
Flagler,Colorado,573
Foreston,Minnesota,573
Doolittle,Missouri,573
Walden,Colorado,572
Jay,Florida,572
Mountain Park,Georgia,572
Everly,Iowa,572
Bentley,Kansas,572
Laytonsville,Maryland,572
Circle,Montana,572
Tannersville,New York,572
Davis,Illinois,571
Kewanna,Indiana,571
New Market,Indiana,571
Clermont,Iowa,571
Barker,New York,571
Riverside,Texas,571
Downey,Idaho,570
Irvington,Illinois,570
Van Buren,Ohio,570
Jamestown,Pennsylvania,570
Palmer,Tennessee,570
Harrah,Washington,570
New Auburn,Wisconsin,570
Newton,Georgia,569
Etna Green,Indiana,569
Howard,Kansas,569
Winfall,North Carolina,569
Harveysburg,Ohio,569
Wheatland,Pennsylvania,569
Willisville,Illinois,568
Coatesville,Indiana,568
Ironton,Minnesota,568
Franklin,Alabama,567
Cherry Valley,Arkansas,567
Westwood,Kentucky,567
Port Sanilac,Michigan,567
Jamesport,Missouri,567
Callaway,Nebraska,567
Palmyra,Nebraska,567
Sinclairville,New York,567
Okay,Oklahoma,567
Glen Osborne,Pennsylvania,567
Baneberry,Tennessee,567
Hawley,Texas,567
Kingman,Indiana,566
Middle Point,Ohio,566
Cranesville,Pennsylvania,566
Adrian,Georgia,565
McIntyre,Georgia,565
Bismarck,Illinois,565
Paragon,Indiana,565
Sonora,Kentucky,565
Nelliston,New York,565
Carney,Oklahoma,565
Dodge City,Alabama,564
Sharpsburg,Maryland,564
Laurel Run,Pennsylvania,564
Tripp,South Dakota,564
La Crosse,Indiana,563
Cassadaga,New York,563
Wampsville,New York,563
Robbinsville,North Carolina,563
Myton,Utah,563
Prentice,Wisconsin,563
Taylor,Arkansas,562
Weir,Kansas,562
Murray Hill,Kentucky,562
Audubon,Minnesota,562
Glenville,Minnesota,562
Clark,Pennsylvania,562
Moscow,Tennessee,562
Point Comfort,Texas,562
Paragonah,Utah,562
Stetsonville,Wisconsin,562
Clark Fork,Idaho,561
Howells,Nebraska,561
Strawn,Texas,561
Soldiers Grove,Wisconsin,561
West Baden Springs,Indiana,560
Britton,Michigan,560
Halstad,Minnesota,560
Hewlett Neck,New York,560
Garfield,Washington,560
Pittsburg,Illinois,559
Waverly,Kansas,559
Hardin,Missouri,559
Queen City,Missouri,559
Lewis Run,Pennsylvania,559
War,West Virginia,559
Newville,Alabama,558
Bell,Florida,558
Vermont,Illinois,558
Benzonia,Michigan,558
Kandiyohi,Minnesota,558
Freeburg,Pennsylvania,558
Simpson,Louisiana,557
Birch Tree,Missouri,557
Ossipee,North Carolina,557
Rawson,Ohio,557
Ethridge,Tennessee,557
Circleville,Utah,557
Allgood,Alabama,556
Kooskia,Idaho,556
Blandinsville,Illinois,556
Carlock,Illinois,556
Medaryville,Indiana,556
New Hartford,Iowa,556
Winchester,Oklahoma,556
Corsica,South Dakota,556
Roxton,Texas,556
Rule,Texas,556
Albion,Washington,556
South Cle Elum,Washington,556
Shishmaref,Alaska,555
Wellington,Kentucky,555
Newport,New York,555
Arcadia,Ohio,555
Malta,Ohio,555
Clayton,Oklahoma,555
Calhoun,Tennessee,555
Ravenna,Kentucky,554
Cuyahoga Heights,Ohio,554
Mount Vernon,Oregon,554
Oakland,Pennsylvania,554
Deport,Texas,554
Minong,Wisconsin,554
Greenwood,Florida,553
Goessel,Kansas,553
Brownsville,Minnesota,553
Hamburg,Minnesota,553
Lowell,Ohio,553
Juniata Terrace,Pennsylvania,553
Sea Ranch Lakes,Florida,552
Plains,Georgia,552
Damiansville,Illinois,552
Williamsfield,Illinois,552
East Rochester,Pennsylvania,552
Appleby,Texas,552
Murrayville,Illinois,551
Schram City,Illinois,551
Bertha,Minnesota,551
Kelso,Missouri,551
Valier,Montana,551
Metamora,Ohio,551
Marion Heights,Pennsylvania,551
Coulee City,Washington,551
Avoca,Wisconsin,551
Weston,Idaho,550
Freeport,Michigan,550
Waldron,Michigan,550
South Dayton,New York,550
Caledonia,Ohio,550
Sutersville,Pennsylvania,550
Elloree,South Carolina,550
Paris,Idaho,549
Cynthiana,Indiana,549
Dana,Indiana,549
Fillmore,Indiana,549
Bassett,Nebraska,549
Schaghticoke,New York,549
Elk Park,North Carolina,549
McLaughlin,South Dakota,549
Petersburg,Tennessee,549
Groom,Texas,549
Miami,Texas,549
Leesburg,Indiana,548
Cygnet,Ohio,548
Risingsun,Ohio,548
Pleasant Hill,Tennessee,548
Snook,Texas,548
Orchid,Florida,547
Swea City,Iowa,547
Eau Claire,Michigan,547
Elmore,Minnesota,547
Good Thunder,Minnesota,547
Hokah,Minnesota,547
North High Shoals,Georgia,546
Keithsburg,Illinois,546
Wampum,Pennsylvania,546
Colmesneil,Texas,546
Matador,Texas,546
Clayton,Wisconsin,546
Merrillan,Wisconsin,546
Valier,Illinois,545
Florien,Louisiana,545
Mulliken,Michigan,545
Ranier,Minnesota,545
Sycamore Hills,Missouri,545
Port Washington,Ohio,545
Briarcliffe Acres,South Carolina,545
Pickensville,Alabama,544
Augusta,Illinois,544
Mettawa,Illinois,544
Clayton,Louisiana,544
Millington,Maryland,544
Ramona,Oklahoma,544
Sugar Grove,Pennsylvania,544
Mayesville,South Carolina,544
Sharpsville,Indiana,543
Claflin,Kansas,543
Grosse Tete,Louisiana,543
Josephville,Missouri,543
Littleton,North Carolina,543
Quincy,Ohio,543
Johnson City,Oregon,543
Franklintown,Pennsylvania,543
Modena,Pennsylvania,543
Pine Haven,Wyoming,543
Ava,Illinois,542
Delmar,Iowa,542
West Wildwood,New Jersey,542
Republic,Ohio,542
Olanta,South Carolina,542
White,South Dakota,542
Chillicothe,Texas,542
Mill Creek,West Virginia,542
Garden City,Alabama,541
Ellendale,Delaware,541
Firth,Idaho,541
Andover,Illinois,541
Eagle Bend,Minnesota,541
Russellville,Ohio,541
Collins,Georgia,540
Radcliffe,Iowa,540
Richland,Iowa,540
Verdigre,Nebraska,540
Odessa,New York,540
Oakwood,Ohio,540
Fairfield,Pennsylvania,540
Sunbright,Tennessee,540
San Perlita,Texas,540
Chenequa,Wisconsin,540
Pesotum,Illinois,539
Ridgecrest,Louisiana,539
Minnesott Beach,North Carolina,539
Jewett,Ohio,539
Dayton,Pennsylvania,539
Kadoka,South Dakota,539
Petrolia,Texas,539
Evansville,Illinois,538
Sunfield,Michigan,538
Center,Missouri,538
Leeton,Missouri,538
New Melle,Missouri,538
Fieldsboro,New Jersey,538
Hannibal,New York,538
Hot Springs,North Carolina,538
Varnamtown,North Carolina,538
Bayview,Texas,538
Fairview,Alabama,537
Kake,Alaska,537
Maybee,Michigan,537
Ivanhoe,Minnesota,537
Liberty,Mississippi,537
New Augusta,Mississippi,537
Red River,New Mexico,537
Turtle Lake,North Dakota,537
Cross Roads,Pennsylvania,537
Scottsville,Virginia,537
Ontario,Wisconsin,537
Warrens,Wisconsin,537
Dearing,Georgia,536
Dayton,Idaho,536
Campbellsburg,Indiana,536
Reynolds,Indiana,536
Littlefork,Minnesota,536
Minnetonka Beach,Minnesota,536
Crowder,Mississippi,536
Thorntonville,Texas,536
Gresham,Wisconsin,536
Summit,Arkansas,535
Fairland,Indiana,535
Clarksville,Ohio,535
Irvona,Pennsylvania,535
Trimble,Tennessee,535
Newcastle,Texas,535
Normangee,Texas,535
Belle Haven,Virginia,535
Francisco,Indiana,534
West College Corner,Indiana,534
Argyle,Minnesota,534
Onley,Virginia,534
Oxford,Wisconsin,534
Rockvale,Colorado,533
Saguache,Colorado,533
St. Francisville,Illinois,533
Tamaroa,Illinois,533
Cardwell,Missouri,533
Rivergrove,Oregon,533
Elkton,Tennessee,533
Lipan,Texas,533
Park Ridge,Wisconsin,533
Crescent City,Illinois,532
Badger,Iowa,532
Gilman,Iowa,532
Ovid,New York,532
West Farmington,Ohio,532
Warrior Run,Pennsylvania,532
Excel,Alabama,531
Nunn,Colorado,531
Anthon,Iowa,531
Galena,Maryland,531
Alba,Missouri,531
Glenaire,Missouri,531
Melrose,Wisconsin,531
Farina,Illinois,530
Makanda,Illinois,530
Caneyville,Kentucky,530
Beaver City,Nebraska,530
Cato,New York,530
Woodland,North Carolina,530
Red Oak,Oklahoma,530
Gallaway,Tennessee,530
Liverpool,Texas,530
Gauley Bridge,West Virginia,530
Cecil,Wisconsin,530
Lena,Wisconsin,530
Mountainburg,Arkansas,529
Norwood,Colorado,529
Coolidge,Georgia,529
Idaho City,Idaho,529
Bergholz,Ohio,529
Ailey,Georgia,528
Plum Springs,Kentucky,528
Byron,Michigan,528
Ashland,Mississippi,528
Bear River,Wyoming,528
Liberty,Illinois,527
Wilsonville,Illinois,527
Chalmers,Indiana,527
Wyoming,Iowa,527
Bedford,Kentucky,527
Galien,Michigan,527
Kaleva,Michigan,527
Alberton,Montana,527
Waite Hill,Ohio,527
Trenton,Utah,527
Indian Creek,Illinois,526
Fairgrove,Michigan,526
Vanderbilt,Michigan,526
Jeromesville,Ohio,526
Doyle,Tennessee,526
Sprague,Washington,526
Reedsville,West Virginia,526
Vesper,Wisconsin,526
Lyndon,Illinois,525
Racine,Minnesota,525
Fort Jennings,Ohio,525
Lahoma,Oklahoma,525
Strattanville,Pennsylvania,525
Berlin,Alabama,524
Burlington,Indiana,524
Cook,Minnesota,524
Brookside,Ohio,524
Murchison,Texas,524
Beech Bottom,West Virginia,524
Diamondville,Wyoming,524
Deary,Idaho,523
Pierce,Idaho,523
Burlington,Illinois,523
Eminence,Missouri,523
Belt,Montana,523
Wauneta,Nebraska,523
Polkville,North Carolina,523
Dubois,Idaho,522
Westfield,Illinois,522
Truro,Iowa,522
Shoreham,New York,522
Dean,Texas,522
Lind,Washington,522
Wilton,Wisconsin,522
Jasper,Arkansas,521
Otis,Colorado,521
Fleming-Neon,Kentucky,521
Morley,Michigan,521
Pillager,Minnesota,521
Encinal,Texas,521
Nassawadox,Virginia,521
Ettrick,Wisconsin,521
Junction City,Illinois,520
Pomeroy,Iowa,520
Graceville,Minnesota,520
Madison,Missouri,520
Exeter,Nebraska,520
Hydetown,Pennsylvania,520
Mountain View,Colorado,519
Irwinton,Georgia,519
Amboy,Minnesota,519
Parma,Missouri,519
Morris,New York,519
Elgin,North Dakota,519
White River,South Dakota,519
Gays Mills,Wisconsin,519
Alford,Florida,518
Ponce de Leon,Florida,518
Elsah,Illinois,518
Olpe,Kansas,518
Pewamo,Michigan,518
Floodwood,Minnesota,518
Indianola,Nebraska,518
Peninsula,Ohio,518
Mifflin,Pennsylvania,518
Drakes Branch,Virginia,518
Merrimac,Wisconsin,518
Suring,Wisconsin,518
Groton Long Point,Connecticut,517
Briny Breezes,Florida,517
Berlin,Georgia,517
Strasburg,Illinois,517
Lyle,Minnesota,517
Culbertson,Nebraska,517
Homer,Nebraska,517
Hayden,Arizona,516
Hartman,Arkansas,516
Beverly Beach,Florida,516
Georgetown,Idaho,516
Bloomingdale,Michigan,516
Camden,Michigan,516
Dansville,Michigan,516
Verona,Missouri,516
Seaboard,North Carolina,516
Corwin,Ohio,516
Timber Lake,South Dakota,516
Big Water,Utah,516
Inez,Kentucky,515
Sunfish Lake,Minnesota,515
Coleridge,Nebraska,515
Fruitvale,Texas,515
Morven,Georgia,514
Fowler,Kansas,514
Napoleonville,Louisiana,514
Sudlersville,Maryland,514
Cortland,Nebraska,514
De Witt,Nebraska,514
East Nassau,New York,514
Verden,Oklahoma,514
Minor Hill,Tennessee,514
Star Harbor,Texas,514
Loa,Utah,514
Chandlerville,Illinois,513
Lizton,Indiana,513
Ainsworth,Iowa,513
Buchtel,Ohio,513
Ketchum,Oklahoma,513
Cleveland,Utah,513
Kanosh,Utah,513
Salesville,Arkansas,512
Walsh,Colorado,512
Smithville,Mississippi,512
Antwerp,New York,512
Falls City,Texas,512
Tropic,Utah,512
Accomac,Virginia,512
Boykins,Virginia,512
Mineral,Virginia,512
Buckland,Alaska,511
Traskwood,Arkansas,511
Charter Oak,Iowa,511
Hollyvilla,Kentucky,511
Ashley,Michigan,511
Browns Valley,Minnesota,511
Verndale,Minnesota,511
Willernie,Minnesota,511
Paxton,Nebraska,511
Brazos Country,Texas,511
Camp Wood,Texas,511
Oak Park,Georgia,510
Grand Ridge,Illinois,510
Provencal,Louisiana,510
Franklin,Minnesota,510
Glencoe,Oklahoma,510
Huntington,Oregon,510
Mount Enterprise,Texas,510
Prairie du Rocher,Illinois,509
Trout Valley,Illinois,509
Dows,Iowa,509
Gem Lake,Minnesota,509
Felton,Pennsylvania,509
San Leanna,Texas,509
McIntosh,Florida,508
Patoka,Illinois,508
Orleans,Iowa,508
Attica,Kansas,508
Burden,Kansas,508
Martin,Louisiana,508
Polo,Missouri,508
Micro,North Carolina,508
Loraine,Texas,508
South Fork,Colorado,507
Dawson,Illinois,507
St. David,Illinois,507
Hornersville,Missouri,507
Bridgewater,South Dakota,507
Easton,Texas,507
Amalga,Utah,507
Hermitage,Arkansas,506
Congerville,Illinois,506
Wapella,Illinois,506
Hillsboro,Indiana,506
Walnut Grove,Mississippi,506
Lewistown,Missouri,506
Matthews,Missouri,506
Smithton,Missouri,506
Hornbeak,Tennessee,506
Briaroaks,Texas,506
Cullom,Illinois,505
Hoyleton,Illinois,505
Advance,Indiana,505
Laddonia,Missouri,505
Shelbyville,Missouri,505
Masontown,West Virginia,505
Elmwood Park,Wisconsin,505
South Bethany,Delaware,504
Equality,Illinois,504
Mark,Illinois,504
Mulberry Grove,Illinois,504
Prinsburg,Minnesota,504
Bland,Missouri,504
Fort Cobb,Oklahoma,504
Pine Forest,Texas,504
Leary,Georgia,503
Rolfe,Iowa,503
Zearing,Iowa,503
Morganza,Louisiana,503
Proctorville,Ohio,503
Volente,Texas,503
Urbanna,Virginia,503
De Valls Bluff,Arkansas,502
North City,Illinois,502
Shipman,Illinois,502
Northport,Michigan,502
Geneva,Minnesota,502
Crystal Lake Park,Missouri,502
Dearborn,Missouri,502
Sunrise Beach,Missouri,502
Stuart,Nebraska,502
Cairo,Ohio,502
Plantersville,Texas,502
Cowden,Illinois,501
Hammond,Illinois,501
Cumming,Iowa,501
Trenton,Nebraska,501
Parkton,North Carolina,501
Christiansburg,Ohio,501
Summerville,Pennsylvania,501
Anmoore,West Virginia,501
Turrell,Arkansas,500
Dahlgren,Illinois,500
Washington Grove,Maryland,500
Carsonville,Michigan,500
Murray,Nebraska,500
Carroll,Ohio,500
Shawnee,Ohio,500
West Hamlin,West Virginia,500
Withee,Wisconsin,500
Cotton Plant,Arkansas,499
Grannis,Arkansas,499
Cosmos,Minnesota,499
Jenkins,Minnesota,499
Pinewood,South Carolina,499
Alba,Texas,499
Pangburn,Arkansas,498
Bancroft,Kentucky,498
Brandon,Minnesota,498
Burlington Junction,Missouri,498
Sharon Springs,New York,498
Laurelville,Ohio,498
Charlotte Court House,Virginia,498
Hartford,Arkansas,497
Rose Bud,Arkansas,497
Creal Springs,Illinois,497
Golf,Illinois,497
Mermentau,Louisiana,497
Boyle,Mississippi,497
Branson West,Missouri,497
Topsail Beach,North Carolina,497
Pembina,North Dakota,497
Hyde Park,Pennsylvania,497
Wall,Pennsylvania,497
Linden,Wisconsin,497
Reddick,Florida,496
Monroe City,Indiana,496
Collins,Iowa,496
Claremont,Minnesota,496
Alexander,New York,496
Alex,Oklahoma,496
Fort Towson,Oklahoma,496
North Powder,Oregon,496
Westcliffe,Colorado,495
Altha,Florida,495
Matthews,Indiana,495
Brewster,Minnesota,495
Shoshoni,Wyoming,495
McKenzie,Alabama,494
Aniak,Alaska,494
Napaskiak,Alaska,494
Ephesus,Georgia,494
Iuka,Illinois,494
Breda,Iowa,494
Stockton,New Jersey,494
Forman,North Dakota,494
Phillipsburg,Ohio,494
Lanesboro,Pennsylvania,494
Jayton,Texas,494
Hartford City,West Virginia,494
New Virginia,Iowa,493
Sabula,Iowa,493
Bancroft,Nebraska,493
Rushsylvania,Ohio,493
Newell,Pennsylvania,493
Warwick,Georgia,492
Ellsworth,Iowa,492
Scranton,Iowa,492
Centralia,Kansas,492
Freeman,Missouri,492
Big Sandy,Tennessee,492
Knapp,Wisconsin,492
Prairie Farm,Wisconsin,492
Cokeville,Wyoming,492
River Falls,Alabama,491
New Stuyahok,Alaska,491
Crawfordville,Georgia,491
Tignall,Georgia,491
Plainville,Indiana,491
Houston Acres,Kentucky,491
Rothsay,Minnesota,491
Wyandotte,Oklahoma,491
Adell,Wisconsin,491
St. Cloud,Wisconsin,491
North Courtland,Alabama,490
Chefornak,Alaska,490
Nuiqsut,Alaska,490
Tull,Arkansas,490
Alapaha,Georgia,490
Elma,Iowa,490
Sacred Heart,Minnesota,490
Alexandria,Ohio,490
Huntington,Arkansas,489
Hoboken,Georgia,489
Fairfield,Idaho,489
Mound City,Illinois,489
Thompson,Iowa,489
Hatley,Mississippi,489
New Alexandria,Pennsylvania,489
Gordon,Texas,489
Glenwood,Utah,489
Hampton,Florida,488
La Harpe,Kansas,488
Myrtle,Mississippi,488
Calumet,Oklahoma,488
Hulbert,Oklahoma,488
Green Lane,Pennsylvania,488
Grey Forest,Texas,488
Smiley,Texas,488
Talco,Texas,488
Sky Valley,Georgia,487
Woodson,Illinois,487
Titonka,Iowa,487
Protection,Kansas,487
Waterproof,Louisiana,487
Carlos,Minnesota,487
Sargent,Nebraska,487
Margaretville,New York,487
Hamersville,Ohio,487
Union Valley,Texas,487
Mount Calvary,Wisconsin,487
Markleville,Indiana,486
Martin,Kentucky,486
Kiester,Minnesota,486
Anguilla,Mississippi,486
Rush Valley,Utah,486
Glen St. Mary,Florida,485
Loch Lynn Heights,Maryland,485
Unionville,Michigan,485
Red Creek,New York,485
Corning,Ohio,485
Fayette City,Pennsylvania,485
Odum,Georgia,484
Reynolds,Illinois,484
Effingham,Kansas,484
Natchez,Louisiana,484
Thompsonville,Michigan,484
Eolia,Missouri,484
Arnett,Oklahoma,484
Lake City,Texas,484
Wilkeson,Washington,484
Lyndon Station,Wisconsin,484
Riverwood,Kentucky,483
Ellsworth,Minnesota,483
Wellsburg,New York,483
Hawk Cove,Texas,483
Randolph,Utah,483
Cobb,Wisconsin,483
Avoca,Arkansas,482
Menlo,Georgia,482
Craigmont,Idaho,482
Nezperce,Idaho,482
Dakota,Illinois,482
Richmond,Louisiana,482
Upsala,Minnesota,482
Poland,New York,482
Monroe,Pennsylvania,482
Clayhatchee,Alabama,481
Cromwell,Indiana,481
Ashby,Minnesota,481
Hickory Flat,Mississippi,481
Corbin City,New Jersey,481
Canute,Oklahoma,481
Portland,Pennsylvania,481
Junction City,Arkansas,480
Palestine,Arkansas,480
Mackay,Idaho,480
Thompsonville,Illinois,480
Gamaliel,Kentucky,480
Seven Valleys,Pennsylvania,480
Whittemore,Iowa,479
Chatham,Louisiana,479
Bancroft,Michigan,479
Hayti Heights,Missouri,479
Orangeville,Pennsylvania,479
Spring Bay,Illinois,478
Farragut,Iowa,478
Gilmore City,Iowa,478
Midland,Maryland,478
Enterprise,Mississippi,478
Camden Point,Missouri,478
Hayesville,North Carolina,478
Allenport,Pennsylvania,478
Emery,South Dakota,478
Waldo,Wisconsin,478
De Beque,Colorado,477
Chadwick,Illinois,477
Rankin,Illinois,477
McCool Junction,Nebraska,477
Kirkersville,Ohio,477
McKean,Pennsylvania,477
Kanarraville,Utah,477
Haysi,Virginia,477
Kendall,Wisconsin,477
Galena,Missouri,476
Cherry Valley,New York,476
Roper,North Carolina,476
Bowdle,South Dakota,476
Dupree,South Dakota,476
Forestville,Wisconsin,476
Sidell,Illinois,475
Tower Hill,Illinois,475
University Park,Iowa,475
Bethel,Minnesota,475
Pennock,Minnesota,475
Ulen,Minnesota,475
South Bethlehem,Pennsylvania,475
Waubay,South Dakota,475
Fountain Lake,Arkansas,474
Norfork,Arkansas,474
Naturita,Colorado,474
Fithian,Illinois,474
Russell,Iowa,474
Sand Lake,Michigan,474
Cedar Creek,Nebraska,474
Argusville,North Dakota,474
Stockport,Ohio,474
Fawn Grove,Pennsylvania,474
Gadsden,Tennessee,474
Gilt Edge,Tennessee,474
Avon,Alabama,473
Joiner,Arkansas,473
Stewart,Minnesota,473
Urich,Missouri,473
Fort Ann,New York,473
Buckley,Illinois,472
North Salem,Indiana,472
Garwin,Iowa,472
Drakesboro,Kentucky,472
Wheelwright,Kentucky,472
Hanover,Michigan,472
Lennon,Michigan,472
Roxie,Mississippi,472
Tremont,Mississippi,472
Holt,Missouri,472
Teachey,North Carolina,472
Gates,Oregon,472
Hemingway,South Carolina,472
Byers,Texas,472
Saxtons River,Vermont,472
Irvington,Virginia,472
Marshall,Alaska,471
Hutsonville,Illinois,471
Latimer,Iowa,471
Benham,Kentucky,471
Malcolm,Nebraska,471
Morgan,Texas,471
Timbercreek Canyon,Texas,471
Grantsville,West Virginia,471
Thorne Bay,Alaska,470
Buda,Illinois,470
Staunton,Indiana,470
Humeston,Iowa,470
Melbourne,Kentucky,470
Sterling,Nebraska,470
Bryant,South Dakota,470
Cinco Bayou,Florida,469
Mansfield,Georgia,469
Grand Tower,Illinois,469
Cedar Vale,Kansas,469
Secretary,Maryland,469
Fife Lake,Michigan,469
Summersville,Missouri,469
Broadus,Montana,469
Ansley,Nebraska,469
Covington,Oklahoma,469
Cowen,West Virginia,469
Alma Center,Wisconsin,469
Castleberry,Alabama,468
Sulphur Springs,Arkansas,468
Chrisney,Indiana,468
Maynard,Iowa,468
Vienna,Louisiana,468
Courtland,Mississippi,468
Lake,Mississippi,468
Qulin,Missouri,468
Hewlett Bay Park,New York,468
Hawthorn,Pennsylvania,468
Troutville,Virginia,468
Franklin,West Virginia,468
Rosholt,Wisconsin,468
Taylor,Wisconsin,468
Bowersville,Georgia,467
Richfield,Idaho,467
Dow City,Iowa,467
Lime Springs,Iowa,467
North Adams,Michigan,467
Lafayette,Minnesota,467
Berthold,North Dakota,467
Austin,Pennsylvania,467
St. Francis,South Dakota,467
Union Grove,Texas,467
West Jefferson,Alabama,466
Central City,Arkansas,466
Sopchoppy,Florida,466
Gas,Kansas,466
Clearbrook,Minnesota,466
Allenhurst,New Jersey,466
Cayuga,New York,466
Summerhill,Pennsylvania,466
Sharon,South Carolina,466
Montrose,South Dakota,466
Curtiss,Wisconsin,466
Leola,Arkansas,465
Grand View,Idaho,465
Norway,Iowa,465
Little River,Kansas,465
Moran,Kansas,465
Altura,Minnesota,465
Johnson,Oklahoma,465
Wolsey,South Dakota,465
Manokotak,Alaska,464
Oak Grove,Illinois,464
Olustee,Oklahoma,464
Presho,South Dakota,464
Nome,Texas,464
Texline,Texas,464
Lyerly,Georgia,463
Denver,Indiana,463
La Paz,Indiana,463
Tijeras,New Mexico,463
Williamsburg,New Mexico,463
Mosier,Oregon,463
Loganton,Pennsylvania,463
Warner,South Dakota,463
Holden,Utah,463
Chapin,Illinois,462
Mecosta,Michigan,462
Sturgeon Lake,Minnesota,462
Rolette,North Dakota,462
Mount Blanchard,Ohio,462
Hickory Grove,South Carolina,462
Cross Timber,Texas,462
Kosse,Texas,462
Ohio,Illinois,461
St. Rose,Illinois,461
San Jose,Illinois,461
Crestview,Kentucky,461
State Line,Mississippi,461
Mullen,Nebraska,461
Gettysburg,Ohio,461
Medicine Park,Oklahoma,461
Ravia,Oklahoma,461
Pittman Center,Tennessee,461
Big Wells,Texas,461
Pratt,West Virginia,461
Jerome,Arizona,460
Plainview,Arkansas,460
Offerman,Georgia,460
Lovilia,Iowa,460
Cheriton,Virginia,460
McKenney,Virginia,460
Greensboro,Florida,459
Dix,Illinois,459
Sterling,Michigan,459
Nelson,Nebraska,459
Hammon,Oklahoma,459
Mechanicsville,Pennsylvania,459
Mount Vernon,South Dakota,459
Angus,Texas,459
Bryson,Texas,459
Clearview,West Virginia,459
Arnoldsville,Georgia,458
Barton,Maryland,458
Beverly Hills,Missouri,458
Canaseraga,New York,458
Towner,North Dakota,458
Fletcher,Ohio,458
McGuffey,Ohio,458
Evant,Texas,458
Newbury,Vermont,458
Galena,Alaska,457
Perrysville,Indiana,457
Mer Rouge,Louisiana,457
Bell City,Missouri,457
Baileyton,Tennessee,457
Glenbeulah,Wisconsin,457
Elaine,Arkansas,456
Milton,Indiana,456
New Era,Michigan,456
Randolph,Minnesota,456
Leicester,New York,456
Nichols,New York,456
Salemburg,North Carolina,456
North Fairfield,Ohio,456
Fairchild,Wisconsin,456
Emden,Illinois,455
Dumas,Mississippi,455
Oakland,Mississippi,455
Panama,New York,455
Bakersville,North Carolina,455
Pink Hill,North Carolina,455
North Hampton,Ohio,455
Drummond,Oklahoma,455
Coloma,Wisconsin,455
Clifton,Idaho,454
Versailles,Illinois,454
Fifty Lakes,Minnesota,454
Jerry City,Ohio,454
Lindsey,Ohio,454
Westport,Oklahoma,454
Lane,South Carolina,454
Marysvale,Utah,454
Mount Crawford,Virginia,454
Harrington,Washington,454
Blue River,Wisconsin,454
Arabi,Georgia,453
Between,Georgia,453
Pineview,Georgia,453
Bowen,Illinois,453
Cawker City,Kansas,453
Macksville,Kansas,453
New Germany,Minnesota,453
Eldorado,Ohio,453
Canton,Oklahoma,453
River Bluff,Kentucky,452
Fessenden,North Dakota,452
Thornburg,Pennsylvania,452
Point Arena,California,451
Ashley,Illinois,451
Lenzburg,Illinois,451
Runnells,Iowa,451
Argonia,Kansas,451
Clifton,Kansas,451
Aurora,North Carolina,451
Forgan,Oklahoma,451
Dushore,Pennsylvania,451
Beersheba Springs,Tennessee,451
Copperhill,Tennessee,451
Ducktown,Tennessee,451
Webberville,Texas,451
Wells River,Vermont,451
Ione,Washington,451
Crawfordsville,Arkansas,450
Kennard,Indiana,450
Fox Chase,Kentucky,450
Fair Play,Missouri,450
Valley Falls,New York,450
Encampment,Wyoming,450
Aguilar,Colorado,449
Tovey,Illinois,449
Ullin,Illinois,449
Bruceville,Indiana,449
Wibaux,Montana,449
Freeville,New York,449
Summit,South Carolina,449
Henry,Tennessee,449
Floyd,Virginia,449
Peterstown,West Virginia,449
Hytop,Alabama,448
Akiak,Alaska,448
Uvalda,Georgia,448
Pierron,Illinois,448
Harrisville,Michigan,448
Wyndmere,North Dakota,448
Jefferson,South Dakota,448
Murdo,South Dakota,448
Buffalo Springs,Texas,448
Leary,Texas,448
Ropesville,Texas,448
Attapulgus,Georgia,447
Stillmore,Georgia,447
Altona,Illinois,447
Camargo,Illinois,447
Elkhart,Illinois,447
Sun River Terrace,Illinois,447
Winchester,Kansas,447
Springfield,Louisiana,447
Tangipahoa,Louisiana,447
Hopkins,Missouri,447
Orbisonia,Pennsylvania,447
Ridgeside,Tennessee,447
Bear Creek,Texas,447
Brighton,Utah,447
Lockhart,Alabama,446
Cushman,Arkansas,446
Bird City,Kansas,446
Naylor,Missouri,446
Millstone,New Jersey,446
Munnsville,New York,446
Keota,Oklahoma,446
Wilson,Texas,446
Hunts Point,Washington,446
South Wayne,Wisconsin,446
Humphrey,Arkansas,445
De Land,Illinois,445
Kaneville,Illinois,445
White City,Kansas,445
Robards,Kentucky,445
Danube,Minnesota,445
Keytesville,Missouri,445
Glen Park,New York,445
Parish,New York,445
Gibson,North Carolina,445
Coolville,Ohio,445
Fossil,Oregon,445
Rouseville,Pennsylvania,445
Smyer,Texas,445
Gateway,Arkansas,444
Little Rock,Iowa,444
LeRoy,Kansas,444
Rothbury,Michigan,444
Higbee,Missouri,444
Otterville,Missouri,444
Amber,Oklahoma,444
Hallsburg,Texas,444
Fries,Virginia,444
Holly Grove,Arkansas,443
Warm Springs,Georgia,443
Mount Auburn,Illinois,443
Fordsville,Kentucky,443
Shiloh,New Jersey,443
Ansonville,North Carolina,443
Hayesville,Ohio,443
Mildred,Texas,443
Lewisville,Idaho,442
Allendale,Illinois,442
Cheneyville,Louisiana,442
Lyons,Pennsylvania,442
Ehrhardt,South Carolina,442
DISH,Texas,442
West Milford,West Virginia,442
Albion,Iowa,441
Richmond,Kansas,441
Dry Prong,Louisiana,441
Wrenshall,Minnesota,441
Meadville,Mississippi,441
Ronda,North Carolina,441
Emerado,North Dakota,441
Coalton,Ohio,441
Edison,Ohio,441
Dillwyn,Virginia,441
St. Michael,Alaska,440
Bergman,Arkansas,440
Cornell,Illinois,440
Briarwood,Kentucky,440
Weir,Mississippi,440
Greenville,Missouri,440
Palmer,Nebraska,440
Binger,Oklahoma,440
Bay City,Wisconsin,440
Dalton City,Illinois,439
Miltonvale,Kansas,439
Gilbert,Louisiana,439
Blue Springs,Mississippi,439
Leigh,Nebraska,439
Millry,Alabama,438
Granada,Colorado,438
Glasco,Kansas,438
Miltona,Minnesota,438
Hampton,Nebraska,438
Ochelata,Oklahoma,438
Oglesby,Texas,438
Plymouth,Utah,438
Hixton,Wisconsin,438
Sumner,Georgia,437
Stacyville,Iowa,437
Eskridge,Kansas,437
Island,Kentucky,437
Grayson,Louisiana,437
Butte Falls,Oregon,437
Wasco,Oregon,437
Elkmont,Alabama,436
Logan,Kansas,436
Sheldon,Missouri,436
Beaver,Ohio,436
Shippenville,Pennsylvania,436
Lohrville,Wisconsin,436
Buffalo,Illinois,435
Roann,Indiana,435
Brushton,New York,435
Three Springs,Pennsylvania,435
Springfield,South Carolina,435
Irene,South Dakota,435
Avery,Texas,435
Rowlesburg,West Virginia,435
Hudson,Wyoming,435
Red Level,Alabama,434
Waveland,Indiana,434
Alleman,Iowa,434
Forest Hills,Kentucky,434
Bonneau,South Carolina,434
Devers,Texas,434
Deweyville,Utah,434
Endeavor,Wisconsin,434
Arden,Delaware,433
Hoffman,Illinois,433
Kinde,Michigan,433
Foyil,Oklahoma,433
Platea,Pennsylvania,433
Thayne,Wyoming,433
Wiley,Colorado,432
Lostant,Illinois,432
Allerton,Iowa,432
Ashton,Iowa,432
Delhi,Iowa,432
Lamont,Iowa,432
Marquette,Iowa,432
Bernice,Oklahoma,432
Stringtown,Oklahoma,432
San Patricio,Texas,432
Yantis,Texas,432
Tangier,Virginia,432
Pleasant Groves,Alabama,431
Ranburne,Alabama,431
Huttig,Arkansas,431
Beacon,Iowa,431
New Albin,Iowa,431
Arlington,Kansas,431
Kanopolis,Kansas,431
Norbourne Estates,Kentucky,431
Kellogg,Minnesota,431
Wykoff,Minnesota,431
Avondale,Missouri,431
Brookford,North Carolina,431
Clintonville,Pennsylvania,431
Retreat,Texas,431
Rudolph,Wisconsin,431
Evening Shade,Arkansas,430
Norwood,Illinois,430
Klemme,Iowa,430
Falkner,Mississippi,430
St. Helena,North Carolina,430
Sandyfield,North Carolina,430
Cedar Valley,Oklahoma,430
Society Hill,South Carolina,430
Caldwell,Arkansas,429
Manalapan,Florida,429
Tiger,Georgia,429
Cherry,Illinois,429
Grandview,Iowa,429
Hawkeye,Iowa,429
Leonardville,Kansas,429
Meadowview Estates,Kentucky,429
Lynd,Minnesota,429
Vermillion,Minnesota,429
Lodge Grass,Montana,429
Schulter,Oklahoma,429
Moorland,Kentucky,428
Friendsville,Maryland,428
Middleville,New York,428
Wheeler,Oregon,428
Kennedy,Alabama,427
Ipava,Illinois,427
Holton,Indiana,427
St. Elizabeth,Missouri,427
Edgar,Nebraska,427
Fort Johnson,New York,427
Arapahoe,North Carolina,427
Scotland,Texas,427
Sigurd,Utah,427
Bellefonte,Arkansas,426
Jupiter Inlet Colony,Florida,426
Plymouth,Illinois,426
Scales Mound,Illinois,426
Jumpertown,Mississippi,426
Fairview,Missouri,426
Pasadena Park,Missouri,426
Amsterdam,Ohio,426
Bolivar,Pennsylvania,426
Rolling Hills,Wyoming,426
Lake City,Colorado,425
Williams Creek,Indiana,425
Linwood,Kansas,425
Thayer,Kansas,425
Spalding,Nebraska,425
Harrod,Ohio,425
Sugar Grove,Ohio,425
Fredonia,Pennsylvania,425
Ramey,Pennsylvania,425
Creedmoor,Texas,425
Milano,Texas,425
Hyde Park,Vermont,425
Forkland,Alabama,424
Highland Lake,Alabama,424
Tehama,California,424
Michigantown,Indiana,424
Batavia,Iowa,424
Oxford Junction,Iowa,424
Woodland,Michigan,424
Akeley,Minnesota,424
Tower,Minnesota,424
Santee,Nebraska,424
Riverside,New York,424
Tushka,Oklahoma,424
St. Paul,Oregon,424
Rosslyn Farms,Pennsylvania,424
Wilmot,South Dakota,424
Saltillo,Tennessee,424
Hammondville,Alabama,423
Ravenden,Arkansas,423
Leaf River,Illinois,423
Tallula,Illinois,423
St. Joe,Indiana,423
Lost Nation,Iowa,423
Assaria,Kansas,423
Carrollton,Mississippi,423
Corder,Missouri,423
Wilbur Park,Missouri,423
Lattimore,North Carolina,423
Leeds,North Dakota,423
Thornton,Texas,423
Glen Allen,Alabama,422
Kiana,Alaska,422
Fleming,Colorado,422
Shiloh,Georgia,422
Culdesac,Idaho,422
Towanda,Illinois,422
Potwin,Kansas,422
Sacramento,Kentucky,422
Ellsinore,Missouri,422
Fromberg,Montana,422
Gage,Oklahoma,422
Hilda,South Carolina,422
Winfield,Texas,422
Capon Bridge,West Virginia,422
Molena,Georgia,421
Beecher City,Illinois,421
Ocheyedan,Iowa,421
Eastlake,Michigan,421
Bolton,Mississippi,421
Crown City,Ohio,421
Highland Haven,Texas,421
Bear Creek,Wisconsin,421
Portia,Arkansas,420
Junction City,Louisiana,420
Ravenwood,Missouri,420
Wayland,Missouri,420
DeRuyter,New York,420
Paden,Oklahoma,420
Bell Buckle,Tennessee,420
Lefors,Texas,420
Hector,Arkansas,419
Cadwell,Georgia,419
Badger,Minnesota,419
Spring Valley,Ohio,419
Cement,Oklahoma,419
Stonewall,Oklahoma,419
Guys,Tennessee,419
Elmo,Utah,419
Lyman,Washington,419
Cochrane,Wisconsin,419
Hecker,Illinois,418
Hopewell,Illinois,418
Arlington,Iowa,418
Whittemore,Michigan,418
Maupin,Oregon,418
Coalport,Pennsylvania,418
Stockdale,Pennsylvania,418
Oak Valley,Texas,418
Neshkoro,Wisconsin,418
Lafe,Arkansas,417
Jenkinsburg,Georgia,417
Weippe,Idaho,417
German Valley,Illinois,417
Galva,Iowa,417
Norwich,Kansas,417
Cedar Fort,Utah,417
Almond,Wisconsin,417
Oliver,Wisconsin,417
Kivalina,Alaska,416
Amo,Indiana,416
Goldonna,Louisiana,416
Rutland,Ohio,416
Achille,Oklahoma,416
Brunson,South Carolina,416
Leola,South Dakota,416
Sardis,Tennessee,416
Burkeville,Virginia,416
Lisman,Alabama,415
Napier Field,Alabama,415
Brevig Mission,Alaska,415
Sorento,Illinois,415
Bull Creek,Missouri,415
Meadville,Missouri,415
Giltner,Nebraska,415
Senecaville,Ohio,415
Ernest,Pennsylvania,415
Parryville,Pennsylvania,415
Tionesta,Pennsylvania,415
Union,West Virginia,415
Neponset,Illinois,414
Elizabethtown,Indiana,414
Centertown,Kentucky,414
Hornbeck,Louisiana,414
Milan,Minnesota,414
East Arcadia,North Carolina,414
Hookerton,North Carolina,414
New Bloomington,Ohio,414
Portage,Ohio,414
Scotts Mills,Oregon,414
Long Branch,Pennsylvania,414
Petersburg,Pennsylvania,414
Hayti,South Dakota,414
Millsap,Texas,414
Junction City,Wisconsin,414
Fairview,Illinois,413
Melvin,Illinois,413
Naplate,Illinois,413
Cement City,Michigan,413
Jackson,North Carolina,413
Depew,Oklahoma,413
Cross Hill,South Carolina,413
Stanton,Tennessee,413
Gustine,Texas,413
Laurel,Indiana,412
Richland,Indiana,412
Alta Vista,Kansas,412
Cunningham,Kansas,412
Estral Beach,Michigan,412
Crawford,Mississippi,412
Freeburg,Missouri,412
Washburn,Missouri,412
Hoffman,North Carolina,412
Weissport,Pennsylvania,412
Fort Yukon,Alaska,411
Funston,Georgia,411
Newport,Indiana,411
Martensdale,Iowa,411
Otho,Iowa,411
Oklee,Minnesota,411
Decatur,Nebraska,411
Hunter,New York,411
Remsen,New York,411
Dill City,Oklahoma,411
Bonanza,Oregon,411
Brisbin,Pennsylvania,411
Garrett,Pennsylvania,411
Stockton Bend,Texas,411
Charleston,Utah,411
Calion,Arkansas,410
Birdseye,Indiana,410
Mulberry,Kansas,410
Richlawn,Kentucky,410
Chokio,Minnesota,410
Ekalaka,Montana,410
Stanford,Montana,410
Richburg,New York,410
Jamesville,North Carolina,410
West Manchester,Ohio,410
Big Stone City,South Dakota,410
Paw Paw,West Virginia,410
Wilkinson,Indiana,409
Barryton,Michigan,409
New Auburn,Minnesota,409
Bellwood,Nebraska,409
Laura,Ohio,409
Carmichaels,Pennsylvania,409
South Mountain,Texas,409
Subiaco,Arkansas,408
Fountain,Minnesota,408
Bucklin,Missouri,408
Niangua,Missouri,408
Bruin,Pennsylvania,408
Marion Center,Pennsylvania,408
Wickett,Texas,408
Crawford,Colorado,407
Concord,Georgia,407
Hillsdale,Illinois,407
New Strawn,Kansas,407
Bigfork,Minnesota,407
Mayersville,Mississippi,407
Lewiston Woodville,North Carolina,407
Huntsville,Ohio,407
Chattanooga,Oklahoma,407
Mapleton,Pennsylvania,407
Hillsboro,Alabama,406
Benson,Illinois,406
Monroe Center,Illinois,406
Waltonville,Illinois,406
Parkerfield,Kansas,406
Hickory,Mississippi,406
Macclesfield,North Carolina,406
Staley,North Carolina,406
Martinsville,Ohio,406
White Lake,South Dakota,406
Alma,Texas,406
Blum,Texas,406
Grand Lake,Colorado,405
Burt,Iowa,405
Rockleigh,New Jersey,405
Fredericksburg,Ohio,405
Thackerville,Oklahoma,405
Herreid,South Dakota,405
Colton,Washington,405
Birchwood,Wisconsin,405
Baggs,Wyoming,405
Midway,Alabama,404
Russian Mission,Alaska,404
Karnak,Illinois,404
Bayard,Iowa,404
Kensington,Kansas,404
Onekama,Michigan,404
Fisher,Minnesota,404
Potts Camp,Mississippi,404
Belmont,Ohio,404
Hartford,Ohio,404
Dover,Oklahoma,404
Vintondale,Pennsylvania,404
Oakwood,Texas,404
Anaktuvuk Pass,Alaska,403
Keyesport,Illinois,403
Mesick,Michigan,403
Soso,Mississippi,403
Calhoun,Missouri,403
Urbana,Missouri,403
Greeley Center,Nebraska,403
Glenburn,North Dakota,403
South Heart,North Dakota,403
Clarksburg,Ohio,403
Bokoshe,Oklahoma,403
Tabor,South Dakota,403
Ocean Breeze,Florida,402
Eden,Idaho,402
Prairie City,Illinois,402
Miles,Iowa,402
Sun,Louisiana,402
Turkey Creek,Louisiana,402
Speculator,New York,402
Seward,Pennsylvania,402
South Renovo,Pennsylvania,402
False Pass,Alaska,401
Emmet,Arkansas,401
Riggins,Idaho,401
Saunemin,Illinois,401
Martin,Michigan,401
Big Springs,Nebraska,401
Simpson,North Carolina,401
Richmond,Ohio,401
South Vienna,Ohio,401
Clarendon,Pennsylvania,401
Kurten,Texas,401
Strong,Arkansas,400
Elizabeth,Louisiana,400
East New Market,Maryland,400
Taylor,Mississippi,400
Oak Grove Village,Missouri,400
Milford,New York,400
Rices Landing,Pennsylvania,400
Hancock,Wisconsin,400
St. Paul,Alaska,399
Ideal,Georgia,399
Stapleton,Georgia,399
Buckner,Illinois,399
Emerson,Iowa,399
Axtell,Kansas,399
Hustonville,Kentucky,399
Clarksville,Michigan,399
Ogilvie,Minnesota,399
Waubun,Minnesota,399
Essex,Missouri,399
Grimesland,North Carolina,399
Leedey,Oklahoma,399
Houston,Delaware,398
Hazel,Kentucky,398
Remer,Minnesota,398
Eustis,Nebraska,398
Almond,New York,398
Skellytown,Texas,398
Farmington,West Virginia,398
Lingle,Wyoming,398
Claypool,Indiana,397
Milton,Iowa,397
Morton,Minnesota,397
Harvey Cedars,New Jersey,397
Willshire,Ohio,397
Vanderbilt,Pennsylvania,397
Melfa,Virginia,397
Yatesville,Georgia,396
Crystal Lakes,Missouri,396
Morrisville,Missouri,396
Rosebud,Missouri,396
Weaubleau,Missouri,396
Caswell Beach,North Carolina,396
Jacksonville,Ohio,396
Lafayette,Ohio,396
Silo,Oklahoma,396
Clyman,Wisconsin,396
Big Piney,Wyoming,396
La Barge,Wyoming,396
Reyno,Arkansas,395
Wilmot,Arkansas,395
Westwood Hills,Kansas,395
Kingston,Michigan,395
Rose Creek,Minnesota,395
Willow River,Minnesota,395
Ringwood,Oklahoma,395
Delbarton,West Virginia,395
Bradley,Arkansas,394
Yampa,Colorado,394
Bostwick,Georgia,394
Burnettsville,Indiana,394
Orland,Indiana,394
Lawler,Iowa,394
Plainfield,Iowa,394
Alma,Missouri,394
Grand River,Ohio,394
Verona,Ohio,394
Bedias,Texas,394
Dewey Beach,Delaware,393
Earling,Iowa,393
Thornton,Iowa,393
Nevis,Minnesota,393
Platte Woods,Missouri,393
Holland Patent,New York,393
Gypsum,Kansas,392
Arbyrd,Missouri,392
Loomis,Nebraska,392
Centre Island,New York,392
Hobart,New York,392
Jeffersonville,New York,392
College Corner,Ohio,392
East Duke,Oklahoma,392
Grays Prairie,Texas,392
Oakesdale,Washington,392
Damascus,Arkansas,391
Edgewood,Illinois,391
Sadorus,Illinois,391
Lehigh,Iowa,391
Perrinton,Michigan,391
Butterfield,Missouri,391
Bolton,North Carolina,391
Fountain,North Carolina,391
Lilesville,North Carolina,391
Finley,North Dakota,391
Dodd City,Texas,391
Louisville,Alabama,390
Industry,Illinois,390
Herman,Minnesota,390
Shubuta,Mississippi,390
Ewing,Missouri,390
Pleasant City,Ohio,390
Oacoma,South Dakota,390
Eek,Alaska,389
Worthington Springs,Florida,389
Wheatland,Indiana,389
Charlotte,Iowa,389
Chase,Kansas,389
Kingsley,Kentucky,389
Pollock,Louisiana,389
Montrose,Missouri,389
Tryon,Oklahoma,389
Cooperstown,Pennsylvania,389
Indian Lake,Pennsylvania,389
Marianna,Pennsylvania,389
Morrison,Colorado,388
Milford,Kansas,388
Strong City,Kansas,388
Erskine,Minnesota,388
Jane,Missouri,388
Tontogany,Ohio,388
Beallsville,Pennsylvania,388
West Elizabeth,Pennsylvania,388
Buckholts,Texas,388
Uniontown,Washington,388
Jane Lew,West Virginia,388
Oak Grove,Arkansas,387
New Market,Iowa,387
Holyrood,Kansas,387
Duncan,Nebraska,387
Cove City,North Carolina,387
Webster,North Carolina,387
Nectar,Alabama,386
Wausau,Florida,386
Good Hope,Georgia,386
Salem,Iowa,386
Williamsburg,Kansas,386
Greentop,Missouri,386
Peachland,North Carolina,386
Mowrystown,Ohio,386
Mill Village,Pennsylvania,386
Alpena,Arkansas,385
Casey,Iowa,385
Abbeville,Mississippi,385
Twin Bridges,Montana,385
Prue,Oklahoma,385
Wapanucka,Oklahoma,385
Ben Avon Heights,Pennsylvania,385
West Union,South Carolina,385
Hurley,South Dakota,385
Mesa,Washington,385
Everglades,Florida,384
Lee,Florida,384
Lomax,Illinois,384
Florence,Kansas,384
Linn,Kansas,384
Pine Springs,Minnesota,384
Webb,Mississippi,384
Spencer,Nebraska,384
Maddock,North Dakota,384
Balmorhea,Texas,384
Bancroft,West Virginia,384
Wilmar,Arkansas,383
Colesburg,Iowa,383
Lynnville,Iowa,383
Gorham,Kansas,383
Shuqualak,Mississippi,383
Lanagan,Missouri,383
Rayland,Ohio,383
Adams,Oregon,383
Clarksburg,Tennessee,383
Saxman,Alaska,382
Moreland,Georgia,382
Carbon Hill,Illinois,382
Tamms,Illinois,382
Edna,Kansas,382
Woodland,Minnesota,382
Washington Park,North Carolina,382
Mount Pleasant,Ohio,382
Whitefield,Oklahoma,382
Midville,Georgia,381
Union,Iowa,381
North Carrollton,Mississippi,381
Falcon,North Carolina,381
Rome,Pennsylvania,381
White Stone,Virginia,381
Matewan,West Virginia,381
Rosa,Alabama,380
Whigham,Georgia,380
Waynesville,Illinois,380
New Vienna,Iowa,380
Royal,Iowa,380
Wesley,Iowa,380
Hanska,Minnesota,380
McGregor,Minnesota,380
Grover Hill,Ohio,380
Pitsburg,Ohio,380
Moro,Oregon,380
Burnsville,West Virginia,380
McVille,North Dakota,379
Quaker City,Ohio,379
Haines,Oregon,379
Lewisberry,Pennsylvania,379
Gilman,Wisconsin,379
Ila,Georgia,378
Hull,Illinois,378
Columbus City,Iowa,378
Alvarado,Minnesota,378
Chamois,Missouri,378
Ridgeway,Missouri,378
Union Star,Missouri,378
Pleasanton,Nebraska,378
Wyoming,New York,378
Wynona,Oklahoma,378
Gayville,South Dakota,378
Bloxom,Virginia,378
Amherst Junction,Wisconsin,378
LaGrange,Wyoming,378
New Haven,Illinois,377
Riverdale,Iowa,377
Colony,Kansas,377
Wayland,Kentucky,377
Ghent,Minnesota,377
Noxapater,Mississippi,377
Westphalia,Missouri,377
Cedar Rapids,Nebraska,377
Sugar Mountain,North Carolina,377
South Heights,Pennsylvania,377
Chireno,Texas,377
La Valle,Wisconsin,377
Unity,Wisconsin,377
Maynard,Arkansas,376
Fenwick Island,Delaware,376
Toomsboro,Georgia,376
Bondville,Illinois,376
Lorimor,Iowa,376
Vail,Iowa,376
Greeley County unified government,Kansas,376
Lewis,Kansas,376
Converse,Louisiana,376
Boyne Falls,Michigan,376
Powers,Michigan,376
Clinton,Minnesota,376
Atlanta,Missouri,376
Clarksville,Missouri,376
Novinger,Missouri,376
Ewing,Nebraska,376
Barnhill,Ohio,376
Nickelsville,Virginia,376
Junior,West Virginia,376
Hydaburg,Alaska,375
Lava Hot Springs,Idaho,375
East Carondelet,Illinois,375
Andrew,Iowa,375
Livermore,Iowa,375
McHenry,Kentucky,375
Norwood,Kentucky,375
Poplar Hills,Kentucky,375
Barrett,Minnesota,375
Comfrey,Minnesota,375
Wood Lake,Minnesota,375
Glen,Mississippi,375
Delta,Missouri,375
Osborn,Missouri,375
Powers Lake,North Dakota,375
Clay,West Virginia,375
Leslie,Arkansas,374
Sublette,Illinois,374
Varna,Illinois,374
Bussey,Iowa,374
Gaines,Michigan,374
Deepwater,Missouri,374
Lake Arthur,New Mexico,374
Westhope,North Dakota,374
Asher,Oklahoma,374
Granton,Wisconsin,374
Readstown,Wisconsin,374
McNeil,Arkansas,373
Dearing,Kansas,373
Fredonia,Kentucky,373
Hale,Missouri,373
Kennard,Nebraska,373
Gloria Glens Park,Ohio,373
Holmesville,Ohio,373
Hermosa,South Dakota,373
Sadler,Texas,373
West Logan,West Virginia,373
Xenia,Illinois,372
Birmingham,Iowa,372
Spillville,Iowa,372
Worthington,Iowa,372
Hodge,Louisiana,372
Winside,Nebraska,372
Gibson,Tennessee,372
Pigeon Falls,Wisconsin,372
Shorter,Alabama,371
Midway,Arkansas,371
Viola,Arkansas,371
Basalt,Idaho,371
Winchester,Idaho,371
Rolla,Kansas,371
Glenview Hills,Kentucky,371
Oxbow,North Dakota,371
Morral,Ohio,371
Alexandria,Pennsylvania,371
Finleyville,Pennsylvania,371
Penn Lake Park,Pennsylvania,371
Cameron,South Carolina,371
Egg Harbor,Wisconsin,371
Duncombe,Iowa,370
Farnhamville,Iowa,370
Lohrville,Iowa,370
McCune,Kansas,370
Old Brownsboro Place,Kentucky,370
Clear Spring,Maryland,370
Marston,Missouri,370
Beaver Crossing,Nebraska,370
Manorville,Pennsylvania,370
Rockhill,Pennsylvania,370
Lockhart,South Carolina,370
Avinger,Texas,370
Rosser,Texas,370
Fairview,West Virginia,370
Burlington,Wyoming,370
Braswell,Georgia,369
Weldon,Illinois,369
Plymouth,Iowa,369
Akron,Michigan,369
Manvel,North Dakota,369
Sodaville,Oregon,369
Burlison,Tennessee,369
Lake Bridgeport,Texas,369
Sanctuary,Texas,369
Scipio,Utah,369
Prescott,Washington,369
Mount Pleasant,Arkansas,368
Scammon,Kansas,368
Sharpsburg,Kentucky,368
Irondale,Missouri,368
Raymondville,Missouri,368
Brady,Nebraska,368
Custer City,Oklahoma,368
Glendon,Pennsylvania,368
Rosholt,South Dakota,368
Burns,Wyoming,368
Coal Creek,Colorado,367
Bonnie,Illinois,367
Medora,Illinois,367
New Hebron,Mississippi,367
Osyka,Mississippi,367
Hildreth,Nebraska,367
Springboro,Pennsylvania,367
Butternut,Wisconsin,367
Collbran,Colorado,366
D'Lo,Mississippi,366
Shoal Creek Drive,Missouri,366
Kulm,North Dakota,366
Halfway,Oregon,366
Newburg,Pennsylvania,366
Hoven,South Dakota,366
Blanket,Texas,366
Scandinavia,Wisconsin,366
Silas,Alabama,365
Centralhatchee,Georgia,365
Irving,Illinois,365
Jordan,Montana,365
McCurtain,Oklahoma,365
Whiteface,Texas,365
Victor,Colorado,364
Odessa,Delaware,364
Dowell,Illinois,364
Joy,Illinois,364
Sparland,Illinois,364
Middletown,Iowa,364
Inglewood,Nebraska,364
Strasburg,North Dakota,364
Lone Wolf,Oklahoma,364
Dunlevy,Pennsylvania,364
Greeleyville,South Carolina,364
Abbott,Texas,364
Howardwick,Texas,364
Winslow,Arkansas,363
Earl Park,Indiana,363
Ghent,Kentucky,363
Hersey,Michigan,363
Emmons,Minnesota,363
New Munich,Minnesota,363
Underwood,Minnesota,363
Tishomingo,Mississippi,363
Oakview,Missouri,363
Niobrara,Nebraska,363
Farnham,New York,363
St. Louisville,Ohio,363
Middleport,Pennsylvania,363
Huxley,Texas,363
South Prairie,Washington,363
Sinclair,Wyoming,363
Sandborn,Indiana,362
Lewis,Iowa,362
Glen Elder,Kansas,362
Rising City,Nebraska,362
Stanton,North Dakota,362
Coyle,Oklahoma,362
Edom,Texas,362
Castle Valley,Utah,362
Wales,Utah,362
Troy,Indiana,361
Bonaparte,Iowa,361
Mount Olivet,Kentucky,361
Ellsworth,Michigan,361
Round Lake,Minnesota,361
Bostic,North Carolina,361
Bunn,North Carolina,361
Ethan,South Dakota,361
Dowelltown,Tennessee,361
Elim,Alaska,360
Hartford,Kansas,360
Broad Top City,Pennsylvania,360
Watauga,Tennessee,360
Leroy,Texas,360
Twin,Alabama,359
Callender,Iowa,359
Follett,Texas,359
Bigelow,Arkansas,358
Empire,Michigan,358
Otter Lake,Michigan,358
Rosebush,Michigan,358
Rushmore,Minnesota,358
Laceyville,Pennsylvania,358
Pleasant Valley,Texas,358
Mattoon,Wisconsin,358
Clear Lake,Indiana,357
Churdan,Iowa,357
Windsor Place,Missouri,357
Plymouth,Nebraska,357
Bridgeton,North Carolina,357
Madison,Pennsylvania,357
Stanardsville,Virginia,357
Bagley,Wisconsin,357
Good Hope,Illinois,356
Herrick,Illinois,356
Orient,Iowa,356
Spavinaw,Oklahoma,356
Buffalo,South Dakota,356
Faith,South Dakota,356
Enchanted Oaks,Texas,356
Massena,Iowa,355
Mayetta,Kansas,355
Wilson,Louisiana,355
Esperance,New York,355
Bethania,North Carolina,355
Ruth,North Carolina,355
Carmen,Oklahoma,355
Atlantic Beach,South Carolina,355
Declo,Idaho,354
Humboldt,Illinois,354
Letts,Iowa,354
McCallsburg,Iowa,354
Ringsted,Iowa,354
Mardela Springs,Maryland,354
Vergas,Minnesota,354
Allen,Nebraska,354
Orchard,Nebraska,354
Bowlegs,Oklahoma,354
Christine,Texas,354
Lakeside,Texas,354
Cazenovia,Wisconsin,354
Barwick,Georgia,353
Plainville,Georgia,353
Cambridge,Idaho,353
Cutler,Illinois,353
Stanhope,Iowa,353
Almena,Kansas,353
Jewell,Kansas,353
Dallas,Wisconsin,353
Sipsey,Alabama,352
Mud Lake,Idaho,352
Leonard,Michigan,352
Brainard,Nebraska,352
Dover,North Carolina,352
Kendleton,Texas,352
Windthorst,Texas,352
Pound,Wisconsin,352
Esto,Florida,351
Arenzville,Illinois,351
Bay View Gardens,Illinois,351
Glencoe,Kentucky,351
Russell,Minnesota,351
Huntleigh,Missouri,351
Sunburst,Montana,351
Ripley,Oklahoma,351
Ford Cliff,Pennsylvania,351
Pleasant Plains,Arkansas,350
Sale City,Georgia,350
Arimo,Idaho,350
Mount Summit,Indiana,350
Calamus,Iowa,350
Bricelyn,Minnesota,350
Lancaster,Minnesota,350
West Alton,Missouri,350
Saratoga,North Carolina,350
Chickasaw,Ohio,350
Wakonda,South Dakota,350
Rockford,Alabama,349
Rutledge,Alabama,349
Arkansas City,Arkansas,349
Western Grove,Arkansas,349
Melvern,Kansas,349
Grand Rivers,Kentucky,349
Frankford,Missouri,349
Buxton,North Dakota,349
Bowerston,Ohio,349
Callery,Pennsylvania,349
Salley,South Carolina,349
Belgium,Illinois,348
Holy Cross,Iowa,348
Rudd,Iowa,348
Merigold,Mississippi,348
Merna,Nebraska,348
Shickley,Nebraska,348
Grampian,Pennsylvania,348
Westover,Pennsylvania,348
Meadow,Utah,348
Lost Creek,West Virginia,348
Greenleaf,Kansas,347
Mound Valley,Kansas,347
The Highlands,Kansas,347
Puckett,Mississippi,347
Beallsville,Ohio,347
Fort Coffee,Oklahoma,347
Oktaha,Oklahoma,347
Wattsburg,Pennsylvania,347
Quitaque,Texas,347
Lagro,Indiana,346
Conesville,Iowa,346
Ryan,Iowa,346
Clyde Park,Montana,346
Bailey Lakes,Ohio,346
Hanoverton,Ohio,346
Tremont City,Ohio,346
Newfolden,Minnesota,345
Benoit,Mississippi,345
Stantonville,Tennessee,345
Higgins,Texas,345
Tennyson,Wisconsin,345
Napakiak,Alaska,344
Bishop,Georgia,344
Martin,Georgia,344
Jeffersonville,Illinois,344
Loda,Illinois,344
Garrison,Iowa,344
Sicily Island,Louisiana,344
St. Marys Point,Minnesota,344
Stovall,North Carolina,344
Herndon,Pennsylvania,344
Reklaw,Texas,344
Pine Grove,West Virginia,344
Nenana,Alaska,343
Hatfield,Arkansas,343
Bonfield,Illinois,343
Menlo,Iowa,343
Altoona,Kansas,343
Hubbardston,Michigan,343
Polk,Nebraska,343
Potter,Nebraska,343
Callisburg,Texas,343
Eureka,Texas,343
New Home,Texas,343
Ephraim,Wisconsin,343
Cobbtown,Georgia,342
London Mills,Illinois,342
Strathmoor Manor,Kentucky,342
Templeton,Iowa,341
Wahpeton,Iowa,341
Clarks,Nebraska,341
Rose City,Texas,341
Eastman,Wisconsin,341
Fairwater,Wisconsin,341
Hurtsboro,Alabama,340
Bellflower,Illinois,340
Lewisville,Indiana,340
Moline,Kansas,340
Wetmore,Kansas,340
Epps,Louisiana,340
Garfield,Minnesota,340
Jeffers,Minnesota,340
Altenburg,Missouri,340
Tribbey,Oklahoma,340
Webbers Falls,Oklahoma,340
Blooming Valley,Pennsylvania,340
Gallatin,Texas,340
Montross,Virginia,340
Dutton,Alabama,339
Sparkman,Arkansas,339
Grantfork,Illinois,339
Roberts,Illinois,339
Dupont,Indiana,339
Long Beach,Minnesota,339
Pattonsburg,Missouri,339
Vanlue,Ohio,339
Bridge Creek,Oklahoma,339
Katie,Oklahoma,339
Sawyer,Oklahoma,339
Dawson,Pennsylvania,339
Liberty,Tennessee,339
Woodland Mills,Tennessee,339
Iola,Texas,339
Windsor Heights,West Virginia,339
New Douglas,Illinois,338
Mooreland,Indiana,338
Orestes,Indiana,338
Diagonal,Iowa,338
Lucas,Kansas,338
Castorland,New York,338
Sims,North Carolina,338
Neche,North Dakota,338
McVeytown,Pennsylvania,338
Blunt,South Dakota,338
Grand Junction,Tennessee,338
Williston,Tennessee,338
Gary City,Texas,338
Nordheim,Texas,338
Leslie,Georgia,337
Mondamin,Iowa,337
Scandia,Kansas,337
South Mansfield,Louisiana,337
Bear Lake,Michigan,337
Sledge,Mississippi,337
Bunceton,Missouri,337
Smithton,Pennsylvania,337
Bryce Canyon City,Utah,337
Whitesville,West Virginia,337
Kingsland,Arkansas,336
Blanca,Colorado,336
Brooker,Florida,336
Donahue,Iowa,336
Barton Hills,Michigan,336
Darwin,Minnesota,336
Ethel,Mississippi,336
Bellflower,Missouri,336
Atkinson,North Carolina,336
Fairmount,North Dakota,336
Murray City,Ohio,336
Angoon,Alaska,335
Ambrose,Georgia,335
Byromville,Georgia,335
Apple River,Illinois,335
Secor,Illinois,335
Table Grove,Illinois,335
Sulphur Springs,Indiana,335
Bennett,Iowa,335
Bellewood,Kentucky,335
Scottsville,Texas,335
Dillard,Georgia,334
West Harrison,Indiana,334
Lacona,Iowa,334
Sadieville,Kentucky,334
Lowry,Minnesota,334
Clayville,New York,334
Florence,South Dakota,334
Goshen,Virginia,334
Joppa,Illinois,333
Brandon,Iowa,333
Honor,Michigan,333
Askov,Minnesota,333
Swanville,Minnesota,333
Fairfield,Nebraska,333
Orleans,Nebraska,333
Burdett,New York,333
Rico,Colorado,332
Newdale,Idaho,332
Summerfield,Illinois,332
Kismet,Kansas,332
Kilbourne,Louisiana,332
Deer Creek,Minnesota,332
Gilman City,Missouri,332
Newburg,Missouri,332
Mantoloking,New Jersey,332
Cameron,Oklahoma,332
St. Petersburg,Pennsylvania,332
Tira,Texas,332
Manila,Utah,332
Almira,Washington,332
Riverside,Washington,332
Spring Grove,Indiana,331
Elliott,Iowa,331
Pierson,Iowa,331
Hunters Hollow,Kentucky,331
Jamestown,Missouri,331
Bethune,South Carolina,331
Leakey,Texas,331
Rose Hill Acres,Texas,331
Maribel,Wisconsin,331
Manzanola,Colorado,330
Ute,Iowa,330
Accident,Maryland,330
Lakeland Shores,Minnesota,330
Platte Center,Nebraska,330
Wilcox,Nebraska,330
Vera,Oklahoma,330
Applewold,Pennsylvania,330
Colome,South Dakota,330
Wheeler,Wisconsin,330
Arley,Alabama,329
Thornton,Arkansas,329
Calypso,North Carolina,329
Shidler,Oklahoma,329
Bloomburg,Texas,329
Shiloh,Alabama,328
Clarkedale,Arkansas,328
Sand City,California,328
Greens Fork,Indiana,328
Nichols,Iowa,328
Trenton,Kentucky,328
Kaw City,Oklahoma,328
Ramer,Tennessee,328
Bicknell,Utah,328
Mansfield,Washington,328
Empire,Colorado,327
Panama,Illinois,327
Grey Eagle,Minnesota,327
Phillips,Nebraska,327
Morven,North Carolina,327
Hunter,North Dakota,327
Schellsburg,Pennsylvania,327
Grandfalls,Texas,327
Cove,Arkansas,326
Latham,Illinois,326
South Haven,Kansas,326
Creighton,Missouri,326
Fabius,New York,326
Gilbertsville,New York,326
Lisle,New York,326
Conesville,Ohio,326
South Solon,Ohio,326
Dustin,Oklahoma,326
Lester,West Virginia,326
Hulett,Wyoming,326
Mentone,Alabama,325
Pennington,Alabama,325
Trinidad,California,325
Sharpsburg,Georgia,325
Ellis Grove,Illinois,325
Eubank,Kentucky,325
Vandalia,Michigan,325
Calumet,Minnesota,325
Plato,Minnesota,325
Portage Des Sioux,Missouri,325
Holloway,Ohio,325
Ione,Oregon,325
Meshoppen,Pennsylvania,325
Turkey,Texas,325
Rock Springs,Wisconsin,325
Winter,Wisconsin,325
Middletown,Illinois,324
New Canton,Illinois,324
Clearwater,Nebraska,324
Petersburg,Nebraska,324
Arthur,North Dakota,324
Tupelo,Oklahoma,324
Cuyuna,Minnesota,323
Max,North Dakota,323
Savannah,Ohio,323
Agra,Oklahoma,323
Berrysburg,Pennsylvania,323
Elderton,Pennsylvania,323
West Liberty,Pennsylvania,323
Hudson,South Dakota,323
Orchard,Texas,323
Vina,Alabama,322
Dyess,Arkansas,322
Enola,Arkansas,322
Harrison,Georgia,322
Martinton,Illinois,322
Cooter,Missouri,322
Rensselaer Falls,New York,322
Trimble,Ohio,322
Optima,Oklahoma,322
Snydertown,Pennsylvania,322
Donalds,South Carolina,322
Orient,Illinois,321
Mystic,Iowa,321
Clarence,Louisiana,321
Varnado,Louisiana,321
Finlayson,Minnesota,321
Sanborn,Minnesota,321
Silver Creek,Nebraska,321
Ruby,South Carolina,321
Warren City,Texas,321
La Crosse,Florida,320
Hartsville,Indiana,320
Irwin,Iowa,320
Casnovia,Michigan,320
Gaastra,Michigan,320
Wilmont,Minnesota,320
Artesia,Mississippi,320
Mannsville,New York,320
Glendale,Utah,320
Mason,Illinois,319
Peterson,Iowa,319
Grainfield,Kansas,319
McClusky,North Dakota,319
Wharton,Ohio,319
Sportsmen Acres,Oklahoma,319
Townville,Pennsylvania,319
Nelson,Wisconsin,319
County Line,Alabama,318
Thomaston,Alabama,318
Seatonville,Illinois,318
Gagetown,Michigan,318
Dexter,Minnesota,318
Purcell,Missouri,318
Saddlebrooke,Missouri,318
Saginaw,Missouri,318
Mountain Park,Oklahoma,318
New Galilee,Pennsylvania,318
Wallaceton,Pennsylvania,318
Stickney,South Dakota,318
Iredell,Texas,318
Hawkins,Wisconsin,318
Twin Groves,Arkansas,317
St. Peter,Illinois,317
New Point,Indiana,317
Minburn,Iowa,317
Woodburn,Kentucky,317
Medicine Lake,Minnesota,317
Vernon Center,Minnesota,317
Emery,Utah,317
De Soto,Wisconsin,317
Higgston,Georgia,316
Flat Rock,Illinois,316
Sigel,Illinois,316
Terril,Iowa,316
Clayton,Michigan,316
Montgomery,Michigan,316
McLain,Mississippi,316
Leasburg,Missouri,316
Sibley,Missouri,316
Lodgepole,Nebraska,316
Eagle Nest,New Mexico,316
Adelphi,Ohio,316
Irondale,Ohio,316
Waldo,Ohio,316
Centerport,Pennsylvania,316
Laporte,Pennsylvania,316
Chancellor,South Dakota,316
Friesland,Wisconsin,316
Caryville,Florida,315
Bronwood,Georgia,315
Greenwood,Illinois,315
Hanaford,Illinois,315
Elberta,Michigan,315
Luther,Michigan,315
Tracy,Missouri,315
Seven Devils,North Carolina,315
Waco,North Carolina,315
Freeport,Ohio,315
Fanshawe,Oklahoma,315
Fort Supply,Oklahoma,315
Mahaffey,Pennsylvania,315
Carlisle,South Carolina,315
Cumberland City,Tennessee,315
Gillsville,Georgia,314
Hiltonia,Georgia,314
Rentz,Georgia,314
New Richmond,Indiana,314
Canton,Minnesota,314
Neelyville,Missouri,314
Dutton,Montana,314
Beaverdam,Ohio,314
Ridgeway,Ohio,314
Calvin,Oklahoma,314
Eldorado,Oklahoma,314
Veblen,South Dakota,314
Centertown,Tennessee,314
Meadow Bridge,West Virginia,314
Meeteetse,Wyoming,314
Hume,Illinois,313
Mingo,Iowa,313
Hartland,Minnesota,313
Diggins,Missouri,313
Forest Hills,North Carolina,313
St. John,North Dakota,313
Bennington,Oklahoma,313
Corsica,Pennsylvania,313
Neeses,South Carolina,313
Maytown,Alabama,312
Alma,Colorado,312
New Ross,Indiana,312
Russellville,Indiana,312
Buckman,Minnesota,312
Mize,Mississippi,312
Johnson,Nebraska,312
Madison,New York,312
St. Thomas,North Dakota,312
Cumberland,Ohio,312
Lynnville,Tennessee,312
Bowler,Wisconsin,312
Portland,Arkansas,311
Bancroft,Idaho,311
Malden,Illinois,311
Mount Clare,Illinois,311
Danbury,Iowa,311
McCausland,Iowa,311
Sheldahl,Iowa,311
Gridley,Kansas,311
Fisk,Missouri,311
Brule,Nebraska,311
Cook,Nebraska,311
Reserve,New Mexico,311
Cumberland Gap,Tennessee,311
Gilbert,West Virginia,311
Baldwin,Illinois,310
Ruma,Illinois,310
Beulah,Michigan,310
St. Martin,Minnesota,310
Delanson,New York,310
Fayetteville,Ohio,310
Manns Choice,Pennsylvania,310
Tunnelhill,Pennsylvania,310
Lawn,Texas,310
Mount Calm,Texas,310
Koosharem,Utah,310
Ivor,Virginia,310
Norman,Arkansas,309
Boone,Colorado,309
Hillrose,Colorado,309
Lester,Iowa,309
Hope,Kansas,309
Vicco,Kentucky,309
Clifford,Michigan,309
Harrisburg,Ohio,309
Claremont,Virginia,309
Belleville,Arkansas,308
Biggers,Arkansas,308
Kenney,Illinois,308
Amboy,Indiana,308
Kelley,Iowa,308
West Okoboji,Iowa,308
Cyrus,Minnesota,308
Westwood,Missouri,308
Bemus Point,New York,308
Rocky Ridge,Ohio,308
Lynchburg,South Carolina,308
Iron Gate,Virginia,308
Romeo,Colorado,307
Keysville,Georgia,307
Coalton,Illinois,307
Ransom,Illinois,307
Bronson,Kansas,307
Turon,Kansas,307
St. Mary,Missouri,307
Alexander,North Dakota,307
Sawyer,North Dakota,307
Polk,Ohio,307
Saltillo,Pennsylvania,307
Laketown,Utah,307
Iron City,Georgia,306
Lee,Illinois,306
Hollandale,Minnesota,306
Blue Eye,Missouri,306
Aquilla,Ohio,306
Port Jefferson,Ohio,306
Fargo,Oklahoma,306
Endicott,Washington,306
Kellnersville,Wisconsin,306
Branch,Arkansas,305
St. Marks,Florida,305
Alma,Illinois,305
Perry,Illinois,305
Floyd,Iowa,305
Tullos,Louisiana,305
Casar,North Carolina,305
Joseph,Utah,305
Embarrass,Wisconsin,305
Oakdale,Wisconsin,305
Grubbs,Arkansas,304
Alto Pass,Illinois,304
Campbell Hill,Illinois,304
Luana,Iowa,304
Waverly,Kentucky,304
Bentonia,Mississippi,304
Uplands Park,Missouri,304
Davenport,Nebraska,304
Stratton,Nebraska,304
Waco,Nebraska,304
Green Camp,Ohio,304
Rushville,Ohio,304
Wakita,Oklahoma,304
Hop Bottom,Pennsylvania,304
Bison,South Dakota,304
Nazareth,Texas,304
Beaux Arts Village,Washington,304
Flemington,West Virginia,304
Hollandale,Wisconsin,304
Swan Valley,Idaho,303
Armington,Illinois,303
Broadlands,Illinois,303
Granville,Iowa,303
Brownsboro Village,Kentucky,303
Campton,Kentucky,303
Avant,Oklahoma,303
Hunker,Pennsylvania,303
Lowell,Wisconsin,303
Dietrich,Idaho,302
Belle Rive,Illinois,302
Easton,Illinois,302
Creekside,Kentucky,302
Deer Park,Maryland,302
Burlington,Michigan,302
Wallace,Nebraska,302
Constableville,New York,302
Midland,Ohio,302
Bellevue,Texas,302
Woodville,Georgia,301
Michiana Shores,Indiana,301
Bode,Iowa,301
Fort Atkinson,Iowa,301
Delphos,Kansas,301
Willisburg,Kentucky,301
Maynard,Minnesota,301
Unadilla,Nebraska,301
Hedgesville,West Virginia,301
Pinehurst,Georgia,300
Hackensack,Minnesota,300
Downing,Missouri,300
Mooresboro,North Carolina,300
Sandy Creek,North Carolina,300
Ney,Ohio,300
Cedar Hill,Tennessee,300
Woodland,Georgia,299
Fulton,Indiana,299
Fertile,Iowa,299
Salix,Iowa,299
Sidon,Mississippi,299
Laclede,Missouri,299
Nickerson,Nebraska,299
Cape May Point,New Jersey,299
Osgood,Ohio,299
Eau Claire,Pennsylvania,299
Boydton,Virginia,299
Mitchell Heights,West Virginia,299
Parker,Idaho,298
Fillmore,Illinois,298
Kampsville,Illinois,298
Williams,Iowa,298
Lincoln,Michigan,298
Ceylon,Minnesota,298
Murdock,Minnesota,298
Cedar Rock,North Carolina,298
Crowder,Oklahoma,298
Wellsville,Pennsylvania,298
Gordon,Alabama,297
Koyuk,Alaska,297
Fredonia,Arkansas,297
Morganton,Georgia,297
Ludlow,Illinois,297
Uniontown,Kansas,297
Bunker,Missouri,297
Lake Lafayette,Missouri,297
Scotia,Nebraska,297
Darrouzett,Texas,297
Lake View,Arkansas,296
Kendrick,Idaho,296
Maharishi Vedic City,Iowa,296
Natoma,Kansas,296
Middle River,Minnesota,296
Kingston,Missouri,296
Drummond,Montana,296
Long Pine,Nebraska,296
Prague,Nebraska,296
Bear Creek Village,Pennsylvania,296
Ellinger,Texas,296
Wallsburg,Utah,296
Alberta,Virginia,296
LaCrosse,Washington,296
Arpin,Wisconsin,296
Menifee,Arkansas,295
Prattsville,Arkansas,295
Newington,Georgia,295
Ewing,Illinois,295
Goose Creek,Kentucky,295
Hamilton,North Carolina,295
Iroquois,South Dakota,295
Coupland,Texas,295
Sterling,Utah,295
Eastville,Virginia,295
Hamilton,Washington,295
Winkelman,Arizona,294
Patterson,Arkansas,294
Olney Springs,Colorado,294
Loraine,Illinois,294
Bronson,Iowa,294
Custer,Michigan,294
Seminary,Mississippi,294
Nashua,Montana,294
North Miami,Oklahoma,294
Enon Valley,Pennsylvania,294
Covington,Texas,294
Trent,Texas,294
Kermit,West Virginia,294
Huslia,Alaska,293
Nightmute,Alaska,293
Grady,Arkansas,293
Beaverville,Illinois,293
Manlius,Illinois,293
Persia,Iowa,293
Druid Hills,Kentucky,293
Kitzmiller,Maryland,293
Hadar,Nebraska,293
Argyle,New York,293
Cove Neck,New York,293
Burbank,Ohio,293
Magnetic Springs,Ohio,293
Vernon,Utah,293
Rosemont,Maryland,292
Snow Lake Shores,Mississippi,292
Chilhowee,Missouri,292
East Lynne,Missouri,292
Hallam,Nebraska,292
Dresden,New York,292
Stoystown,Pennsylvania,292
Cashion Community,Texas,292
Northport,Washington,292
Rhine,Georgia,291
Liscomb,Iowa,291
Courtland,Kansas,291
Carytown,Missouri,291
Centertown,Missouri,291
Northmoor,Missouri,291
Randlett,Oklahoma,291
McLemoresville,Tennessee,291
Tunnelton,West Virginia,291
Talmo,Georgia,290
Dakota,Minnesota,290
Jennings,Oklahoma,290
Loganville,Wisconsin,290
Carolina,Alabama,289
Biggsville,Illinois,289
North Hodge,Louisiana,289
Beauregard,Mississippi,289
Dalton,Nebraska,289
Monroe,Nebraska,289
Mill Creek,Oklahoma,289
LeRaysville,Pennsylvania,289
McEwensville,Pennsylvania,289
Pillow,Pennsylvania,289
Coyote Flats,Texas,289
Palisades,Texas,289
Poynor,Texas,289
Portage,Utah,289
Leavenworth,Indiana,288
Sylvan Grove,Kansas,288
Spring Mill,Kentucky,288
Lake Angelus,Michigan,288
Lamont,Oklahoma,288
McConnells,South Carolina,288
Granjeno,Texas,288
Westminster,Vermont,288
McGrath,Alaska,287
Wilton,Arkansas,287
Carlton,Georgia,287
Chauncey,Georgia,287
Tetonia,Idaho,287
Atalissa,Iowa,287
Brewster,Kansas,287
Quenemo,Kansas,287
Belview,Minnesota,287
Arcola,Mississippi,287
Toccopola,Mississippi,287
Wheatland,Missouri,287
Woodstock,Ohio,287
Carbon,Texas,287
Delight,Arkansas,286
Emerson,Arkansas,286
Shady Dale,Georgia,286
Irwin,Idaho,286
Fayetteville,Illinois,286
Otis,Kansas,286
Hyden,Kentucky,286
Forest,Louisiana,286
Grand Beach,Michigan,286
Harrisburg,Missouri,286
Wardell,Missouri,286
Chambers,Nebraska,286
Lindsay,Nebraska,286
Kinta,Oklahoma,286
Cranfills Gap,Texas,286
Double Horn,Texas,286
Midwest,Wyoming,286
Dozier,Alabama,285
Bowers,Delaware,285
Magnolia,Delaware,285
Dodson,Louisiana,285
Oakley,Michigan,285
Hendrum,Minnesota,285
Meridian,New York,285
Bowbells,North Dakota,285
Daisytown,Pennsylvania,285
Kistler,Pennsylvania,285
Garland,Tennessee,285
Nichols,Wisconsin,285
Cuba,Alabama,284
Colt,Arkansas,284
Lead Hill,Arkansas,284
Meansville,Georgia,284
Kane,Illinois,284
Rock City,Illinois,284
Sherwood,Michigan,284
Wolverine,Michigan,284
Skyline,Minnesota,284
Ellicottville,New York,284
Hammond,New York,284
Berkey,Ohio,284
Eakly,Oklahoma,284
Haworth,Oklahoma,284
Kennebec,South Dakota,284
Brodnax,Virginia,284
Metaline Falls,Washington,284
Kingston,Wisconsin,284
Cecil,Georgia,283
Sibley,Illinois,283
Virgil,Illinois,283
Cincinnati,Iowa,283
Longton,Kansas,283
Betterton,Maryland,283
Omer,Michigan,283
Cainsville,Missouri,283
Everton,Missouri,283
Hume,Missouri,283
Palisade,Nebraska,283
Woodbury,Pennsylvania,283
Parker's Crossroads,Tennessee,283
Merino,Colorado,282
Bureau Junction,Illinois,282
Edwardsport,Indiana,282
Clearfield,Iowa,282
Kimballton,Iowa,282
Granada,Minnesota,282
Junction City,Missouri,282
Gackle,North Dakota,282
Creekside,Pennsylvania,282
Bristol,South Dakota,282
Burton,Texas,282
Industry,Texas,282
Taylor Landing,Texas,282
Cornish,Utah,282
Lac La Belle,Wisconsin,282
Boligee,Alabama,281
Royal,Illinois,281
Universal,Indiana,281
Eagleville,Missouri,281
Lodi,New York,281
Bald Head Island,North Carolina,281
Lore City,Ohio,281
Patrick,South Carolina,281
Langford,South Dakota,281
Roscoe,South Dakota,281
Auburntown,Tennessee,281
Kennard,Texas,281
Newsoms,Virginia,281
Kaycee,Wyoming,281
Millbrook,Illinois,280
Modale,Iowa,280
St. Charles,Kentucky,280
West Sullivan,Missouri,280
Bradshaw,Nebraska,280
Momeyer,North Carolina,280
Rennert,North Carolina,280
Marengo,Ohio,280
New Riegel,Ohio,280
Wilmot,Ohio,280
Rattan,Oklahoma,280
Wanette,Oklahoma,280
Mill Creek,Pennsylvania,280
Toms Brook,Virginia,280
Kempton,Indiana,279
Arcadia,Nebraska,279
Millport,New York,279
Port Clinton,Pennsylvania,279
City of Creede,Colorado,278
Highland Park,Florida,278
Raleigh,Illinois,278
Crawfordsville,Iowa,278
Dixie Inn,Louisiana,278
Maitland,Missouri,278
Hysham,Montana,278
Lenapah,Oklahoma,278
Taloga,Oklahoma,278
Watts,Oklahoma,278
Goodrich,Texas,278
Spangle,Washington,278
Blevins,Arkansas,277
Cash,Arkansas,277
Westside,Iowa,277
McFarland,Kansas,277
Posen,Michigan,277
Gunnison,Mississippi,277
Murdock,Nebraska,277
Franklin,New York,277
Drake,North Dakota,277
Hope,North Dakota,277
Indiahoma,Oklahoma,277
Rufus,Oregon,277
Summit,South Dakota,277
Milledgeville,Tennessee,277
West Burke,Vermont,277
Donaldson,Arkansas,276
Nebo,Illinois,276
Uniondale,Indiana,276
Wildwood,Kentucky,276
Glen Echo,Maryland,276
Dannebrog,Nebraska,276
Cleo Springs,Oklahoma,276
Terral,Oklahoma,276
Norway,South Carolina,276
North Cleveland,Texas,276
Colony,Alabama,275
Lisbon,Illinois,275
Marshall,Indiana,275
Stockport,Iowa,275
Linneus,Missouri,275
Taneyville,Missouri,275
Blue Springs,Nebraska,275
Tower City,North Dakota,275
Finger,Tennessee,275
Radisson,Wisconsin,275
Hillcrest Heights,Florida,274
Mecca,Indiana,274
Stilesville,Indiana,274
Lytton,Iowa,274
Greeley,Kansas,274
Port Hope,Michigan,274
Beaver Creek,Minnesota,274
Nerstrand,Minnesota,274
Butte,Nebraska,274
Gracemont,Oklahoma,274
Spartansburg,Pennsylvania,274
Richburg,South Carolina,274
Leamington,Utah,274
Doylestown,Wisconsin,274
Winslow,Illinois,273
Bradfordsville,Kentucky,273
Eitzen,Minnesota,273
Plummer,Minnesota,273
Rienzi,Mississippi,273
Henrietta,Missouri,273
Meadow Grove,Nebraska,273
Oaks,Oklahoma,273
Nehalem,Oregon,273
Bayside,Texas,273
Chester,Texas,273
Oak Ridge,Texas,273
Richland,Texas,273
Kaktovik,Alaska,272
Mitchellville,Arkansas,272
Little York,Illinois,272
Fowlerton,Indiana,272
Larwill,Indiana,272
Maurice,Iowa,272
Lakeview Heights,Kentucky,272
Georgetown,Louisiana,272
Vienna,Maryland,272
Mindenmines,Missouri,272
Williamsville,Missouri,272
Bruning,Nebraska,272
Hoskins,Nebraska,272
Lawrence,Nebraska,272
Arnegard,North Dakota,272
Clarington,Ohio,272
Springdale,Washington,272
Elliott,Illinois,271
Hindsboro,Illinois,271
McNabb,Illinois,271
Olmsted,Illinois,271
Libertyville,Iowa,271
Bonnieville,Kentucky,271
Norwood,Louisiana,271
Backus,Minnesota,271
Duncan,Mississippi,271
Kidder,Missouri,271
Oakdale,Nebraska,271
Pollocksville,North Carolina,271
Gladstone,North Dakota,271
Casstown,Ohio,271
Lehigh,Oklahoma,271
Dell City,Texas,271
Langston,Alabama,270
Westville,Florida,270
Climax,Georgia,270
Sasser,Georgia,270
Arrowsmith,Illinois,270
Harpers Ferry,Iowa,270
Rhodes,Iowa,270
Bowlus,Minnesota,270
Chandler,Minnesota,270
Lyon,Mississippi,270
Castalia,North Carolina,270
Ralston,Oklahoma,270
Progreso Lakes,Texas,270
Painter,Virginia,270
Lower Kalskag,Alaska,269
Rosston,Arkansas,269
White Plains,Georgia,269
Freeman Spur,Illinois,269
Bloomingdale,Indiana,269
Blakesburg,Iowa,269
Bazine,Kansas,269
Kensington,Minnesota,269
Vesta,Minnesota,269
Chunky,Mississippi,269
Old Monroe,Missouri,269
Grand View-on-Hudson,New York,269
Athalia,Ohio,269
Midway,Ohio,269
Cherry Tree,Pennsylvania,269
Franklin,Pennsylvania,269
Toone,Tennessee,269
Halbur,Iowa,268
Columbia,Louisiana,268
Walkerville,Michigan,268
Glenvil,Nebraska,268
Maywood,Nebraska,268
Reynolds,North Dakota,268
Walcott,North Dakota,268
Chesterhill,Ohio,268
Braggs,Oklahoma,268
Harpers Ferry,West Virginia,268
Pine Ridge,Alabama,267
Wheatley,Arkansas,267
New Holland,Illinois,267
Bertram,Iowa,267
Newcastle,Nebraska,267
Vaughn,New Mexico,267
Delaware,Oklahoma,267
Morgan's Point,Texas,267
Streetman,Texas,267
Ironton,Wisconsin,267
Milladore,Wisconsin,267
Goshen,Alabama,266
Perry,Arkansas,266
Compton,Illinois,266
Switz City,Indiana,266
Farmersburg,Iowa,266
Holland,Iowa,266
Rowley,Iowa,266
Gonvick,Minnesota,266
Wilton,Minnesota,266
Louin,Mississippi,266
Farley,Missouri,266
Bowersville,Ohio,266
Hochatown,Oklahoma,266
Poyen,Arkansas,265
Ovid,Colorado,265
Golf,Florida,265
Bliss,Idaho,265
Hollister,Idaho,265
Plainville,Illinois,265
Ridgeway,Iowa,265
Hall Summit,Louisiana,265
Risco,Missouri,265
Wagon Mound,New Mexico,265
Medina,North Dakota,265
Burkettsville,Ohio,265
Dellroy,Ohio,265
Hedley,Texas,265
Marshfield,Vermont,265
Bramwell,West Virginia,265
Valley Grove,West Virginia,265
Sanford,Alabama,264
Graham,Georgia,264
Bath,Illinois,264
Brocton,Illinois,264
Yale,Iowa,264
Tescott,Kansas,264
Augusta,Missouri,264
Silex,Missouri,264
Bartley,Nebraska,264
Chapman,Nebraska,264
Tarlton,Ohio,264
Channing,Texas,264
Whittier,Alaska,263
Strawberry,Arkansas,263
Macedonia,Iowa,263
Prairie Home,Missouri,263
Bainville,Montana,263
Benton Ridge,Ohio,263
Henry,South Dakota,263
White Lake,Wisconsin,263
Epes,Alabama,262
Hodges,Alabama,262
Madrid,Alabama,262
Cedar Point,Illinois,262
East Gillespie,Illinois,262
Carbon,Indiana,262
East Germantown,Indiana,262
Marble Rock,Iowa,262
Harrisonburg,Louisiana,262
De Tour Village,Michigan,262
Cobalt,Missouri,262
Richville,New York,262
Dublin,North Carolina,262
Oak City,North Carolina,262
Wardensville,West Virginia,262
Ridgeland,Wisconsin,262
Kingston Mines,Illinois,261
Sawyerville,Illinois,261
Schneider,Indiana,261
Lakota,Iowa,261
Malcom,Iowa,261
Pulaski,Iowa,261
Steamboat Rock,Iowa,261
Pope,Mississippi,261
Campbell,Nebraska,261
Clatonia,Nebraska,261
Cofield,North Carolina,261
Hobgood,North Carolina,261
Willow Lake,South Dakota,261
Fayette,Utah,261
Boones Mill,Virginia,261
Rewey,Wisconsin,261
Straughn,Indiana,260
Corwith,Iowa,260
Protivin,Iowa,260
Moscow,Kansas,260
Freeborn,Minnesota,260
Kinloch,Missouri,260
Cold Brook,New York,260
Gatesville,North Carolina,260
Stratton,Ohio,260
Keyes,Oklahoma,260
Talala,Oklahoma,260
Elco,Pennsylvania,260
Bethel,Delaware,259
East Cape Girardeau,Illinois,259
Rockport,Kentucky,259
Owendale,Michigan,259
Sebastopol,Mississippi,259
Berger,Missouri,259
Mercer,Missouri,259
Michigan City,North Dakota,259
Unionville,Pennsylvania,259
Hornsby,Tennessee,259
Hays,Texas,259
Lueders,Texas,259
Perla,Arkansas,258
Fargo,Georgia,258
Taylorsville,Georgia,258
Rockland,Idaho,258
Auburn,Iowa,258
Delta,Iowa,258
St. Hilaire,Minnesota,258
Utica,Minnesota,258
Howardville,Missouri,258
Roseland,Nebraska,258
Cameron,North Carolina,258
Abercrombie,North Dakota,258
Kelleys Island,Ohio,258
Little Mountain,South Carolina,258
Newburg,West Virginia,258
Haugen,Wisconsin,258
Industry,California,257
Kilbourne,Illinois,257
Manchester,Illinois,257
Victoria,Illinois,257
Kiron,Iowa,257
Arcadia,Kansas,257
Creola,Louisiana,257
Le Roy,Michigan,257
Tustin,Michigan,257
Martinsburg,Missouri,257
Diller,Nebraska,257
Odell,Nebraska,257
Railroad,Pennsylvania,257
Bonesteel,South Dakota,257
Torrey,Utah,257
Pocahontas,Virginia,257
Flatwoods,West Virginia,257
Ten Sleep,Wyoming,257
Waldo,Alabama,256
Donnelly,Idaho,256
Hartsburg,Illinois,256
Henderson,Illinois,256
Grinnell,Kansas,256
Berry,Kentucky,256
Chataignier,Louisiana,256
Collinston,Louisiana,256
French Camp,Mississippi,256
Clarksburg,Missouri,256
Westfir,Oregon,256
Ridgeway,South Carolina,256
Anderson,Alabama,255
Atqasuk,Alaska,255
Horseshoe Lake,Arkansas,255
Allerton,Illinois,255
Rutland,Illinois,255
Harcourt,Iowa,255
Kensett,Iowa,255
Mallard,Iowa,255
Salt Lick,Kentucky,255
Farber,Missouri,255
Deferiet,New York,255
Donnelsville,Ohio,255
Paisley,Oregon,255
Dendron,Virginia,255
Wachapreague,Virginia,255
Ambler,Alaska,254
Shungnak,Alaska,254
Lynn,Arkansas,254
Ardentown,Delaware,254
Gumbranch,Georgia,254
Dunfermline,Illinois,254
Ivesdale,Illinois,254
Gentryville,Indiana,254
Elk City,Kansas,254
Everest,Kansas,254
Princeton,Kansas,254
Ransom,Kansas,254
Lyman,Nebraska,254
Davenport,North Dakota,254
Gans,Oklahoma,254
Roosevelt,Oklahoma,254
Ackerly,Texas,254
Dungannon,Virginia,254
Cisco,Illinois,253
Fenton,Iowa,253
Arlington,Kentucky,253
Greensboro,Pennsylvania,253
Kimball,West Virginia,253
Goodnews Bay,Alaska,252
Ingalls,Kansas,252
Saline,Louisiana,252
Milroy,Minnesota,252
Rensselaer,Missouri,252
Goltry,Oklahoma,252
Milburn,Oklahoma,252
Braden,Tennessee,252
Barstow,Texas,252
Blackwell,Texas,252
The Plains,Virginia,252
Sheldon,Wisconsin,252
Addieville,Illinois,251
Goose Lake,Iowa,251
Hornick,Iowa,251
Copeland,Kansas,251
Angie,Louisiana,251
Lake Ann,Michigan,251
Breckenridge,Missouri,251
Vandemere,North Carolina,251
Clay Center,Ohio,251
Francis,Oklahoma,251
Lostine,Oregon,251
New Ringgold,Pennsylvania,251
Gifford,South Carolina,251
Coffeeville,Alabama,250
Garden City,Colorado,250
Kit Carson,Colorado,250
Garfield,Georgia,250
Oldtown,Idaho,250
Mapleton,Illinois,250
Cumberland,Iowa,250
Hanston,Kansas,250
Hayward,Minnesota,250
Kelliher,Minnesota,250
Sumner,Mississippi,250
Weston,Nebraska,250
Goldston,North Carolina,250
East Side,Pennsylvania,250
Fallston,Pennsylvania,250
Glen Campbell,Pennsylvania,250
New Albany,Pennsylvania,250
Snelling,South Carolina,250
Fayetteville,Texas,250
Almyra,Arkansas,249
Scranton,Arkansas,249
Shirley,Arkansas,249
Worley,Idaho,249
Somerville,Indiana,249
Deep River,Iowa,249
Hewitt,Minnesota,249
Maxwell,Nebraska,249
Fulton,Ohio,249
Jenera,Ohio,249
Plumville,Pennsylvania,249
Coffee City,Texas,249
Altamont,Utah,249
Durbin,West Virginia,249
Fruithurst,Alabama,248
Seldovia,Alaska,248
Lu Verne,Iowa,248
Callao,Missouri,248
Clark,Missouri,248
Milligan,Nebraska,248
Scranton,North Dakota,248
Foster,Oklahoma,248
Red Rock,Oklahoma,248
Arona,Pennsylvania,248
Hartleton,Pennsylvania,248
Thompson,Pennsylvania,248
Youngstown,Pennsylvania,248
Carmine,Texas,248
Malone,Texas,248
Briarcliff,Arkansas,247
Magnolia,Illinois,247
Martelle,Iowa,247
Georgetown,Mississippi,247
Clarksdale,Missouri,247
North Loup,Nebraska,247
Richland Springs,Texas,247
New Harmony,Utah,247
Malden,Washington,247
Dinosaur,Colorado,246
Quimby,Iowa,246
Silver City,Iowa,246
Lane,Kansas,246
Keachi,Louisiana,246
Cromwell,Minnesota,246
Lake Wilson,Minnesota,246
Cruger,Mississippi,246
Annapolis,Missouri,246
Forest City,Missouri,246
Herman,Nebraska,246
Springview,Nebraska,246
Stapleton,Nebraska,246
Parmele,North Carolina,246
Kremlin,Oklahoma,246
Salladasburg,Pennsylvania,246
Rowesville,South Carolina,246
Egan,South Dakota,246
Rives,Tennessee,246
Albright,West Virginia,246
Deer Park,Wisconsin,246
Jamestown,Colorado,245
Sugar City,Colorado,245
Albion,Idaho,245
East Hope,Idaho,245
Wingate,Indiana,245
Defiance,Iowa,245
Leland,Iowa,245
Pisgah,Iowa,245
Wahkon,Minnesota,245
Kingsville,Missouri,245
Hills and Dales,Ohio,245
Davidson,Oklahoma,245
Darlington,Pennsylvania,245
Texhoma,Texas,245
Bluff,Utah,245
Ebro,Florida,244
Crystal Lake,Iowa,244
Broeck Pointe,Kentucky,244
Frohna,Missouri,244
Medicine Lake,Montana,244
Sumner,Nebraska,244
Hoople,North Dakota,244
Leonard,North Dakota,244
Bluejacket,Oklahoma,244
Rochester,Texas,244
Spring Branch,Texas,244
Elmer City,Washington,244
Brookside,Colorado,243
Red Cliff,Colorado,243
Pitts,Georgia,243
Pease,Minnesota,243
Summerfield,Ohio,243
Imbler,Oregon,243
Boulder,Utah,243
Ellenboro,West Virginia,243
Aniwa,Wisconsin,243
Chaseburg,Wisconsin,243
Chidester,Arkansas,242
Roopville,Georgia,242
Deloit,Iowa,242
Hanley Falls,Minnesota,242
Virginia City,Montana,242
Pilger,Nebraska,242
Riverdale,Nebraska,242
Snyder,Nebraska,242
Bath,North Carolina,242
Bethany,Pennsylvania,242
Hundred,West Virginia,242
Heath,Alabama,241
Etowah,Arkansas,241
Iliff,Colorado,241
Slaughter Beach,Delaware,241
Bellmont,Illinois,241
Low Moor,Iowa,241
Riverton,Iowa,241
Warfield,Kentucky,241
Mantee,Mississippi,241
Armstrong,Missouri,241
Trenton,North Carolina,241
Catawba,Ohio,241
Jefferson,Pennsylvania,241
Little Meadows,Pennsylvania,241
Keystone,South Dakota,241
Paint Rock,Texas,241
Corunna,Indiana,240
Glenwood,Indiana,240
Lockridge,Iowa,240
Belcher,Louisiana,240
Dubberly,Louisiana,240
Lucky,Louisiana,240
Climax,Minnesota,240
Lake Lillian,Minnesota,240
Harrison,Nebraska,240
Marquette,Nebraska,240
Seagrove,North Carolina,240
Carson,North Dakota,240
Gilby,North Dakota,240
Morristown,Ohio,240
Clifton,Virginia,240
Edmondson,Arkansas,239
Woodland,Illinois,239
Harvey,Iowa,239
Kellerton,Iowa,239
Lancaster,Kansas,239
Sparta,Kentucky,239
Hollansburg,Ohio,239
Latexo,Texas,239
Teller,Alaska,238
Avalon,Georgia,238
Buckingham,Illinois,238
Bush,Illinois,238
Donovan,Illinois,238
Keswick,Iowa,238
Luxemburg,Iowa,238
Smithland,Kentucky,238
Hosston,Louisiana,238
Echo,Minnesota,238
Oslo,Minnesota,238
Cary,Mississippi,238
Amazonia,Missouri,238
Brashear,Missouri,238
Oak Ridge,Missouri,238
Glenmont,Ohio,238
Gordon,Ohio,238
Gary,South Dakota,238
Pukwana,South Dakota,238
Navarro,Texas,238
Browntown,Wisconsin,238
Glendo,Wyoming,238
Medicine Bow,Wyoming,238
Havana,Arkansas,237
Letona,Arkansas,237
McCook,Illinois,237
Riley,Indiana,237
Panama,Iowa,237
Manor Creek,Kentucky,237
Beulah,Mississippi,237
De Kalb,Missouri,237
Aneta,North Dakota,237
Cromwell,Oklahoma,237
Prompton,Pennsylvania,237
Barry,Texas,237
Hull,Georgia,236
Napoleon,Indiana,236
Vernon,Indiana,236
Cleghorn,Iowa,236
Brookville,Kansas,236
Fairview,Kansas,236
Emmett,Michigan,236
Cottonwood,Texas,236
Mingus,Texas,236
East Thermopolis,Wyoming,236
Tanana,Alaska,235
Pottawattamie Park,Indiana,235
Lake Tekakwitha,Missouri,235
Winston,Missouri,235
Fort Peck,Montana,235
Lansford,North Dakota,235
Mead,Oklahoma,235
Markleysburg,Pennsylvania,235
Ursina,Pennsylvania,235
Yorkana,Pennsylvania,235
Eutawville,South Carolina,235
Trent,South Dakota,235
Moran,Texas,235
Andersonville,Georgia,234
Bryant,Indiana,234
Dune Acres,Indiana,234
Jamestown,Kansas,234
Calvin,Louisiana,234
Skidmore,Missouri,234
Table Rock,Nebraska,234
Scott,Ohio,234
Unionville Center,Ohio,234
Bailey,Texas,234
Clinchco,Virginia,234
Black,Alabama,233
Cheraw,Colorado,233
Orchard Hill,Georgia,233
Vergennes,Illinois,233
La Motte,Iowa,233
Woodson,Texas,233
Genoa,Wisconsin,233
Gordonville,Alabama,232
Montrose,Arkansas,232
Cabery,Illinois,232
Burns,Kansas,232
Neosho Rapids,Kansas,232
Dadeville,Missouri,232
East Laurinburg,North Carolina,232
Howell,Utah,232
Richview,Illinois,231
Dexter,Kansas,231
Parker,Kansas,231
Madrid,Nebraska,231
Wolbach,Nebraska,231
Melrose,Ohio,231
Newry,Pennsylvania,231
Henrieville,Utah,231
Weyerhaeuser,Wisconsin,231
Eckley,Colorado,230
Oakford,Illinois,230
Bagley,Iowa,230
Fostoria,Iowa,230
New Providence,Iowa,230
Corinth,Kentucky,230
Athens,Louisiana,230
Excelsior Estates,Missouri,230
Neck City,Missouri,230
Dwight,Nebraska,230
Panama,Nebraska,230
Halliday,North Dakota,230
Valley Hi,Ohio,230
Mulhall,Oklahoma,230
Liberty,Pennsylvania,230
Yorkville,Tennessee,230
Cool,Texas,230
Creston,Washington,230
Iaeger,West Virginia,230
Downing,Wisconsin,230
Potter,Wisconsin,230
Repton,Alabama,229
Hickory Ridge,Arkansas,229
Ardencroft,Delaware,229
Kangley,Illinois,229
Kappa,Illinois,229
McClure,Illinois,229
Ste. Marie,Illinois,229
Ambia,Indiana,229
Crosby,Mississippi,229
Grandin,Missouri,229
Fleischmanns,New York,229
Buckland,Ohio,229
Lockbourne,Ohio,229
Paxville,South Carolina,229
Tehuacana,Texas,229
Wixon Valley,Texas,229
Renwick,Iowa,228
Geneseo,Kansas,228
Ewing,Kentucky,228
Prescott,Michigan,228
Peterson,Minnesota,228
Fidelity,Missouri,228
Mineral Point,Missouri,228
Indian Beach,North Carolina,228
Highland,Ohio,228
Malinta,Ohio,228
Soper,Oklahoma,228
Blain,Pennsylvania,228
Central Pacolet,South Carolina,228
Pickstown,South Dakota,228
Phenix,Virginia,228
Woodland,Alabama,227
Campbell Station,Arkansas,227
Carl,Georgia,227
Saratoga,Indiana,227
Blencoe,Iowa,227
Waucoma,Iowa,227
New Hampton,Missouri,227
Staplehurst,Nebraska,227
Uehling,Nebraska,227
Bolivia,North Carolina,227
Dunn Center,North Dakota,227
Hoytville,Ohio,227
Opdyke West,Texas,227
Hillsboro,West Virginia,227
Exeland,Wisconsin,227
Nulato,Alaska,226
Black Oak,Arkansas,226
Kenton,Delaware,226
Castleford,Idaho,226
Alvan,Illinois,226
Fontana,Kansas,226
Bates City,Missouri,226
Schell City,Missouri,226
Disney,Oklahoma,226
Lexington,Oregon,226
Troutville,Pennsylvania,226
New Effington,South Dakota,226
Goldsmith,Texas,226
Sandy Point,Texas,226
Wellman,Texas,226
Alta,Utah,226
Pavillion,Wyoming,226
Detroit,Alabama,225
Magness,Arkansas,225
Midland,Arkansas,225
Perrytown,Arkansas,225
Jacob City,Florida,225
Raiford,Florida,225
Harrison,Idaho,225
Cantril,Iowa,225
Applegate,Michigan,225
Ostrander,Minnesota,225
Spickard,Missouri,225
Ryegate,Montana,225
Granville,North Dakota,225
Empire,Ohio,225
Akron,Alabama,224
Steward,Illinois,224
Tennyson,Indiana,224
Ladora,Iowa,224
Elbing,Kansas,224
Pemberton,Minnesota,224
Villard,Minnesota,224
Easton,Missouri,224
Houston Lake,Missouri,224
McCord Bend,Missouri,224
Loch Arbour,New Jersey,224
Gainesville,New York,224
Taylor,North Dakota,224
Zap,North Dakota,224
New Alexandria,Ohio,224
Marshall,Oklahoma,224
Portersville,Pennsylvania,224
Parrottsville,Tennessee,224
Hebron,Texas,224
Oil Trough,Arkansas,223
Cave-In-Rock,Illinois,223
Cushing,Iowa,223
Olsburg,Kansas,223
Mentor,Kentucky,223
Gary,Minnesota,223
Linn Creek,Missouri,223
St. Thomas,Missouri,223
Wheeling,Missouri,223
Hayes Center,Nebraska,223
Maxwell,New Mexico,223
Riverdale,North Dakota,223
Old Washington,Ohio,223
Waterloo,Oregon,223
Landisburg,Pennsylvania,223
Nichols,South Carolina,223
Rockville,Utah,223
Plattville,Illinois,222
Blue Mound,Kansas,222
Schlater,Mississippi,222
Gresham,Nebraska,222
Western,Nebraska,222
North Star,Ohio,222
Potsdam,Ohio,222
Vinton,Ohio,222
Furman,South Carolina,222
Pollock,South Dakota,222
Gratiot,Wisconsin,222
Gladstone,Illinois,221
Troy Grove,Illinois,221
Dedham,Iowa,221
Marathon,Iowa,221
Dover,Kentucky,221
Fountain Run,Kentucky,221
Elrosa,Minnesota,221
Ruthton,Minnesota,221
Amsterdam,Missouri,221
Martinsburg,Ohio,221
Port William,Ohio,221
Sherrodsville,Ohio,221
Zaleski,Ohio,221
New Columbus,Pennsylvania,221
Henderson,West Virginia,221
Indianola,Illinois,220
Stonefort,Illinois,220
Chelsea,Iowa,220
Burdett,Kansas,220
Castor,Louisiana,220
Reeves,Louisiana,220
McBride,Michigan,220
Chapman,Pennsylvania,220
Union Dale,Pennsylvania,220
Hendricks,West Virginia,220
Sweet Water,Alabama,219
Larkspur,Colorado,219
Culloden,Georgia,219
Elizabethtown,Illinois,219
Ionia,Iowa,219
Laurel,Iowa,219
Allen,Michigan,219
Bigelow,Minnesota,219
Dennison,Minnesota,219
Coahoma,Mississippi,219
Emerald Beach,Missouri,219
Litchfield,Nebraska,219
Hazelton,North Dakota,219
Mount Cory,Ohio,219
West Leipsic,Ohio,219
Alderson,Oklahoma,219
Vredenburgh,Alabama,218
Oliver,Georgia,218
Cypress,Illinois,218
Lerna,Illinois,218
Standard,Illinois,218
Altona,Indiana,218
Newtown,Indiana,218
Shamrock Lakes,Indiana,218
Paton,Iowa,218
Walton,Kansas,218
Crossgate,Kentucky,218
Woodlawn,Kentucky,218
Blackburn,Missouri,218
Missouri City,Missouri,218
Utica,Missouri,218
Jacksonville,Vermont,218
Marcus,Washington,218
Rock River,Wyoming,218
White City,Illinois,217
Losantville,Indiana,217
Alta Vista,Iowa,217
Coulter,Iowa,217
Donnelly,Minnesota,217
Gilman,Minnesota,217
Northrop,Minnesota,217
Rutledge,Minnesota,217
Sobieski,Minnesota,217
Rushville,Missouri,217
Lima,Montana,217
Wynot,Nebraska,217
Anamoose,North Dakota,217
North Robinson,Ohio,217
Sugar Bush Knolls,Ohio,217
Tiro,Ohio,217
South Frydek,Texas,217
Union Center,Wisconsin,217
Fulton,Alabama,216
Yellow Bluff,Alabama,216
Maxeys,Georgia,216
Midvale,Idaho,216
Arthur,Iowa,216
Greeley,Iowa,216
Grand Cane,Louisiana,216
Chatham,Michigan,216
Dalton,Minnesota,216
Frost,Minnesota,216
Laurens,New York,216
Stonewall,North Carolina,216
Gratiot,Ohio,216
Higginsport,Ohio,216
Noma,Florida,215
Avera,Georgia,215
Maquon,Illinois,215
Alvord,Iowa,215
Currie,Minnesota,215
Storden,Minnesota,215
Mayview,Missouri,215
Eureka,North Carolina,215
Flasher,North Dakota,215
Bruce,South Dakota,215
Forsan,Texas,215
Fort Laramie,Wyoming,215
Garner,Arkansas,214
Glen Ridge,Florida,214
Brinson,Georgia,214
Bloomington,Idaho,214
Gays,Illinois,214
Rippey,Iowa,214
Delta,Louisiana,214
Michiana,Michigan,214
Blythedale,Missouri,214
Browning,Missouri,214
Stoutland,Missouri,214
Wyatt,Missouri,214
Ellisburg,New York,214
Dillsboro,North Carolina,214
Turkey,North Carolina,214
Grenora,North Dakota,214
New Athens,Ohio,214
Sylvania,Pennsylvania,214
Carl's Corner,Texas,214
Junction,Utah,214
Lyman,Utah,214
Handley,West Virginia,214
Humnoke,Arkansas,213
Ellenton,Georgia,213
Lexington,Georgia,213
Onaway,Idaho,213
Wynnedale,Indiana,213
Dwight,Kansas,213
Morrill,Kansas,213
Fenton,Louisiana,213
Turin,New York,213
Florida,Ohio,213
Millerton,Oklahoma,213
Orrstown,Pennsylvania,213
Twilight,Pennsylvania,213
Nisland,South Dakota,213
Quinwood,West Virginia,213
Edwardsville,Alabama,212
Sunny Side,Georgia,212
Center Point,Indiana,212
Clifford,Indiana,212
Grafton,Iowa,212
Meservey,Iowa,212
Buffalo,Kansas,212
Prescott,Kansas,212
Plaucheville,Louisiana,212
Bluffton,Minnesota,212
Orr,Minnesota,212
Green Castle,Missouri,212
Newtonia,Missouri,212
Denton,Montana,212
Chester,Nebraska,212
Willard,New Mexico,212
Roswell,Ohio,212
South Salem,Ohio,212
Alpena,South Dakota,212
Menominee,Illinois,211
Pine Village,Indiana,211
Spring Lake,Indiana,211
Fredonia,Iowa,211
Corning,Kansas,211
Easton,Kansas,211
Sylvia,Kansas,211
Flensburg,Minnesota,211
Thedford,Nebraska,211
Tappen,North Dakota,211
Lakeline,Ohio,211
Douglassville,Texas,211
Hambleton,West Virginia,211
Coffee Springs,Alabama,210
Carthage,Arkansas,210
Curran,Illinois,210
Milton,Illinois,210
Verona,Illinois,210
Paxico,Kansas,210
Goldsboro,Maryland,210
Millersburg,Michigan,210
Beardsley,Minnesota,210
Rocheport,Missouri,210
Roca,Nebraska,210
Watha,North Carolina,210
Bakerhill,Alabama,209
Nunam Iqua,Alaska,209
Upper Kalskag,Alaska,209
St. Francis,Arkansas,209
Vernon,California,209
Forest City,Illinois,209
Montrose,Illinois,209
Sammons Point,Illinois,209
Seaton,Illinois,209
Partridge,Kansas,209
Ida,Louisiana,209
Stanwood,Michigan,209
Bosworth,Missouri,209
Napoleon,Missouri,209
Wyaconda,Missouri,209
Winnett,Montana,209
Helena,Ohio,209
Sumpter,Oregon,209
Ashville,Pennsylvania,209
Anderson,Texas,209
Madison,Virginia,209
Mount Hope,Wisconsin,209
Horn Hill,Alabama,208
Pulaski,Georgia,208
Merom,Indiana,208
Clutier,Iowa,208
Evergreen,Louisiana,208
Pleasant Dale,Nebraska,208
Wellersburg,Pennsylvania,208
Olar,South Carolina,208
Trenton,South Carolina,208
Dickens,Texas,208
Surry,Virginia,208
Northfork,West Virginia,208
Old Harbor,Alaska,207
Shaktoolik,Alaska,207
Woolsey,Georgia,207
Owaneco,Illinois,207
Palmer,Illinois,207
Thawville,Illinois,207
Mackville,Kentucky,207
Baskin,Louisiana,207
Okabena,Minnesota,207
New Leipzig,North Dakota,207
Kipton,Ohio,207
Venango,Pennsylvania,207
Port Royal,Virginia,207
Elk Garden,West Virginia,207
Buckhead,Georgia,206
Montrose,Georgia,206
Rebecca,Georgia,206
Tallulah Falls,Georgia,206
Bardolph,Illinois,206
Buncombe,Illinois,206
Frederika,Iowa,206
Heflin,Louisiana,206
Greenwald,Minnesota,206
Lucan,Minnesota,206
Blodgett,Missouri,206
Colerain,North Carolina,206
Earl,North Carolina,206
Dupont,Ohio,206
Perry,South Carolina,206
Frederick,South Dakota,206
Denning,Arkansas,205
Peetz,Colorado,205
Bulpitt,Illinois,205
Patriot,Indiana,205
Washta,Iowa,205
Toronto,Kansas,205
Glenview Manor,Kentucky,205
Nebo,Kentucky,205
Copper City,Michigan,205
Garland,Nebraska,205
Talmage,Nebraska,205
Butler,Oklahoma,205
Tulare,South Dakota,205
Emhouse,Texas,205
Roaring Springs,Texas,205
Westbrook,Texas,205
Hallwood,Virginia,205
North Bay,Wisconsin,205
Wilson,Wisconsin,205
Harrell,Arkansas,204
Amador City,California,204
Rio,Illinois,204
Dixon,Iowa,204
Joice,Iowa,204
Wadena,Iowa,204
Belvue,Kansas,204
Ford,Kansas,204
Pierson,Michigan,204
Plaza,North Dakota,204
Wilmore,Pennsylvania,204
Monetta,South Carolina,204
Ross,Texas,204
Rockdale,Wisconsin,204
Keo,Arkansas,203
Widener,Arkansas,203
Rye,Colorado,203
Damascus,Georgia,203
Wardner,Idaho,203
Henning,Illinois,203
Linden,Iowa,203
Rickardsville,Iowa,203
Palco,Kansas,203
Daggett,Michigan,203
Garrison,Minnesota,203
Ogema,Minnesota,203
Cairo,Missouri,203
Curryville,Missouri,203
Geraldine,Montana,203
Benedict,Nebraska,203
Craig,Nebraska,203
Smyrna,New York,203
Georgetown,Pennsylvania,203
Gantt,Alabama,202
Layton,Florida,202
Santa Claus,Georgia,202
Mineral,Illinois,202
Elizabeth,Indiana,202
Stinesville,Indiana,202
Hanlontown,Iowa,202
Noble,Louisiana,202
Lewisville,Minnesota,202
Waldorf,Minnesota,202
Sturgis,Mississippi,202
Chula,Missouri,202
Edgar Springs,Missouri,202
Emma,Missouri,202
Moore,Montana,202
Jackson,Nebraska,202
Jemez Springs,New Mexico,202
Creswell,North Carolina,202
Kelford,North Carolina,202
Colfax,North Dakota,202
Fordville,North Dakota,202
Breckenridge,Oklahoma,202
Addison,Pennsylvania,202
Glenfield,Pennsylvania,202
Washingtonville,Pennsylvania,202
Wessington,South Dakota,202
Stony Creek,Virginia,202
Wilson Creek,Washington,202
Arriba,Colorado,201
Decker,Indiana,201
Rembrandt,Iowa,201
Volga,Iowa,201
Hitterdal,Minnesota,201
Cedar Hill Lakes,Missouri,201
Kirbyville,Missouri,201
Walker,Missouri,201
Bladen,Nebraska,201
Oakdale,Tennessee,201
Samburg,Tennessee,201
Bishop Hills,Texas,201
Beatrice,Alabama,200
Grayling,Alaska,200
Mekoryuk,Alaska,200
Little Creek,Delaware,200
Long Point,Illinois,200
Lenora,Kansas,200
Breedsville,Michigan,200
Lismore,Minnesota,200
Theodosia,Missouri,200
Holbrook,Nebraska,200
Chatfield,Ohio,200
Elgin,Pennsylvania,200
Washtucna,Washington,200
Aleknagik,Alaska,199
Haralson,Georgia,199
Nason,Illinois,199
South English,Iowa,199
East Hodge,Louisiana,199
Morgan City,Mississippi,199
Union,Nebraska,199
Conetoe,North Carolina,199
Belle Valley,Ohio,199
Parral,Ohio,199
Stillwater,Pennsylvania,199
La Ward,Texas,199
Patch Grove,Wisconsin,199
Franklin,Arkansas,198
Campbellton,Florida,198
Bovill,Idaho,198
Hancock,Iowa,198
Montour,Iowa,198
Ollie,Iowa,198
Agra,Kansas,198
Severy,Kansas,198
McNary,Louisiana,198
Pachuta,Mississippi,198
Koshkonong,Missouri,198
Amherst,Nebraska,198
Guide Rock,Nebraska,198
Byars,Oklahoma,198
Ehrenfeld,Pennsylvania,198
Benjamin,Texas,198
McIntosh,Alabama,197
Sidney,Arkansas,197
Nilwood,Illinois,197
Grand River,Iowa,197
Mission Woods,Kansas,197
Rexford,Kansas,197
Sanders,Kentucky,197
Houstonia,Missouri,197
Scotsdale,Missouri,197
Trumbull,Nebraska,197
Hardesty,Oklahoma,197
Cambridge,Vermont,197
Eland,Wisconsin,197
Wamsutter,Wyoming,197
Garland,Arkansas,196
O'Kean,Arkansas,196
Jewett,Illinois,196
Lake Ka-Ho,Illinois,196
Wellington,Illinois,196
Macy,Indiana,196
Jamaica,Iowa,196
Melvin,Iowa,196
Onslow,Iowa,196
Beattie,Kansas,196
Montpelier,Louisiana,196
Oakwood,Missouri,196
Elba,Nebraska,196
Marklesburg,Pennsylvania,196
Toronto,South Dakota,196
Bonney,Texas,196
Windom,Texas,196
Woodside,Delaware,195
Surrency,Georgia,195
Oakdale,Illinois,195
Omaha,Illinois,195
Bushton,Kansas,195
Whiting,Kansas,195
Marietta,Mississippi,195
Ashton,Nebraska,195
Walstonburg,North Carolina,195
Grandin,North Dakota,195
Chesterville,Ohio,195
Hanging Rock,Ohio,195
Jet,Oklahoma,195
Newton Hamilton,Pennsylvania,195
Pleasantville,Pennsylvania,195
Reevesville,South Carolina,195
Mellette,South Dakota,195
Marquez,Texas,195
St. Charles,Arkansas,194
Silver Plume,Colorado,194
Reddick,Illinois,194
Dundee,Iowa,194
Bakersfield,Missouri,194
Edinburg,North Dakota,194
Dougherty,Oklahoma,194
Stuart,Oklahoma,194
Conconully,Washington,194
Concord,Arkansas,193
Siloam,Georgia,193
Island Park,Idaho,193
Oakland,Kentucky,193
Copemish,Michigan,193
Frontier,North Dakota,193
Meno,Oklahoma,193
Stuckey,South Carolina,193
Cannonville,Utah,193
Bayard,West Virginia,193
Allentown,Georgia,192
Vermilion,Illinois,192
Lineville,Iowa,192
Oakville,Iowa,192
Stout,Iowa,192
Edgefield,Louisiana,192
Barnard,Missouri,192
Homestead,Missouri,192
Shanksville,Pennsylvania,192
Caney City,Texas,192
Nespelem,Washington,192
Ferryville,Wisconsin,192
Pyatt,Arkansas,191
Asbury,Missouri,191
Centerview,Missouri,191
Tuscumbia,Missouri,191
Ulysses,Nebraska,191
Ames,Oklahoma,191
Marble City,Oklahoma,191
New Paris,Pennsylvania,191
Medon,Tennessee,191
Valley Springs,Arkansas,190
Ophir,Colorado,190
Norwood,Georgia,190
Stites,Idaho,190
Westgate,Iowa,190
Walnut,Kansas,190
Ashland,Louisiana,190
Fisher,Louisiana,190
Queen Anne,Maryland,190
Magnolia,Minnesota,190
Lula,Mississippi,190
San Jon,New Mexico,190
Caney,Oklahoma,190
Helix,Oregon,190
Pollard,Arkansas,189
Argyle,Georgia,189
Moorhead,Iowa,189
Parnell,Iowa,189
Portsmouth,Iowa,189
Pawnee Rock,Kansas,189
Tipton,Kansas,189
Knox City,Missouri,189
Denton,Nebraska,189
Page,North Dakota,189
Sherwood,North Dakota,189
Darbyville,Ohio,189
Zanesfield,Ohio,189
Doland,South Dakota,189
Hecla,South Dakota,189
South Shore,South Dakota,189
Davy,West Virginia,189
Denton,Georgia,188
Kingsbury,Indiana,188
Little York,Indiana,188
Magnolia,Iowa,188
Birmingham,Missouri,188
Marquand,Missouri,188
Sedgewickville,Missouri,188
Buffalo,North Dakota,188
Golden Valley,North Dakota,188
Detroit,Oregon,188
Mount Gretna,Pennsylvania,188
Belk,Alabama,187
Lexa,Arkansas,187
Tollette,Arkansas,187
Monterey,Indiana,187
Olds,Iowa,187
Garden,Michigan,187
Golden,Mississippi,187
Malta Bend,Missouri,187
Gurley,Nebraska,187
Lynch,Nebraska,187
Minnewaukan,North Dakota,187
Rogers,Ohio,187
Nash,Oklahoma,187
Pocasset,Oklahoma,187
Elkton,Oregon,187
Hopewell,Pennsylvania,187
Jackson Center,Pennsylvania,187
Mission Hill,South Dakota,187
Penelope,Texas,187
Ravenna,Texas,187
St. Charles,Idaho,186
Thebes,Illinois,186
Hazleton,Indiana,186
Slaughters,Kentucky,186
Mokane,Missouri,186
Froid,Montana,186
Carroll,Nebraska,186
Holstein,Nebraska,186
Danbury,North Carolina,186
Munich,North Dakota,186
Clarksville,Pennsylvania,186
Enville,Tennessee,186
Midway,Texas,186
Pecan Gap,Texas,186
Beaverton,Alabama,185
Nauvoo,Alabama,185
Oden,Arkansas,185
Leipsic,Delaware,185
Aldora,Georgia,185
Smithfield,Illinois,185
Mullinville,Kansas,185
Kingston,Minnesota,185
Fountain N' Lakes,Missouri,185
Oakwood Park,Missouri,185
Vanduser,Missouri,185
Pickrell,Nebraska,185
Roy,New Mexico,185
Fitzhugh,Oklahoma,185
Barkeyville,Pennsylvania,185
Burnside,Pennsylvania,185
New Lebanon,Pennsylvania,185
Annona,Texas,185
Staples,Texas,185
Womelsdorf,West Virginia,185
Dell,Arkansas,184
Oconee,Georgia,184
Kinderhook,Illinois,184
Parkersburg,Illinois,184
Meire Grove,Minnesota,184
Minnesota City,Minnesota,184
Warba,Minnesota,184
Bellerive Acres,Missouri,184
Hobson,Montana,184
Marland,Oklahoma,184
Fairview,Pennsylvania,184
Waterloo,Alabama,183
Russell,Arkansas,183
Prescott,Iowa,183
Smithland,Iowa,183
Morganville,Kansas,183
Reading,Kansas,183
Selden,Kansas,183
Rodessa,Louisiana,183
Nelson,Minnesota,183
South Haven,Minnesota,183
Freistatt,Missouri,183
Hurley,Missouri,183
Avoca,Nebraska,183
Dix,Nebraska,183
Howard City,Nebraska,183
Des Lacs,North Dakota,183
Nashville,Ohio,183
Longdale,Oklahoma,183
Utica,Pennsylvania,183
Lowrys,South Carolina,183
Bradshaw,West Virginia,183
Ogdensburg,Wisconsin,183
Girard,Georgia,182
Rake,Iowa,182
Lebanon,Kansas,182
Thornhill,Kentucky,182
Bienville,Louisiana,182
Fountain,Michigan,182
Minden City,Michigan,182
Mendota,Minnesota,182
Glenwood,Missouri,182
High Hill,Missouri,182
Severn,North Carolina,182
Broaddus,Texas,182
Superior,Wyoming,182
Bethune,Colorado,181
Alsey,Illinois,181
Radom,Illinois,181
Shumway,Illinois,181
Randolph,Iowa,181
Woden,Iowa,181
Hamilton,Kansas,181
Maryhill Estates,Kentucky,181
Barclay,Maryland,181
Callaway,Minnesota,181
Hardwick,Minnesota,181
Tenstrike,Minnesota,181
Braxton,Mississippi,181
Holland,Missouri,181
Lewisville,Ohio,181
Bessie,Oklahoma,181
Roslyn,South Dakota,181
Thompsons,Texas,181
Mount Sterling,Wisconsin,181
Caledonia,Illinois,180
Du Bois,Illinois,180
Ellsworth,Illinois,180
Packwood,Iowa,180
Soldier,Iowa,180
Winona,Kansas,180
Bassfield,Mississippi,180
Palestine,Ohio,180
Freedom,Oklahoma,180
Benson,Pennsylvania,180
Dudley,Pennsylvania,180
Paint Rock,Alabama,179
Bartow,Georgia,179
Broughton,Illinois,179
Modesto,Illinois,179
Waggoner,Illinois,179
Jonesville,Indiana,179
Davis City,Iowa,179
Elberon,Iowa,179
Van Wert,Iowa,179
Meta,Missouri,179
Powellsville,North Carolina,179
Big Cabin,Oklahoma,179
Camargo,Oklahoma,179
Jolly,Texas,179
Megargel,Texas,179
Ulm,Arkansas,178
Barnum,Iowa,178
Decatur,Iowa,178
Harveyville,Kansas,178
Mockingbird Valley,Kentucky,178
Easton,Minnesota,178
Anniston,Missouri,178
Blackwater,Missouri,178
Sheyenne,North Dakota,178
Burgoon,Ohio,178
Custar,Ohio,178
Carter,Oklahoma,178
Osage,Oklahoma,178
Foxburg,Pennsylvania,178
Lenhartsville,Pennsylvania,178
Slayden,Tennessee,178
Woodloch,Texas,178
Albany,Vermont,178
White Mountain,Alaska,177
Alston,Georgia,177
Crouch,Idaho,177
Bone Gap,Illinois,177
Spillertown,Illinois,177
Williamson,Illinois,177
Oakland Acres,Iowa,177
Thor,Iowa,177
Allen,Kentucky,177
Prestonville,Kentucky,177
Carney,Michigan,177
Lohman,Missouri,177
Askewville,North Carolina,177
Garvin,Oklahoma,177
Eastvale,Pennsylvania,177
West Sunbury,Pennsylvania,177
Bynum,Texas,177
Hartline,Washington,177
Daviston,Alabama,176
Kansas,Alabama,176
Seibert,Colorado,176
Malta,Idaho,176
Moore,Idaho,176
Kempton,Illinois,176
Blairsburg,Iowa,176
Kamrar,Iowa,176
Sherrill,Iowa,176
LaFayette,Kentucky,176
Worthville,Kentucky,176
Bellechester,Minnesota,176
Holland,Minnesota,176
Shelly,Minnesota,176
Fillmore,Missouri,176
Farnam,Nebraska,176
Wimbledon,North Dakota,176
Ludlow Falls,Ohio,176
Roseville,Pennsylvania,176
Onycha,Alabama,175
Colp,Illinois,175
Cannelburg,Indiana,175
Poneto,Indiana,175
Patterson,Iowa,175
Robinson,Kansas,175
Grygla,Minnesota,175
Camden,Missouri,175
Gilliam,Missouri,175
Creston,Nebraska,175
Funk,Nebraska,175
Goehner,Nebraska,175
Manley,Nebraska,175
Pittsburg,Oklahoma,175
Cusick,Washington,175
Sand Fork,West Virginia,175
Worthington,West Virginia,175
Gaylesville,Alabama,174
Kobuk,Alaska,174
Wabbaseka,Arkansas,174
Horseshoe Beach,Florida,174
Hooppole,Illinois,174
Garden Grove,Iowa,174
Lucas,Iowa,174
Kettle River,Minnesota,174
Watson,Minnesota,174
Winger,Minnesota,174
Winifred,Montana,174
Roxobel,North Carolina,174
Arcadia,Oklahoma,174
Wentworth,South Dakota,174
Goodlow,Texas,174
Latah,Washington,174
Anderson,Alaska,173
Fisher,Arkansas,173
Gilmore,Arkansas,173
Boxholm,Iowa,173
Marydel,Maryland,173
Big Falls,Minnesota,173
Pace,Mississippi,173
Cowgill,Missouri,173
Lamar Heights,Missouri,173
Douglas,Nebraska,173
Nehawka,Nebraska,173
Mooreton,North Dakota,173
Harrisville,Ohio,173
Zoar,Ohio,173
Centerville,Pennsylvania,173
Petrolia,Pennsylvania,173
Starrucca,Pennsylvania,173
Peever,South Dakota,173
Woodruff,Utah,173
Coin,Iowa,172
Stockton,Iowa,172
Tyro,Kansas,172
Bremen,Kentucky,172
Lake Bronson,Minnesota,172
Silver Creek,Mississippi,172
Stotts City,Missouri,172
Taft,Oklahoma,172
Warwick,Oklahoma,172
Starr,South Carolina,172
Monterey,Virginia,172
Marquette,Wisconsin,172
Allakaket,Alaska,171
Greenway,Arkansas,171
West Point,Arkansas,171
Peck,Idaho,171
Mill Shoals,Illinois,171
Rockbridge,Illinois,171
Mellott,Indiana,171
Bison,Kansas,171
Rantoul,Kansas,171
Altamont,Missouri,171
Conception Junction,Missouri,171
Autryville,North Carolina,171
Castle,Oklahoma,171
Long Creek,Oregon,171
Chugwater,Wyoming,171
Deering,Alaska,170
Holy Cross,Alaska,170
Parkdale,Arkansas,170
Harvel,Illinois,170
Dunreith,Indiana,170
Drakesville,Iowa,170
Little Sioux,Iowa,170
Emmett,Kansas,170
Ekron,Kentucky,170
Delavan,Minnesota,170
Dent,Minnesota,170
Kennedy,Minnesota,170
Middletown,Missouri,170
Hubbard,Nebraska,170
Amesville,Ohio,170
Orangeville,Ohio,170
Manitou,Oklahoma,170
Richland,Oregon,170
Weinert,Texas,170
Hanksville,Utah,170
Saxis,Virginia,170
Sunset,Arkansas,169
Watson,Arkansas,169
Keensburg,Illinois,169
Kell,Illinois,169
College Springs,Iowa,169
Lambs Grove,Iowa,169
Schoenchen,Kansas,169
Forada,Minnesota,169
Wright,Minnesota,169
Plevna,Montana,169
Mount Eaton,Ohio,169
Aline,Oklahoma,169
Gotebo,Oklahoma,169
Falling Spring,West Virginia,169
Deaver,Wyoming,169
Moro,Arkansas,168
Scotland,Georgia,168
Arlington,Illinois,168
Royal Lakes,Illinois,168
Willow Hill,Illinois,168
Ensign,Kansas,168
Felton,Minnesota,168
Louise,Mississippi,168
Gasconade,Missouri,168
Stella,Missouri,168
Dunbar,Nebraska,168
San Ysidro,New Mexico,168
Ocean Beach,New York,168
Ukiah,Oregon,168
Bon Air,Alabama,167
Union,Alabama,167
Sedgwick,Colorado,167
Rocky Ford,Georgia,167
Gorham,Illinois,167
Norris,Illinois,167
Moorland,Iowa,167
St. Lucas,Iowa,167
Fulton,Kansas,167
Lincolnville,Kansas,167
Lisbon,Louisiana,167
Elizabeth,Minnesota,167
Preston,Missouri,167
Bee,Nebraska,167
Cody,Nebraska,167
Lewellen,Nebraska,167
Cloverdale,Ohio,167
Karns City,Pennsylvania,167
Metaline,Washington,167
Cairo,West Virginia,167
Golovin,Alaska,166
Ratcliff,Arkansas,166
Register,Georgia,166
Fieldon,Illinois,166
New Minden,Illinois,166
Spurgeon,Indiana,166
Aurora,Iowa,166
Palisade,Minnesota,166
Galt,Missouri,166
Jerico Springs,Missouri,166
Phillipsburg,Missouri,166
Otoe,Nebraska,166
Page,Nebraska,166
Fort Yates,North Dakota,166
Regent,North Dakota,166
Gilboa,Ohio,166
Cimarron City,Oklahoma,166
Etowah,Oklahoma,166
Silverstreet,South Carolina,166
Leona,Texas,166
Clawson,Utah,166
Port Lions,Alaska,165
Banner,Illinois,165
Bryant,Illinois,165
Chesterfield,Illinois,165
Sims,Illinois,165
Crane,Indiana,165
Atlanta,Kansas,165
Offerle,Kansas,165
Livingston,Kentucky,165
Sycamore,Kentucky,165
Wendell,Minnesota,165
Winton,Minnesota,165
Westby,Montana,165
Burke,New York,165
Love Valley,North Carolina,165
Litchville,North Dakota,165
West Rushville,Ohio,165
Kranzburg,South Dakota,165
Gainesville,Alabama,164
Riverview,Alabama,164
Baylis,Illinois,164
Butler,Illinois,164
Luray,Kansas,164
Iona,Minnesota,164
Steen,Minnesota,164
Waltham,Minnesota,164
Barnett,Missouri,164
Centerville,Missouri,164
Mendon,Missouri,164
Redings Mill,Missouri,164
Richey,Montana,164
Glenford,Ohio,164
Braman,Oklahoma,164
Seneca,Oregon,164
Hosmer,South Dakota,164
Lakeview,Alabama,163
Batchtown,Illinois,163
De Witt,Illinois,163
Alexander,Iowa,163
Haverhill,Iowa,163
Lidderdale,Iowa,163
Mount Auburn,Iowa,163
Thurman,Iowa,163
Barnes,Kansas,163
Booneville,Kentucky,163
Porter,Minnesota,163
Silver City,Mississippi,163
Bogard,Missouri,163
Boardman,North Carolina,163
Pantego,North Carolina,163
Binford,North Dakota,163
Latty,Ohio,163
Boynton,Oklahoma,163
Hodges,South Carolina,163
Ramona,South Dakota,163
St. Lawrence,South Dakota,163
Hustler,Wisconsin,163
Loachapoka,Alabama,162
Providence,Alabama,162
Wales,Alaska,162
Fernan Lake Village,Idaho,162
Old Mill Creek,Illinois,162
Cadiz,Indiana,162
Meriden,Iowa,162
Allen,Kansas,162
Brookeville,Maryland,162
Kossuth,Mississippi,162
Bronaugh,Missouri,162
Sanborn,North Dakota,162
Haviland,Ohio,162
Moore Station,Texas,162
Tillar,Arkansas,161
North Henderson,Illinois,161
Shambaugh,Iowa,161
Hardtner,Kansas,161
Bonita,Louisiana,161
Bolckow,Missouri,161
Kevin,Montana,161
Saco,Montana,161
Halifax,North Carolina,161
Kettlersville,Ohio,161
West Elkton,Ohio,161
Grass Valley,Oregon,161
Mobile City,Texas,161
Fifty-Six,Arkansas,160
Danville,Georgia,160
Claremont,Illinois,160
Coleta,Illinois,160
Modoc,Indiana,160
Newberry,Indiana,160
Bern,Kansas,160
Lehigh,Kansas,160
Smolan,Kansas,160
Woodbine,Kansas,160
Cambridge,Kentucky,160
Henderson,Maryland,160
Rutland,North Dakota,160
Rochester,Ohio,160
Monroe,South Dakota,160
Snowville,Utah,160
Albin,Wyoming,160
Friendship,Arkansas,159
Sedgwick,Arkansas,159
Crowley,Colorado,159
Anchor,Illinois,159
Cleveland,Illinois,159
Beaman,Iowa,159
Campbell,Minnesota,159
Syracuse,Missouri,159
Galway,New York,159
Harrells,North Carolina,159
Petersburg,North Dakota,159
Martha,Oklahoma,159
Slick,Oklahoma,159
Letcher,South Dakota,159
Goree,Texas,159
Gillham,Arkansas,158
Pineville,Arkansas,158
Daisy,Georgia,158
Kite,Georgia,158
Mitchell,Georgia,158
Calhoun,Illinois,158
Huey,Illinois,158
St. Johns,Illinois,158
Exline,Iowa,158
Pilot Mound,Iowa,158
Norcatur,Kansas,158
Grasston,Minnesota,158
Longville,Minnesota,158
Ithaca,Nebraska,158
Verdon,Nebraska,158
Mitchellville,Tennessee,158
Interlaken,Utah,158
Nelsonville,Wisconsin,158
Kaltag,Alaska,157
Rayle,Georgia,157
Dana,Illinois,157
La Fayette,Illinois,157
Hastings,Iowa,157
Hillsboro,Iowa,157
Kirkville,Iowa,157
Rose Hill,Iowa,157
Harrietta,Michigan,157
Diehlstadt,Missouri,157
Mill Spring,Missouri,157
Lockington,Ohio,157
Moscow,Ohio,157
Rossburg,Ohio,157
Gene Autry,Oklahoma,157
Kenefic,Oklahoma,157
Volin,South Dakota,157
Brian Head,Utah,157
Fairfield,Utah,157
Index,Washington,157
Huttonsville,West Virginia,157
Keystone,West Virginia,157
Elderon,Wisconsin,157
Buckner,Arkansas,156
Caulksville,Arkansas,156
Griffithville,Arkansas,156
Reasnor,Iowa,156
Wallingford,Iowa,156
Geuda Springs,Kansas,156
Randolph,Kansas,156
Quitman,Louisiana,156
Zumbro Falls,Minnesota,156
Laredo,Missouri,156
Shubert,Nebraska,156
Stamford,Nebraska,156
Elida,New Mexico,156
Godwin,North Carolina,156
Rhame,North Dakota,156
Butlerville,Ohio,156
Harpster,Ohio,156
Mifflin,Ohio,156
Le Flore,Oklahoma,156
Liberty,Oklahoma,156
Tamaha,Oklahoma,156
Idanha,Oregon,156
Scotia,South Carolina,156
Columbia,South Dakota,156
Browndell,Texas,156
Mertens,Texas,156
Skykomish,Washington,156
Banks,Alabama,155
Gravity,Iowa,155
Prairieburg,Iowa,155
Muscotah,Kansas,155
Raywick,Kentucky,155
Kilkenny,Minnesota,155
Williams,Minnesota,155
Parkdale,Missouri,155
Medora,North Dakota,155
Adrian,Oregon,155
Woodford,South Carolina,155
Tabiona,Utah,155
Lime Ridge,Wisconsin,155
Geiger,Alabama,154
Adak,Alaska,154
Linn Grove,Iowa,154
Maysville,Iowa,154
Randall,Iowa,154
Northome,Minnesota,154
Lena,Mississippi,154
Pittsboro,Mississippi,154
Hurdland,Missouri,154
Brunswick,Nebraska,154
Raymond,Nebraska,154
Milton,North Carolina,154
Cassandra,Pennsylvania,154
Shippingport,Pennsylvania,154
Waterloo,South Carolina,154
Sylvester,West Virginia,154
Edgerton,Wyoming,154
Genoa,Colorado,153
Grover,Colorado,153
New Burnside,Illinois,153
Circleville,Kansas,153
Roosevelt,Minnesota,153
Halfway,Missouri,153
New Cambria,Missouri,153
Venango,Nebraska,153
Wren,Ohio,153
Woodlawn Park,Oklahoma,153
Delmont,South Dakota,153
Dimock,South Dakota,153
Rondo,Arkansas,152
Henlopen Acres,Delaware,152
Concord,Illinois,152
Cooksville,Illinois,152
Delia,Kansas,152
Melvin,Michigan,152
Coffey,Missouri,152
Daykin,Nebraska,152
Rosalie,Nebraska,152
Eagles Mere,Pennsylvania,152
Geddes,South Dakota,152
Glenwood,Alabama,151
Jersey,Georgia,151
Barnes City,Iowa,151
Bogue,Kansas,151
Iuka,Kansas,151
Bena,Minnesota,151
Conger,Minnesota,151
Clearmont,Missouri,151
Hughesville,Missouri,151
Christine,North Dakota,151
Put-in-Bay,Ohio,151
Sarahsville,Ohio,151
Anawalt,West Virginia,151
Waverly,Alabama,150
Newhalen,Alaska,150
Smithboro,Illinois,150
Leighton,Iowa,150
Kanorado,Kansas,150
Free Soil,Michigan,150
Millville,Minnesota,150
Canalou,Missouri,150
Renick,Missouri,150
Hyannis,Nebraska,150
Montezuma,Ohio,150
Spaulding,Oklahoma,150
Cusseta,Alabama,149
Chester,Arkansas,149
Donnellson,Illinois,149
Muncie,Illinois,149
Atlanta,Louisiana,149
Pioneer,Louisiana,149
Burkittsville,Maryland,149
Clements,Minnesota,149
Kinney,Minnesota,149
Nelson,Missouri,149
Mason City,Nebraska,149
Everetts,North Carolina,149
Willow City,North Dakota,149
Buffalo Gap,South Dakota,149
Goodwin,South Dakota,149
Elk Mountain,Wyoming,149
Houston,Arkansas,148
Jacksonport,Arkansas,148
Maeystown,Illinois,148
Boston,Indiana,148
Millhousen,Indiana,148
Salamonia,Indiana,148
Grenola,Kansas,148
West Mineral,Kansas,148
Mesic,North Carolina,148
Streeter,North Dakota,148
Adona,Arkansas,147
Viola,Delaware,147
Cedar Grove,Indiana,147
Dickens,Iowa,147
West Chester,Iowa,147
Miami,Missouri,147
Kensal,North Dakota,147
Reedy,West Virginia,147
Louann,Arkansas,146
Mount Vernon,Arkansas,146
Willisville,Arkansas,146
Eldred,Illinois,146
New Grand Chain,Illinois,146
Louisville,Kansas,146
Graham,Missouri,146
Crossnore,North Carolina,146
Indianola,Oklahoma,146
Bear Lake,Pennsylvania,146
Sheakleyville,Pennsylvania,146
Sellers,South Carolina,146
Dutch John,Utah,146
Frannie,Wyoming,146
Elk River,Idaho,145
Elvaston,Illinois,145
Economy,Indiana,145
Bridgewater,Iowa,145
Luther,Iowa,145
McClelland,Iowa,145
Rock Falls,Iowa,145
Springbrook,Iowa,145
Garfield,Kansas,145
Mapleview,Minnesota,145
Argyle,Missouri,145
Pickering,Missouri,145
Melstone,Montana,145
Dawson,Nebraska,145
Stella,Nebraska,145
Makoti,North Dakota,145
Hemlock,Ohio,145
Canadian,Oklahoma,145
Kline,South Carolina,145
Isabel,South Dakota,145
Pamplin City,Virginia,145
Knobel,Arkansas,144
Coatsburg,Illinois,144
Lima,Illinois,144
Harris,Iowa,144
Denison,Kansas,144
McCracken,Kansas,144
Fairview,Kentucky,144
Barnesville,Maryland,144
Rulo,Nebraska,144
Stone Creek,Ohio,144
Callensburg,Pennsylvania,144
Gu-Win,Alabama,143
Orrville,Alabama,143
Talladega Springs,Alabama,143
Berlin,Illinois,143
Campus,Illinois,143
Pulaski,Illinois,143
Lone Rock,Iowa,143
Dorrance,Kansas,143
St. Mary,Kentucky,143
Shongaloo,Louisiana,143
Bellingham,Minnesota,143
Burlington,Pennsylvania,143
Laurel Mountain,Pennsylvania,143
Ferdinand,Idaho,142
Hettick,Illinois,142
Griffin,Indiana,142
Hills and Dales,Kentucky,142
Shevlin,Minnesota,142
Brownville,Nebraska,142
Plainfield,Ohio,142
Adamsburg,Pennsylvania,142
Kennan,Wisconsin,142
Vernonburg,Georgia,141
Calumet,Iowa,141
Panorama Park,Iowa,141
Woodburn,Iowa,141
Galesburg,Kansas,141
Sharon,Kansas,141
Laporte,Minnesota,141
Sheridan,Missouri,141
Rarden,Ohio,141
Timblin,Pennsylvania,141
Elko,South Carolina,141
Springlake,Texas,141
Keller,Virginia,141
Alicia,Arkansas,140
Cloud Lake,Florida,140
Goodell,Iowa,140
Henderson,Iowa,140
Woolstock,Iowa,140
Netawaka,Kansas,140
Twining,Michigan,140
Blomkest,Minnesota,140
Boyd,Minnesota,140
Purdin,Missouri,140
Rockville,Missouri,140
Oconto,Nebraska,140
Chimney Rock Village,North Carolina,140
Cecil,Ohio,140
Hunter,Oklahoma,140
Sycamore,South Carolina,140
Conde,South Dakota,140
Crestone,Colorado,139
Braddyville,Iowa,139
Bristow,Iowa,139
Castalia,Iowa,139
Delaware,Iowa,139
Swaledale,Iowa,139
Webb,Iowa,139
Wilsey,Kansas,139
Germantown,Kentucky,139
Lincolnshire,Kentucky,139
South Carrollton,Kentucky,139
Glendora,Mississippi,139
Winstonville,Mississippi,139
Rhineland,Missouri,139
Lavina,Montana,139
Alexandria,Nebraska,139
Haigler,Nebraska,139
Bowdon,North Dakota,139
Chest Springs,Pennsylvania,139
Troutdale,Virginia,139
Montrose,West Virginia,139
Fenwood,Wisconsin,139
Broadwell,Illinois,138
Cantrall,Illinois,138
Oconee,Illinois,138
West Point,Illinois,138
Crandall,Indiana,138
Springport,Indiana,138
Weldon,Iowa,138
Cuba,Kansas,138
Bingham Lake,Minnesota,138
Coates,Minnesota,138
Eden,Mississippi,138
Broadview,Montana,138
Republican City,Nebraska,138
Ames,New York,138
Linden,North Carolina,138
Carpio,North Dakota,138
Edmore,North Dakota,138
Orlando,Oklahoma,138
Jordan Valley,Oregon,138
Spray,Oregon,138
Shirleysburg,Pennsylvania,138
Rockville,South Carolina,138
Hatch,Utah,138
Capron,Virginia,138
Kahlotus,Washington,138
Catawba,Wisconsin,138
Eldridge,Alabama,137
Toxey,Alabama,137
Junction City,Georgia,137
Brayton,Iowa,137
Millersburg,Iowa,137
Columbus,Kentucky,137
Hartsburg,Missouri,137
Taylor,Nebraska,137
Cerro Gordo,North Carolina,137
Adamsville,Ohio,137
Barlow,Oregon,137
Mitchell,Oregon,137
Alba,Pennsylvania,137
Rainsburg,Pennsylvania,137
Spencer,South Dakota,137
Kingsbury,Texas,137
Kingston,Utah,137
Starbuck,Washington,137
Rhodell,West Virginia,137
Ben Lomond,Arkansas,136
Acequia,Idaho,136
Browns,Illinois,136
Clare,Iowa,136
Houghton,Iowa,136
Palmer,Iowa,136
Burr Oak,Kansas,136
Neosho Falls,Kansas,136
Rush Center,Kansas,136
West,Mississippi,136
Louisburg,Missouri,136
Tina,Missouri,136
Lignite,North Dakota,136
Clifton,Ohio,136
Venedocia,Ohio,136
Landingville,Pennsylvania,136
Northville,South Dakota,136
Cleveland,Virginia,136
Winchester,Arkansas,135
Dover,Illinois,135
Littleton,Illinois,135
Metcalf,Illinois,135
Redmon,Illinois,135
Geneva,Iowa,135
Tingley,Iowa,135
Meadowlands,Minnesota,135
Haywood City,Missouri,135
Kimmswick,Missouri,135
Leslie,Missouri,135
Farwell,Nebraska,135
Hordville,Nebraska,135
Bloomingdale,Ohio,135
Pleasant Plain,Ohio,135
Grayson,Oklahoma,135
Woodcock,Pennsylvania,135
Pawleys Island,South Carolina,135
Artesian,South Dakota,135
Farmington,Washington,135
Ruby,Alaska,134
Burdette,Arkansas,134
Westphalia,Iowa,134
Beverly,Kansas,134
Long Island,Kansas,134
Lorraine,Kansas,134
Heidelberg,Minnesota,134
Amoret,Missouri,134
Gravois Mills,Missouri,134
Hunnewell,Missouri,134
Kingdom City,Missouri,134
La Russell,Missouri,134
Sprague,Nebraska,134
Noonan,North Dakota,134
Milton Center,Ohio,134
Reydon,Oklahoma,134
Cassville,Pennsylvania,134
New Baltimore,Pennsylvania,134
Badger,South Dakota,134
Lynxville,Wisconsin,134
Chester,Iowa,133
Clemons,Iowa,133
New Liberty,Iowa,133
Hillsboro,Maryland,133
Caledonia,Missouri,133
Parnell,Missouri,133
Fordyce,Nebraska,133
Bearden,Oklahoma,133
Cordova,South Carolina,133
Mount Croghan,South Carolina,133
Cavour,South Dakota,133
Newbern,Alabama,132
Marble,Colorado,132
Nunez,Georgia,132
Sauget,Illinois,132
Admire,Kansas,132
Chickamaw Beach,Minnesota,132
Elkton,Minnesota,132
Taunton,Minnesota,132
Twin Lakes,Minnesota,132
Collins,Missouri,132
Congress,Ohio,132
Wilson,Ohio,132
Dayville,Oregon,132
Astoria,South Dakota,132
Old Bennington,Vermont,132
Yoder,Wyoming,132
Papineau,Illinois,131
Kirwin,Kansas,131
Erhard,Minnesota,131
Hammond,Minnesota,131
Miesville,Minnesota,131
Stark City,Missouri,131
Washington,Nebraska,131
Columbus,North Dakota,131
Tolna,North Dakota,131
Wing,North Dakota,131
Mullin,Texas,131
Sanford,Texas,131
Oakvale,West Virginia,131
Pullman,West Virginia,131
Pine Apple,Alabama,130
Anthonyville,Arkansas,130
McDougal,Arkansas,130
Rudy,Arkansas,130
Allenville,Illinois,130
Westphalia,Kansas,130
Fairfield,Kentucky,130
Brook Park,Minnesota,130
Hingham,Montana,130
Upham,North Dakota,130
Fairmont,Oklahoma,130
Kemp,Oklahoma,130
Oswayo,Pennsylvania,130
Pomaria,South Carolina,130
Frankfort,South Dakota,130
Adrian,Texas,130
Todd Mission,Texas,130
Pax,West Virginia,130
St. Joe,Arkansas,129
Iroquois,Illinois,129
West Brooklyn,Illinois,129
Ayrshire,Iowa,129
Brunsville,Iowa,129
Monmouth,Iowa,129
Denton,Kansas,129
Eros,Louisiana,129
Stanley,Louisiana,129
Roscoe,Minnesota,129
Des Arc,Missouri,129
Henry,Nebraska,129
Miller City,Ohio,129
West Millgrove,Ohio,129
St. Louis,Oklahoma,129
Hookstown,Pennsylvania,129
Leon,West Virginia,129
Omaha,Arkansas,128
Black Hawk,Colorado,128
Camak,Georgia,128
Du Pont,Georgia,128
Jakin,Georgia,128
Lilly,Georgia,128
Standard City,Illinois,128
Sidney,Indiana,128
Clontarf,Minnesota,128
Elba,Minnesota,128
Big Creek,Mississippi,128
Sallis,Mississippi,128
Bethel,Missouri,128
Brandsville,Missouri,128
Corona,New Mexico,128
Lansing,North Carolina,128
Pick City,North Dakota,128
Peoria,Oklahoma,128
Sharon,Oklahoma,128
Coaldale,Pennsylvania,128
Livingston,South Carolina,128
Brandonville,West Virginia,128
Casa,Arkansas,127
Cokedale,Colorado,127
Mackey,Indiana,127
Franklin,Iowa,127
Hamilton,Iowa,127
Searsboro,Iowa,127
Superior,Iowa,127
Welton,Iowa,127
Fall River,Kansas,127
Dunnell,Minnesota,127
Oaks,Missouri,127
Miller,Nebraska,127
Kittrell,North Carolina,127
Gardner,North Dakota,127
Leesville,Ohio,127
Mutual,Ohio,127
Parksville,South Carolina,127
Carthage,South Dakota,127
Reliance,South Dakota,127
North Johns,Alabama,126
Ogden,Arkansas,126
Ward,Colorado,126
Bouton,Iowa,126
Albert,Kansas,126
Havensville,Kansas,126
Smithfield,Kentucky,126
Dodson,Montana,126
Rocky,Oklahoma,126
Oelrichs,South Dakota,126
Scottsburg,Virginia,126
Pollard,Alabama,125
Coffman Cove,Alaska,125
Crook,Colorado,125
Dorchester,Illinois,125
Venedy,Illinois,125
Greensboro,Indiana,125
Mount Auburn,Indiana,125
Blockton,Iowa,125
Havelock,Iowa,125
Williamson,Iowa,125
Harding,Minnesota,125
Davey,Nebraska,125
Morse Bluff,Nebraska,125
Mercer,North Dakota,125
Patterson,Ohio,125
Burlington,Oklahoma,125
New Buffalo,Pennsylvania,125
Antimony,Utah,125
Lynndyl,Utah,125
Billingsley,Alabama,124
Kellyton,Alabama,124
St. Paul,Arkansas,124
Garrett,Illinois,124
Nelson,Illinois,124
Symerton,Illinois,124
Vincent,Iowa,124
Palmer,Kansas,124
Alpha,Michigan,124
Burtrum,Minnesota,124
Federal Dam,Minnesota,124
Cross Timbers,Missouri,124
Turney,Missouri,124
Upland,Nebraska,124
Marion,North Dakota,124
Reeder,North Dakota,124
Cheshire,Ohio,124
Nellie,Ohio,124
Burbank,Oklahoma,124
Phillips,Oklahoma,124
Vance,South Carolina,124
Pierpont,South Dakota,124
Boaz,Wisconsin,124
Bellville,Georgia,123
Ridott,Illinois,123
State Line City,Indiana,123
Larrabee,Iowa,123
Somers,Iowa,123
Lastrup,Minnesota,123
Odin,Minnesota,123
Miramiguoa Park,Missouri,123
Brock,Nebraska,123
Hannaford,North Dakota,123
Sparta,Ohio,123
Lawrence Creek,Oklahoma,123
Norge,Oklahoma,123
Sparks,Oklahoma,123
Glen Hope,Pennsylvania,123
New Centerville,Pennsylvania,123
Lowndesville,South Carolina,123
Salem,South Carolina,123
Estelline,Texas,123
Melvin,Texas,123
Novice,Texas,123
Clearmont,Wyoming,123
Ferris,Illinois,122
Burket,Indiana,122
Summerfield,Kansas,122
Foxhome,Minnesota,122
Ormsby,Minnesota,122
Du Bois,Nebraska,122
Ohiowa,Nebraska,122
Adams,North Dakota,122
Palermo,North Dakota,122
Jerusalem,Ohio,122
New Weston,Ohio,122
Bromide,Oklahoma,122
Lamar,Oklahoma,122
Volant,Pennsylvania,122
La Grange,Tennessee,122
Camden-on-Gauley,West Virginia,122
Steuben,Wisconsin,122
Murtaugh,Idaho,121
Leonore,Illinois,121
Baring,Missouri,121
Jacksonville,Missouri,121
Prathersville,Missouri,121
South Greenfield,Missouri,121
Filley,Nebraska,121
Sinking Spring,Ohio,121
Java,South Dakota,121
New Castle,Virginia,121
Moorefield,Arkansas,120
Ravenden Springs,Arkansas,120
De Soto,Georgia,120
Summertown,Georgia,120
Westfield,Iowa,120
Alden,Kansas,120
Manter,Kansas,120
Spearsville,Louisiana,120
Ahmeek,Michigan,120
Turner,Michigan,120
McFall,Missouri,120
Rosendale,Missouri,120
Arthur,Nebraska,120
Concord,Nebraska,120
Virden,New Mexico,120
Proctorville,North Carolina,120
Ward,South Carolina,120
Windsor,South Carolina,120
Branchville,Virginia,120
Virgilina,Virginia,120
Waverly,Washington,120
Woodman,Wisconsin,120
Lester,Alabama,119
Stanley,Idaho,119
Yeoman,Indiana,119
Ledyard,Iowa,119
Lincoln,Iowa,119
Rowan,Iowa,119
St. Donatus,Iowa,119
Hickory Hill,Kentucky,119
Beaver Bay,Minnesota,119
Garvin,Minnesota,119
Wolverton,Minnesota,119
Portal,North Dakota,119
Oldham,South Dakota,119
Blacksville,West Virginia,119
Nondalton,Alaska,118
Bodcaw,Arkansas,118
Higden,Arkansas,118
Reed,Arkansas,118
New Salem,Illinois,118
East Peru,Iowa,118
Mitchell,Iowa,118
Herndon,Kansas,118
Preston,Kansas,118
Templeville,Maryland,118
Olean,Missouri,118
Selfridge,North Dakota,118
Bairdstown,Ohio,118
Brandt,South Dakota,118
Alton,Utah,118
Five Points,Alabama,117
Bassett,Arkansas,117
Jennette,Arkansas,117
Brussels,Illinois,117
Harmon,Illinois,117
Indian Village,Indiana,117
Ackworth,Iowa,117
Centralia,Iowa,117
McDonald,Kansas,117
White Cloud,Kansas,117
Longstreet,Louisiana,117
Brooks,Minnesota,117
Riverton,Minnesota,117
West Hampton Dunes,New York,117
Tatums,Oklahoma,117
Willow,Oklahoma,117
Summerville,Oregon,117
Wyeville,Wisconsin,117
Haleburg,Alabama,116
Gay,Georgia,116
Bernard,Iowa,116
Harper,Iowa,116
McIntire,Iowa,116
Rutland,Iowa,116
Meadowbrook Farm,Kentucky,116
Oak Ridge,Louisiana,116
Elmdale,Minnesota,116
Marietta,Minnesota,116
Falcon,Mississippi,116
Alvo,Nebraska,116
Armstrong,Oklahoma,116
Carlton Landing,Oklahoma,116
Greenfield,Oklahoma,116
Monument,Oregon,116
Round Mountain,Texas,116
Lone Oak,Georgia,115
Browning,Illinois,115
Mound Station,Illinois,115
Mount Ayr,Indiana,115
Park,Kansas,115
Gilliam,Louisiana,115
Fleming,Missouri,115
Strasburg,Missouri,115
Grass Range,Montana,115
Colon,Nebraska,115
Nemaha,Nebraska,115
Thurston,Nebraska,115
Dora,New Mexico,115
Frankfort Springs,Pennsylvania,115
Lesterville,South Dakota,115
Cuney,Texas,115
Lublin,Wisconsin,115
Maiden Rock,Wisconsin,115
Antoine,Arkansas,114
Bluffton,Georgia,114
Archer,Iowa,114
Floris,Iowa,114
Lanesboro,Iowa,114
St. Marys,Iowa,114
Morrowville,Kansas,114
Rochester,Kentucky,114
Robeline,Louisiana,114
Galestown,Maryland,114
Walthall,Mississippi,114
Woodland,Mississippi,114
Cosby,Missouri,114
Flemington,Missouri,114
Glen Echo Park,Missouri,114
Holliday,Missouri,114
Tobias,Nebraska,114
Macksburg,Ohio,114
Casselman,Pennsylvania,114
Austwell,Texas,114
Bluff City,Arkansas,113
Haynes,Arkansas,113
Vandervoort,Arkansas,113
Winthrop,Arkansas,113
Deepstep,Georgia,113
Bishop Hill,Illinois,113
Media,Illinois,113
St. Augustine,Illinois,113
Ulen,Indiana,113
Culver,Kansas,113
Morland,Kansas,113
Downsville,Louisiana,113
Brookston,Minnesota,113
West Line,Missouri,113
Kirby,Ohio,113
Council Hill,Oklahoma,113
Faxon,Oklahoma,113
Saulsbury,Tennessee,113
Marietta,Texas,113
Bell Center,Wisconsin,113
Columbus,Illinois,112
Mount Etna,Indiana,112
Rome,Iowa,112
Biscay,Minnesota,112
Westboro,Missouri,112
Des Moines,New Mexico,112
Crary,North Dakota,112
Galesburg,North Dakota,112
Fultonham,Ohio,112
Cornish,Oklahoma,112
Summit,Oklahoma,112
Independence,Utah,112
Hillsboro,Virginia,112
Tenakee Springs,Alaska,111
Fulton,Arkansas,111
Raymer,Colorado,111
Otter Creek,Florida,111
Sharon,Georgia,111
Longview,Illinois,111
Springerton,Illinois,111
Luzerne,Iowa,111
Marne,Iowa,111
Melrose,Iowa,111
Waterville,Iowa,111
Cassoday,Kansas,111
Elk Falls,Kansas,111
Viola,Kansas,111
Woodstock,Minnesota,111
Elmo,Missouri,111
Belden,Nebraska,111
Bushnell,Nebraska,111
Leshara,Nebraska,111
Saltaire,New York,111
Crystal,North Dakota,111
Forest River,North Dakota,111
Gann,Ohio,111
Pringle,South Dakota,111
Yale,South Dakota,111
Eagarville,Illinois,110
Dawson,Iowa,110
Bunker Hill,Kansas,110
Monterey,Kentucky,110
Sikes,Louisiana,110
De Graff,Minnesota,110
Edison,Nebraska,110
Endicott,Nebraska,110
Grafton,Nebraska,110
Memphis,Nebraska,110
Goodrich,North Dakota,110
Wildrose,North Dakota,110
Linndale,Ohio,110
Colony,Oklahoma,110
Hallett,Oklahoma,110
Coal Center,Pennsylvania,110
Blenheim,South Carolina,110
McIntosh,South Dakota,110
Viola,Tennessee,110
Aquilla,Texas,110
Egypt,Arkansas,109
Nora,Illinois,109
Old Shawneetown,Illinois,109
Keomah Village,Iowa,109
Martinsburg,Iowa,109
Damar,Kansas,109
Lake Annette,Missouri,109
Ludlow,Missouri,109
Newtown,Missouri,109
Bloomington,Nebraska,109
Melbeta,Nebraska,109
Hope,New Mexico,109
Forksville,Pennsylvania,109
West Middletown,Pennsylvania,109
Hitchcock,South Dakota,109
Midland,South Dakota,109
Libertyville,Alabama,108
Pritchett,Colorado,108
Glasgow,Illinois,108
Hidalgo,Illinois,108
Ohlman,Illinois,108
North Buena Vista,Iowa,108
North Washington,Iowa,108
Haddam,Kansas,108
Lillie,Louisiana,108
Avoca,Minnesota,108
Perley,Minnesota,108
Quamba,Minnesota,108
Trommald,Minnesota,108
Anselmo,Nebraska,108
Octavia,Nebraska,108
Oriska,North Dakota,108
Broughton,Ohio,108
Dacoma,Oklahoma,108
Jeddo,Pennsylvania,108
Glenham,South Dakota,108
Lonsdale,Arkansas,107
Moffat,Colorado,107
Ranger,Georgia,107
Andover,Iowa,107
Chautauqua,Kansas,107
Kincaid,Kansas,107
Effie,Minnesota,107
Goodridge,Minnesota,107
Iron Junction,Minnesota,107
Alligator,Mississippi,107
Chain-O-Lakes,Missouri,107
Shoal Creek Estates,Missouri,107
Marietta,North Carolina,107
Castine,Ohio,107
Summitville,Ohio,107
Wilkesville,Ohio,107
Hanna,Oklahoma,107
Tullahassee,Oklahoma,107
Atwood,Pennsylvania,107
Normandy,Tennessee,107
Kirvin,Texas,107
Fountain Hill,Arkansas,106
Ramah,Colorado,106
Jacksonville,Georgia,106
Parrott,Georgia,106
New Cambria,Kansas,106
Highland Beach,Maryland,106
Alexandria,Missouri,106
Judith Gap,Montana,106
Bartlett,Nebraska,106
Ruskin,Nebraska,106
Loco,Oklahoma,106
Pensacola,Oklahoma,106
Rentiesville,Oklahoma,106
Ashton,South Dakota,106
Claremont,South Dakota,106
Stockholm,South Dakota,106
Powell,Texas,106
Stoy,Illinois,105
Ricketts,Iowa,105
St. Paul,Iowa,105
Goff,Kansas,105
Tampa,Kansas,105
Eagle,Michigan,105
McCool,Mississippi,105
Benton City,Missouri,105
Grand Falls Plaza,Missouri,105
Atlanta,Nebraska,105
Hastings,Oklahoma,105
Mason,Wisconsin,105
Everton,Arkansas,104
Peach Orchard,Arkansas,104
Hope,Idaho,104
Wheaton,Kansas,104
Keene,Kentucky,104
Church Creek,Maryland,104
Odessa,Minnesota,104
Chain of Rocks,Missouri,104
Craig,Missouri,104
Halltown,Missouri,104
Monticello,Missouri,104
Novelty,Missouri,104
Ridgely,Missouri,104
Macon,North Carolina,104
Yorkshire,Ohio,104
Central City,South Dakota,104
Ekwok,Alaska,103
Hunter,Arkansas,103
Pearl,Illinois,103
Strawn,Illinois,103
Castana,Iowa,103
Cromwell,Iowa,103
Soldier,Kansas,103
Kenton Vale,Kentucky,103
McKinley,Minnesota,103
Brooklyn Heights,Missouri,103
Elsie,Nebraska,103
Middleburg,North Carolina,103
Lankin,North Dakota,103
Osnabrock,North Dakota,103
Ryder,North Dakota,103
Blakeslee,Ohio,103
Lookeba,Oklahoma,103
Cresbard,South Dakota,103
Ouzinkie,Alaska,102
Vidette,Georgia,102
Huetter,Idaho,102
Fraser,Iowa,102
St. Olaf,Iowa,102
Wheatcroft,Kentucky,102
Trosky,Minnesota,102
Montrose,Mississippi,102
Paden,Mississippi,102
Sweetwater,Oklahoma,102
Hazel,South Dakota,102
Pindall,Arkansas,101
Powhatan,Arkansas,101
Macksburg,Iowa,101
Pacific Junction,Iowa,101
Toronto,Iowa,101
Peru,Kansas,101
Mentor,Minnesota,101
Dudley,Missouri,101
Foley,Missouri,101
Milledgeville,Ohio,101
Foss,Oklahoma,101
Shelocta,Pennsylvania,101
Fairfax,South Dakota,101
Sinai,South Dakota,101
Marie,Arkansas,100
Leadore,Idaho,100
Jeisyville,Illinois,100
Pontoosuc,Illinois,100
Baldwin,Iowa,100
Westwood,Iowa,100
Latham,Kansas,100
Danvers,Minnesota,100
Squaw Lake,Minnesota,100
Avilla,Missouri,100
Rush Hill,Missouri,100
Bisbee,North Dakota,100
Batesville,Ohio,100
Hitchcock,Oklahoma,100
Redbird,Oklahoma,100
Armagh,Pennsylvania,100
Donegal,Pennsylvania,100
Harrold,South Dakota,100
Chuathbaluk,Alaska,99
Aubrey,Arkansas,99
Jericho,Arkansas,99
Zinc,Arkansas,99
Farmington,Delaware,99
La Rose,Illinois,99
Marietta,Illinois,99
Vernon,Illinois,99
Masonville,Iowa,99
Prairie View,Kansas,99
Rozel,Kansas,99
Powhatan,Louisiana,99
Comstock,Minnesota,99
Millerville,Minnesota,99
Mooresville,Missouri,99
Mosby,Missouri,99
Wentworth,Missouri,99
Bearcreek,Montana,99
Belgrade,Nebraska,99
Inman,Nebraska,99
Sykeston,North Dakota,99
Friendsville,Pennsylvania,99
Okolona,Arkansas,98
Fidelity,Illinois,98
Raritan,Illinois,98
Tennessee,Illinois,98
Livonia,Indiana,98
Saltillo,Indiana,98
Ferguson,Iowa,98
Whitten,Iowa,98
Mapleton,Kansas,98
Utica,Kansas,98
Slate Springs,Mississippi,98
Bruno,Nebraska,98
Norman,North Carolina,98
Almont,North Dakota,98
Fort Ransom,North Dakota,98
Gould,Oklahoma,98
Smoaks,South Carolina,98
Revillo,South Dakota,98
Dorchester,Texas,98
Tony,Wisconsin,98
Campo,Colorado,97
Emington,Illinois,97
Iola,Illinois,97
Wheeler,Illinois,97
Blountsville,Indiana,97
Country Club Heights,Indiana,97
Morrison,Iowa,97
Alton,Kansas,97
Munden,Kansas,97
Palmetto,Louisiana,97
Minneiska,Minnesota,97
Blairstown,Missouri,97
Peaceful Village,Missouri,97
Jansen,Nebraska,97
Starkweather,North Dakota,97
Bridgeport,Oklahoma,97
Wann,Oklahoma,97
Silerton,Tennessee,97
Shageluk,Alaska,96
Eddyville,Illinois,96
Hamburg,Illinois,96
Mount Erie,Illinois,96
Naples,Illinois,96
Alpha,Minnesota,96
Broadwater,Nebraska,96
Malmo,Nebraska,96
Wainwright,Oklahoma,96
Williams,South Carolina,96
Smithfield,West Virginia,96
Glen Flora,Wisconsin,96
Success,Arkansas,95
Lynnville,Illinois,95
Bethany,Indiana,95
Arion,Iowa,95
Webster,Iowa,95
Belpre,Kansas,95
Gem,Kansas,95
Green,Kansas,95
Liberty,Kansas,95
Borup,Minnesota,95
Roscoe,Missouri,95
Cordova,Nebraska,95
Grandfather Village,North Carolina,95
Glenfield,North Dakota,95
Marmarth,North Dakota,95
Gerty,Oklahoma,95
Luray,South Carolina,95
Koyukuk,Alaska,94
Black Springs,Arkansas,94
Hindsville,Arkansas,94
Vilas,Colorado,94
Tensed,Idaho,94
Scottville,Illinois,94
Arispe,Iowa,94
Morley,Iowa,94
Oyens,Iowa,94
Allenville,Missouri,94
Morrison,Missouri,94
Pocahontas,Missouri,94
South Bend,Nebraska,94
Newburg,North Dakota,94
Marseilles,Ohio,94
Horntown,Oklahoma,94
Wallace,South Dakota,94
Friendly,West Virginia,94
Harman,West Virginia,94
Walnut Hill,Illinois,93
Sageville,Iowa,93
Collyer,Kansas,93
Sunburg,Minnesota,93
West Union,Minnesota,93
Lewis and Clark Village,Missouri,93
Hardy,Nebraska,93
Linwood,Nebraska,93
Oberon,North Dakota,93
Sheldon,North Dakota,93
White Earth,North Dakota,93
Round Top,Texas,93
Melvina,Wisconsin,93
Granger,Wyoming,93
Pelican,Alaska,92
Talking Rock,Georgia,92
New Middletown,Indiana,92
Spring Hill,Indiana,92
Durham,Kansas,92
Hepler,Kansas,92
Horace,Kansas,92
Ten Broeck,Kentucky,92
Alberta,Minnesota,92
St. Anthony,Minnesota,92
St. Leo,Minnesota,92
Reeds,Missouri,92
Weldon Spring Heights,Missouri,92
Mosquero,New Mexico,92
McDonald,North Carolina,92
Spiritwood Lake,North Dakota,92
Kendrick,Oklahoma,92
Toco,Texas,92
Newfane,Vermont,92
Glen Lyn,Virginia,92
Manville,Wyoming,92
Port Heiden,Alaska,91
Gum Springs,Arkansas,91
Maunie,Illinois,91
Promise City,Iowa,91
Wiota,Iowa,91
Cambridge,Kansas,91
Hudson,Kansas,91
Redfield,Kansas,91
Longtown,Missouri,91
Brice,Ohio,91
Devol,Oklahoma,91
Canova,South Dakota,91
Eden,South Dakota,91
Dodson,Texas,91
Manderson,Wyoming,91
Allport,Arkansas,90
Blue Mountain,Arkansas,90
Springtown,Arkansas,90
Washington,Arkansas,90
Vona,Colorado,90
Bascom,Florida,90
Minidoka,Idaho,90
Hillview,Illinois,90
Kinsman,Illinois,90
Liverpool,Illinois,90
Russellville,Illinois,90
Carpenter,Iowa,90
Hartwick,Iowa,90
Spragueville,Iowa,90
Formoso,Kansas,90
Woodston,Kansas,90
Plato,Missouri,90
Tar Heel,North Carolina,90
Deering,North Dakota,90
Fingal,North Dakota,90
Rocklake,North Dakota,90
Ross,North Dakota,90
Harbor View,Ohio,90
Norwich,Ohio,90
Otway,Ohio,90
Mount Carbon,Pennsylvania,90
Big Flat,Arkansas,89
Minturn,Arkansas,89
Sailor Springs,Illinois,89
Derby,Iowa,89
Niotaze,Kansas,89
Olmitz,Kansas,89
Sawyer,Kansas,89
Windom,Kansas,89
Jamestown,Louisiana,89
Lengby,Minnesota,89
Ericson,Nebraska,89
Rockville,Nebraska,89
St. Helena,Nebraska,89
McFarlan,North Carolina,89
Douglas,North Dakota,89
Lake Aluma,Oklahoma,89
New Alluwe,Oklahoma,89
Coalmont,Pennsylvania,89
Homewood,Pennsylvania,89
White Bird,Idaho,88
Ellisville,Illinois,88
Wilmington,Illinois,88
Woodlawn Heights,Indiana,88
Holt,Minnesota,88
Revere,Minnesota,88
Humphreys,Missouri,88
Barneston,Nebraska,88
Merriman,Nebraska,88
Esmond,North Dakota,88
Kildare,Oklahoma,88
Edmonson,Texas,88
O'Brien,Texas,88
Conrath,Wisconsin,88
Liebenthal,Kansas,87
Bryceland,Louisiana,87
Georgetown,Minnesota,87
Pisek,North Dakota,87
Centerville,Ohio,87
Neville,Ohio,87
Hoffman,Oklahoma,87
Manchester,Oklahoma,87
Birmingham,Pennsylvania,87
Troy,South Carolina,87
Uncertain,Texas,87
Chignik,Alaska,86
Whale Pass,Alaska,86
South Lead Hill,Arkansas,86
Zwingle,Iowa,86
Gaylord,Kansas,86
Bruno,Minnesota,86
Clifton Hill,Missouri,86
Dover,Missouri,86
Rexford,Montana,86
Carleton,Nebraska,86
Dodge,North Dakota,86
Maxbass,North Dakota,86
Montpelier,North Dakota,86
New Bavaria,Ohio,86
Addington,Oklahoma,86
Atwood,Oklahoma,86
Bradley,Oklahoma,86
Fulton,South Dakota,86
Westport,South Dakota,86
Petronila,Texas,86
Eagle,Alaska,85
Nikolai,Alaska,85
Coy,Arkansas,85
Daisy,Arkansas,85
Felsenthal,Arkansas,85
Smithville,Arkansas,85
Butte City,Idaho,85
Belknap,Illinois,85
Rose Hill,Illinois,85
Cylinder,Iowa,85
Stanley,Iowa,85
Raymond,Kansas,85
Forestville,Michigan,85
Arco,Minnesota,85
Whitewater,Missouri,85
Ayr,Nebraska,85
Byron,Nebraska,85
Eddyville,Nebraska,85
Naper,Nebraska,85
Naponee,Nebraska,85
Floyd,New Mexico,85
Golva,North Dakota,85
Karlsruhe,North Dakota,85
Sharon,North Dakota,85
Ithaca,Ohio,85
Dallas,South Dakota,85
Orme,Tennessee,85
Rocky Mound,Texas,85
Hatton,Washington,85
Faunsdale,Alabama,84
Georgetown,Arkansas,84
Grant,Iowa,84
Plevna,Kansas,84
Portis,Kansas,84
Beltrami,Minnesota,84
Holloway,Minnesota,84
Sylvarena,Mississippi,84
Grady,New Mexico,84
Bear Grass,North Carolina,84
Amenia,North Dakota,84
Buchanan,North Dakota,84
Carrier,Oklahoma,84
Brentford,South Dakota,84
Mobeetie,Texas,84
Washington,Virginia,84
Ridgeville,Alabama,83
Beedeville,Arkansas,83
Williford,Arkansas,83
Exeter,Illinois,83
Otterville,Illinois,83
Tennant,Iowa,83
Cullison,Kansas,83
Buckhorn,Kentucky,83
Seaforth,Minnesota,83
Turtle River,Minnesota,83
Pascola,Missouri,83
Rutledge,Missouri,83
Salem,Nebraska,83
Rome,Ohio,83
Centrahoma,Oklahoma,83
Hickory,Oklahoma,83
Terlton,Oklahoma,83
Hughes,Alaska,82
Indian Creek,Florida,82
East Brooklyn,Illinois,82
Buckeye,Iowa,82
Hansell,Iowa,82
Hazelton,Kansas,82
Luke,Maryland,82
Bejou,Minnesota,82
Darfur,Minnesota,82
Fort Ripley,Minnesota,82
Nimrod,Minnesota,82
Gattman,Mississippi,82
De Witt,Missouri,82
Outlook,Montana,82
Lumber Bridge,North Carolina,82
Lehr,North Dakota,82
Zeeland,North Dakota,82
Lodge,South Carolina,82
Plum Branch,South Carolina,82
Banks,Arkansas,81
Old Ripley,Illinois,81
Abbyville,Kansas,81
Havana,Kansas,81
Jennings,Kansas,81
Narka,Kansas,81
Zurich,Kansas,81
California,Kentucky,81
New Trier,Minnesota,81
Zemple,Minnesota,81
McKittrick,Missouri,81
Dunning,Nebraska,81
Taos Ski Valley,New Mexico,81
Sasakwa,Oklahoma,81
Claire City,South Dakota,81
Lamont,Washington,81
Diomede,Alaska,80
Pleasant Plain,Iowa,80
Gove City,Kansas,80
Simpson,Kansas,80
Bock,Minnesota,80
Aullville,Missouri,80
Baldwin Park,Missouri,80
Heartwell,Nebraska,80
Rogers,Nebraska,80
Prescott,Oregon,80
Akaska,South Dakota,80
Fruitdale,South Dakota,80
Hickory Valley,Tennessee,80
Couderay,Wisconsin,80
Blue Springs,Alabama,79
Hooper,Colorado,79
Mount Carmel,Indiana,79
Wallace,Indiana,79
Balltown,Iowa,79
Garber,Iowa,79
Coolidge,Kansas,79
Republic,Kansas,79
Vermillion,Kansas,79
Viking,Minnesota,79
Foster,Missouri,79
Sumner,Missouri,79
Harrellsville,North Carolina,79
Epping,North Dakota,79
Dexter City,Ohio,79
Haysville,Pennsylvania,79
Newburg,Pennsylvania,79
Domino,Texas,79
Lowndesboro,Alabama,78
Morrison Bluff,Arkansas,78
Chillicothe,Iowa,78
Scarville,Iowa,78
Ramona,Kansas,78
Randall,Kansas,78
Richville,Minnesota,78
Ionia,Missouri,78
Weatherby,Missouri,78
Dixon,Nebraska,78
Dwight,North Dakota,78
Grand Lake Towne,Oklahoma,78
Auburn,West Virginia,78
Stockholm,Wisconsin,78
Hartly,Delaware,77
Riddleville,Georgia,77
Basco,Illinois,77
Onward,Indiana,77
Kinross,Iowa,77
Matlock,Iowa,77
Popejoy,Iowa,77
Ralston,Iowa,77
Swan,Iowa,77
Savonburg,Kansas,77
Severance,Kansas,77
Nielsville,Minnesota,77
Arrow Point,Missouri,77
Gunn City,Missouri,77
Moundville,Missouri,77
Mount Moriah,Missouri,77
Martinsburg,Nebraska,77
Headrick,Oklahoma,77
Lone Chimney,Oklahoma,77
Shade Gap,Pennsylvania,77
Detroit,Illinois,76
Craig,Iowa,76
St. Anthony,Iowa,76
Lake Henry,Minnesota,76
Burchard,Nebraska,76
Leon,Oklahoma,76
Herrick,South Dakota,76
Miller's Cove,Texas,76
Kirby,Wyoming,76
Cale,Arkansas,75
Pitkin,Colorado,75
Belleair Shore,Florida,75
Geneva,Georgia,75
Adeline,Illinois,75
New Bedford,Illinois,75
Vera Cruz,Indiana,75
Graf,Iowa,75
Willard,Kansas,75
Dundee,Minnesota,75
La Salle,Minnesota,75
Levasy,Missouri,75
Millard,Missouri,75
Revere,Missouri,75
Wilson City,Missouri,75
Prosser,Nebraska,75
Dazey,North Dakota,75
St. Clairsville,Pennsylvania,75
Sherman,South Dakota,75
Bradgate,Iowa,74
Chatsworth,Iowa,74
Unionville,Iowa,74
Olivet,Kansas,74
Roseland,Kansas,74
Kerrick,Minnesota,74
Riverview Estates,Missouri,74
Tallapoosa,Missouri,74
Waco,Missouri,74
Swanton,Nebraska,74
Wilsonville,Nebraska,74
Antioch,Ohio,74
Lower Salem,Ohio,74
Yankee Lake,Ohio,74
Deer Creek,Oklahoma,74
Paradise Hill,Oklahoma,74
Port Alexander,Alaska,73
Foosland,Illinois,73
Nodaway,Iowa,73
Mayfield,Kansas,73
Solway,Minnesota,73
Wanda,Minnesota,73
Big Lake,Missouri,73
Opheim,Montana,73
Berwyn,Nebraska,73
Center,Nebraska,73
Danbury,Nebraska,73
Richland,Nebraska,73
Dawson,North Dakota,73
Donnybrook,North Dakota,73
Batesland,South Dakota,73
Bushnell,South Dakota,73
Seven Oaks,Texas,73
Sun Valley,Texas,73
Dixon,Wyoming,73
Guion,Arkansas,72
Montezuma,Colorado,72
Shannon City,Iowa,72
Huron,Kansas,72
Woodbury,Kentucky,72
Genola,Minnesota,72
Brumley,Missouri,72
Homestown,Missouri,72
Comstock,Nebraska,72
Crookston,Nebraska,72
Virginia,Nebraska,72
Waterbury,Nebraska,72
Pekin,North Dakota,72
Chilo,Ohio,72
Brooksville,Oklahoma,72
Fair Oaks,Oklahoma,72
Needham,Alabama,71
Union Grove,Alabama,71
Anvik,Alaska,71
Tupelo,Arkansas,71
Brooksburg,Indiana,71
Laconia,Indiana,71
Willey,Iowa,71
Longford,Kansas,71
Willowbrook,Kansas,71
Blandville,Kentucky,71
Dumont,Minnesota,71
Evan,Minnesota,71
Brownington,Missouri,71
Country Life Acres,Missouri,71
Jameson,Missouri,71
Luray,Missouri,71
Old Appleton,Missouri,71
Teterboro,New Jersey,71
Hillsdale,Oklahoma,71
Worthville,Pennsylvania,71
Jamestown,South Carolina,71
Tatum,South Carolina,71
Agar,South Dakota,71
Utica,South Dakota,71
Ingram,Wisconsin,71
Haswell,Colorado,70
Johnsonville,Illinois,70
Numa,Iowa,70
Sharpsburg,Iowa,70
Turin,Iowa,70
Bartlett,Kansas,70
Benedict,Kansas,70
Walters,Minnesota,70
Whalan,Minnesota,70
Merwin,Missouri,70
Cogswell,North Dakota,70
Oakwood,Oklahoma,70
Rosedale,Oklahoma,70
Neylandville,Texas,70
Duffield,Virginia,70
Myrtlewood,Alabama,69
Oto,Iowa,69
Reserve,Kansas,69
Spring Hill,Minnesota,69
Aldrich,Missouri,69
Gibbs,Missouri,69
Wellfleet,Nebraska,69
Fairview,Ohio,69
Blackburn,Oklahoma,69
Loyal,Oklahoma,69
La Bolt,South Dakota,69
Ravinia,South Dakota,69
Whitewater,Indiana,68
Greenville,Iowa,68
Spring Hill,Iowa,68
Coats,Kansas,68
Zenda,Kansas,68
Blaine,Kentucky,68
Clitherall,Minnesota,68
Darlington,Missouri,68
Franklin,Missouri,68
Kilgore,Nebraska,68
Newport,Nebraska,68
Causey,New Mexico,68
Butte,North Dakota,68
Havana,North Dakota,68
Mantador,North Dakota,68
Mountain,North Dakota,68
Graysville,Ohio,68
Stafford,Ohio,68
Maramec,Oklahoma,68
Glasgow,Pennsylvania,68
Andover,South Dakota,68
Dante,South Dakota,68
Putnam,Texas,68
Beaver,Arkansas,67
Delaplaine,Arkansas,67
Roe,Arkansas,67
Irwin,Illinois,67
Clio,Iowa,67
Orchard,Iowa,67
Struble,Iowa,67
Varina,Iowa,67
Powhattan,Kansas,67
Strandquist,Minnesota,67
Wolf Lake,Minnesota,67
Doddsville,Mississippi,67
Ritchey,Missouri,67
Truxton,Missouri,67
Bristow,Nebraska,67
Strang,Oklahoma,67
Corona,South Dakota,67
Strandburg,South Dakota,67
Pyote,Texas,67
Valentine,Texas,67
Oakhaven,Arkansas,66
Yale,Illinois,66
Alamo,Indiana,66
Nemaha,Iowa,66
Esbon,Kansas,66
Stark,Kansas,66
Nassau,Minnesota,66
Taopi,Minnesota,66
Pierpont,Missouri,66
Abie,Nebraska,66
Benedict,North Dakota,66
Lima,Oklahoma,66
Interior,South Dakota,66
Cottage Grove,Tennessee,66
Bairoil,Wyoming,66
Amagon,Arkansas,65
Starkville,Colorado,65
Tarrytown,Georgia,65
Crows Nest,Indiana,65
Manhattan Beach,Minnesota,65
Nashua,Minnesota,65
Rothville,Missouri,65
McGrew,Nebraska,65
Speed,North Carolina,65
Coleharbor,North Dakota,65
Hague,North Dakota,65
Solen,North Dakota,65
Deersville,Ohio,65
Hendrix,Oklahoma,65
Skedee,Oklahoma,65
Bradley,South Dakota,65
Mound City,South Dakota,65
Hartville,Wyoming,65
Opal,Wyoming,65
Petrey,Alabama,64
Akhiok,Alaska,64
Datto,Arkansas,64
Nimmons,Arkansas,64
Dooling,Georgia,64
Alfordsville,Indiana,64
Dolliver,Iowa,64
Redding,Iowa,64
Isabel,Kansas,64
Oketo,Kansas,64
Mount Lebanon,Louisiana,64
Eagle Harbor,Maryland,64
Kent,Minnesota,64
Sargeant,Minnesota,64
Elk Creek,Nebraska,64
Halsey,Nebraska,64
Kathryn,North Dakota,64
Ratliff City,Oklahoma,64
Camp Crook,South Dakota,64
Fairburn,South Dakota,64
Olivet,South Dakota,64
Quinn,South Dakota,64
Clark's Point,Alaska,63
Kim,Colorado,63
Truesdale,Iowa,63
Gratz,Kentucky,63
Bragg City,Missouri,63
Mount Leonard,Missouri,63
South Gorin,Missouri,63
Unity Village,Missouri,63
Raynham,North Carolina,63
Jud,North Dakota,63
McHenry,North Dakota,63
Sentinel Butte,North Dakota,63
Elmer,Oklahoma,63
Hitchita,Oklahoma,63
Fairview,South Dakota,63
Riverside,Wyoming,63
Manassas,Georgia,62
El Dara,Illinois,62
Gruver,Iowa,62
Yorktown,Iowa,62
Sardis,Kentucky,62
Tintah,Minnesota,62
Harris,Missouri,62
Vandiver,Missouri,62
Worth,Missouri,62
Como,North Carolina,62
Mutual,Oklahoma,62
Wasta,South Dakota,62
Clinchport,Virginia,62
Pilot Point,Alaska,61
St. George,Alaska,61
Walshville,Illinois,61
Dougherty,Iowa,61
Gray,Iowa,61
Guernsey,Iowa,61
Kenneth,Minnesota,61
Paynesville,Missouri,61
Whiteside,Missouri,61
Cleveland,North Dakota,61
Flaxton,North Dakota,61
Martin,North Dakota,61
Bruceton Mills,West Virginia,61
Bingham,Illinois,60
Camden,Illinois,60
Golden Gate,Illinois,60
Kirkman,Iowa,60
Cedar Mills,Minnesota,60
Glen Allen,Missouri,60
Guilford,Missouri,60
Tightwad,Missouri,60
Worthington,Missouri,60
Flaxville,Montana,60
Balta,North Dakota,60
Hurdsfield,North Dakota,60
Belmore,Ohio,60
Albion,Oklahoma,60
Gate,Oklahoma,60
Webb City,Oklahoma,60
Aredale,Iowa,59
Bevington,Iowa,59
Sandyville,Iowa,59
Barnard,Kansas,59
Coyville,Kansas,59
Earlton,Kansas,59
Henriette,Minnesota,59
Ihlen,Minnesota,59
St. Rosa,Minnesota,59
Vining,Minnesota,59
Arrow Rock,Missouri,59
Hazard,Nebraska,59
Hubbell,Nebraska,59
Maskell,Nebraska,59
Smithfield,Nebraska,59
Whitney,Nebraska,59
Orrum,North Carolina,59
IXL,Oklahoma,59
Ulmer,South Carolina,59
Weldon,Arkansas,58
Gibson,Iowa,58
Plano,Iowa,58
Oneida,Kansas,58
Spivey,Kansas,58
Milo,Missouri,58
Randolph,Missouri,58
Lewiston,Nebraska,58
Lasker,North Carolina,58
Pettibone,North Dakota,58
Tuttle,North Dakota,58
Verona,North Dakota,58
Octa,Ohio,58
Raymond,South Dakota,58
Stratford,South Dakota,58
Lakeview,Texas,58
Toyah,Texas,58
Fargo,Arkansas,57
Fourche,Arkansas,57
Branson,Colorado,57
Colwell,Iowa,57
New Albany,Kansas,57
Gully,Minnesota,57
Tamarack,Minnesota,57
Wilder,Minnesota,57
Garrison,Nebraska,57
Primrose,Nebraska,57
Royal,Nebraska,57
Steinauer,Nebraska,57
Seven Springs,North Carolina,57
Fullerton,North Dakota,57
Cherry Valley,Pennsylvania,57
Smyrna,South Carolina,57
Big Falls,Wisconsin,57
Goldville,Alabama,56
McCaskill,Arkansas,56
Muddy,Illinois,56
Elgin,Kansas,56
Farwell,Minnesota,56
Halma,Minnesota,56
Gentry,Missouri,56
Lucerne,Missouri,56
Watson,Missouri,56
Reynolds,Nebraska,56
Encino,New Mexico,56
North River,North Dakota,56
Smicksburg,Pennsylvania,56
Brant Lake,South Dakota,56
Davis,South Dakota,56
Ree Heights,South Dakota,56
Patmos,Arkansas,55
Mill Creek,Illinois,55
Topeka,Illinois,55
Hadley,Minnesota,55
Learned,Mississippi,55
Dennis Acres,Missouri,55
Leonard,Missouri,55
Livonia,Missouri,55
Newark,Missouri,55
House,New Mexico,55
Prairie Rose,North Dakota,55
Dayton Lakes,Texas,55
Atka,Alaska,54
Platinum,Alaska,54
Hartman,Colorado,54
Sheridan Lake,Colorado,54
Aurora,Kansas,54
Labette,Kansas,54
Lost Springs,Kansas,54
Hazel Run,Minnesota,54
Clyde,Missouri,54
Belvidere,Nebraska,54
Burr,Nebraska,54
Riverton,Nebraska,54
New Morgan,Pennsylvania,54
Peak,South Carolina,54
New Witten,South Dakota,54
Turton,South Dakota,54
Vienna,South Dakota,54
Waldenburg,Arkansas,53
Junction,Illinois,53
Union Hill,Illinois,53
Hardy,Iowa,53
Knierim,Iowa,53
Plover,Iowa,53
Hunter,Kansas,53
Dovray,Minnesota,53
Manchester,Minnesota,53
Arkoe,Missouri,53
Alamo,North Dakota,53
Briarwood,North Dakota,53
Grace City,North Dakota,53
Callimont,Pennsylvania,53
Cardiff,Alabama,52
Cold Bay,Alaska,52
Sherrill,Arkansas,52
Northboro,Iowa,52
Vining,Iowa,52
Elsmore,Kansas,52
Glade,Kansas,52
Matfield Green,Kansas,52
Milan,Kansas,52
Norcross,Minnesota,52
St. Vincent,Minnesota,52
Harbine,Nebraska,52
Oak,Nebraska,52
Govan,South Carolina,52
Orient,South Dakota,52
Tinsman,Arkansas,51
Ripley,Illinois,51
Englewood,Kansas,51
Nashville,Kansas,51
Hatfield,Minnesota,51
Mizpah,Minnesota,51
Urbank,Minnesota,51
Elmer,Missouri,51
Thayer,Nebraska,51
Great Bend,North Dakota,51
New Washington,Pennsylvania,51
Yuba,Wisconsin,51
Ethelsville,Alabama,50
Randalia,Iowa,50
Leonidas,Minnesota,50
Tarnov,Nebraska,50
Winnetoon,Nebraska,50
Dickey,North Dakota,50
Warwick,North Dakota,50
Holiday City,Ohio,50
Douglas,Oklahoma,50
Rosston,Oklahoma,50
Smith Village,Oklahoma,50
Ozan,Arkansas,49
Belle Prairie City,Illinois,49
Manchester,Kansas,49
Grand Pass,Missouri,49
Penermon,Missouri,49
Rea,Missouri,49
Elyria,Nebraska,49
Ong,Nebraska,49
Falkland,North Carolina,49
Yeager,Oklahoma,49
Lane,South Dakota,49
Mooresville,Alabama,48
Paoli,Colorado,48
Placerville,Idaho,48
Keenes,Illinois,48
Thayer,Iowa,48
Alexander,Kansas,48
Parkerville,Kansas,48
Virgil,Kansas,48
Ethel,Missouri,48
Steele City,Nebraska,48
Wood Lake,Nebraska,48
Bathgate,North Dakota,48
Nome,North Dakota,48
Rogers,North Dakota,48
Ortley,South Dakota,48
Wiederkehr Village,Arkansas,47
Marysville,Iowa,47
Rossie,Iowa,47
Thornburg,Iowa,47
Bluff City,Kansas,47
Brookview,Maryland,47
Myrtle,Minnesota,47
Brimson,Missouri,47
Coney Island,Missouri,47
Hoberg,Missouri,47
Tindall,Missouri,47
Folsom,New Mexico,47
Hassell,North Carolina,47
Nunda,South Dakota,47
Krupp,Washington,47
LaGrange,Arkansas,46
Mauckport,Indiana,46
Clayton,Iowa,46
Clayton,Kansas,46
Carrsville,Kentucky,46
Eldorado,Maryland,46
Allendale,Missouri,46
Pollock,Missouri,46
Emmet,Nebraska,46
Johnstown,Nebraska,46
Julian,Nebraska,46
Lebanon,Nebraska,46
Grenville,South Dakota,46
Corinth,Arkansas,45
Rest Haven,Georgia,45
Seward,Kansas,45
Wallace,Kansas,45
Delhi,Minnesota,45
Sedan,Minnesota,45
Crab Orchard,Nebraska,45
Foster,Nebraska,45
Magnet,Nebraska,45
Woodworth,North Dakota,45
Elgin,Ohio,45
Morristown,South Dakota,45
Twin Brooks,South Dakota,45
Spofford,Texas,45
Blue Eye,Arkansas,44
Whelen Springs,Arkansas,44
Reubens,Idaho,44
Panola,Illinois,44
Simpson,Illinois,44
Beaver,Iowa,44
Hayesville,Iowa,44
Agenda,Kansas,44
Leonard,Minnesota,44
Bagnell,Missouri,44
Vernon,Oklahoma,44
Fenwick,Connecticut,43
Oxford,Idaho,43
Millerton,Iowa,43
Osterdock,Iowa,43
Rodney,Iowa,43
Climax,Kansas,43
Dresden,Kansas,43
Galatia,Kansas,43
Hunnewell,Kansas,43
Mahaska,Kansas,43
McGrath,Minnesota,43
Powersville,Missouri,43
Richards,Missouri,43
Surprise,Nebraska,43
Pingree,North Dakota,43
Voltaire,North Dakota,43
Wolford,North Dakota,43
Unity,Oregon,43
Lake City,South Dakota,43
Ward,South Dakota,43
North Crows Nest,Indiana,42
Bassett,Iowa,42
Iatan,Missouri,42
Deweese,Nebraska,42
Barney,North Dakota,42
Hamilton,North Dakota,42
Niagara,North Dakota,42
Tolley,North Dakota,42
Belvidere,South Dakota,42
Draper,South Dakota,42
Ottosen,Iowa,41
Athol,Kansas,41
Westport,Minnesota,41
Commerce,Missouri,41
Rives,Missouri,41
St. Cloud,Missouri,41
Lake Santeetlah,North Carolina,41
Alice,North Dakota,41
Naples,South Dakota,41
Wood,South Dakota,41
Benton,Iowa,40
Elmdale,Kansas,40
Langdon,Kansas,40
Vining,Kansas,40
Regal,Minnesota,40
Arcola,Missouri,40
Elmira,Missouri,40
Umber View Heights,Missouri,40
Neihart,Montana,40
Milton,North Dakota,40
Texola,Oklahoma,40
Jenkinsville,South Carolina,40
Erwin,South Dakota,40
Corral City,Texas,40
La Prairie,Illinois,39
Curlew,Iowa,39
Jackson Junction,Iowa,39
Rathbun,Iowa,39
Valeria,Iowa,39
Humboldt,Minnesota,39
Lock Springs,Missouri,39
Verdel,Nebraska,39
Souris,North Dakota,39
Amorita,Oklahoma,39
Antelope,Oregon,39
Benton,Alabama,38
Hollowayville,Illinois,38
Imogene,Iowa,38
Leona,Kansas,38
Denham,Minnesota,38
Trail,Minnesota,38
Satartia,Mississippi,38
Catron,Missouri,38
Deerfield,Missouri,38
Clinton,Nebraska,38
Cayuga,North Dakota,38
Forbes,North Dakota,38
Fredonia,North Dakota,38
Landa,North Dakota,38
Miltonsburg,Ohio,38
State Line,Idaho,37
Deer Grove,Illinois,37
Gulfport,Illinois,37
Sciota,Illinois,37
Cotter,Iowa,37
Byers,Kansas,37
Wilmore,Kansas,37
Cobden,Minnesota,37
Pendleton,Missouri,37
Stoutsville,Missouri,37
McLean,Nebraska,37
Saronville,Nebraska,37
Leggett,North Carolina,37
Courtenay,North Dakota,37
Inkster,North Dakota,37
Ohiopyle,Pennsylvania,37
Tolstoy,South Dakota,37
Coppock,Iowa,36
Carlton,Kansas,36
Timken,Kansas,36
Triplett,Missouri,36
Vista,Missouri,36
Byron,Oklahoma,36
Clearview,Oklahoma,36
Dolton,South Dakota,36
Garden City,South Dakota,36
Natural Bridge,Alabama,35
Sawpit,Colorado,35
Rinard,Iowa,35
Speed,Kansas,35
Sun City,Kansas,35
Lorton,Nebraska,35
Norman,Nebraska,35
Dering Harbor,New York,35
Robinson,North Dakota,35
Driftwood,Pennsylvania,35
Egegik,Alaska,34
Burnt Prairie,Illinois,34
Phillipstown,Illinois,34
Aspinwall,Iowa,34
Buck Grove,Iowa,34
Dana,Iowa,34
Aldrich,Minnesota,34
Doran,Minnesota,34
Cliff Village,Missouri,34
Ginger Blue,Missouri,34
Cornlea,Nebraska,34
Cushing,Nebraska,34
Regan,North Dakota,34
Hollister,Oklahoma,34
Larsen Bay,Alaska,33
Menlo,Kansas,33
Paradise,Kansas,33
Huntley,Nebraska,33
Liberty,Nebraska,33
Stockham,Nebraska,33
Ardoch,North Dakota,33
Moffett,Oklahoma,33
Two Buttes,Colorado,32
Rockwood,Illinois,32
Gillett Grove,Iowa,32
Waldo,Kansas,32
Denver,Missouri,32
Strang,Nebraska,32
Alsen,North Dakota,32
Springbrook,North Dakota,32
Grainola,Oklahoma,32
Cope,South Carolina,32
Lebanon,South Dakota,32
Lazy Lake,Florida,31
Latimer,Kansas,31
Louisburg,Minnesota,31
Harwood,Missouri,31
Lupus,Missouri,31
Gandy,Nebraska,31
Brocket,North Dakota,31
Canton City,North Dakota,31
Ashland,Oklahoma,31
Shaniko,Oregon,31
Altamont,South Dakota,31
Kasaan,Alaska,30
Carbon,Iowa,30
Owasa,Iowa,30
Pleasanton,Iowa,30
Udell,Iowa,30
Huntsdale,Missouri,30
Wooldridge,Missouri,30
Cotesfield,Nebraska,30
Gilead,Nebraska,30
Hamlet,Nebraska,30
Berlin,North Dakota,30
Egeland,North Dakota,30
Nekoma,North Dakota,30
Strong City,Oklahoma,30
Granite,Oregon,30
McMullen,Alabama,29
Birdsong,Arkansas,29
McNab,Arkansas,29
Spencer,Idaho,29
Macedonia,Illinois,29
Wenonah,Illinois,29
Blanchard,Iowa,29
Jolley,Iowa,29
Rodman,Iowa,29
Danville,Kansas,29
Susank,Kansas,29
Brinsmade,North Dakota,29
Clifford,North Dakota,29
Fortuna,North Dakota,29
Monango,North Dakota,29
May,Oklahoma,29
Alton,Indiana,28
Elkport,Iowa,28
Bushong,Kansas,28
Dunlap,Kansas,28
Lushton,Nebraska,28
Dayton,Alabama,27
Coburg,Iowa,27
Edmond,Kansas,27
Richfield,Kansas,27
Webber,Kansas,27
Boy River,Minnesota,27
Correll,Minnesota,27
Milford,Missouri,27
Moorefield,Nebraska,27
Fairdale,North Dakota,27
Hampden,North Dakota,27
Putnam,Oklahoma,27
Broadland,South Dakota,27
Long Lake,South Dakota,27
Scofield,Utah,27
Bentley,Illinois,26
Maloy,Iowa,26
Amity,Missouri,26
Passaic,Missouri,26
Leith,North Dakota,26
Luverne,North Dakota,26
Virgil,South Dakota,26
Quintana,Texas,26
Memphis,Alabama,25
Edna Bay,Alaska,25
Gilbert,Arkansas,25
Lake Buena Vista,Florida,25
Fults,Illinois,25
River Forest,Indiana,25
Oak Hill,Kansas,25
Scottsville,Kansas,25
Port Tobacco Village,Maryland,25
Florence,Minnesota,25
Strathcona,Minnesota,25
Lamar,Nebraska,25
Grenville,New Mexico,25
Fallis,Oklahoma,25
Seven Springs,Pennsylvania,25
Vilas,South Dakota,25
Emelle,Alabama,24
Bettles,Alaska,24
Hamlin,Kansas,24
Osgood,Missouri,24
Kramer,North Dakota,24
Leal,North Dakota,24
Macomb,Oklahoma,24
Bay Lake,Florida,23
Kaskaskia,Illinois,23
Bankston,Iowa,23
Brownell,Kansas,23
Russell Springs,Kansas,23
Willis,Kansas,23
Johnson,Minnesota,23
Granger,Missouri,23
South Gifford,Missouri,23
Bazile Mills,Nebraska,23
Amidon,North Dakota,23
Gardena,North Dakota,23
Friendship,Oklahoma,23
Sugden,Oklahoma,23
Lonerock,Oregon,23
Seneca,South Dakota,23
Galt,Iowa,22
Bassett,Kansas,22
Hillman,Minnesota,22
Cowles,Nebraska,22
Hendley,Nebraska,22
Obert,Nebraska,22
Ragan,Nebraska,22
Stockville,Nebraska,22
Elliott,North Dakota,22
Van Tassell,Wyoming,22
Berkley,Iowa,21
Durango,Iowa,21
Ellston,Iowa,21
Cedar Point,Kansas,21
Lone Elm,Kansas,21
Radium,Kansas,21
Arbela,Missouri,21
North Lilbourn,Missouri,21
Nora,Nebraska,21
Antler,North Dakota,21
Cathay,North Dakota,21
Rockham,South Dakota,21
Impact,Texas,21
Los Ybanez,Texas,21
Edge Hill,Georgia,20
Donaldson,Minnesota,20
Fortescue,Missouri,20
Barada,Nebraska,20
Winslow,Nebraska,20
Knox,North Dakota,20
Venturia,North Dakota,20
Valley Park,Oklahoma,20
Green Hills,Pennsylvania,20
Marvin,South Dakota,20
Kupreanof,Alaska,19
Yetter,Iowa,19
Concord,Kentucky,19
Ismay,Montana,19
Gascoyne,North Dakota,19
Sibley,North Dakota,19
Renfrow,Oklahoma,19
Stidham,Oklahoma,19
Chelsea,South Dakota,19
Victoria,Arkansas,18
Penalosa,Kansas,18
Metz,Missouri,18
Mylo,North Dakota,18
Hetland,South Dakota,18
Florence,Illinois,17
Evergreen,Missouri,17
Nenzel,Nebraska,17
Sholes,Nebraska,17
Ambrose,North Dakota,17
Braddock,North Dakota,17
Lawton,North Dakota,17
Ludden,North Dakota,17
S.N.P.J.,Pennsylvania,17
Lakeside,Colorado,16
Conway,Iowa,16
Charmwood,Missouri,16
Gerster,Missouri,16
Pillsbury,North Dakota,16
Sarles,North Dakota,16
Meridian,Oklahoma,16
Farmer,South Dakota,16
Drummond,Idaho,15
Beaconsfield,Iowa,15
Barry,Minnesota,15
Balfour,North Dakota,15
Bucyrus,North Dakota,15
Hansboro,North Dakota,15
Haynes,North Dakota,15
Foraker,Oklahoma,15
Loveland,Oklahoma,15
Onaka,South Dakota,15
Kinbrae,Minnesota,14
McBaine,Missouri,14
Conway,North Dakota,14
York,North Dakota,14
Oak Hill,Alabama,13
Valley City,Illinois,13
Hollenberg,Kansas,13
South Lineville,Missouri,13
Stotesbury,Missouri,13
Calvin,North Dakota,13
Wetonka,South Dakota,13
New Amsterdam,Indiana,12
Le Roy,Iowa,12
Cedar,Kansas,12
Mound,Louisiana,12
Funkley,Minnesota,12
Annada,Missouri,12
Irena,Missouri,12
Hamberg,North Dakota,12
Anoka,Nebraska,11
Fontana Dam,North Carolina,11
Ayr,North Dakota,11
Bergen,North Dakota,11
Jefferson,Oklahoma,11
Bancroft,South Dakota,11
Cottonwood,South Dakota,11
Clayton,Idaho,10
Frederick,Kansas,10
Burton,Nebraska,10
Grano,North Dakota,10
Loraine,North Dakota,10
Overly,North Dakota,10
Marineland,Florida,9
Waldron,Kansas,9
Wales,North Dakota,9
Albee,South Dakota,9
Champ,Missouri,8
Brewster,Nebraska,8
Kief,North Dakota,8
Loma,North Dakota,8
Artas,South Dakota,8
Dalton,Missouri,7
Tavistock,New Jersey,7
Hannah,North Dakota,7
Verdon,South Dakota,7
White Rock,South Dakota,7
Bigelow,Missouri,6
Three Creeks,Missouri,6
Lambert,Oklahoma,6
Butler,South Dakota,6
River Bend,Missouri,5
Calio,North Dakota,5
Perth,North Dakota,5
Ruso,North Dakota,5
Knowles,Oklahoma,5
Centralia,Pennsylvania,5
Valley-Hi,Pennsylvania,5
Lowry,South Dakota,5
Lotsee,Oklahoma,4
Lost Springs,Wyoming,4
Gross,Nebraska,2
Cooperton,Oklahoma,2
Thurmond,West Virginia,2
Friedenswald,Missouri,1
Carbonate,Colorado,0
Warm River,Idaho,0
South Park View,Kentucky,0
Corning,Missouri,0
Monowi,Nebraska,0
Hoot Owl,Oklahoma,0
Mule Barn,Oklahoma,0
Hillsview,South Dakota,0
